<?xml version="1.0" encoding="UTF-8"?>
<COLLADA xmlns="http://www.collada.org/2005/11/COLLADASchema" version="1.4.1">
    <asset>
        <contributor>
            <author>VCGLab</author>
            <authoring_tool>VCGLib | MeshLab</authoring_tool>
        </contributor>
        <created>Fri May 8 15:34:28 2026 GMT</created>
        <modified>Fri May 8 15:34:28 2026 GMT</modified>
        <up_axis>Y_UP</up_axis>
    </asset>
    <library_geometries>
        <geometry id="shape0-lib" name="shape0">
            <mesh>
                <source id="shape0-lib-positions" name="position">
                    <float_array id="shape0-lib-positions-array" count="13488">0.083 0.1655 -0.175 0.083 0.164716 -0.179446 0.083 0.168412 -0.196381 0.083 0.183493 -0.19368 0.083 0.198711 -0.191908 0.083 0.199992 -0.178383 0.083 0.186279 -0.173956 0.083 0.17295 -0.168477 0.083 0.164716 -0.170554 0.083 0.1395 -0.175 0.083 0.140284 -0.170554 0.083 0.108829 -0.156841 0.083 0.112045 -0.159592 0.083 0.114364 -0.163132 0.083 0.115602 -0.167179 0.083 0.117072 -0.173689 0.083 0.119396 -0.179944 0.083 0.122532 -0.185835 0.083 0.126247 -0.190646 0.083 0.130855 -0.194609 0.083 0.136167 -0.197562 0.083 0.140284 -0.179446 0.083 0.14777 -0.1545 0.083 0.100783 -0.1545 0.083 0.104972 -0.155097 0.083 0.146 -0.163742 0.083 0.150243 -0.162198 0.083 0.154757 -0.162198 0.083 0.159 -0.163742 0.083 0.160088 -0.161979 0.083 0.142541 -0.166644 0.083 0.153525 -0.2 0.083 0.162459 -0.183356 0.083 0.159 -0.186258 0.083 0.154757 -0.187802 0.083 0.150243 -0.187802 0.083 0.148013 -0.2 0.083 0.162459 -0.166644 0.083 0.214009 -0.18173 0.083 0.214009 -0.191072 0.083 0.142541 -0.183356 0.083 0.141966 -0.199384 0.083 0.146 -0.186258 0.087 0.1395 -0.175 0.087 0.140284 -0.170554 0.087 0.142541 -0.166644 0.087 0.146 -0.163742 0.087 0.150243 -0.162198 0.087 0.154757 -0.162198 0.087 0.159 -0.163742 0.087 0.162459 -0.166644 0.087 0.164716 -0.170554 0.087 0.1655 -0.175 0.107 0.0890573 -0.1545 0.106392 0.0821114 -0.1545 0.005 0.0823483 -0.1545 0.104588 0.0753765 -0.1545 0.0815931 0.0121993 -0.1545 0.0791816 0.0231629 -0.1545 0.0753042 0.0336976 -0.1545 0.0700325 0.0436085 -0.1545 0.0634642 0.0527119 -0.1545 0.0557209 0.0608394 -0.1545 0.0469459 0.0678405 -0.1545 0.0373017 0.0735856 -0.1545 0.0269669 0.0779682 -0.1545 0.0161328 0.0809073 -0.1545 0.0867739 0.156166 -0.1545 0.107 0.156166 -0.1545 0.005 0.100783 -0.1545 -0.025 0.118949 -0.178919 -0.03 0.117538 -0.175171 -0.03 0.12065 -0.182531 -0.025 0.116768 -0.172623 -0.03 0.130163 -0.195309 0.005 0.126459 -0.191296 -0.03 0.124894 -0.189302 -0.03 0.115639 -0.167409 0.005 0.118949 -0.178919 0.005 0.116916 -0.173152 0.005 0.122532 -0.185835 -0.03 0.136321 -0.200401 0.005 0.136321 -0.200401 0.005 0.131083 -0.196181 0.005 0.115602 -0.167179 -0.025 0.115 -0.159444 -0.03 0.115 -0.159444 -0.025 0.115444 -0.166092 0.005 0.126247 -0.190646 0.005 0.130855 -0.194609 0.005 0.136167 -0.197562 0.005 0.141966 -0.199384 0.005 0.148013 -0.2 0.005 0.161048 -0.2 0.0706315 0.161048 -0.2 0.0706315 0.153525 -0.2 0.0777056 0.203136 -0.191569 0.0781834 0.22 -0.191 0.105359 0.22 -0.191 0.0739077 0.169782 -0.196096 0.0762752 0.186357 -0.193274 0.115 0.222583 -0.181247 0.0849932 0.214543 -0.179414 0.177 0.239196 -0.191 0.168 0.236785 -0.177 0.115 0.222583 -0.177 0.168 0.236785 -0.173 0.177 0.239196 -0.173 0.091609 0.208343 -0.16997 0.091609 0.192422 -0.165257 0.0873064 0.214712 -0.176637 0.0893546 0.213874 -0.173976 0.0905511 0.21256 -0.172238 0.0913736 0.210523 -0.170777 0.091609 0.177018 -0.159056 0.0910617 0.170343 -0.156552 0.0894075 0.163263 -0.155006 -0.0102689 0.0780001 -0.155261 -0.0172425 0.0806781 -0.1545 -0.00803081 0.0821082 -0.1545 -0.0348907 0.0747589 -0.1545 -0.0393366 0.068133 -0.155261 -0.0431018 0.0703454 -0.1545 -0.0453201 0.0665033 -0.154707 0.0717345 0.0105076 -0.1645 0.0726345 0.00956251 -0.160673 0.0725 0 -0.1645 0.0730577 0 -0.161207 0.0694543 0.0207932 -0.1645 0.0707649 0.0189614 -0.160673 0.0726845 0.0301069 -0.155261 0.0657073 0.0306398 -0.1645 0.0676845 0.0280358 -0.160673 0.068133 0.0393366 -0.155261 0.0605729 0.0398394 -0.1645 0.0634461 0.0366306 -0.160673 0.0624156 0.0478932 -0.155261 0.0541593 0.0481977 -0.1645 0.058122 0.0445986 -0.160673 0.0556303 0.0556303 -0.155261 0.0466021 0.0555382 -0.1645 0.0518035 0.0518035 -0.160673 0.0478932 0.0624156 -0.155261 0.0380608 0.061706 -0.1645 0.0445986 0.058122 -0.160673 0.0393366 0.068133 -0.155261 0.0287158 0.0665707 -0.1645 0.0366306 0.0634461 -0.160673 0.0301069 0.0726845 -0.155261 0.0187644 0.0700296 -0.1645 0.0280358 0.0676845 -0.160673 0.0203621 0.0759924 -0.155261 0.00841674 0.0720098 -0.1645 0.00956251 0.0726345 -0.160673 0.0189614 0.0707649 -0.160673 -0.00210864 0.0724693 -0.1645 0 0.0732612 -0.160673 -0.0125895 0.0713986 -0.1645 -0.00956251 0.0726345 -0.160673 -0.0203621 0.0759924 -0.155261 -0.0262341 0.0782178 -0.1545 -0.0228045 0.0688201 -0.1645 -0.0189614 0.0707649 -0.160673 -0.0301069 0.0726845 -0.155261 -0.0325379 0.0647884 -0.1645 -0.0280358 0.0676845 -0.160673 -0.0474951 0.0627361 -0.155256 -0.0415843 0.0593885 -0.1645 -0.0366306 0.0634461 -0.160673 -0.0459182 0.0598418 -0.157429 -0.0507624 0.0570769 -0.156588 -0.0497525 0.0527346 -0.1645 -0.0445986 0.058122 -0.160673 -0.0518035 0.0518035 -0.160673 -0.0532138 0.052831 -0.157902 -0.0568701 0.0449671 -0.1645 -0.0595401 0.0418735 -0.162108 -0.0627868 0.03625 -0.1645 0.0746685 0 -0.158282 0.0747836 0.00984545 -0.157429 -0.0377145 0.0653234 -0.157429 0.0798679 0.00745919 -0.154765 0.0780001 0.0102689 -0.155261 0.0759924 0.0203621 -0.155261 0.0771529 0 -0.15605 0.005 0.0822682 -0.1545 0.0102689 0.0780001 -0.155261 0 0.0786732 -0.155261 0.0728588 0.0195225 -0.157429 0.0696872 0.0288654 -0.157429 0.0653234 0.0377145 -0.157429 0.0598418 0.0459182 -0.157429 0.0533363 0.0533363 -0.157429 0.0459182 0.0598418 -0.157429 0.0377145 0.0653234 -0.157429 0.0288654 0.0696872 -0.157429 0.0195225 0.0728588 -0.157429 0.00984545 0.0747836 -0.157429 0 0.0754289 -0.157429 -0.00984545 0.0747836 -0.157429 -0.0195225 0.0728588 -0.157429 -0.0288654 0.0696872 -0.157429 -0.0258849 0.102505 -0.160091 -0.0251087 0.107185 -0.1251 -0.0252659 0.105752 -0.162236 -0.025 0.109737 -0.123354 -0.025 0.109737 -0.165575 -0.0255333 0.104106 -0.126744 -0.0271394 0.0986113 -0.158063 -0.0266512 0.0999215 -0.128307 -0.0290192 0.0947372 -0.156546 -0.0290192 0.0947372 -0.12933 -0.0363106 0.0821082 -0.1545 0.0689208 0.105465 -0.126075 0.0636847 0.100229 -0.128215 0.0582945 0.0948389 -0.129319 -0.0308626 0.0915445 -0.1295 0.055 0.0915445 -0.1295 0.0772819 0.113826 -0.119588 0.0737785 0.110323 -0.122896 -0.025 0.113524 -0.119918 0.0802459 0.11679 -0.115706 -0.025 0.116672 -0.115889 0.0825458 0.11909 -0.111384 -0.025 0.11909 -0.111384 0.0833957 0.0883958 -0.109179 0.0846065 0.0896065 -0.104343 0.0843299 0.121923 -0.105806 0.0786159 0.083616 -0.118001 0.0813819 0.0863819 -0.113783 0.0714587 0.0764587 -0.124582 0.0752564 0.0802564 -0.121629 0.0661191 0.0711191 -0.127363 0.0605524 0.0655524 -0.128982 0.0848582 0.124109 -0.102417 0.085 0.09 -0.0995 0.085 0.126326 -0.0995 0.055 0.06 -0.1295 -0.03 0.135604 -0.0862778 0.085 0.135365 -0.0818476 -0.03 0.135365 -0.0818476 0.085 0.133594 -0.0777798 -0.03 0.133594 -0.0777798 0.085 0.135604 -0.0862778 -0.03 0.13428 -0.0905123 0.085 0.13428 -0.0905123 -0.03 0.131561 -0.0940176 0.085 0.131561 -0.0940176 0.106952 0.0871013 -0.112365 0.106635 0.083663 -0.117941 0.106012 0.0802234 -0.121659 0.104588 0.0753765 -0.12526 0.102988 0.0709809 -0.127418 0.101279 0.0662872 -0.128834 0.0989911 0.06 -0.1295 0.107 0.0890573 -0.106961 0.107 0.0897634 -0.10326 0.107 0.09 -0.0995 0.0681277 -0.0247965 -0.1295 0.0681277 -0.0247965 -0.1645 0.0727097 -0.0122075 -0.1597 0.074765 -0.0065606 -0.157827 0.0717621 -0.0103178 -0.1825 0.0705458 -0.0167197 -0.1645 0.0695632 -0.0204256 -0.1825 0.0609909 -0.0391965 -0.1825 0.0659483 -0.0301176 -0.1825 0.0637619 -0.0345062 -0.1295 0.0580211 -0.0434719 -0.1295 0.0547918 -0.0474774 -0.1825 0.0510293 -0.0515002 -0.1295 0.0474774 -0.0547918 -0.1825 0.0429371 -0.058418 -0.1295 0.0391965 -0.0609909 -0.1825 0.033919 -0.0640761 -0.1295 0.0301176 -0.0659483 -0.1825 0.0241696 -0.0683526 -0.1295 0.0204256 -0.0695632 -0.1825 0.013899 -0.0711552 -0.1295 0.0103178 -0.0717621 -0.1825 0.00332873 -0.0724235 -0.1295 0 -0.0725 -0.1825 -0.00731333 -0.0721302 -0.1295 -0.0103178 -0.0717621 -0.1825 -0.0177977 -0.0702815 -0.1295 -0.0204256 -0.0695632 -0.1825 -0.0278983 -0.0669174 -0.1295 -0.0301176 -0.0659483 -0.1825 -0.0373973 -0.0621103 -0.1295 -0.0391965 -0.0609909 -0.1825 -0.04609 -0.055964 -0.1295 -0.0474774 -0.0547918 -0.1825 -0.0537888 -0.0486109 -0.1295 -0.0547918 -0.0474774 -0.1825 -0.0603278 -0.0402096 -0.1295 -0.0609909 -0.0391965 -0.1825 -0.0655659 -0.0309413 -0.1295 -0.0659483 -0.0301176 -0.1825 -0.0693902 -0.0210058 -0.1295 -0.0695632 -0.0204256 -0.1825 -0.0717184 -0.0106174 -0.1295 0.0725 0 -0.1825 0.0720098 -0.00841674 -0.1645 -0.0725 0 -0.1295 -0.0725 0 -0.1825 -0.0717621 -0.0103178 -0.1825 -0.0625 0 -0.1925 -0.0717621 0.0103178 -0.1825 -0.0617305 0.00977715 -0.1925 0.0625 0 -0.1925 0.0717621 0.0103178 -0.1825 0.0617305 0.00977715 -0.1925 0.0695632 0.0204256 -0.1825 0.059441 0.0193136 -0.1925 0.0659483 0.0301176 -0.1825 0.0556879 0.0283744 -0.1925 0.0609909 0.0391965 -0.1825 0.0505636 0.0367366 -0.1925 0.0547918 0.0474774 -0.1825 0.0441942 0.0441942 -0.1925 0.0474774 0.0547918 -0.1825 0.0367366 0.0505636 -0.1925 0.0391965 0.0609909 -0.1825 0.0283744 0.0556879 -0.1925 0.0301176 0.0659483 -0.1825 0.0193136 0.059441 -0.1925 0.0204256 0.0695632 -0.1825 0.00977715 0.0617305 -0.1925 0.0103178 0.0717621 -0.1825 0 0.0625 -0.1925 0 0.0725 -0.1825 -0.00977715 0.0617305 -0.1925 -0.0204256 0.0695632 -0.1825 -0.0103178 0.0717621 -0.1825 -0.0193136 0.059441 -0.1925 -0.0301176 0.0659483 -0.1825 -0.0283744 0.0556879 -0.1925 -0.0391965 0.0609909 -0.1825 -0.0367366 0.0505636 -0.1925 -0.0474774 0.0547918 -0.1825 -0.0441942 0.0441942 -0.1925 -0.0547918 0.0474774 -0.1825 -0.0505636 0.0367366 -0.1925 -0.0609909 0.0391965 -0.1825 -0.0556879 0.0283744 -0.1925 -0.0659483 0.0301176 -0.1825 -0.059441 0.0193136 -0.1925 -0.0695632 0.0204256 -0.1825 -0.03 0.124817 0.0626845 -0.03 0.118871 0.0490436 -0.0175 0.120326 0.0527709 -0.0175 0.116025 0.0406279 -0.03 0.114407 0.0348485 0.085 0.113369 0.0305288 0.085 0.116025 0.0406279 0.085 0.111474 0.0202598 -0.03 0.111474 0.0202598 -0.0175 0.132178 0.0756173 -0.03 0.132178 0.0756173 -0.0175 0.125726 0.064467 -0.03 0.104211 -0.0120594 0.085 0.104211 -0.0120594 -0.03 0.10052 -0.0103699 0.085 0.10052 -0.0103699 -0.03 0.097566 -0.00758721 0.085 0.097566 -0.00758721 -0.03 0.0956589 -0.00400469 0.085 0.0956589 -0.00400469 -0.03 0.095 0 0.085 0.095 0 -0.03 0.0956589 0.00400469 0.085 0.0956589 0.00400469 -0.03 0.097566 0.00758721 0.085 0.097566 0.00758721 -0.03 0.10052 0.0103699 0.085 0.10052 0.0103699 -0.03 0.104211 0.0120594 0.085 0.104211 0.0120594 -0.03 0.127157 -0.0671544 0.085 0.127157 -0.0671544 -0.03 0.121688 -0.0560002 0.085 0.121688 -0.0560002 -0.03 0.117229 -0.044405 0.085 0.117229 -0.044405 -0.03 0.113815 -0.0324602 0.085 0.113815 -0.0324602 -0.03 0.111474 -0.0202598 0.085 0.111474 -0.0202598 0.005 0.237086 -0.270958 -0.03 0.237086 -0.270958 -0.03 0.265765 -0.28 0.005 0.265765 -0.28 -0.03 0.258159 -0.279418 0.005 0.258159 -0.279418 -0.03 0.25073 -0.277686 0.005 0.25073 -0.277686 -0.03 0.24365 -0.274844 0.005 0.24365 -0.274844 0.005 0.321355 -0.28 -0.03 0.321355 -0.28 -0.03 0.331795 -0.278125 0.005 0.331795 -0.278125 -0.03 0.326659 -0.279527 0.005 0.326659 -0.279527 -0.03 0.417812 -0.231627 0.005 0.417812 -0.231627 -0.03 0.401707 -0.242828 0.005 0.401707 -0.242828 -0.03 0.384999 -0.25311 0.005 0.384999 -0.25311 -0.03 0.367741 -0.262438 0.005 0.367741 -0.262438 -0.03 0.349988 -0.270786 0.005 0.349988 -0.270786 -0.03 0.43 -0.207488 0.005 0.43 -0.207488 -0.03 0.429477 -0.213066 0.005 0.429477 -0.213066 -0.03 0.427926 -0.218449 0.005 0.427926 -0.218449 -0.03 0.425401 -0.22345 0.005 0.425401 -0.22345 -0.03 0.42199 -0.227895 0.005 0.42199 -0.227895 -0.0175 0.43 -0.11382 -0.03 0.43 0 -0.0175 0.43 -0.0661803 -0.0171165 0.43 -0.06343 0.005 0.43 0 0.005 0.43 -0.055 -0.0125 0.43 -0.055 -0.0156642 0.43 -0.0598832 -0.016996 0.43 -0.11699 -0.0162886 0.43 -0.118856 -0.0144381 0.43 -0.122178 -0.0125 0.43 -0.125 0.005 0.43 -0.125 -0.03 0.427785 0.028152 -0.03 0.425029 0.042011 0.0874135 0.426054 0.0374822 0.0874135 0.428576 0.0225953 -0.03 0.429445 0.0141195 0.0874135 0.429842 0.00754948 0.005 0.429515 -0.0132036 0.0874135 0.429842 -0.00754948 0.0874135 0.428576 -0.0225953 0.005 0.428063 -0.026336 0.0874135 0.426054 -0.0374822 -0.03 0.416304 0.0688685 -0.0175 0.416304 0.0688685 -0.03 0.421194 0.0556111 -0.0175 0.41883 0.0624215 -0.016998 0.419873 0.0595234 0.0874135 0.422294 0.0521053 -0.0125 0.422294 0.0521053 -0.0154118 0.420997 0.0562129 0.0874135 0.422294 -0.0521053 0.005 0.422294 -0.0521053 0.005 0.425651 -0.0393266 -0.0175 0.4125 0.0879986 -0.03 0.4125 0.0879986 -0.0175 0.4125 0.1025 -0.03 0.4125 0.1025 -0.0157367 0.405321 0.113811 -0.0169927 0.407891 0.112195 -0.03 0.407347 0.112613 -0.03 0.403863 0.114388 -0.0141084 0.402564 0.114734 -0.0125 0.4 0.115 -0.03 0.4 0.115 -0.03 0.410113 0.109847 -0.0175 0.41 0.11 -0.03 0.411888 0.106363 -0.0175 0.411859 0.106453 0.085 0.338741 0.115 -0.03 0.338741 0.115 0.085 0.390712 0.115 -0.0125 0.44 0.115 0.1025 0.390712 0.115 0.1025 0.44 0.115 -0.03 0.284123 0.135778 0.085 0.291372 0.133748 -0.03 0.297639 0.131646 0.085 0.302327 0.129853 -0.03 0.310669 0.126172 -0.03 0.27026 0.138526 -0.0175 0.27026 0.138526 -0.0175 0.280131 0.136719 0.085 0.280131 0.136719 0.085 0.323081 0.119412 -0.03 0.323081 0.119412 0.085 0.312921 0.125064 -0.0175 0.258839 0.151339 -0.0175 0.260811 0.148774 -0.03 0.26037 0.14948 -0.03 0.257587 0.152434 0.085 0.25625 0.153325 0.085 0.258839 0.151339 -0.0175 0.25625 0.153325 -0.03 0.254005 0.154341 -0.0175 0.253235 0.154574 -0.0175 0.25 0.155 -0.03 0.25 0.155 -0.0175 0.262059 0.14579 -0.03 0.262059 0.14579 -0.03 0.237941 0.14579 -0.0175 0.237941 0.14579 -0.03 0.23963 0.14948 -0.0175 0.23963 0.14948 -0.03 0.242413 0.152434 -0.0175 0.242413 0.152434 -0.03 0.245995 0.154341 -0.0175 0.245995 0.154341 -0.0175 0.22974 0.138526 -0.03 0.22974 0.138526 -0.0175 0.215706 0.135735 -0.03 0.215706 0.135735 -0.03 0.195468 0.144153 -0.0175 0.195468 0.144153 -0.03 0.199209 0.14358 -0.0175 0.199209 0.14358 -0.03 0.202607 0.141914 -0.0175 0.202607 0.141914 -0.03 0.20535 0.139307 -0.0175 0.20535 0.139307 -0.03 0.183067 0.130077 -0.0175 0.183067 0.130077 -0.03 0.18325 0.134296 -0.0175 0.18325 0.134296 -0.03 0.184827 0.138213 -0.0175 0.184827 0.138213 -0.03 0.187619 0.141381 -0.0175 0.187619 0.141381 -0.03 0.191306 0.14344 -0.0175 0.191306 0.14344 -0.0175 0.178271 0.120228 -0.03 0.178271 0.120228 -0.0175 0.173636 0.11734 -0.03 0.173636 0.11734 -0.033 0.125956 0.105745 -0.033 0.133418 0.11392 -0.03 0.125956 0.105745 -0.03 0.133418 0.11392 -0.033 0.141418 0.121569 -0.03 0.141418 0.121569 0.0840043 0.101215 0.0871648 0.0846087 0.0895623 0.0843299 0.0834534 0.0896057 0.0890082 0.07624 0.0890209 0.100686 0.0756833 0.0960957 0.10123 0.0795445 0.0977262 0.0967502 0.0612757 0.0869616 0.108836 0.055 0.085855 0.1095 0.055 0.0930857 0.1095 0.0596116 0.0932155 0.109143 0.0642426 0.0936169 0.108041 0.0663436 0.0877882 0.107273 0.0849021 0.103123 0.0819221 0.085 0.104005 0.0795 0.085 0.0892376 0.0795 0.0803875 0.0893893 0.0954836 0.0822232 0.0994168 0.0921056 0.0820969 0.0895158 0.0923747 0.0687245 0.0942954 0.106177 0.070997 0.0947676 0.104879 0.0710663 0.088439 0.104835 0.085 0.0884779 0.073449 0.0861348 0.0894119 0.0808913 0.0847749 0.0896844 0.0891231 0.0960053 0.09 0.0895824 0.0960053 0.089389 0.0785446 0.0960053 0.0875634 0.0676417 0.0889591 0.0867786 0.0646019 0.0960053 0.0845455 0.057007 0.087537 0.0884413 0.0726889 0.085 0.086697 0.064583 0.0889982 0.084389 0.0565509 0.085 0.0841589 0.0558725 0.107 0.0845455 -0.057007 0.115 0.090074 -0.0710541 0.115 0.0840714 -0.0556119 0.107 0.0903293 -0.0716258 0.115 0.198232 -0.167168 0.115 0.214272 -0.171314 0.091609 0.291657 -0.16997 0.115 0.301769 -0.167168 0.115 0.285728 -0.171314 0.091609 0.307475 -0.165293 0.115 0.182655 -0.161523 0.107 0.163038 -0.151864 0.115 0.167682 -0.15443 0.115 0.153447 -0.145954 0.107 0.14976 -0.143447 0.115 0.140077 -0.136169 0.107 0.137291 -0.133872 0.115 0.127692 -0.125163 0.107 0.125731 -0.123216 0.115 0.116404 -0.113036 0.107 0.115174 -0.111566 0.115 0.106313 -0.0998954 0.107 0.105706 -0.099016 0.115 0.0975102 -0.0858595 0.085 0.0768153 -0.0251408 0.085 0.0799324 -0.0412554 0.115 0.0795559 -0.0396711 0.115 0.0765681 -0.0233748 0.085 0.0752217 -0.00880517 0.115 0.0751349 -0.006869 0.085 0.0751655 0.00760795 0.115 0.0752689 0.00969838 0.085 0.0766472 0.0239541 0.115 0.0769692 0.0261788 0.085 0.0796538 0.0400896 0.107 0.0845455 0.057007 0.115 0.0849932 0.0582902 0.107 0.0907213 0.0724933 0.115 0.0912451 0.0736333 0.107 0.0983427 0.0873217 0.115 0.0989199 0.0883164 0.107 0.107341 0.101357 0.115 0.107949 0.102208 0.107 0.117634 0.114473 0.115 0.118251 0.115183 0.107 0.129128 0.12655 0.115 0.129734 0.127126 0.107 0.141719 0.137478 0.115 0.142295 0.13793 0.107 0.155293 0.147159 0.115 0.155822 0.147497 0.107 0.169727 0.155503 0.115 0.170192 0.155742 0.107 0.18489 0.162437 0.115 0.185278 0.162592 0.107 0.200643 0.167895 0.115 0.200944 0.167984 0.107 0.216844 0.17183 0.115 0.21705 0.17187 0.107 0.233347 0.174206 0.085 0.286606 0.171129 0.115 0.28295 0.17187 0.115 0.299056 0.167984 0.085 0.301011 0.1674 0.115 0.314722 0.162592 0.085 0.341612 0.149105 0.085 0.328614 0.156348 0.115 0.329808 0.155742 0.115 0.344178 0.147497 0.085 0.353948 0.140783 0.115 0.357705 0.13793 0.085 0.365532 0.131444 0.1025 0.37628 0.121154 0.115 0.381749 0.115183 0.104696 0.379218 0.118016 0.106357 0.381858 0.115059 0.107014 0.383298 0.113387 0.1075 0.394077 0.0993313 0.115 0.392051 0.102208 0.115 0.40108 0.0883164 0.091609 0.420948 0.0374409 0.115 0.41978 0.0424247 0.115 0.423031 0.0261788 0.091609 0.423538 0.0225765 0.115 0.424731 0.00969838 0.091609 0.424837 0.00754418 0.115 0.424865 -0.006869 0.091609 0.420948 -0.0374409 0.091609 0.423538 -0.0225765 0.115 0.423432 -0.0233748 0.1025 0.417087 -0.052027 0.115 0.415929 -0.0556119 0.105597 0.415653 -0.0564276 0.107017 0.414584 -0.0594744 0.1075 0.408042 -0.0751517 0.115 0.409926 -0.0710541 0.115 0.40249 -0.0858595 0.091609 0.351328 -0.14268 0.091609 0.364312 -0.132506 0.115 0.359923 -0.136169 0.115 0.346554 -0.145954 0.091609 0.337444 -0.151587 0.115 0.332318 -0.15443 0.091609 0.322783 -0.159147 0.115 0.317345 -0.161523 0.107 0.271936 0.17362 0.107 0.26099 0.174655 0.115 0.266549 0.174216 0.085 0.271936 0.17362 0.1075 0.385694 0.110509 0.1075 0.413534 0.0623039 0.1075 0.408042 0.0751517 0.115 0.408755 0.0736333 0.115 0.415007 0.0582902 0.107039 0.414559 0.0595443 0.1075 0.413534 -0.0623039 0.1075 0.385694 -0.110509 0.1075 0.394077 -0.0993313 0.115 0.393687 -0.0998954 0.115 0.383596 -0.113036 0.107118 0.38359 -0.113044 0.107 0.177018 -0.159056 0.115 0.0802203 0.0424247 0.115 0.370266 0.127126 0.085 0.37628 0.121154 0.115 0.420444 -0.0396711 0.091609 0.417087 -0.052027 0.115 0.372308 -0.125163 0.091609 0.37628 -0.121154 0.1025 0.37628 -0.121154 0.103488 0.377577 -0.119788 0.106125 0.381435 -0.115542 0.085 0.0845455 -0.057007 0.107 0.0974017 -0.0856666 0.115 0.25 0.175 0.107 0.25 0.175 0.115 0.233451 0.174216 0.085 0.315048 0.162462 0.1075 0.401543 0.0875205 0.091609 0.417087 0.052027 0.1025 0.417087 0.052027 0.105564 0.415672 0.0563725 0.091609 0.424837 -0.00754418 0.1075 0.401543 -0.0875205 0.085 0.0875634 -0.0676417 0.107 0.0875634 -0.0676417 0.085 0.089389 -0.0785446 0.107 0.089389 -0.0785446 0.085 0.09 -0.0895824 0.107 0.09 -0.0895824 0.00454186 -0.0548121 -0.1415 -0.00454186 -0.0548121 -0.1415 0 -0.051 -0.1415 -0.0135017 -0.053317 -0.1415 -0.00885606 -0.0502252 -0.1415 -0.0220932 -0.0503675 -0.1415 -0.017443 -0.0479243 -0.1415 -0.0220932 0.0503675 -0.1415 -0.0135017 0.053317 -0.1415 0 0.051 -0.1415 -0.00454186 0.0548121 -0.1415 0.0135017 0.053317 -0.1415 0.00454186 0.0548121 -0.1415 0.00885606 0.0502252 -0.1415 0.0220932 0.0503675 -0.1415 0.017443 0.0479243 -0.1415 0.0300821 0.0460442 -0.1415 0.0255 0.0441673 -0.1415 0.0327822 0.0390683 -0.1415 0.0372505 0.0404648 -0.1415 0.0390683 0.0327822 -0.1415 0.0434027 0.0337817 -0.1415 0.0441673 0.0255 -0.1415 0.0483711 0.0261771 -0.1415 0.0479243 0.017443 -0.1415 0.05202 0.0178585 -0.1415 0.0502252 0.00885606 -0.1415 0.0542499 0.0090527 -0.1415 0.051 0 -0.1415 0.055 0 -0.1415 0.0502252 -0.00885606 -0.1415 0.0542499 -0.0090527 -0.1415 0.0479243 -0.017443 -0.1415 0.05202 -0.0178585 -0.1415 0.0441673 -0.0255 -0.1415 0.0483711 -0.0261771 -0.1415 0.0390683 -0.0327822 -0.1415 0.0434027 -0.0337817 -0.1415 0.0327822 -0.0390683 -0.1415 0.0372505 -0.0404648 -0.1415 0.0255 -0.0441673 -0.1415 0.0300821 -0.0460442 -0.1415 0.017443 -0.0479243 -0.1415 0.0220932 -0.0503675 -0.1415 0.00885606 -0.0502252 -0.1415 0.0135017 -0.053317 -0.1415 -0.017443 0.0479243 -0.1415 -0.0300821 0.0460442 -0.1415 -0.00885606 0.0502252 -0.1415 -0.0255 -0.0441673 -0.1415 -0.0300821 -0.0460442 -0.1415 -0.0327822 -0.0390683 -0.1415 -0.0372505 -0.0404648 -0.1415 -0.0390683 -0.0327822 -0.1415 -0.0434027 -0.0337817 -0.1415 -0.0441673 -0.0255 -0.1415 -0.0483711 -0.0261771 -0.1415 -0.0479243 -0.017443 -0.1415 -0.05202 -0.0178585 -0.1415 -0.0502252 -0.00885606 -0.1415 -0.0542499 -0.0090527 -0.1415 -0.051 0 -0.1415 -0.055 0 -0.1415 -0.0502252 0.00885606 -0.1415 -0.0542499 0.0090527 -0.1415 -0.0479243 0.017443 -0.1415 -0.05202 0.0178585 -0.1415 -0.0441673 0.0255 -0.1415 -0.0483711 0.0261771 -0.1415 -0.0390683 0.0327822 -0.1415 -0.0434027 0.0337817 -0.1415 -0.0327822 0.0390683 -0.1415 -0.0372505 0.0404648 -0.1415 -0.0255 0.0441673 -0.1415 -0.033 0.119084 0.1095 -0.033 0.136875 0.127292 -0.033 0.122134 0.107804 -0.033 0.117983 0.109072 -0.033 0.113663 0.1095 -0.033 0.138836 0.124986 -0.033 0.136875 0.128793 -0.0343549 0.136364 0.12678 -0.018243 0.15395 0.183634 -0.0188727 0.15183 0.114666 -0.0198845 0.149344 0.183662 -0.0383473 0.135347 0.125764 -0.0374667 0.135512 0.184133 -0.0425 0.135 0.125416 -0.0425 0.135 0.184325 -0.0274494 0.140038 0.123243 -0.0301672 0.138254 0.12596 -0.0295458 0.138618 0.183883 -0.031691 0.137458 0.183944 -0.0206189 0.147908 0.116412 -0.0229515 0.144416 0.118745 -0.0231238 0.144202 0.183726 -0.0250925 0.142056 0.120886 -0.0247568 0.142388 0.183762 -0.0178183 0.156023 0.113611 -0.0175 0.16 0.183622 -0.0175 0.16 0.113293 0.107 0.163312 -0.155013 0.107 0.17031 -0.156542 0.0480459 0.0846288 0.122046 0.0551137 0.085875 0.121302 0.0485615 0.0847197 0.122102 0.0406962 0.0833328 0.121403 -0.00288167 0.0756489 0.1195 -0.0118926 0.07406 0.1195 -0.0118926 0.07406 0.1095 0.0612757 0.0869616 0.12029 0.0189277 0.0794945 0.119976 -0.0843119 0.0556198 0.1195 -0.0604888 0.0629682 0.1095 -0.0604888 0.0629682 0.1195 -0.036329 0.0691201 0.1095 -0.036329 0.0691201 0.1195 -0.0843119 0.0556198 0.1095 -0.107739 0.047093 0.1195 -0.107739 0.047093 0.1095 -0.130712 0.0374091 0.1195 -0.130712 0.0374091 0.1095 -0.153174 0.026592 0.1195 -0.153174 0.026592 0.1095 -0.175068 0.0146688 0.1195 -0.175068 0.0146688 0.1095 -0.1175 0.047906 0.17461 -0.162192 0.022103 0.184518 -0.158981 0.0239572 0.183412 -0.156042 0.0256539 0.181566 -0.153418 0.0271689 0.178846 -0.151671 0.0281773 0.175828 -0.150648 0.0287681 0.17237 -0.150559 0.0288192 0.167976 -0.151412 0.0283268 0.164558 -0.152862 0.02749 0.1617 -0.154766 0.0263907 0.159334 -0.15815 0.024437 0.156764 -0.1175 0.047906 0.1485 -0.253782 -0.0307766 0.126291 -0.278493 -0.0450433 0.1185 -0.190089 0.00599646 0.1195 -0.191942 0.00492719 0.119717 -0.194499 0.00345076 0.120825 -0.195737 0.00273595 0.121834 -0.1968 0.00212215 0.123145 -0.197652 0.00163033 0.12489 -0.198089 0.00137786 0.127424 -0.19778 0.00155616 0.129703 -0.243782 -0.0250031 0.129444 -0.243782 -0.0250031 0.138961 -0.253782 -0.0307766 0.137414 -0.160928 0.0228328 0.155568 -0.194109 0.00367609 0.134417 -0.192495 0.00460756 0.13513 -0.164769 0.0206151 0.143872 -0.154904 0.026311 0.146437 -0.14484 0.032121 0.147984 -0.134699 0.0379764 0.1485 -0.196522 0.00228243 0.132256 -0.195371 0.00294737 0.133509 -0.301282 -0.0582007 0.1095 -0.301282 -0.0582007 0.1185 -0.283782 -0.0278898 0.1185 -0.283782 -0.0278898 0.1345 -0.284547 -0.0351668 0.1185 -0.284547 -0.0351668 0.1345 -0.286808 -0.0421256 0.1185 -0.286808 -0.0421256 0.1345 -0.290467 -0.0484623 0.1185 -0.290467 -0.0484623 0.1345 -0.295363 -0.0538999 0.1185 -0.295363 -0.0538999 0.1345 -0.301282 -0.0582007 0.1345 -0.307967 -0.0611768 0.1345 -0.307967 -0.0611768 0.1095 -0.315124 -0.0626981 0.1095 -0.315124 -0.0626981 0.1345 -0.322441 -0.0626981 0.1095 -0.322441 -0.0626981 0.1345 -0.329598 -0.0611768 0.1095 -0.329598 -0.0611768 0.1345 -0.336282 -0.0582007 0.1095 -0.336282 -0.0582007 0.1345 -0.342202 -0.0538999 0.1095 -0.342202 -0.0538999 0.1345 -0.347098 -0.0484623 0.1095 -0.347098 -0.0484623 0.1345 -0.350756 -0.0421256 0.1095 -0.350756 -0.0421256 0.1345 -0.353018 -0.0351668 0.1095 -0.353018 -0.0351668 0.1345 -0.353782 -0.0278898 0.1095 -0.353782 -0.0278898 0.1345 -0.353139 -0.0212115 0.1095 -0.353139 -0.0212115 0.1345 -0.351234 -0.0147786 0.1095 -0.351234 -0.0147786 0.1345 -0.348136 -0.00882747 0.1095 -0.348136 -0.00882747 0.1345 -0.343959 -0.0035768 0.1095 -0.343959 -0.0035768 0.1345 -0.338858 0.00078048 0.1095 -0.338858 0.00078048 0.1345 -0.29709 0.0300262 0.134933 -0.3 0.0279888 0.1345 -0.294299 0.0319808 0.136284 -0.173 0.116915 0.19825 -0.173 0.116915 0.1095 -0.292174 0.0334686 0.138275 -0.291001 0.0342901 0.140139 -0.290285 0.0347913 0.14213 -0.29 0.0349909 0.1445 -0.29 0.0349909 0.1845 -0.290291 0.0347872 0.186894 -0.291183 0.0341626 0.189218 -0.291958 0.0336196 0.190444 -0.294649 0.0317359 0.192948 -0.297407 0.0298044 0.194158 -0.3 0.0279888 0.1945 -0.338858 0.00078048 0.1945 -0.338858 0.00078048 0.2195 -0.295686 0.0310096 0.2195 -0.281174 0.0411708 0.218973 -0.266717 0.0512938 0.217391 -0.252398 0.0613201 0.214759 -0.218319 0.0851827 0.207204 -0.195703 0.101019 0.202464 -0.115642 0.135 0.189992 -0.115642 0.135 0.125416 -0.125418 0.134521 0.19116 -0.125094 0.134552 0.124969 -0.135056 0.133098 0.192408 -0.134464 0.133213 0.123629 -0.144538 0.130734 0.193728 -0.142578 0.131304 0.12172 -0.149309 0.129162 0.194428 -0.152207 0.128075 0.118492 -0.156135 0.126435 0.195469 -0.162726 0.123222 0.196521 -0.161306 0.123965 0.114382 -0.169771 0.119084 0.1095 -0.321273 -0.010568 0.1095 -0.326052 -0.0119713 0.139 -0.326052 -0.0119713 0.1095 -0.330242 -0.0146642 0.139 -0.330242 -0.0146642 0.1095 -0.333504 -0.0184286 0.139 -0.333504 -0.0184286 0.1095 -0.335573 -0.0229595 0.139 -0.335573 -0.0229595 0.1095 -0.336282 -0.0278898 0.139 -0.336282 -0.0278898 0.1095 -0.321273 -0.010568 0.139 -0.316292 -0.010568 0.1095 -0.316292 -0.010568 0.139 -0.311513 -0.0119713 0.1095 -0.311513 -0.0119713 0.139 -0.307322 -0.0146642 0.1095 -0.307322 -0.0146642 0.139 -0.30406 -0.0184286 0.1095 -0.30406 -0.0184286 0.139 -0.301991 -0.0229595 0.1095 -0.301991 -0.0229595 0.139 -0.301282 -0.0278898 0.1095 -0.301282 -0.0278898 0.139 -0.316292 -0.0452117 0.1095 -0.311513 -0.0438084 0.139 -0.311513 -0.0438084 0.1095 -0.307322 -0.0411155 0.139 -0.307322 -0.0411155 0.1095 -0.30406 -0.037351 0.139 -0.30406 -0.037351 0.1095 -0.301991 -0.0328202 0.139 -0.301991 -0.0328202 0.1095 -0.316292 -0.0452117 0.139 -0.321273 -0.0452117 0.1095 -0.321273 -0.0452117 0.139 -0.326052 -0.0438084 0.1095 -0.326052 -0.0438084 0.139 -0.330242 -0.0411155 0.1095 -0.330242 -0.0411155 0.139 -0.333504 -0.037351 0.1095 -0.333504 -0.037351 0.139 -0.335573 -0.0328202 0.1095 -0.335573 -0.0328202 0.139 -0.015 0.44 0.11433 -0.0168301 0.44 0.1125 -0.0175 0.44 0.11 -0.0125 0.431865 0.065 -0.015 0.429057 0.0652936 -0.015 0.431865 0.0656699 -0.0125 0.428222 0.0643128 -0.015 0.426446 0.0641914 -0.0168301 0.428575 0.0670592 -0.0175 0.424326 0.0679677 -0.0175 0.427961 0.069483 -0.0168301 0.431865 0.0675 -0.0125 0.42508 0.0623455 -0.015 0.424218 0.062441 -0.0168301 0.425517 0.0657679 -0.0175 0.421211 0.0655585 -0.0168301 0.422907 0.0637173 -0.0125 0.42287 0.0593687 -0.015 0.422529 0.0601657 -0.0125 0.421897 0.0557913 -0.0175 0.431865 0.07 -0.0168301 0.420928 0.0610518 -0.015 0.421499 0.0575262 -0.0175 0.44 0.07 -0.0168301 0.44 0.0675 -0.015 0.44 0.0656699 -0.0125 0.44 0.065 0.085 0.385403 0.115718 0.1025 0.385403 0.115718 0.085 0.380474 0.117819 0.1025 0.380474 0.117819 0.107 0.196856 0.183106 0.085 0.196856 0.183106 -0.00187899 0.207689 0.180485 -0.00187899 0.199271 0.18274 0.085 0.203361 0.181841 -0.00187899 0.190589 0.1835 0.107 0.190589 0.1835 0.085 0.215588 0.176801 -0.00187899 0.215588 0.176801 0.085 0.209642 0.179727 0.085 0.26975 0.141187 -0.0175 0.265375 0.144803 0.085 0.265375 0.144803 -0.0175 0.26975 0.141187 0.085 0.274729 0.13846 -0.0175 0.274729 0.13846 -0.0215351 0.0796928 0.183693 -0.0833126 -0.00053715 0.186821 -0.0891794 -0.00634766 0.187318 -0.082857 -0.00863138 0.186784 -0.0175 0.190367 0.183622 -0.0118042 0.0816655 0.183549 -0.00686116 0.0822184 0.183512 -0.00187899 0.0824786 0.1835 -0.0791231 0.135 0.186488 -0.0808623 0.0198663 0.186624 -0.0781964 0.0284668 0.186416 -0.0742228 0.0374716 0.18612 -0.0691508 0.0460111 0.185765 -0.0631281 0.0538336 0.185377 -0.0562096 0.0608893 0.184977 -0.0531179 0.0635524 0.184814 -0.0484336 0.0671217 0.184584 -0.0400097 0.0723592 0.184227 -0.10391 -0.00654978 0.188719 -0.0996857 -0.00573712 0.188295 -0.0955034 -0.00553444 0.187892 -0.082786 0.00927556 0.186778 -0.0818208 0.0155493 0.1867 -0.142265 -0.0168269 0.193403 -0.180425 -0.0270517 0.199568 -0.218319 -0.0372053 0.207204 -0.0321024 0.076125 0.183957 -0.0257893 0.0784439 0.183786 -0.0175 0.195555 0.183352 -0.0175 0.212725 0.178349 -0.0175 0.215387 0.176917 -0.0175 0.205685 0.18122 -0.0175 0.200671 0.18255 0.0763944 0.431865 0.065 0.1025 0.44 0.065 0.1025 0.426635 0.065 0.0805201 0.426635 0.065 0.1075 0.41591 0.0654863 0.1075 0.390712 0.11 0.1075 0.419038 0.0679336 0.1075 0.422698 0.0694742 0.1075 0.426635 0.07 0.1075 0.44 0.07 0.1075 0.44 0.11 -0.097 0.135 -0.249726 -0.097 0.26 -0.249726 -0.082 0.135 -0.249726 -0.082 0.206764 -0.249726 -0.045 0.26 -0.249726 -0.045 0.206764 -0.249726 -0.097 0.129824 -0.249044 -0.082 0.129824 -0.249044 -0.097 0.125 -0.247046 -0.082 0.125 -0.247046 -0.097 0.120858 -0.243868 -0.082 0.120858 -0.243868 -0.097 0.117679 -0.239726 -0.082 0.117679 -0.239726 -0.097 0.115681 -0.234902 -0.082 0.115681 -0.234902 -0.097 0.115 -0.229726 -0.082 0.115 -0.229726 -0.037 0.125827 -0.100119 -0.037 0.131561 -0.0940176 -0.037 0.127734 -0.0681984 -0.037 0.13428 -0.0905123 -0.037 0.133594 -0.0777798 -0.037 0.135604 -0.0862778 -0.037 0.135365 -0.0818476 -0.037 0.115 -0.13119 -0.037 0.115701 -0.122847 -0.037 0.115 -0.037081 -0.037 0.117784 -0.114738 -0.037 0.118407 -0.0477833 -0.037 0.121191 -0.107091 -0.037 0.122661 -0.0581781 0.0846128 0.42188 -0.063797 0.1025 0.422977 -0.0643068 0.0820335 0.424777 -0.0648258 0.1025 0.426635 -0.065 0.0805201 0.426635 -0.065 0.0912756 0.416639 -0.0547333 0.1025 0.416662 -0.0557261 0.0903626 0.416912 -0.0573363 0.1025 0.417619 -0.0593245 0.0891404 0.417702 -0.0594936 0.1025 0.419826 -0.0623233 0.0867022 0.419784 -0.0622844 0.0763944 0.431865 -0.065 0.1025 0.44 -0.065 0.005 0.44 -0.065 0.005 0.431865 -0.065 0.005 0.428222 -0.0643128 0.005 0.42508 -0.0623455 0.0820751 0.425495 -0.0627084 0.0866875 0.421931 -0.0561428 0.005 0.421897 -0.0557913 0.0873287 0.421986 -0.0534546 0.0848813 0.423019 -0.0596637 0.005 0.42287 -0.0593687 0.0864718 0.422013 -0.0567153 0.0833314 0.424315 -0.0615569 0.0789176 0.428839 -0.064531 0.0781422 0.429735 0.0647704 0.0791494 0.428576 0.0644438 0.0816919 0.425873 0.0630061 0.0839705 0.423756 0.0608514 0.0849592 0.42296 0.0595501 0.0861797 0.422156 0.0573923 0.0870837 0.421867 0.054802 0.005 0.4211 -0.115 0.005 0.415923 -0.115681 0.005 0.430761 -0.121173 0.005 0.432929 -0.117929 0.005 0.436173 -0.115761 0.005 0.44 -0.115 0.005 0.411099 -0.117679 0.005 0.406957 -0.120858 0.005 0.403779 -0.125 0.005 0.401781 -0.129824 0.005 0.4011 -0.135 0.005 0.4011 -0.15475 0.005 0.400355 -0.166106 0.005 0.398135 -0.177267 0.005 0.394477 -0.188043 0.005 0.389444 -0.19825 0.005 0.383121 -0.207712 0.005 0.375618 -0.216268 0.005 0.314099 -0.24175 0.005 0.3046 -0.24123 0.005 0.295214 -0.239675 0.005 0.286054 -0.237105 0.005 0.277229 -0.233551 0.005 0.245808 -0.218849 0.005 0.229648 -0.212133 0.005 0.212963 -0.206856 0.005 0.195881 -0.203057 0.005 0.178531 -0.200766 0.005 0.357599 -0.230094 0.005 0.367062 -0.223772 0.005 0.325455 -0.241005 0.005 0.336617 -0.238785 0.005 0.347393 -0.235127 0.0696719 0.182405 -0.201144 0.0703918 0.171735 -0.200286 0.0672753 0.200846 -0.204 0.0684747 0.193009 -0.20257 0.0640898 0.216344 -0.207796 0.0658188 0.208602 -0.205736 0.0575557 0.238446 -0.215583 0.0621106 0.223967 -0.210155 0.0548153 0.245808 -0.218849 0.0411519 0.277229 -0.233551 0.0531697 0.25 -0.22081 0.0465673 0.265669 -0.228142 0.115 0.277417 -0.181247 0.115 0.277417 -0.177 0.168 0.263215 -0.177 0.0849932 0.285457 -0.179414 0.0750212 0.288129 -0.191 0.177 0.260804 -0.191 0.168 0.263215 -0.173 0.177 0.260804 -0.173 0.177 0.245 -0.173 0.177 0.245 -0.191 0.176 0.245 -0.173 0.176 0.245 -0.191 0.171 0.25 -0.191 0.17167 0.2475 -0.173 0.17167 0.2475 -0.191 0.1735 0.24567 -0.173 0.1735 0.24567 -0.191 0.171 0.25 -0.173 0.17167 0.2525 -0.191 0.17167 0.2525 -0.173 0.1735 0.25433 -0.191 0.1735 0.25433 -0.173 0.176 0.255 -0.191 0.176 0.255 -0.173 0.177 0.255 -0.191 0.177 0.255 -0.173 0.115 0.279807 -0.174813 0.115 0.279057 -0.175815 0.0888366 0.285792 -0.174675 0.0904125 0.287231 -0.172453 0.115 0.282181 -0.172751 0.115 0.278038 -0.177822 0.115 0.277574 -0.179506 0.0864944 0.285238 -0.177634 0.0913034 0.289198 -0.170927 0.115 0.283587 -0.172001 0.0654666 0.4211 -0.115 0.1025 0.44 -0.115 0.0859637 0.390712 -0.115 0.1025 0.390712 -0.115 0.089977 0.383219 -0.116457 0.1025 0.385403 -0.115718 0.1025 0.380474 -0.117819 0.0874612 0.388276 -0.115149 0.0912572 0.379227 -0.118626 0.088834 0.385732 -0.11563 0.16075 0.260825 -0.194 0.164076 0.258035 -0.194 0.1545 0.258268 -0.194 0.160346 0.255846 -0.194 0.166246 0.254275 -0.194 0.162139 0.253164 -0.194 0.148654 0.255846 -0.194 0.146861 0.253164 -0.194 0.142754 0.254275 -0.194 0.144924 0.258035 -0.194 0.14825 0.260825 -0.194 0.152329 0.26231 -0.194 0.156671 0.26231 -0.194 0.157664 0.257639 -0.194 0.162768 0.25 -0.194 0.167 0.25 -0.194 0.162139 0.246836 -0.194 0.166753 0.247528 -0.194 0.160346 0.244154 -0.194 0.165208 0.243552 -0.194 0.157664 0.242361 -0.194 0.162417 0.240326 -0.194 0.1545 0.241732 -0.194 0.158703 0.238228 -0.194 0.1545 0.2375 -0.194 0.151336 0.257639 -0.194 0.142 0.25 -0.194 0.146232 0.25 -0.194 0.142612 0.246137 -0.194 0.146861 0.246836 -0.194 0.144387 0.242653 -0.194 0.148654 0.244154 -0.194 0.151336 0.242361 -0.194 0.147153 0.239887 -0.194 0.150637 0.238112 -0.194 0.115 0.222378 -0.179259 0.115 0.221896 -0.177648 0.115 0.220193 -0.174814 0.115 0.218954 -0.173582 0.115 0.217526 -0.172572 0.115 0.215951 -0.17181 0.115 0.0855 0 0.115 0.0862921 0.0161238 0.115 0.266124 -0.163708 0.115 0.25 -0.1645 0.115 0.233876 -0.163708 0.115 0.217908 -0.161339 0.115 0.0862921 -0.0161238 0.115 0.4145 0 0.115 0.413708 -0.0161238 0.115 0.413708 0.0161238 0.115 0.202248 -0.157417 0.115 0.187049 -0.151978 0.115 0.411339 0.0320924 0.115 0.407417 0.0477518 0.115 0.401978 0.0629514 0.115 0.395076 0.0775448 0.115 0.386777 0.0913913 0.115 0.37716 0.104358 0.115 0.366319 0.116319 0.115 0.354358 0.12716 0.115 0.341391 0.136777 0.115 0.327545 0.145076 0.115 0.312951 0.151978 0.115 0.297752 0.157417 0.115 0.282092 0.161339 0.115 0.266124 0.163708 0.115 0.25 0.1645 0.115 0.233876 0.163708 0.115 0.217908 0.161339 0.115 0.202248 0.157417 0.115 0.187049 0.151978 0.115 0.172455 0.145076 0.115 0.158609 0.136777 0.115 0.145642 0.12716 0.115 0.133681 0.116319 0.115 0.12284 0.104358 0.115 0.113223 0.0913913 0.115 0.104924 0.0775448 0.115 0.0980218 0.0629514 0.115 0.0925833 0.0477518 0.115 0.0886608 0.0320924 0.115 0.411339 -0.0320924 0.115 0.407417 -0.0477518 0.115 0.401978 -0.0629514 0.115 0.395076 -0.0775448 0.115 0.386777 -0.0913913 0.115 0.37716 -0.104358 0.115 0.366319 -0.116319 0.115 0.354358 -0.12716 0.115 0.341391 -0.136777 0.115 0.327545 -0.145076 0.115 0.312951 -0.151978 0.115 0.297752 -0.157417 0.115 0.282092 -0.161339 0.115 0.172455 -0.145076 0.115 0.158609 -0.136777 0.115 0.145642 -0.12716 0.115 0.133681 -0.116319 0.115 0.12284 -0.104358 0.115 0.113223 -0.0913913 0.115 0.104924 -0.0775448 0.115 0.0980218 -0.0629514 0.115 0.0925833 -0.0477518 0.115 0.0886608 -0.0320924 0.150603 0.254886 -0.177 0.153109 0.256093 -0.177 0.155891 0.256093 -0.177 0.1545 0.24375 -0.177 0.152378 0.244121 -0.177 0.150508 0.245191 -0.177 0.149112 0.246832 -0.177 0.148357 0.248849 -0.177 0.14825 0.25 -0.177 0.148869 0.252712 -0.177 0.160131 0.252712 -0.177 0.16075 0.25 -0.177 0.160274 0.247608 -0.177 0.158919 0.245581 -0.177 0.156892 0.244226 -0.177 0.158397 0.254886 -0.177 0.0725637 -0.00848148 -0.161207 -0.0617305 -0.00977715 -0.1925 0.0617305 -0.00977715 -0.1925 -0.059441 -0.0193136 -0.1925 -0.0556879 -0.0283744 -0.1925 -0.0505636 -0.0367366 -0.1925 -0.0441942 -0.0441942 -0.1925 -0.0367366 -0.0505636 -0.1925 -0.0283744 -0.0556879 -0.1925 -0.0193136 -0.059441 -0.1925 -0.00977715 -0.0617305 -0.1925 0 -0.0625 -0.1925 0.00977715 -0.0617305 -0.1925 0.0193136 -0.059441 -0.1925 0.0283744 -0.0556879 -0.1925 0.0367366 -0.0505636 -0.1925 0.0441942 -0.0441942 -0.1925 0.0505636 -0.0367366 -0.1925 0.0556879 -0.0283744 -0.1925 0.059441 -0.0193136 -0.1925 -0.00899255 -0.0547666 -0.1925 0 -0.0555 -0.1925 0.00868211 -0.0548167 -0.1925 -0.00458315 0.0553104 -0.1925 0.00458315 0.0553104 -0.1925 -0.0222941 0.0508254 -0.1925 -0.0136245 0.0538017 -0.1925 -0.0437973 0.0340888 -0.1925 -0.0375891 0.0408327 -0.1925 -0.0303556 0.0464627 -0.1925 -0.050411 -0.023216 -0.1925 -0.0535065 -0.0147412 -0.1925 -0.0549994 -0.00743769 -0.1925 -0.0555 0 -0.1925 -0.0547431 0.009135 -0.1925 -0.0524929 0.0180208 -0.1925 -0.0488108 0.0264151 -0.1925 -0.0177474 -0.0525859 -0.1925 -0.0260333 -0.0490155 -0.1925 -0.0336312 -0.0441497 -0.1925 -0.0403403 -0.0381171 -0.1925 -0.0459833 -0.0310772 -0.1925 0.0222941 0.0508254 -0.1925 0.0136245 0.0538017 -0.1925 0.0437973 0.0340888 -0.1925 0.0375891 0.0408327 -0.1925 0.0303556 0.0464627 -0.1925 0.0392444 -0.0392444 -0.1925 0.0449005 -0.0326221 -0.1925 0.0494509 -0.0251965 -0.1925 0.0527836 -0.0171504 -0.1925 0.0548167 -0.00868211 -0.1925 0.0555 0 -0.1925 0.0547431 0.009135 -0.1925 0.0524929 0.0180208 -0.1925 0.0488108 0.0264151 -0.1925 0.0171504 -0.0527836 -0.1925 0.0251965 -0.0494509 -0.1925 0.0326221 -0.0449005 -0.1925 0.005 0.436173 -0.0642388 0.005 0.432929 -0.0620711 0.005 0.430761 -0.0588268 -0.0125 0.432929 -0.0620711 -0.0125 0.436173 -0.0642388 -0.0125 0.44 -0.065 -0.0125 0.430761 -0.0588268 -0.015 0.437239 -0.0653063 -0.015 0.44 -0.0656699 -0.015 0.434665 -0.0642404 -0.015 0.43076 -0.0603349 -0.0168301 0.431161 -0.0638388 -0.015 0.432455 -0.0625447 -0.0168301 0.43375 -0.0658253 -0.0175 0.432987 -0.0682597 -0.0175 0.436387 -0.0695584 -0.0168301 0.436765 -0.0670741 -0.0175 0.44 -0.07 -0.0168301 0.44 -0.0675 -0.0175 0.44 -0.11 -0.0175 0.436387 -0.110442 -0.0175 0.432987 -0.11174 -0.0125 0.44 -0.115 -0.015 0.437239 -0.114694 -0.015 0.44 -0.11433 -0.0125 0.436173 -0.115761 -0.015 0.43076 -0.119665 -0.0125 0.430761 -0.121173 -0.0125 0.432929 -0.117929 -0.0168301 0.436765 -0.112926 -0.0168301 0.43375 -0.114175 -0.015 0.434665 -0.11576 -0.015 0.432455 -0.117455 -0.0168301 0.44 -0.1125 -0.0168301 0.431161 -0.116161 0.0822196 0.0895243 0.116355 0.0833631 0.0895386 0.117912 0.0707002 0.0881436 0.12219 0.0687906 0.0881398 0.118969 0.0843862 0.0889109 0.122142 0.0841823 0.0890969 0.121309 0.0882594 0.0895166 0.119283 0.0799642 0.0886695 0.122758 0.0879882 0.089669 0.118154 0.0719325 0.0869837 0.127253 0.0762986 0.0874782 0.126392 0.0878519 0.0897248 0.117586 0.079689 0.0888943 0.121632 0.0715131 0.0874941 0.125593 0.0960053 0.09 0.1135 0.0923715 0.0898679 0.116538 0.092132 0.0898793 0.116398 0.0920646 0.0899 0.116115 0.0723557 0.086355 0.128866 0.0684066 0.0850151 0.131283 0.0644368 0.0834538 0.133627 0.0689083 0.0840153 0.133023 0.0650282 0.0821532 0.135526 0.0693984 0.0828793 0.13466 0.0656169 0.0806947 0.137265 0.0638507 0.0845729 0.131588 0.0632783 0.0854911 0.129434 0.0622061 0.0866739 0.124904 0.0883908 0.0894199 0.119846 0.0803714 0.0875509 0.126362 0.0837723 0.0885017 0.123631 0.0805143 0.0880607 0.124961 0.0767727 0.0862898 0.129183 0.0766454 0.086964 0.127723 0.0731973 0.0847757 0.131896 0.0727778 0.0856172 0.130415 0 0.055 0.1485 0.0992519 0.0607166 0.14803 0.0971712 0.055 0.1485 0.103224 0.0716284 0.144298 0.101292 0.0663214 0.146618 0.0406962 0.0663827 0.146597 0.0480459 0.0681041 0.145954 0.0504563 0.0691966 0.145491 0.0522793 0.0707098 0.144776 0.0552766 0.0743133 0.142689 0.104588 0.0753765 0.141957 -0.00288167 0.055 0.1485 0.0222655 0.0616253 0.147867 0.106664 0.0838812 0.133271 0.106259 0.0813946 0.136485 0.105603 0.078578 0.139367 0.0606311 0.0776178 0.14021 0.107 0.0890573 0.121568 0.106981 0.0878045 0.125701 0.106887 0.0860577 0.129637 0.107 0.0897635 0.117562 0.107 0.09 0.1135 0.107 0.0875634 0.0676417 0.107 0.0890573 0.1835 0.107 0.089389 0.0785446 0.107 0.09 0.0895824 0.105 0.386575 -0.114749 0.10683 0.386209 -0.112955 0.105 0.382605 -0.115987 0.1075 0.390712 -0.11 0.10683 0.390712 -0.1125 0.105 0.390712 -0.11433 0.1075 0.41591 -0.0654863 0.1075 0.44 -0.11 0.1075 0.44 -0.07 0.1075 0.426635 -0.07 0.1075 0.422698 -0.0694742 0.1075 0.419038 -0.0679336 0.105 0.423815 -0.0652903 0.105 0.426635 -0.0656699 0.105 0.416254 -0.0574656 0.10683 0.41567 -0.0610006 0.10683 0.420262 -0.0657531 0.10683 0.417646 -0.0636858 0.105 0.418962 -0.0624141 0.105 0.417275 -0.060122 0.10683 0.423331 -0.0670554 0.105 0.421195 -0.0641787 0.10683 0.426635 -0.0675 0.0135017 0.053317 -0.1425 0.0220932 0.0503675 -0.1425 0.0300821 0.0460442 -0.1425 0.0372505 0.0404648 -0.1425 0.0434027 0.0337817 -0.1425 0.0483711 0.0261771 -0.1425 0.05202 0.0178585 -0.1425 0.0542499 0.0090527 -0.1425 0.055 0 -0.1425 0.00454186 0.0548121 -0.1425 -0.00454186 0.0548121 -0.1425 -0.0135017 0.053317 -0.1425 -0.0220932 0.0503675 -0.1425 -0.0300821 0.0460442 -0.1425 -0.0372505 0.0404648 -0.1425 -0.0434027 0.0337817 -0.1425 -0.0483711 0.0261771 -0.1425 -0.05202 0.0178585 -0.1425 -0.0542499 0.0090527 -0.1425 -0.055 0 -0.1425 -0.0135017 -0.053317 -0.1425 -0.0220932 -0.0503675 -0.1425 -0.0300821 -0.0460442 -0.1425 -0.0372505 -0.0404648 -0.1425 -0.0434027 -0.0337817 -0.1425 -0.0483711 -0.0261771 -0.1425 -0.05202 -0.0178585 -0.1425 -0.0542499 -0.0090527 -0.1425 -0.00454186 -0.0548121 -0.1425 0.00454186 -0.0548121 -0.1425 0.0135017 -0.053317 -0.1425 0.0220932 -0.0503675 -0.1425 0.0300821 -0.0460442 -0.1425 0.0372505 -0.0404648 -0.1425 0.0434027 -0.0337817 -0.1425 0.0483711 -0.0261771 -0.1425 0.05202 -0.0178585 -0.1425 0.0542499 -0.0090527 -0.1425 -0.190089 0.0573972 0.1195 -0.00288167 0.0775227 0.1195 -0.013 0.0775227 0.1195 -0.140162 0.092357 0.1195 -0.013 0.10502 0.1195 -0.1 0.10502 0.1195 -0.108533 0.104498 0.1195 -0.116939 0.10294 0.1195 -0.125093 0.100369 0.1195 -0.132872 0.0968239 0.1195 0.0559864 0.0856293 0.125642 0.0575479 0.0852198 0.128278 0.0553555 0.0855787 0.125387 0.0589181 0.0793755 0.138512 0.0567713 0.0766682 0.140966 0.0556212 0.085866 0.12345 0.0525435 0.0853632 0.123357 0.0587992 0.0839964 0.131814 0.0589724 0.0823197 0.134814 0.0581793 0.0794906 0.138361 0.0589457 0.122487 0.13286 0.0587773 0.12302 0.136301 0.052713 0.111857 0.123447 0.0515272 0.110886 0.122887 0.0491012 0.109671 0.122185 0.0480459 0.109429 0.122046 0.0573388 0.119198 0.127908 0.0565371 0.11752 0.126717 0.0548788 0.114458 0.124949 0.058395 0.121236 0.130238 0.0542962 0.120263 0.143527 0.0565487 0.121805 0.141268 0.0580444 0.122744 0.138693 0.0480459 0.1172 0.145954 0.049341 0.11752 0.145769 0.0513603 0.118434 0.14518 0.0406962 0.108315 0.121403 0.007 0.0774743 0.119598 0.0238859 0.106262 0.120217 0.007 0.105189 0.119598 -0.160928 0.108317 0.155568 -0.172917 0.102606 0.151788 -0.18452 0.0961 0.14813 -0.195675 0.0888304 0.144613 -0.243782 0.0551451 0.129444 -0.0945913 -0.00556787 0.169531 -0.0992959 -0.00569338 0.170575 -0.243782 -0.0250031 0.202606 -0.243782 0.0551451 0.202606 -0.195675 0.0888304 0.191941 -0.184922 0.0958563 0.189557 -0.173742 0.102176 0.187079 -0.162192 0.10776 0.184518 -0.279388 0.0302136 0.2105 -0.253782 0.048143 0.204823 -0.279388 -0.0535689 0.2105 -0.253782 -0.0307766 0.204823 -0.10391 -0.00654978 0.171597 -0.103502 0.0519085 0.171507 -0.100016 0.0518222 0.170734 -0.108404 0.0513386 0.172594 -0.0965761 0.0513346 0.169972 -0.11312 0.0499826 0.173639 -0.0931781 0.0504402 0.169218 -0.0899384 0.0491688 0.1685 -0.0899384 -0.0061768 0.1685 -0.105636 0.0517609 0.1485 -0.111771 0.050457 0.1485 -0.0824261 0.0442196 0.1485 -0.0841116 0.045629 0.1685 -0.0875 0.047906 0.1485 -0.0792344 0.0408649 0.1685 -0.0782295 0.0395588 0.1485 -0.0755588 0.0351227 0.1685 -0.0750936 0.0341274 0.1485 -0.0732747 0.0286989 0.1685 -0.0993641 0.0517609 0.1485 -0.0932295 0.050457 0.1485 -0.0731556 0.0281626 0.1485 -0.0725 0.0219253 0.1485 -0.0725 0.0219253 0.1685 -0.134699 0.104623 0.1485 -0.0725 0 0.1485 -0.0490054 0.0249695 0.1485 -0.0523081 0.0169959 0.1485 -0.0543229 0.0086039 0.1485 -0.055 0 0.1485 -0.0542499 -0.0090527 0.1485 -0.0717184 -0.0106174 0.1485 -0.023 0.061 0.1485 -0.00288167 0.061 0.1485 -0.0086039 0.0543229 0.1485 -0.0169959 0.0523081 0.1485 -0.126438 0.10816 0.1485 -0.117823 0.110721 0.1485 -0.108972 0.112271 0.1485 -0.1 0.112791 0.1485 -0.023 0.112791 0.1485 0.0681277 -0.0247965 0.1485 0.0637619 -0.0345062 0.1485 0.0434027 -0.0337817 0.1485 0.0483711 -0.0261771 0.1485 0.05202 -0.0178585 0.1485 0.0542499 -0.0090527 0.1485 0.055 0 0.1485 0.0543229 0.0086039 0.1485 0.0523081 0.0169959 0.1485 0.0490054 0.0249695 0.1485 0.0444959 0.0323282 0.1485 0.0388909 0.0388909 0.1485 0.0323282 0.0444959 0.1485 0.0249695 0.0490054 0.1485 0.0169959 0.0523081 0.1485 0.0086039 0.0543229 0.1485 0.0429371 -0.058418 0.1485 0.033919 -0.0640761 0.1485 -0.0373973 -0.0621103 0.1485 -0.04609 -0.055964 0.1485 -0.00454186 -0.0548121 0.1485 0.00454186 -0.0548121 0.1485 0.0135017 -0.053317 0.1485 0.0220932 -0.0503675 0.1485 0.0510293 -0.0515002 0.1485 -0.0249695 0.0490054 0.1485 -0.0323282 0.0444959 0.1485 -0.0388909 0.0388909 0.1485 -0.0444959 0.0323282 0.1485 -0.0693902 -0.0210058 0.1485 -0.05202 -0.0178585 0.1485 -0.0655659 -0.0309413 0.1485 -0.0483711 -0.0261771 0.1485 -0.0434027 -0.0337817 0.1485 -0.0603278 -0.0402096 0.1485 -0.0372505 -0.0404648 0.1485 -0.0537888 -0.0486109 0.1485 -0.0300821 -0.0460442 0.1485 -0.0220932 -0.0503675 0.1485 -0.0135017 -0.053317 0.1485 0.0372505 -0.0404648 0.1485 0.0580211 -0.0434719 0.1485 0.0300821 -0.0460442 0.1485 -0.0278983 -0.0669174 0.1485 0.0241696 -0.0683526 0.1485 -0.0177977 -0.0702815 0.1485 0.013899 -0.0711552 0.1485 -0.00731333 -0.0721302 0.1485 0.00332873 -0.0724235 0.1485 -0.192495 0.0776177 0.13513 -0.188964 0.0801594 0.136243 -0.177957 0.0871804 0.139713 -0.17113 0.0907594 0.141866 -0.164769 0.0933467 0.143872 -0.198037 0.0698136 0.128417 -0.198051 0.0670821 0.126717 -0.195468 0.0751564 0.133423 -0.197408 0.0724386 0.130731 -0.19186 0.0565768 0.119699 -0.193936 0.0567877 0.120486 -0.194978 0.0574996 0.121167 -0.195861 0.0585574 0.12196 -0.197033 0.0610498 0.123527 -0.197735 0.0639768 0.125143 -0.278493 0.0308404 0.1185 -0.283782 0.0271368 0.1185 -0.253782 0.048143 0.126291 -0.253782 -0.0307766 0.191586 -0.253782 0.005 0.182 -0.253782 0.005 0.147 -0.243782 0.005 0.182 -0.243782 0.005 0.147 -0.243782 -0.0250031 0.190039 -0.0175563 0.115582 0.146888 -0.0192992 0.11402 0.14779 -0.016133 0.11752 0.145769 -0.1 0.11752 0.145769 -0.0203893 0.113391 0.148153 -0.1 0.12302 0.136243 -0.110646 0.121705 0.132481 -0.1 0.122356 0.132481 -0.110413 0.11981 0.129173 -0.1 0.120446 0.129173 -0.110057 0.116905 0.126717 -0.1 0.11752 0.126717 -0.110727 0.122364 0.136243 -0.1 0.122356 0.140005 -0.110646 0.121705 0.140005 -0.1 0.120446 0.143314 -0.110413 0.11981 0.143314 -0.110057 0.116905 0.145769 -0.141323 0.112717 0.136243 -0.150106 0.106558 0.132481 -0.141011 0.112131 0.132481 -0.14901 0.104994 0.129173 -0.140115 0.110445 0.129173 -0.147332 0.102596 0.126717 -0.138741 0.107861 0.126717 -0.150486 0.107102 0.136243 -0.141011 0.112131 0.140005 -0.150106 0.106558 0.140005 -0.140115 0.110445 0.143314 -0.14901 0.104994 0.143314 -0.138741 0.107861 0.145769 -0.147332 0.102596 0.145769 -0.131544 0.117174 0.136243 -0.131306 0.116554 0.132481 -0.130621 0.114771 0.129173 -0.129572 0.112039 0.126717 -0.131306 0.116554 0.140005 -0.130621 0.114771 0.143314 -0.129572 0.112039 0.145769 -0.121294 0.120405 0.136243 -0.121133 0.119762 0.132481 -0.120671 0.117908 0.129173 -0.119963 0.115069 0.126717 -0.121133 0.119762 0.140005 -0.120671 0.117908 0.143314 -0.119963 0.115069 0.145769 -0.283782 0.0271368 0.1345 -0.29 0.0227831 0.1445 -0.290291 0.0225794 0.142106 -0.291183 0.0219548 0.139782 -0.291958 0.0214118 0.138556 -0.294649 0.0195282 0.136052 -0.297407 0.0175967 0.134842 -0.3 0.015781 0.1345 -0.283782 0.0271368 0.1945 -0.3 0.015781 0.1945 -0.29709 0.0178184 0.194067 -0.294299 0.019773 0.192716 -0.292174 0.0212609 0.190725 -0.291001 0.0220823 0.188861 -0.290285 0.0225835 0.18687 -0.29 0.0227831 0.1845 -0.283782 0.0271368 0.2105 -0.348473 -0.0146709 0.139 -0.286992 -0.0211327 0.139 -0.345075 -0.0469929 0.139 -0.340529 -0.052042 0.139 -0.335032 -0.0560357 0.139 -0.328825 -0.0587992 0.139 -0.322179 -0.0602118 0.139 -0.348473 -0.0411088 0.139 -0.315385 -0.0602118 0.139 -0.308739 -0.0587992 0.139 -0.302532 -0.0560357 0.139 -0.297036 -0.052042 0.139 -0.292489 -0.0469929 0.139 -0.345075 -0.00878682 0.139 -0.322179 0.00443213 0.139 -0.328825 0.0030195 0.139 -0.335032 0.00025599 0.139 -0.340529 -0.00373763 0.139 -0.289092 -0.0146709 0.139 -0.292489 -0.00878682 0.139 -0.297036 -0.00373763 0.139 -0.302532 0.00025599 0.139 -0.308739 0.0030195 0.139 -0.315385 0.00443213 0.139 -0.350572 -0.0211327 0.139 -0.351282 -0.0278898 0.139 -0.350572 -0.034647 0.139 -0.286282 -0.0278898 0.139 -0.286992 -0.034647 0.139 -0.289092 -0.0411088 0.139 -0.252398 -0.0463369 0.214759 -0.266701 -0.0501692 0.217388 -0.281161 -0.0540439 0.218972 -0.295686 -0.0579358 0.2195 -0.316747 -0.0628306 0.2195 -0.309724 -0.0616972 0.2195 -0.318782 -0.0453898 0.2195 -0.318782 -0.0478898 0.2195 -0.317014 -0.0486221 0.2195 -0.353139 -0.0212115 0.2195 -0.335332 -0.0222025 0.2195 -0.333561 -0.0185169 0.2195 -0.319984 -0.0104311 0.2195 -0.315899 -0.010629 0.2195 -0.311972 -0.0117693 0.2195 -0.308417 -0.01379 0.2195 -0.305427 -0.0165806 0.2195 -0.303167 -0.0199888 0.2195 -0.30176 -0.0238284 0.2195 -0.318782 -0.0528898 0.2195 -0.342801 -0.0533479 0.2195 -0.337157 -0.0576789 0.2195 -0.330753 -0.0607791 0.2195 -0.323855 -0.0625203 0.2195 -0.301282 -0.0278898 0.2195 -0.301809 -0.0321495 0.2195 -0.303154 -0.0357638 0.2195 -0.305258 -0.0389957 0.2195 -0.308019 -0.0416883 0.2195 -0.311303 -0.0437108 0.2195 -0.314949 -0.0449649 0.2195 -0.316282 -0.0503898 0.2195 -0.317014 -0.0521576 0.2195 -0.347453 -0.047965 0.2195 -0.32055 -0.0486221 0.2195 -0.323312 -0.0447935 0.2195 -0.327532 -0.0430453 0.2195 -0.35092 -0.0417526 0.2195 -0.32055 -0.0521576 0.2195 -0.321282 -0.0503898 0.2195 -0.327737 -0.0128543 0.2195 -0.324003 -0.0111867 0.2195 -0.351234 -0.0147786 0.2195 -0.348136 -0.00882747 0.2195 -0.343959 -0.0035768 0.2195 -0.330982 -0.015343 0.2195 -0.336282 -0.0278898 0.2195 -0.336043 -0.0250068 0.2195 -0.353782 -0.0278898 0.2195 -0.333938 -0.0366398 0.2195 -0.335686 -0.0324192 0.2195 -0.353059 -0.0349675 0.2195 -0.331157 -0.0402642 0.2195 -0.283782 -0.0278898 0.1945 -0.283782 -0.0278898 0.2105 -0.309724 -0.0616972 0.2105 -0.303596 -0.0594237 0.2105 -0.297999 -0.0560508 0.2105 -0.293126 -0.0516959 0.2105 -0.289147 -0.046511 0.2105 -0.286202 -0.0406768 0.2105 -0.284393 -0.0343967 0.2105 -0.289092 -0.0146709 0.19 -0.307322 -0.0146642 0.19 -0.311513 -0.0119713 0.19 -0.333504 -0.0184286 0.19 -0.335573 -0.0229595 0.19 -0.350572 -0.0211327 0.19 -0.292489 -0.0469929 0.19 -0.297036 -0.052042 0.19 -0.302532 -0.0560357 0.19 -0.308739 -0.0587992 0.19 -0.315385 -0.0602118 0.19 -0.316292 -0.0452117 0.19 -0.311513 -0.0438084 0.19 -0.307322 -0.0411155 0.19 -0.289092 -0.0411088 0.19 -0.321273 -0.0452117 0.19 -0.322179 -0.0602118 0.19 -0.328825 -0.0587992 0.19 -0.335032 -0.0560357 0.19 -0.340529 -0.052042 0.19 -0.345075 -0.0469929 0.19 -0.326052 -0.0438084 0.19 -0.292489 -0.00878682 0.19 -0.316292 -0.010568 0.19 -0.315385 0.00443213 0.19 -0.308739 0.0030195 0.19 -0.302532 0.00025599 0.19 -0.297036 -0.00373763 0.19 -0.321273 -0.010568 0.19 -0.326052 -0.0119713 0.19 -0.348473 -0.0146709 0.19 -0.345075 -0.00878682 0.19 -0.340529 -0.00373763 0.19 -0.335032 0.00025599 0.19 -0.328825 0.0030195 0.19 -0.322179 0.00443213 0.19 -0.30406 -0.0184286 0.19 -0.286992 -0.0211327 0.19 -0.301991 -0.0229595 0.19 -0.301282 -0.0278898 0.19 -0.286282 -0.0278898 0.19 -0.301991 -0.0328202 0.19 -0.286992 -0.034647 0.19 -0.30406 -0.037351 0.19 -0.330242 -0.0146642 0.19 -0.351282 -0.0278898 0.19 -0.336282 -0.0278898 0.19 -0.350572 -0.034647 0.19 -0.335573 -0.0328202 0.19 -0.348473 -0.0411088 0.19 -0.333504 -0.037351 0.19 -0.330242 -0.0411155 0.19 -0.0841847 -0.00801521 0.1685 -0.070659 -0.019703 0.1685 -0.0680057 -0.0251292 0.1685 -0.0680057 -0.0251292 0.196384 -0.0685472 -0.0237672 0.195422 -0.0700819 -0.0206727 0.193197 -0.0727778 -0.0167146 0.190395 -0.0743456 -0.0149182 0.1685 -0.075285 -0.0139679 0.188623 -0.0778945 -0.0117182 0.187434 -0.0789159 -0.0109689 0.1685 -0.0805589 -0.00989468 0.186827 0.0730577 0 0.190207 0.0727115 0.00895808 0.189673 0.0725 0 0.1935 0.0717405 0.0104664 0.1935 0.00882975 0.0719603 0.1935 0.00729971 0.0728966 0.189673 -0.00165123 0.0724812 0.1935 0.0710705 0.0177817 0.189673 0.0694781 0.0207135 0.1935 0.0683629 0.0263385 0.189673 0.06576 0.0305267 0.1935 0.0792918 0.0227829 0.1835 0.0756239 0.0329738 0.1835 0.073413 0.0282842 0.184261 0.0763206 0.0190953 0.184261 0.0646294 0.0345 0.189673 0.0606641 0.0397003 0.1935 0.0706526 0.0425964 0.1835 0.0694037 0.0370486 0.184261 0.0599259 0.0421437 0.189673 0.0542974 0.0480421 0.1935 0.0644636 0.0514849 0.1835 0.0643528 0.0452569 0.184261 0.0571635 0.059486 0.1835 0.058336 0.0527861 0.184261 0.047905 0.0554285 0.189673 0.046793 0.0553775 0.1935 0.0488782 0.0664618 0.1835 0.0514438 0.0595231 0.184261 0.0407679 0.0608702 0.189673 0.0383083 0.0615526 0.1935 0.0397505 0.0722921 0.1835 0.0437795 0.0653668 0.184261 0.0330191 0.0653984 0.189673 0.029021 0.0664382 0.1935 0.0299376 0.0768765 0.1835 0.0354582 0.0702295 0.184261 0.0247747 0.0689451 0.189673 0.0191258 0.0699318 0.1935 0.0196088 0.0801358 0.1835 0.0266048 0.0740382 0.184261 0.0161584 0.0714571 0.189673 0.00894195 0.082014 0.1835 0.0173521 0.0767357 0.184261 0.00783895 0.0782817 0.184261 0.0746685 0 0.187282 0.0748629 0.00922314 0.186429 0.0771529 0 0.18505 0.0792276 0.00570025 0.183982 0.0780828 0.00961983 0.184261 0.0815931 0.0121993 0.1835 -0.00166857 0.0732422 0.189673 0.0075157 0.0750536 0.186429 -0.00171794 0.0754094 0.186429 -0.00179183 0.0786528 0.184261 0.0731734 0.0183079 0.186429 0.0703857 0.0271178 0.186429 0.0665417 0.0355208 0.186429 0.061699 0.0433907 0.186429 0.0543231 0.049155 0.189673 0.0559304 0.0506094 0.186429 0.0493224 0.0570686 0.186429 0.0419742 0.0626713 0.186429 0.0339961 0.0673334 0.186429 0.0255077 0.0709851 0.186429 0.0166365 0.0735714 0.186429 0.106392 0.0821114 0.1835 0.104588 0.0753765 0.1835 0.0725637 -0.00848148 0.190207 0.0714398 -0.0156966 0.18997 0.074623 -0.00695095 0.186947 0.0681277 -0.0247965 0.1935 0.0705458 -0.0167197 0.1935 0.0720098 -0.00841674 0.1935 -0.0704909 -0.0169495 0.1685 -0.0673313 -0.0268839 0.1985 -0.0637993 -0.0344369 0.1985 -0.0483819 -0.0539948 0.1985 -0.0542615 -0.0480826 0.1985 -0.0418625 -0.0591928 0.1985 -0.0347892 -0.0636078 0.1985 -0.011212 -0.0716278 0.1985 -0.019362 -0.0698668 0.1985 -0.00291374 -0.0724414 0.1985 0.0217721 -0.0691536 0.1985 0.0136881 -0.0711961 0.1985 0.0295682 -0.0661964 0.1985 0.0369732 -0.0623637 0.1985 0.0558956 -0.0461728 0.1985 0.0502245 -0.0522853 0.1985 0.0608274 -0.0394496 0.1985 0.0649546 -0.0322047 0.1985 -0.0725 0 0.1985 -0.0725 0 0.196788 -0.0719195 -0.009156 0.1985 -0.0719229 -0.00912949 0.196735 -0.0701874 -0.0181654 0.1985 -0.071866 -0.00956672 0.196729 -0.070315 -0.017665 0.196588 -0.0725 0 0.1685 -0.071996 -0.00853408 0.1685 -0.0594234 -0.0415344 0.1985 -0.0272558 -0.0671816 0.1985 0.00542311 -0.0722969 0.1985 0.0438891 -0.0577061 0.1985 0.0682227 -0.0245339 0.1985 0.0705884 -0.0165384 0.1985 0.0720205 -0.00832422 0.1985 0.0725 0 0.1985 -0.0103722 0.0720602 0.191107 -0.0706438 -0.0177032 0.194047 -0.0716902 -0.0179156 0.191495 -0.0105348 0.0730236 0.188655 -0.075125 -0.00945889 0.189386 -0.0733189 -0.00925274 0.191631 -0.0774918 -0.00974246 0.187754 -0.0111178 0.0768178 0.184822 -0.0801074 -0.0100655 0.186892 -0.0114762 0.0792447 0.183849 -0.0722532 -0.00914374 0.194189 -0.0785753 0.0184444 0.186772 -0.0802379 0.00898655 0.186902 -0.0807467 -0.00052145 0.186943 -0.0469833 0.0651051 0.184829 -0.0545183 0.0590498 0.1852 -0.0612203 0.0521965 0.185579 -0.0670484 0.0446067 0.185945 -0.071957 0.0363211 0.186281 -0.0758009 0.0275875 0.186561 -0.0301089 0.0742807 0.184204 -0.0388376 0.0701849 0.184491 -0.0209076 0.0773256 0.183985 -0.0705451 0.0167225 0.196609 -0.0708746 0.016756 0.194067 -0.0711482 0.0139347 0.196664 -0.0723706 0.00816358 0.1942 -0.0720392 0.00816119 0.196745 -0.0728284 -0.00047369 0.19424 -0.0601787 0.0404324 0.195743 -0.0604969 0.0405347 0.19323 -0.0624772 0.0367812 0.195923 -0.0649173 0.0330018 0.19357 -0.0645905 0.0329289 0.196094 -0.0683776 0.025064 0.193853 -0.06805 0.0250088 0.196387 -0.042156 0.0589841 0.194574 -0.0424125 0.0591836 0.192099 -0.0467167 0.0554418 0.194829 -0.0492061 0.0536726 0.192475 -0.0489225 0.0535055 0.194963 -0.0552464 0.0474375 0.192859 -0.0549373 0.047309 0.195359 -0.0187681 0.0700286 0.193692 -0.0188857 0.0703119 0.191245 -0.0256474 0.067812 0.193877 -0.0271899 0.0675383 0.191467 -0.0270127 0.0672798 0.193921 -0.0350653 0.0638084 0.191757 -0.0348297 0.0635857 0.19422 -0.0103053 0.0717639 0.193549 -0.0191845 0.0712475 0.188788 -0.0276197 0.0684302 0.189003 -0.0356164 0.0646429 0.189284 -0.0430744 0.0599483 0.189614 -0.0499672 0.0543567 0.189978 -0.0560921 0.048034 0.190348 -0.0614141 0.041037 0.190707 -0.0658922 0.0334054 0.191034 -0.0693961 0.0253673 0.191308 -0.0719238 0.0169569 0.191514 -0.0734377 0.0082609 0.191641 -0.0739009 -0.00047934 0.191681 -0.0107911 0.0746581 0.186473 -0.0196546 0.072842 0.186604 -0.0282982 0.0699613 0.186814 -0.0364924 0.0660887 0.187089 -0.0441346 0.0612885 0.187413 -0.0511977 0.0555712 0.187769 -0.0574736 0.0491067 0.188131 -0.062927 0.0419528 0.188482 -0.0675154 0.0341505 0.188803 -0.0711056 0.0259329 0.18907 -0.0736956 0.0173348 0.189272 -0.0752467 0.00844496 0.189396 -0.0757214 -0.00049002 0.189435 -0.0202526 0.0749525 0.184953 -0.0291623 0.0719934 0.185165 -0.0376111 0.0680146 0.185442 -0.0454929 0.0630816 0.185767 -0.05278 0.057204 0.186126 -0.0592577 0.0505558 0.186491 -0.0648883 0.0431963 0.186844 -0.0696278 0.0351668 0.187167 -0.0733374 0.0267071 0.187436 -0.0760141 0.0178537 0.187639 -0.0776176 0.00869814 0.187764 -0.0781083 -0.00050471 0.187803 0.10683 0.44 -0.0675 0.105 0.44 -0.0656699 0.135 0.25 -0.1645 0.135 0.266124 -0.163708 0.135 0.282092 -0.161339 0.135 0.297752 -0.157417 0.135 0.312951 -0.151978 0.135 0.327545 -0.145076 0.135 0.341391 -0.136777 0.135 0.354358 -0.12716 0.135 0.366319 -0.116319 0.135 0.37716 -0.104358 0.135 0.386777 -0.0913913 0.135 0.395076 -0.0775448 0.135 0.401978 -0.0629514 0.135 0.407417 -0.0477518 0.135 0.411339 -0.0320924 0.135 0.413708 -0.0161238 0.135 0.4145 0 0.135 0.413708 0.0161238 0.135 0.411339 0.0320924 0.135 0.407417 0.0477518 0.135 0.401978 0.0629514 0.135 0.395076 0.0775448 0.135 0.386777 0.0913913 0.135 0.37716 0.104358 0.135 0.366319 0.116319 0.135 0.354358 0.12716 0.135 0.341391 0.136777 0.135 0.327545 0.145076 0.135 0.312951 0.151978 0.135 0.297752 0.157417 0.135 0.282092 0.161339 0.135 0.266124 0.163708 0.135 0.25 0.1645 0.135 0.233876 0.163708 0.135 0.217908 0.161339 0.135 0.202248 0.157417 0.135 0.187049 0.151978 0.135 0.172455 0.145076 0.135 0.158609 0.136777 0.135 0.145642 0.12716 0.135 0.133681 0.116319 0.135 0.12284 0.104358 0.135 0.113223 0.0913913 0.135 0.104924 0.0775448 0.135 0.0980218 0.0629514 0.135 0.0925833 0.0477518 0.135 0.0886608 0.0320924 0.135 0.0862921 0.0161238 0.135 0.0855 0 0.135 0.0862921 -0.0161238 0.135 0.0886608 -0.0320924 0.135 0.0925833 -0.0477518 0.135 0.0980218 -0.0629514 0.135 0.104924 -0.0775448 0.135 0.113223 -0.0913913 0.135 0.12284 -0.104358 0.135 0.133681 -0.116319 0.135 0.145642 -0.12716 0.135 0.158609 -0.136777 0.135 0.172455 -0.145076 0.135 0.187049 -0.151978 0.135 0.202248 -0.157417 0.135 0.217908 -0.161339 0.135 0.233876 -0.163708 0.007 0.061 0.148402 0.007 0.11296 0.148402 0.0238859 0.114032 0.147783 0.0406962 0.116086 0.146597 0.007 0.11752 0.145769 -0.013 0.0803534 0.120017 -0.013 0.0828178 0.121503 -0.013 0.0845971 0.123765 -0.013 0.0854611 0.126509 -0.013 0.0852981 0.129382 -0.013 0.0836133 0.13416 -0.013 0.081 0.1385 -0.013 0.122786 0.1385 -0.013 0.122957 0.13507 -0.013 0.122063 0.131755 -0.013 0.120189 0.128877 -0.013 0.11752 0.126717 -0.00288167 0.0854611 0.126509 -0.00288167 0.0852981 0.129382 -0.00288167 0.0845971 0.123765 -0.00288167 0.0828178 0.121503 -0.00288167 0.0803534 0.120017 -0.0143052 0.0760797 0.14344 -0.0140254 0.120769 0.142911 -0.0136874 0.0776557 0.142144 -0.0131912 0.122185 0.140447 -0.0131259 0.0797073 0.140084 -0.0185512 0.0681494 0.147456 -0.0166614 0.0713991 0.146234 -0.014677 0.119776 0.144043 -0.0155865 0.0733945 0.145211 -0.0207045 0.0646443 0.148233 0.007 0.11752 0.126717 0.007 0.120446 0.129173 0.007 0.122356 0.132481 0.007 0.120446 0.143314 0.007 0.122356 0.140005 0.007 0.12302 0.136243 0.007 0.0831735 0.121984 0.007 0.080938 0.120387 0.007 0.0847361 0.124244 0.007 0.0854354 0.126827 0.007 0.078289 0.119639 0.007 0.0852252 0.129574 -0.00288167 0.0834043 0.134593 0.007 0.0827884 0.135658 -0.00288167 0.0804087 0.139258 0.007 0.0691085 0.147051 0.007 0.0651107 0.148062 -0.00288167 0.0665097 0.147885 -0.00288167 0.0717485 0.146071 0.007 0.0737274 0.144919 0.007 0.0798833 0.139784 0.007 0.0763401 0.143142 -0.00288167 0.0764587 0.143148 0.007 0.0842313 0.132635 -0.0542499 0.0090527 0.1415 -0.05202 0.0178585 0.1415 -0.0483711 0.0261771 0.1415 -0.0434027 0.0337817 0.1415 -0.0372505 0.0404648 0.1415 -0.0300821 0.0460442 0.1415 -0.0220932 0.0503675 0.1415 -0.0135017 0.053317 0.1415 -0.00454186 0.0548121 0.1415 0.0135017 0.053317 0.1415 0.00454186 0.0548121 0.1415 0.0220932 0.0503675 0.1415 0.0300821 0.0460442 0.1415 0.0372505 0.0404648 0.1415 0.0434027 0.0337817 0.1415 0.0483711 0.0261771 0.1415 0.05202 0.0178585 0.1415 0.0542499 0.0090527 0.1415 -0.055 0 0.1415 0.055 0 0.1415 0.0542499 -0.0090527 0.1415 0.05202 -0.0178585 0.1415 0.0483711 -0.0261771 0.1415 0.0434027 -0.0337817 0.1415 0.0372505 -0.0404648 0.1415 0.0300821 -0.0460442 0.1415 0.0220932 -0.0503675 0.1415 0.0135017 -0.053317 0.1415 0.00454186 -0.0548121 0.1415 -0.00454186 -0.0548121 0.1415 -0.0135017 -0.053317 0.1415 -0.0220932 -0.0503675 0.1415 -0.0300821 -0.0460442 0.1415 -0.0372505 -0.0404648 0.1415 -0.0434027 -0.0337817 0.1415 -0.0483711 -0.0261771 0.1415 -0.05202 -0.0178585 0.1415 -0.0542499 -0.0090527 0.1415 0.0678457 -0.0209276 0.1985 0.00530584 -0.0708015 0.1985 -0.00530584 -0.0708015 0.1985 -0.015799 -0.0692199 0.1985 -0.0259392 -0.066092 0.1985 -0.0355 -0.0614878 0.1985 0.070207 -0.010582 0.1985 0.071 0 0.1985 0.070207 0.010582 0.1985 0.0717621 0.0103178 0.1985 0.0678457 0.0209276 0.1985 0.0695632 0.0204256 0.1985 0.0639688 0.0308057 0.1985 0.0659483 0.0301176 0.1985 0.058663 0.0399957 0.1985 0.0609909 0.0391965 0.1985 0.0520467 0.0482923 0.1985 0.0547918 0.0474774 0.1985 0.0442678 0.05551 0.1985 0.0474774 0.0547918 0.1985 0.0355 0.0614878 0.1985 0.0391965 0.0609909 0.1985 0.0259392 0.066092 0.1985 0.0301176 0.0659483 0.1985 0.015799 0.0692199 0.1985 0.0204256 0.0695632 0.1985 0.00530584 0.0708015 0.1985 0.0103178 0.0717621 0.1985 -0.00530584 0.0708015 0.1985 0 0.0725 0.1985 -0.0103178 0.0717621 0.1985 -0.015799 0.0692199 0.1985 -0.0204256 0.0695632 0.1985 -0.0259392 0.066092 0.1985 -0.0301176 0.0659483 0.1985 -0.0355 0.0614878 0.1985 -0.0391965 0.0609909 0.1985 -0.0442678 0.05551 0.1985 -0.0474774 0.0547918 0.1985 -0.0520467 0.0482923 0.1985 -0.0547918 0.0474774 0.1985 -0.058663 0.0399957 0.1985 -0.0609909 0.0391965 0.1985 -0.0639688 0.0308057 0.1985 -0.0659483 0.0301176 0.1985 -0.0678457 0.0209276 0.1985 -0.0695632 0.0204256 0.1985 -0.070207 0.010582 0.1985 -0.0717621 0.0103178 0.1985 -0.071 0 0.1985 -0.070207 -0.010582 0.1985 -0.0678457 -0.0209276 0.1985 -0.0639688 -0.0308057 0.1985 -0.058663 -0.0399957 0.1985 -0.0520467 -0.0482923 0.1985 -0.0442678 -0.05551 0.1985 0.0639688 -0.0308057 0.1985 0.058663 -0.0399957 0.1985 0.0520467 -0.0482923 0.1985 0.0442678 -0.05551 0.1985 0.0355 -0.0614878 0.1985 0.0259392 -0.066092 0.1985 0.015799 -0.0692199 0.1985 0.135 0.399808 -0.00759738 0.135 0.390663 0.0520958 0.135 0.384671 0.0660591 0.135 0.399808 0.00759738 0.135 0.395212 0.0375979 0.135 0.39827 0.0227142 0.135 0.100193 -0.00759738 0.135 0.100193 0.00759738 0.135 0.10173 0.0227142 0.135 0.104788 0.0375979 0.135 0.39827 -0.0227142 0.135 0.395212 -0.0375979 0.135 0.377297 0.0793446 0.135 0.368616 0.0918159 0.135 0.358719 0.103345 0.135 0.347706 0.113814 0.135 0.33569 0.123114 0.135 0.322795 0.131152 0.135 0.309153 0.137844 0.135 0.294905 0.143121 0.135 0.280195 0.14693 0.135 0.265175 0.14923 0.135 0.25 0.15 0.135 0.234825 0.14923 0.135 0.219805 0.14693 0.135 0.205095 0.143121 0.135 0.190847 0.137844 0.135 0.177205 0.131152 0.135 0.16431 0.123114 0.135 0.152294 0.113814 0.135 0.141281 0.103345 0.135 0.131384 0.0918159 0.135 0.122703 0.0793446 0.135 0.115329 0.0660591 0.135 0.109337 0.0520958 0.135 0.390663 -0.0520958 0.135 0.384671 -0.0660591 0.135 0.377297 -0.0793446 0.135 0.368616 -0.0918159 0.135 0.358719 -0.103345 0.135 0.347706 -0.113814 0.135 0.33569 -0.123114 0.135 0.322795 -0.131152 0.135 0.309153 -0.137844 0.135 0.294905 -0.143121 0.135 0.280195 -0.14693 0.135 0.265175 -0.14923 0.135 0.25 -0.15 0.135 0.234825 -0.14923 0.135 0.219805 -0.14693 0.135 0.205095 -0.143121 0.135 0.190847 -0.137844 0.135 0.177205 -0.131152 0.135 0.16431 -0.123114 0.135 0.152294 -0.113814 0.135 0.141281 -0.103345 0.135 0.131384 -0.0918159 0.135 0.122703 -0.0793446 0.135 0.115329 -0.0660591 0.135 0.109337 -0.0520958 0.135 0.104788 -0.0375979 0.135 0.10173 -0.0227142 0.071 0 0.2215 0.070207 0.010582 0.2215 0.0678457 0.0209276 0.2215 0.0639688 0.0308057 0.2215 0.058663 0.0399957 0.2215 0.0520467 0.0482923 0.2215 0.0442678 0.05551 0.2215 0.0355 0.0614878 0.2215 0.0259392 0.066092 0.2215 0.015799 0.0692199 0.2215 0.00530584 0.0708015 0.2215 -0.00530584 0.0708015 0.2215 -0.015799 0.0692199 0.2215 -0.0259392 0.066092 0.2215 -0.0355 0.0614878 0.2215 -0.0442678 0.05551 0.2215 -0.0520467 0.0482923 0.2215 -0.058663 0.0399957 0.2215 -0.0639688 0.0308057 0.2215 -0.0678457 0.0209276 0.2215 -0.070207 0.010582 0.2215 -0.071 0 0.2215 -0.070207 -0.010582 0.2215 -0.0678457 -0.0209276 0.2215 -0.0639688 -0.0308057 0.2215 -0.058663 -0.0399957 0.2215 -0.0520467 -0.0482923 0.2215 -0.0442678 -0.05551 0.2215 -0.0355 -0.0614878 0.2215 -0.0259392 -0.066092 0.2215 -0.015799 -0.0692199 0.2215 -0.00530584 -0.0708015 0.2215 0.00530584 -0.0708015 0.2215 0.015799 -0.0692199 0.2215 0.0259392 -0.066092 0.2215 0.0355 -0.0614878 0.2215 0.0442678 -0.05551 0.2215 0.0520467 -0.0482923 0.2215 0.058663 -0.0399957 0.2215 0.0639688 -0.0308057 0.2215 0.0678457 -0.0209276 0.2215 0.070207 -0.010582 0.2215 0.152 0.25 -0.15 0.152 0.265175 -0.14923 0.152 0.280195 -0.14693 0.152 0.294905 -0.143121 0.152 0.309153 -0.137844 0.152 0.322795 -0.131152 0.152 0.33569 -0.123114 0.152 0.347706 -0.113814 0.152 0.358719 -0.103345 0.152 0.368616 -0.0918159 0.152 0.377297 -0.0793446 0.152 0.384671 -0.0660591 0.152 0.390663 -0.0520958 0.152 0.395212 -0.0375979 0.152 0.39827 -0.0227142 0.152 0.399808 -0.00759738 0.152 0.399808 0.00759738 0.152 0.39827 0.0227142 0.152 0.395212 0.0375979 0.152 0.390663 0.0520958 0.152 0.384671 0.0660591 0.152 0.377297 0.0793446 0.152 0.368616 0.0918159 0.152 0.358719 0.103345 0.152 0.347706 0.113814 0.152 0.33569 0.123114 0.152 0.322795 0.131152 0.152 0.309153 0.137844 0.152 0.294905 0.143121 0.152 0.280195 0.14693 0.152 0.265175 0.14923 0.152 0.25 0.15 0.152 0.234825 0.14923 0.152 0.219805 0.14693 0.152 0.205095 0.143121 0.152 0.190847 0.137844 0.152 0.177205 0.131152 0.152 0.16431 0.123114 0.152 0.152294 0.113814 0.152 0.141281 0.103345 0.152 0.131384 0.0918159 0.152 0.122703 0.0793446 0.152 0.115329 0.0660591 0.152 0.109337 0.0520958 0.152 0.104788 0.0375979 0.152 0.10173 0.0227142 0.152 0.100193 0.00759738 0.152 0.100193 -0.00759738 0.152 0.10173 -0.0227142 0.152 0.104788 -0.0375979 0.152 0.109337 -0.0520958 0.152 0.115329 -0.0660591 0.152 0.122703 -0.0793446 0.152 0.131384 -0.0918159 0.152 0.141281 -0.103345 0.152 0.152294 -0.113814 0.152 0.16431 -0.123114 0.152 0.177205 -0.131152 0.152 0.190847 -0.137844 0.152 0.205095 -0.143121 0.152 0.219805 -0.14693 0.152 0.234825 -0.14923 0.0132562 0.0523476 0.2215 0.0216915 0.0494518 0.2215 -0.0365732 0.0397291 0.2215 -0.0295352 0.045207 0.2215 0.0216915 -0.0494518 0.2215 0.0132562 -0.0523476 0.2215 0.00445929 -0.0538156 0.2215 -0.00445929 -0.0538156 0.2215 -0.0132562 -0.0523476 0.2215 0.00445929 0.0538156 0.2215 -0.00445929 0.0538156 0.2215 -0.0132562 0.0523476 0.2215 0.0365732 0.0397291 0.2215 0.0295352 0.045207 0.2215 0.0510741 0.0175338 0.2215 0.0474916 0.0257012 0.2215 0.0426136 0.0331675 0.2215 0.0426136 -0.0331675 0.2215 0.0474916 -0.0257012 0.2215 0.0510741 -0.0175338 0.2215 0.0532635 -0.00888811 0.2215 0.054 0 0.2215 0.0532635 0.00888811 0.2215 0.0295352 -0.045207 0.2215 0.0365732 -0.0397291 0.2215 -0.0216915 0.0494518 0.2215 -0.0510741 0.0175338 0.2215 -0.0474916 0.0257012 0.2215 -0.0426136 0.0331675 0.2215 -0.0426136 -0.0331675 0.2215 -0.0474916 -0.0257012 0.2215 -0.0510741 -0.0175338 0.2215 -0.0532635 -0.00888811 0.2215 -0.054 0 0.2215 -0.0532635 0.00888811 0.2215 -0.0216915 -0.0494518 0.2215 -0.0295352 -0.045207 0.2215 -0.0365732 -0.0397291 0.2215 0.152 0.109647 0 0.152 0.110416 0.0146708 0.152 0.110416 -0.0146708 0.152 0.390353 0 0.152 0.389584 -0.0146708 0.152 0.389584 0.0146708 0.152 0.387286 0.029181 0.152 0.383483 0.0433714 0.152 0.378219 0.0570866 0.152 0.371549 0.0701763 0.152 0.363548 0.0824972 0.152 0.354302 0.0939143 0.152 0.343914 0.104302 0.152 0.332497 0.113548 0.152 0.320176 0.121549 0.152 0.307087 0.128219 0.152 0.293371 0.133483 0.152 0.279181 0.137286 0.152 0.264671 0.139584 0.152 0.25 0.140353 0.152 0.235329 0.139584 0.152 0.220819 0.137286 0.152 0.206629 0.133483 0.152 0.192913 0.128219 0.152 0.179824 0.121549 0.152 0.167503 0.113548 0.152 0.156086 0.104302 0.152 0.145698 0.0939143 0.152 0.136452 0.0824972 0.152 0.128451 0.0701763 0.152 0.121781 0.0570866 0.152 0.116517 0.0433714 0.152 0.112714 0.029181 0.152 0.387286 -0.029181 0.152 0.383483 -0.0433714 0.152 0.378219 -0.0570866 0.152 0.371549 -0.0701763 0.152 0.363548 -0.0824972 0.152 0.354302 -0.0939143 0.152 0.343914 -0.104302 0.152 0.332497 -0.113548 0.152 0.320176 -0.121549 0.152 0.307087 -0.128219 0.152 0.293371 -0.133483 0.152 0.279181 -0.137286 0.152 0.264671 -0.139584 0.152 0.25 -0.140353 0.152 0.235329 -0.139584 0.152 0.220819 -0.137286 0.152 0.206629 -0.133483 0.152 0.192913 -0.128219 0.152 0.179824 -0.121549 0.152 0.167503 -0.113548 0.152 0.156086 -0.104302 0.152 0.145698 -0.0939143 0.152 0.136452 -0.0824972 0.152 0.128451 -0.0701763 0.152 0.121781 -0.0570866 0.152 0.116517 -0.0433714 0.152 0.112714 -0.029181 -0.054 0 0.2295 -0.0532635 -0.00888811 0.2295 -0.0510741 -0.0175338 0.2295 -0.0474916 -0.0257012 0.2295 -0.0426136 -0.0331675 0.2295 -0.0365732 -0.0397291 0.2295 -0.0295352 -0.045207 0.2295 -0.0216915 -0.0494518 0.2295 -0.0132562 -0.0523476 0.2295 -0.00445929 -0.0538156 0.2295 0.00445929 -0.0538156 0.2295 0.0132562 -0.0523476 0.2295 0.0216915 -0.0494518 0.2295 0.0295352 -0.045207 0.2295 0.0365732 -0.0397291 0.2295 0.0426136 -0.0331675 0.2295 0.0474916 -0.0257012 0.2295 0.0510741 -0.0175338 0.2295 0.0532635 -0.00888811 0.2295 0.054 0 0.2295 0.0532635 0.00888811 0.2295 0.0510741 0.0175338 0.2295 0.0474916 0.0257012 0.2295 0.0426136 0.0331675 0.2295 0.0365732 0.0397291 0.2295 0.0295352 0.045207 0.2295 0.0216915 0.0494518 0.2295 0.0132562 0.0523476 0.2295 0.00445929 0.0538156 0.2295 -0.00445929 0.0538156 0.2295 -0.0132562 0.0523476 0.2295 -0.0216915 0.0494518 0.2295 -0.0295352 0.045207 0.2295 -0.0365732 0.0397291 0.2295 -0.0426136 0.0331675 0.2295 -0.0474916 0.0257012 0.2295 -0.0510741 0.0175338 0.2295 -0.0532635 0.00888811 0.2295 0.15 0.110767 0.014634 0.15 0.113059 0.0291076 0.15 0.116852 0.0432624 0.15 0.122104 0.0569431 0.15 0.128756 0.07 0.15 0.136738 0.0822899 0.15 0.14596 0.0936783 0.15 0.156322 0.10404 0.15 0.16771 0.113262 0.15 0.18 0.121244 0.15 0.193057 0.127896 0.15 0.206738 0.133148 0.15 0.220892 0.136941 0.15 0.235366 0.139233 0.15 0.25 0.14 0.15 0.11 0 0.15 0.110767 -0.014634 0.15 0.113059 -0.0291076 0.15 0.116852 -0.0432624 0.15 0.122104 -0.0569431 0.15 0.128756 -0.07 0.15 0.136738 -0.0822899 0.15 0.14596 -0.0936783 0.15 0.156322 -0.10404 0.15 0.16771 -0.113262 0.15 0.18 -0.121244 0.15 0.193057 -0.127896 0.15 0.206738 -0.133148 0.15 0.220892 -0.136941 0.15 0.235366 -0.139233 0.15 0.25 -0.14 0.15 0.389233 -0.014634 0.15 0.386941 -0.0291076 0.15 0.383148 -0.0432624 0.15 0.377896 -0.0569431 0.15 0.371244 -0.07 0.15 0.363262 -0.0822899 0.15 0.35404 -0.0936783 0.15 0.343678 -0.10404 0.15 0.33229 -0.113262 0.15 0.32 -0.121244 0.15 0.306943 -0.127896 0.15 0.293262 -0.133148 0.15 0.279108 -0.136941 0.15 0.264634 -0.139233 0.15 0.39 0 0.15 0.389233 0.014634 0.15 0.386941 0.0291076 0.15 0.383148 0.0432624 0.15 0.377896 0.0569431 0.15 0.371244 0.07 0.15 0.363262 0.0822899 0.15 0.35404 0.0936783 0.15 0.343678 0.10404 0.15 0.33229 0.113262 0.15 0.32 0.121244 0.15 0.306943 0.127896 0.15 0.293262 0.133148 0.15 0.279108 0.136941 0.15 0.264634 0.139233 0.041 0 0.2425 0.0402122 -0.0079987 0.2425 -0.041 0 0.2425 -0.0402122 -0.0079987 0.2425 0.0378791 -0.01569 0.2425 0.0340903 -0.0227784 0.2425 0.0289914 -0.0289914 0.2425 0.0227784 -0.0340903 0.2425 0.01569 -0.0378791 0.2425 0.0079987 -0.0402122 0.2425 0 -0.041 0.2425 -0.0079987 -0.0402122 0.2425 -0.01569 -0.0378791 0.2425 -0.0227784 -0.0340903 0.2425 -0.0289914 -0.0289914 0.2425 -0.0340903 -0.0227784 0.2425 -0.0378791 -0.01569 0.2425 0.0402122 0.0079987 0.2425 -0.0402122 0.0079987 0.2425 -0.0378791 0.01569 0.2425 -0.0340903 0.0227784 0.2425 -0.0289914 0.0289914 0.2425 -0.0227784 0.0340903 0.2425 -0.01569 0.0378791 0.2425 -0.0079987 0.0402122 0.2425 0 0.041 0.2425 0.0079987 0.0402122 0.2425 0.01569 0.0378791 0.2425 0.0227784 0.0340903 0.2425 0.0289914 0.0289914 0.2425 0.0340903 0.0227784 0.2425 0.0378791 0.01569 0.2425 0.15 0.367985 0.0412849 0.15 0.362621 0.0542355 0.15 0.367985 -0.0412849 0.15 0.362621 -0.0542355 0.15 0.375 0 0.15 0.374214 -0.0139956 0.15 0.371866 0.0278151 0.15 0.374214 0.0139956 0.15 0.125 0 0.15 0.125786 0.0139956 0.15 0.128134 0.0278151 0.15 0.355841 0.066504 0.15 0.347729 0.0779362 0.15 0.338388 0.0883884 0.15 0.327936 0.0977289 0.15 0.316504 0.10584 0.15 0.304235 0.112621 0.15 0.291285 0.117985 0.15 0.277815 0.121866 0.15 0.263996 0.124214 0.15 0.25 0.125 0.15 0.236005 0.124214 0.15 0.222185 0.121866 0.15 0.208715 0.117985 0.15 0.195764 0.112621 0.15 0.183496 0.10584 0.15 0.172064 0.0977289 0.15 0.161612 0.0883884 0.15 0.152271 0.0779362 0.15 0.144159 0.066504 0.15 0.137379 0.0542355 0.15 0.132015 0.0412849 0.15 0.371866 -0.0278151 0.15 0.355841 -0.066504 0.15 0.347729 -0.0779362 0.15 0.338388 -0.0883884 0.15 0.327936 -0.0977289 0.15 0.316504 -0.10584 0.15 0.304235 -0.112621 0.15 0.291285 -0.117985 0.15 0.277815 -0.121866 0.15 0.263996 -0.124214 0.15 0.25 -0.125 0.15 0.236005 -0.124214 0.15 0.222185 -0.121866 0.15 0.208715 -0.117985 0.15 0.195764 -0.112621 0.15 0.183496 -0.10584 0.15 0.172064 -0.0977289 0.15 0.161612 -0.0883884 0.15 0.152271 -0.0779362 0.15 0.144159 -0.066504 0.15 0.137379 -0.0542355 0.15 0.132015 -0.0412849 0.15 0.128134 -0.0278151 0.15 0.125786 -0.0139956 0.153 0.25 -0.125 0.153 0.263996 -0.124214 0.153 0.277815 -0.121866 0.153 0.291285 -0.117985 0.153 0.304235 -0.112621 0.153 0.316504 -0.10584 0.153 0.327936 -0.0977289 0.153 0.338388 -0.0883884 0.153 0.347729 -0.0779362 0.153 0.355841 -0.066504 0.153 0.362621 -0.0542355 0.153 0.367985 -0.0412849 0.153 0.371866 -0.0278151 0.153 0.374214 -0.0139956 0.153 0.375 0 0.153 0.374214 0.0139956 0.153 0.371866 0.0278151 0.153 0.367985 0.0412849 0.153 0.362621 0.0542355 0.153 0.355841 0.066504 0.153 0.347729 0.0779362 0.153 0.338388 0.0883884 0.153 0.327936 0.0977289 0.153 0.316504 0.10584 0.153 0.304235 0.112621 0.153 0.291285 0.117985 0.153 0.277815 0.121866 0.153 0.263996 0.124214 0.153 0.25 0.125 0.153 0.236005 0.124214 0.153 0.222185 0.121866 0.153 0.208715 0.117985 0.153 0.195764 0.112621 0.153 0.183496 0.10584 0.153 0.172064 0.0977289 0.153 0.161612 0.0883884 0.153 0.152271 0.0779362 0.153 0.144159 0.066504 0.153 0.137379 0.0542355 0.153 0.132015 0.0412849 0.153 0.128134 0.0278151 0.153 0.125786 0.0139956 0.153 0.125 0 0.153 0.125786 -0.0139956 0.153 0.128134 -0.0278151 0.153 0.132015 -0.0412849 0.153 0.137379 -0.0542355 0.153 0.144159 -0.066504 0.153 0.152271 -0.0779362 0.153 0.161612 -0.0883884 0.153 0.172064 -0.0977289 0.153 0.183496 -0.10584 0.153 0.195764 -0.112621 0.153 0.208715 -0.117985 0.153 0.222185 -0.121866 0.153 0.236005 -0.124214 0.153 0.3443 -0.0179886 0.153 0.341301 -0.0296656 0.153 0.336863 -0.0408748 0.153 0.1557 -0.0179886 0.153 0.154189 -0.00602789 0.153 0.345811 -0.00602789 0.153 0.345811 0.00602789 0.153 0.331055 0.0514394 0.153 0.336863 0.0408748 0.153 0.341301 0.0296656 0.153 0.3443 0.0179886 0.153 0.154189 0.00602789 0.153 0.1557 0.0179886 0.153 0.158699 0.0296656 0.153 0.163137 0.0408748 0.153 0.323969 0.0611927 0.153 0.315717 0.069981 0.153 0.306427 0.0776656 0.153 0.296248 0.0841254 0.153 0.28534 0.0892586 0.153 0.273874 0.092984 0.153 0.262032 0.095243 0.153 0.25 0.096 0.153 0.237968 0.095243 0.153 0.226126 0.092984 0.153 0.21466 0.0892586 0.153 0.203752 0.0841254 0.153 0.193573 0.0776656 0.153 0.184283 0.069981 0.153 0.176031 0.0611927 0.153 0.168944 0.0514394 0.153 0.331055 -0.0514394 0.153 0.323969 -0.0611927 0.153 0.315717 -0.069981 0.153 0.306427 -0.0776656 0.153 0.296248 -0.0841254 0.153 0.28534 -0.0892586 0.153 0.273874 -0.092984 0.153 0.262032 -0.095243 0.153 0.25 -0.096 0.153 0.237968 -0.095243 0.153 0.226126 -0.092984 0.153 0.21466 -0.0892586 0.153 0.203752 -0.0841254 0.153 0.193573 -0.0776656 0.153 0.184283 -0.069981 0.153 0.176031 -0.0611927 0.153 0.168944 -0.0514394 0.153 0.163137 -0.0408748 0.153 0.158699 -0.0296656 0.1 0.3443 -0.0179886 0.1 0.341301 -0.0296656 0.1 0.336863 -0.0408748 0.1 0.331055 -0.0514394 0.1 0.323969 -0.0611927 0.1 0.315717 -0.069981 0.1 0.306427 -0.0776656 0.1 0.296248 -0.0841254 0.1 0.28534 -0.0892586 0.1 0.273874 -0.092984 0.1 0.262032 -0.095243 0.1 0.25 -0.096 0.1 0.345811 -0.00602789 0.1 0.345811 0.00602789 0.1 0.3443 0.0179886 0.1 0.341301 0.0296656 0.1 0.336863 0.0408748 0.1 0.331055 0.0514394 0.1 0.323969 0.0611927 0.1 0.315717 0.069981 0.1 0.306427 0.0776656 0.1 0.296248 0.0841254 0.1 0.28534 0.0892586 0.1 0.273874 0.092984 0.1 0.262032 0.095243 0.1 0.25 0.096 0.1 0.1557 0.0179886 0.1 0.158699 0.0296656 0.1 0.163137 0.0408748 0.1 0.168944 0.0514394 0.1 0.176031 0.0611927 0.1 0.184283 0.069981 0.1 0.193573 0.0776656 0.1 0.203752 0.0841254 0.1 0.21466 0.0892586 0.1 0.226126 0.092984 0.1 0.237968 0.095243 0.1 0.154189 0.00602789 0.1 0.154189 -0.00602789 0.1 0.1557 -0.0179886 0.1 0.158699 -0.0296656 0.1 0.163137 -0.0408748 0.1 0.168944 -0.0514394 0.1 0.176031 -0.0611927 0.1 0.184283 -0.069981 0.1 0.193573 -0.0776656 0.1 0.203752 -0.0841254 0.1 0.21466 -0.0892586 0.1 0.226126 -0.092984 0.1 0.237968 -0.095243 0.00656437 0.0287604 0.1125 -0.00656437 0.0287604 0.1125 0 0.0295 0.1125 -0.0127996 0.0265786 0.1125 0.0127996 0.0265786 0.1125 -0.018393 0.023064 0.1125 0.018393 0.023064 0.1125 -0.023064 0.018393 0.1125 0.023064 0.018393 0.1125 -0.0265786 0.0127996 0.1125 0.0265786 0.0127996 0.1125 -0.0287604 0.00656437 0.1125 0.0287604 0.00656437 0.1125 -0.0295 0 0.1125 0.0295 0 0.1125 -0.0287604 -0.00656437 0.1125 0.0287604 -0.00656437 0.1125 -0.0265786 -0.0127996 0.1125 0.0265786 -0.0127996 0.1125 -0.023064 -0.018393 0.1125 0.023064 -0.018393 0.1125 -0.018393 -0.023064 0.1125 0.018393 -0.023064 0.1125 -0.0127996 -0.0265786 0.1125 0.0127996 -0.0265786 0.1125 -0.00656437 -0.0287604 0.1125 0.00656437 -0.0287604 0.1125 0 -0.0295 0.1125 -0.0295 0 0.1415 -0.0287604 0.00656437 0.1415 -0.0265786 0.0127996 0.1415 -0.023064 0.018393 0.1415 -0.018393 0.023064 0.1415 -0.0127996 0.0265786 0.1415 -0.00656437 0.0287604 0.1415 0 0.0295 0.1415 0.00656437 0.0287604 0.1415 0.0127996 0.0265786 0.1415 0.018393 0.023064 0.1415 0.023064 0.018393 0.1415 0.0265786 0.0127996 0.1415 0.0287604 0.00656437 0.1415 0.0295 0 0.1415 0.0287604 -0.00656437 0.1415 0.0265786 -0.0127996 0.1415 0.023064 -0.018393 0.1415 0.018393 -0.023064 0.1415 0.0127996 -0.0265786 0.1415 0.00656437 -0.0287604 0.1415 0 -0.0295 0.1415 -0.00656437 -0.0287604 0.1415 -0.0127996 -0.0265786 0.1415 -0.018393 -0.023064 0.1415 -0.023064 -0.018393 0.1415 -0.0265786 -0.0127996 0.1415 -0.0287604 -0.00656437 0.1415 -0.318782 -0.0503898 0.200998 -0.316282 -0.0503898 0.2025 -0.317014 -0.0486221 0.2025 -0.318782 -0.0478898 0.2025 -0.32055 -0.0486221 0.2025 -0.321282 -0.0503898 0.2025 -0.32055 -0.0521576 0.2025 -0.318782 -0.0528898 0.2025 -0.317014 -0.0521576 0.2025 -0.0287604 -0.00656437 -0.0925 -0.0287604 0.00656437 -0.0925 -0.0295 0 -0.0925 -0.0265786 0.0127996 -0.0925 -0.0265786 -0.0127996 -0.0925 -0.023064 0.018393 -0.0925 -0.023064 -0.018393 -0.0925 -0.018393 0.023064 -0.0925 -0.018393 -0.023064 -0.0925 -0.0127996 0.0265786 -0.0925 -0.0127996 -0.0265786 -0.0925 -0.00656437 0.0287604 -0.0925 -0.00656437 -0.0287604 -0.0925 0 0.0295 -0.0925 0 -0.0295 -0.0925 0.00656437 0.0287604 -0.0925 0.00656437 -0.0287604 -0.0925 0.0127996 0.0265786 -0.0925 0.0127996 -0.0265786 -0.0925 0.018393 0.023064 -0.0925 0.018393 -0.023064 -0.0925 0.023064 0.018393 -0.0925 0.023064 -0.018393 -0.0925 0.0265786 0.0127996 -0.0925 0.0265786 -0.0127996 -0.0925 0.0287604 0.00656437 -0.0925 0.0287604 -0.00656437 -0.0925 0.0295 0 -0.0925 0 0.0295 -0.1425 0.00656437 0.0287604 -0.1425 0.0127996 0.0265786 -0.1425 0.018393 0.023064 -0.1425 0.023064 0.018393 -0.1425 0.0265786 0.0127996 -0.1425 0.0287604 0.00656437 -0.1425 0.0295 0 -0.1425 0.0287604 -0.00656437 -0.1425 0.0265786 -0.0127996 -0.1425 0.023064 -0.018393 -0.1425 0.018393 -0.023064 -0.1425 0.0127996 -0.0265786 -0.1425 0.00656437 -0.0287604 -0.1425 0 -0.0295 -0.1425 -0.00656437 -0.0287604 -0.1425 -0.0127996 -0.0265786 -0.1425 -0.018393 -0.023064 -0.1425 -0.023064 -0.018393 -0.1425 -0.0265786 -0.0127996 -0.1425 -0.0287604 -0.00656437 -0.1425 -0.0295 0 -0.1425 -0.0287604 0.00656437 -0.1425 -0.0265786 0.0127996 -0.1425 -0.023064 0.018393 -0.1425 -0.018393 0.023064 -0.1425 -0.0127996 0.0265786 -0.1425 -0.00656437 0.0287604 -0.1425 -0.00458315 0.0553104 -0.1915 0.00458315 0.0553104 -0.1915 -0.0136245 0.0538017 -0.1915 0.0136245 0.0538017 -0.1915 -0.0222941 0.0508254 -0.1915 0.0222941 0.0508254 -0.1915 -0.0303556 0.0464627 -0.1915 0.0303556 0.0464627 -0.1915 -0.0375891 0.0408327 -0.1915 0.0375891 0.0408327 -0.1915 -0.0437973 0.0340888 -0.1915 0.0437973 0.0340888 -0.1915 -0.0488108 0.0264151 -0.1915 0.0488108 0.0264151 -0.1915 -0.0524929 0.0180208 -0.1915 0.0524929 0.0180208 -0.1915 -0.0547431 0.009135 -0.1915 0.0547431 0.009135 -0.1915 -0.0555 0 -0.1915 0.0555 0 -0.1915 -0.0547431 -0.009135 -0.1915 0.0547431 -0.009135 -0.1915 -0.0524929 -0.0180208 -0.1915 0.0524929 -0.0180208 -0.1915 -0.0488108 -0.0264151 -0.1915 0.0488108 -0.0264151 -0.1915 -0.0437973 -0.0340888 -0.1915 0.0437973 -0.0340888 -0.1915 -0.0375891 -0.0408327 -0.1915 0.0375891 -0.0408327 -0.1915 -0.0303556 -0.0464627 -0.1915 0.0303556 -0.0464627 -0.1915 -0.0222941 -0.0508254 -0.1915 0.0222941 -0.0508254 -0.1915 -0.0136245 -0.0538017 -0.1915 0.0136245 -0.0538017 -0.1915 -0.00458315 -0.0553104 -0.1915 0.00458315 -0.0553104 -0.1915 0.155891 0.243907 -0.186 0.153109 0.243907 -0.186 0.158397 0.245114 -0.186 0.148869 0.247288 -0.186 0.14825 0.25 -0.186 0.150603 0.245114 -0.186 0.160131 0.247288 -0.186 0.16075 0.25 -0.186 0.158397 0.254886 -0.186 0.160131 0.252712 -0.186 0.155891 0.256093 -0.186 0.153109 0.256093 -0.186 0.150603 0.254886 -0.186 0.148869 0.252712 -0.186 0.157561 0.257391 -0.186 0.160157 0.255657 -0.186 0.160157 0.244343 -0.186 0.157561 0.242609 -0.186 0.1545 0.242 -0.186 0.151439 0.242609 -0.186 0.148843 0.244343 -0.186 0.148843 0.255657 -0.186 0.151439 0.257391 -0.186 0.1545 0.258 -0.186 0.161891 0.246939 -0.186 0.1625 0.25 -0.186 0.161891 0.253062 -0.186 0.147109 0.253062 -0.186 0.1465 0.25 -0.186 0.147109 0.246939 -0.186 0.151439 0.242609 -0.193 0.148843 0.244343 -0.193 0.147109 0.246939 -0.193 0.1465 0.25 -0.193 0.1545 0.242 -0.193 0.157561 0.242609 -0.193 0.160157 0.244343 -0.193 0.161891 0.246939 -0.193 0.1625 0.25 -0.193 0.157561 0.257391 -0.193 0.160157 0.255657 -0.193 0.161891 0.253062 -0.193 0.1545 0.258 -0.193 0.151439 0.257391 -0.193 0.148843 0.255657 -0.193 0.147109 0.253062 -0.193 -0.005 0.409936 -0.09 -0.005 0.413 -0.0849 -0.00245 0.413 -0.0855833 -0.00058327 0.413 -0.08745 0.0001 0.413 -0.09 -0.00058327 0.413 -0.09255 -0.00245 0.413 -0.0944167 -0.005 0.413 -0.0951 -0.00755 0.413 -0.0944167 -0.00941673 0.413 -0.09255 -0.0101 0.413 -0.09 -0.00941673 0.413 -0.08745 -0.00755 0.413 -0.0855833 0.095 0.409936 -0.09 0.095 0.413 -0.0849 0.09755 0.413 -0.0855833 0.0994167 0.413 -0.08745 0.1001 0.413 -0.09 0.0994167 0.413 -0.09255 0.09755 0.413 -0.0944167 0.095 0.413 -0.0951 0.09245 0.413 -0.0944167 0.0905833 0.413 -0.09255 0.0899 0.413 -0.09 0.0905833 0.413 -0.08745 0.09245 0.413 -0.0855833 -0.00058327 0.44 -0.09255 -0.00245 0.44 -0.0944167 -0.005 0.44 -0.0951 0.0001 0.44 -0.09 -0.00058327 0.44 -0.08745 -0.00245 0.44 -0.0855833 -0.005 0.44 -0.0849 -0.00941673 0.44 -0.08745 -0.00755 0.44 -0.0855833 -0.0101 0.44 -0.09 -0.00941673 0.44 -0.09255 -0.00755 0.44 -0.0944167 0.0994167 0.44 -0.09255 0.09755 0.44 -0.0944167 0.095 0.44 -0.0951 0.1001 0.44 -0.09 0.0994167 0.44 -0.08745 0.09755 0.44 -0.0855833 0.095 0.44 -0.0849 0.0905833 0.44 -0.08745 0.09245 0.44 -0.0855833 0.0899 0.44 -0.09 0.0905833 0.44 -0.09255 0.09245 0.44 -0.0944167 0.105 0.44 -0.11433 0.10683 0.44 -0.1125 -0.351282 -0.0278898 0.1945 -0.350572 -0.034647 0.1945 -0.348473 -0.0411088 0.1945 -0.345075 -0.0469929 0.1945 -0.340529 -0.052042 0.1945 -0.335032 -0.0560357 0.1945 -0.328825 -0.0587992 0.1945 -0.322179 -0.0602118 0.1945 -0.315385 -0.0602118 0.1945 -0.308739 -0.0587992 0.1945 -0.302532 -0.0560357 0.1945 -0.297036 -0.052042 0.1945 -0.292489 -0.0469929 0.1945 -0.289092 -0.0411088 0.1945 -0.286992 -0.034647 0.1945 -0.286282 -0.0278898 0.1945 -0.286992 -0.0211327 0.1945 -0.289092 -0.0146709 0.1945 -0.292489 -0.00878682 0.1945 -0.297036 -0.00373763 0.1945 -0.302532 0.00025599 0.1945 -0.308739 0.0030195 0.1945 -0.315385 0.00443213 0.1945 -0.322179 0.00443213 0.1945 -0.328825 0.0030195 0.1945 -0.335032 0.00025599 0.1945 -0.340529 -0.00373763 0.1945 -0.345075 -0.00878682 0.1945 -0.348473 -0.0146709 0.1945 -0.350572 -0.0211327 0.1945 -0.353018 -0.0351668 0.1945 -0.350756 -0.0421256 0.1945 -0.347098 -0.0484623 0.1945 -0.342202 -0.0538999 0.1945 -0.336282 -0.0582007 0.1945 -0.329598 -0.0611768 0.1945 -0.322441 -0.0626981 0.1945 -0.307967 -0.0611768 0.1945 -0.301282 -0.0582007 0.1945 -0.295363 -0.0538999 0.1945 -0.290467 -0.0484623 0.1945 -0.286808 -0.0421256 0.1945 -0.284547 -0.0351668 0.1945 -0.315124 -0.0626981 0.1945 -0.353782 -0.0278898 0.1945 -0.343959 -0.0035768 0.1945 -0.348136 -0.00882747 0.1945 -0.351234 -0.0147786 0.1945 -0.353139 -0.0212115 0.1945 -0.286282 -0.0278898 0.1345 -0.286992 -0.034647 0.1345 -0.289092 -0.0411088 0.1345 -0.292489 -0.0469929 0.1345 -0.297036 -0.052042 0.1345 -0.302532 -0.0560357 0.1345 -0.308739 -0.0587992 0.1345 -0.315385 -0.0602118 0.1345 -0.322179 -0.0602118 0.1345 -0.328825 -0.0587992 0.1345 -0.335032 -0.0560357 0.1345 -0.340529 -0.052042 0.1345 -0.345075 -0.0469929 0.1345 -0.348473 -0.0411088 0.1345 -0.350572 -0.034647 0.1345 -0.351282 -0.0278898 0.1345 -0.350572 -0.0211327 0.1345 -0.348473 -0.0146709 0.1345 -0.345075 -0.00878682 0.1345 -0.340529 -0.00373763 0.1345 -0.335032 0.00025599 0.1345 -0.328825 0.0030195 0.1345 -0.322179 0.00443213 0.1345 -0.315385 0.00443213 0.1345 -0.308739 0.0030195 0.1345 -0.302532 0.00025599 0.1345 -0.297036 -0.00373763 0.1345 -0.292489 -0.00878682 0.1345 -0.289092 -0.0146709 0.1345 -0.286992 -0.0211327 0.1345 -0.157908 0.0951909 0.145769 -0.151504 0.0969084 0.147078 -0.145164 0.0995014 0.147951 -0.156775 0.110073 0.157629 -0.157821 0.109641 0.182795 -0.153472 0.111392 0.160829 -0.154573 0.11096 0.180215 -0.151303 0.112221 0.164855 -0.152384 0.111811 0.177262 -0.150449 0.11254 0.169317 -0.150761 0.112424 0.172964 0.0716084 0.409527 -0.118688 0.0700818 0.413317 -0.116576 0.0710407 0.401922 -0.129325 0.0698795 0.401302 -0.132163 0.0684306 0.4011 -0.135 0.0721809 0.403846 -0.124885 0.0716435 0.402595 -0.127412 0.0722973 0.406437 -0.121398 0.0677558 0.417589 -0.11531 0.056968 0.4011 -0.15475 0.0366912 0.287338 -0.237532 0.0329391 0.297803 -0.24021 0.0268213 0.368518 -0.222629 0.0288535 0.376465 -0.21541 0.0315939 0.383452 -0.207278 0.0471761 0.399324 -0.172235 0.0388849 0.282113 -0.235656 0.0310313 0.304181 -0.241183 0.0285896 0.314099 -0.24175 0.0272934 0.320763 -0.241494 0.0264405 0.326178 -0.240908 0.0255306 0.333992 -0.239445 0.0249899 0.342433 -0.237007 0.0249056 0.346206 -0.235609 0.0250118 0.35278 -0.232678 0.0253229 0.357729 -0.230019 0.0259448 0.363317 -0.22649 0.0350494 0.389413 -0.198304 0.0379413 0.392971 -0.19147 0.0410815 0.395837 -0.184549 0.0419279 0.396468 -0.182758 0.0519565 0.400669 -0.163391 0.167 0.25 -0.191 0.166246 0.254275 -0.191 0.164076 0.258035 -0.191 0.16075 0.260825 -0.191 0.156671 0.26231 -0.191 0.152329 0.26231 -0.191 0.14825 0.260825 -0.191 0.144924 0.258035 -0.191 0.142754 0.254275 -0.191 0.142 0.25 -0.191 0.143792 0.243552 -0.191 0.146583 0.240326 -0.191 0.150297 0.238228 -0.191 0.161847 0.239887 -0.191 0.164613 0.242653 -0.191 0.166388 0.246137 -0.191 0.142247 0.247528 -0.191 0.1545 0.2375 -0.191 0.158363 0.238112 -0.191 0.0761394 0.280602 -0.191 0.0776678 0.265333 -0.191 0.0781834 0.25 -0.191 -0.055 0.397803 0.0772574 -0.055 0.397803 0.0727426 -0.055 0.396258 0.0815 -0.055 0.396258 0.0685 -0.055 0.393356 0.0849586 -0.055 0.393356 0.0650414 -0.055 0.389446 0.087216 -0.055 0.389446 0.062784 -0.055 0.385 0.088 -0.055 0.385 0.062 -0.055 0.380554 0.087216 -0.055 0.380554 0.062784 -0.055 0.376644 0.0849586 -0.055 0.376644 0.0650414 -0.055 0.373742 0.0815 -0.055 0.373742 0.0685 -0.055 0.372198 0.0772574 -0.055 0.372198 0.0727426 -0.053 0.289231 -0.00780361 -0.053 0.289231 0.00780361 -0.053 0.29 0 -0.053 0.286955 0.0153073 -0.053 0.286955 -0.0153073 -0.053 0.283259 0.0222228 -0.053 0.283259 -0.0222228 -0.053 0.278284 0.0282843 -0.053 0.278284 -0.0282843 -0.053 0.272223 0.0332588 -0.053 0.272223 -0.0332588 -0.053 0.265307 0.0369552 -0.053 0.265307 -0.0369552 -0.053 0.257804 0.0392314 -0.053 0.257804 -0.0392314 -0.053 0.25 0.04 -0.053 0.25 -0.04 -0.053 0.242196 0.0392314 -0.053 0.242196 -0.0392314 -0.053 0.234693 0.0369552 -0.053 0.234693 -0.0369552 -0.053 0.227777 0.0332588 -0.053 0.227777 -0.0332588 -0.053 0.221716 0.0282843 -0.053 0.221716 -0.0282843 -0.053 0.216741 0.0222228 -0.053 0.216741 -0.0222228 -0.053 0.213045 0.0153073 -0.053 0.213045 -0.0153073 -0.053 0.210769 0.00780361 -0.053 0.210769 -0.00780361 -0.053 0.21 0 -0.05 0.385 0.088 -0.05 0.389446 0.087216 -0.05 0.393356 0.0849586 -0.05 0.396258 0.0815 -0.05 0.397803 0.0772574 -0.05 0.397803 0.0727426 -0.05 0.396258 0.0685 -0.05 0.393356 0.0650414 -0.05 0.389446 0.062784 -0.05 0.385 0.062 -0.05 0.380554 0.062784 -0.05 0.376644 0.0650414 -0.05 0.373742 0.0685 -0.05 0.372198 0.0727426 -0.05 0.372198 0.0772574 -0.05 0.373742 0.0815 -0.05 0.376644 0.0849586 -0.05 0.380554 0.087216 -0.06 0.210769 0.00780361 -0.06 0.213045 0.0153073 -0.06 0.216741 0.0222228 -0.06 0.221716 0.0282843 -0.06 0.227777 0.0332588 -0.06 0.234693 0.0369552 -0.06 0.242196 0.0392314 -0.06 0.25 0.04 -0.06 0.21 0 -0.06 0.210769 -0.00780361 -0.06 0.213045 -0.0153073 -0.06 0.216741 -0.0222228 -0.06 0.221716 -0.0282843 -0.06 0.227777 -0.0332588 -0.06 0.234693 -0.0369552 -0.06 0.242196 -0.0392314 -0.06 0.25 -0.04 -0.06 0.289231 -0.00780361 -0.06 0.286955 -0.0153073 -0.06 0.283259 -0.0222228 -0.06 0.278284 -0.0282843 -0.06 0.272223 -0.0332588 -0.06 0.265307 -0.0369552 -0.06 0.257804 -0.0392314 -0.06 0.29 0 -0.06 0.289231 0.00780361 -0.06 0.286955 0.0153073 -0.06 0.283259 0.0222228 -0.06 0.278284 0.0282843 -0.06 0.272223 0.0332588 -0.06 0.265307 0.0369552 -0.06 0.257804 0.0392314 0.0880381 0.418583 0.0609298 0.0890436 0.417774 0.0596346 0.0906383 0.416781 0.056703 0.0908755 0.416694 0.0560797 0.0915756 0.416866 0.0528657 0.0862012 0.420264 0.062708 0.0830389 0.423608 0.0645309 -0.092 0.264818 -0.164868 -0.092 0.264818 -0.174583 -0.092 0.26337 -0.155262 -0.092 0.26337 -0.18419 -0.092 0.260507 -0.145978 -0.092 0.260507 -0.193473 -0.092 0.256292 -0.137226 -0.092 0.256292 -0.202226 -0.092 0.250819 -0.129199 -0.092 0.250819 -0.210252 -0.092 0.244211 -0.122077 -0.092 0.244211 -0.217374 -0.092 0.236616 -0.11602 -0.092 0.236616 -0.223431 -0.092 0.228202 -0.111163 -0.092 0.228202 -0.228289 -0.092 0.219159 -0.107613 -0.092 0.219159 -0.231838 -0.092 0.209688 -0.105452 -0.092 0.209688 -0.234 -0.092 0.2 -0.104726 -0.092 0.2 -0.234726 -0.092 0.190312 -0.105452 -0.092 0.190312 -0.234 -0.092 0.180841 -0.107613 -0.092 0.180841 -0.231838 -0.092 0.171798 -0.111163 -0.092 0.171798 -0.228289 -0.092 0.163384 -0.11602 -0.092 0.163384 -0.223431 -0.092 0.155789 -0.122077 -0.092 0.155789 -0.217374 -0.092 0.149181 -0.129199 -0.092 0.149181 -0.210252 -0.092 0.143708 -0.137226 -0.092 0.143708 -0.202226 -0.092 0.139493 -0.145978 -0.092 0.139493 -0.193473 -0.092 0.13663 -0.155262 -0.092 0.13663 -0.18419 -0.092 0.135182 -0.164868 -0.092 0.135182 -0.174583 -0.077 0.263336 -0.228062 -0.077 0.262666 -0.230562 -0.077 0.262666 -0.225562 -0.077 0.253336 -0.228062 -0.077 0.254006 -0.225562 -0.077 0.254006 -0.230562 -0.077 0.255836 -0.223732 -0.077 0.255836 -0.232392 -0.077 0.258336 -0.223062 -0.077 0.258336 -0.233062 -0.077 0.260836 -0.223732 -0.077 0.260836 -0.232392 -0.05 0.369081 0.0822698 -0.05 0.371774 0.0864601 -0.05 0.367678 0.0774905 -0.05 0.367678 0.0725095 -0.05 0.369081 0.0677302 -0.05 0.371774 0.0635399 -0.05 0.398226 0.0864601 -0.05 0.400919 0.0822698 -0.05 0.402322 0.0774905 -0.05 0.402322 0.0725095 -0.05 0.398226 0.0635399 -0.05 0.400919 0.0677302 -0.05 0.394461 0.0602781 -0.05 0.38993 0.0582089 -0.05 0.385 0.0575 -0.05 0.38007 0.0582089 -0.05 0.375539 0.0602781 -0.05 0.394461 0.0897219 -0.05 0.38993 0.0917911 -0.05 0.385 0.0925 -0.05 0.38007 0.0917911 -0.05 0.375539 0.0897219 -0.06 0.209783 -0.0337464 -0.06 0.209783 0.0337464 -0.06 0.290217 0.0337464 -0.06 0.295466 0.02625 -0.06 0.299334 0.0179561 -0.06 0.301702 0.00911653 -0.06 0.3025 0 -0.06 0.301702 -0.00911653 -0.06 0.299334 -0.0179561 -0.06 0.295466 -0.02625 -0.06 0.290217 -0.0337464 -0.06 0.1975 0 -0.06 0.198298 0.00911653 -0.06 0.200666 0.0179561 -0.06 0.204534 0.02625 -0.06 0.204534 -0.02625 -0.06 0.200666 -0.0179561 -0.06 0.198298 -0.00911653 -0.06 0.283746 -0.0402173 -0.06 0.27625 -0.0454663 -0.06 0.267956 -0.0493339 -0.06 0.259117 -0.0517024 -0.06 0.25 -0.0525 -0.06 0.240883 -0.0517024 -0.06 0.232044 -0.0493339 -0.06 0.22375 -0.0454663 -0.06 0.216254 -0.0402173 -0.06 0.283746 0.0402173 -0.06 0.27625 0.0454663 -0.06 0.267956 0.0493339 -0.06 0.259117 0.0517024 -0.06 0.25 0.0525 -0.06 0.240883 0.0517024 -0.06 0.232044 0.0493339 -0.06 0.22375 0.0454663 -0.06 0.216254 0.0402173 0.1025 0.422977 0.0643068 0.1025 0.419826 0.0623233 0.1025 0.416662 0.0557261 0.1025 0.417619 0.0593245 -0.097 0.26337 -0.18419 -0.097 0.260507 -0.193473 -0.097 0.256292 -0.202226 -0.097 0.250819 -0.210252 -0.097 0.244211 -0.217374 -0.097 0.236616 -0.223431 -0.097 0.228202 -0.228289 -0.097 0.219159 -0.231838 -0.097 0.209688 -0.234 -0.097 0.2 -0.234726 -0.097 0.264818 -0.174583 -0.097 0.264818 -0.164868 -0.097 0.26337 -0.155262 -0.097 0.260507 -0.145978 -0.097 0.256292 -0.137226 -0.097 0.250819 -0.129199 -0.097 0.244211 -0.122077 -0.097 0.236616 -0.11602 -0.097 0.228202 -0.111163 -0.097 0.219159 -0.107613 -0.097 0.209688 -0.105452 -0.097 0.2 -0.104726 -0.097 0.13663 -0.155262 -0.097 0.139493 -0.145978 -0.097 0.143708 -0.137226 -0.097 0.149181 -0.129199 -0.097 0.155789 -0.122077 -0.097 0.163384 -0.11602 -0.097 0.171798 -0.111163 -0.097 0.180841 -0.107613 -0.097 0.190312 -0.105452 -0.097 0.135182 -0.164868 -0.097 0.135182 -0.174583 -0.097 0.13663 -0.18419 -0.097 0.139493 -0.193473 -0.097 0.143708 -0.202226 -0.097 0.149181 -0.210252 -0.097 0.155789 -0.217374 -0.097 0.163384 -0.223431 -0.097 0.171798 -0.228289 -0.097 0.180841 -0.231838 -0.097 0.190312 -0.234 -0.097 0.262666 -0.230562 -0.097 0.260836 -0.232392 -0.097 0.258336 -0.233062 -0.097 0.263336 -0.228062 -0.097 0.262666 -0.225562 -0.097 0.260836 -0.223732 -0.097 0.258336 -0.223062 -0.097 0.254006 -0.225562 -0.097 0.255836 -0.223732 -0.097 0.253336 -0.228062 -0.097 0.254006 -0.230562 -0.097 0.255836 -0.232392 -0.045 0.385 0.0925 -0.045 0.38993 0.0917911 -0.045 0.394461 0.0897219 -0.045 0.398226 0.0864601 -0.045 0.400919 0.0822698 -0.045 0.402322 0.0774905 -0.045 0.402322 0.0725095 -0.045 0.400919 0.0677302 -0.045 0.398226 0.0635399 -0.045 0.394461 0.0602781 -0.045 0.38993 0.0582089 -0.045 0.385 0.0575 -0.045 0.38007 0.0582089 -0.045 0.375539 0.0602781 -0.045 0.371774 0.0635399 -0.045 0.369081 0.0677302 -0.045 0.367678 0.0725095 -0.045 0.367678 0.0774905 -0.045 0.369081 0.0822698 -0.045 0.371774 0.0864601 -0.045 0.375539 0.0897219 -0.045 0.38007 0.0917911 -0.045 0.25 0.0525 -0.045 0.259117 0.0517024 -0.045 0.267956 0.0493339 -0.045 0.27625 0.0454663 -0.045 0.283746 0.0402173 -0.045 0.290217 0.0337464 -0.045 0.295466 0.02625 -0.045 0.299334 0.0179561 -0.045 0.301702 0.00911653 -0.045 0.3025 0 -0.045 0.301702 -0.00911653 -0.045 0.299334 -0.0179561 -0.045 0.295466 -0.02625 -0.045 0.290217 -0.0337464 -0.045 0.283746 -0.0402173 -0.045 0.27625 -0.0454663 -0.045 0.267956 -0.0493339 -0.045 0.259117 -0.0517024 -0.045 0.25 -0.0525 -0.045 0.240883 -0.0517024 -0.045 0.232044 -0.0493339 -0.045 0.22375 -0.0454663 -0.045 0.216254 -0.0402173 -0.045 0.209783 -0.0337464 -0.045 0.204534 -0.02625 -0.045 0.200666 -0.0179561 -0.045 0.198298 -0.00911653 -0.045 0.1975 0 -0.045 0.198298 0.00911653 -0.045 0.200666 0.0179561 -0.045 0.204534 0.02625 -0.045 0.209783 0.0337464 -0.045 0.216254 0.0402173 -0.045 0.22375 0.0454663 -0.045 0.232044 0.0493339 -0.045 0.240883 0.0517024 -0.097 0.26 -0.0897257 -0.045 0.26 -0.0897257 -0.097 0.265176 -0.0904072 -0.045 0.265176 -0.0904072 -0.097 0.27 -0.0924052 -0.045 0.27 -0.0924052 -0.097 0.274142 -0.0955836 -0.045 0.274142 -0.0955836 -0.097 0.277321 -0.0997257 -0.045 0.277321 -0.0997257 -0.097 0.279319 -0.104549 -0.045 0.279319 -0.104549 -0.097 0.28 -0.109726 -0.045 0.28 -0.109726 -0.045 0.28 -0.229726 -0.097 0.28 -0.229726 -0.097 0.279319 -0.234902 -0.045 0.279319 -0.234902 -0.097 0.277321 -0.239726 -0.045 0.277321 -0.239726 -0.097 0.274142 -0.243868 -0.045 0.274142 -0.243868 -0.097 0.27 -0.247046 -0.045 0.27 -0.247046 -0.097 0.265176 -0.249044 -0.045 0.265176 -0.249044 -0.045 0.135 -0.0897257 -0.097 0.135 -0.0897257 0.095 0.409936 0.09 0.095 0.413 0.0951 0.09755 0.413 0.0944167 0.0994167 0.413 0.09255 0.1001 0.413 0.09 0.0994167 0.413 0.08745 0.09755 0.413 0.0855833 0.095 0.413 0.0849 0.09245 0.413 0.0855833 0.0905833 0.413 0.08745 0.0899 0.413 0.09 0.0905833 0.413 0.09255 0.09245 0.413 0.0944167 -0.005 0.409936 0.09 -0.005 0.413 0.0951 -0.00245 0.413 0.0944167 -0.00058327 0.413 0.09255 0.0001 0.413 0.09 -0.00058327 0.413 0.08745 -0.00245 0.413 0.0855833 -0.005 0.413 0.0849 -0.00755 0.413 0.0855833 -0.00941673 0.413 0.08745 -0.0101 0.413 0.09 -0.00941673 0.413 0.09255 -0.00755 0.413 0.0944167 0.105 0.423815 0.0652903 0.105 0.426635 0.0656699 0.105 0.416254 0.0574656 0.105 0.417275 0.060122 0.105 0.421195 0.0641787 0.105 0.418962 0.0624141 0.10683 0.41567 0.0610006 0.10683 0.417646 0.0636858 0.10683 0.426635 0.0675 0.10683 0.423331 0.0670554 0.10683 0.420262 0.0657531 0.105 0.386575 0.114749 0.105 0.382605 0.115987 0.10683 0.386209 0.112955 0.10683 0.390712 0.1125 0.105 0.390712 0.11433 -0.097 0.115 -0.109726 -0.045 0.115 -0.109726 -0.097 0.115681 -0.104549 -0.045 0.115681 -0.104549 -0.097 0.117679 -0.0997257 -0.045 0.117679 -0.0997257 -0.097 0.120858 -0.0955836 -0.045 0.120858 -0.0955836 -0.097 0.125 -0.0924052 -0.045 0.125 -0.0924052 -0.097 0.129824 -0.0904072 -0.045 0.129824 -0.0904072 -0.082 0.115 -0.159444 -0.082 0.115639 -0.167409 -0.082 0.117538 -0.175171 -0.082 0.12065 -0.182531 -0.082 0.124894 -0.189302 -0.082 0.130163 -0.195309 -0.082 0.136321 -0.200401 -0.045 0.110199 0.0166374 -0.045 0.237941 0.14579 -0.045 0.23963 0.14948 -0.045 0.242413 0.152434 -0.045 0.183067 0.130077 -0.045 0.18325 0.134296 -0.045 0.184827 0.138213 -0.045 0.321355 -0.28 -0.045 0.265765 -0.28 -0.045 0.416304 0.0688685 -0.045 0.414203 0.0750604 -0.045 0.115 -0.037081 -0.045 0.112979 -0.0287246 -0.045 0.111474 -0.0202598 -0.045 0.181129 0.122793 -0.045 0.182811 0.126245 -0.045 0.191306 0.14344 -0.045 0.195468 0.144153 -0.045 0.199209 0.14358 -0.045 0.202607 0.141914 -0.045 0.20535 0.139307 -0.045 0.207545 0.137221 -0.045 0.210264 0.135888 -0.045 0.213256 0.13543 -0.045 0.111474 0.0202598 -0.045 0.114154 0.033851 -0.045 0.118165 0.0471108 -0.045 0.123466 0.0599093 -0.045 0.130006 0.0721213 -0.045 0.137721 0.0836271 -0.045 0.1604 0.110299 -0.045 0.163546 0.110807 -0.045 0.166373 0.112279 -0.045 0.338741 0.115 -0.045 0.178271 0.120228 -0.045 0.323081 0.119412 -0.045 0.328001 0.116989 -0.045 0.33328 0.115501 -0.045 0.233363 0.139801 -0.045 0.236237 0.142348 -0.045 0.254005 0.154341 -0.045 0.257587 0.152434 -0.045 0.26037 0.14948 -0.045 0.262059 0.14579 -0.045 0.263763 0.142348 -0.045 0.266637 0.139801 -0.045 0.4 0.115 -0.045 0.403863 0.114388 -0.045 0.407347 0.112613 -0.045 0.410113 0.109847 -0.045 0.411888 0.106363 -0.045 0.4125 0.1025 -0.045 0.4125 0.0879986 -0.045 0.412928 0.0814737 -0.045 0.258159 -0.279418 -0.045 0.25073 -0.277686 -0.045 0.24365 -0.274844 -0.045 0.237086 -0.270958 -0.045 0.421194 0.0556111 -0.045 0.425029 0.042011 -0.045 0.427785 0.028152 -0.045 0.429445 0.0141195 -0.045 0.43 0 -0.045 0.43 -0.207488 -0.045 0.429477 -0.213066 -0.045 0.427926 -0.218449 -0.045 0.425401 -0.22345 -0.045 0.42199 -0.227895 -0.045 0.417812 -0.231627 -0.045 0.401707 -0.242828 -0.045 0.384999 -0.25311 -0.045 0.367741 -0.262438 -0.045 0.349988 -0.270786 -0.045 0.331795 -0.278125 -0.045 0.326659 -0.279527 -0.045 0.095 0 -0.045 0.107652 -0.0137626 -0.045 0.104211 -0.0120594 -0.045 0.10052 -0.0103699 -0.045 0.097566 -0.00758721 -0.045 0.0956589 -0.00400469 -0.045 0.110199 -0.0166374 -0.045 0.107652 0.0137626 -0.045 0.0956589 0.00400469 -0.045 0.097566 0.00758721 -0.045 0.10052 0.0103699 -0.045 0.104211 0.0120594 -0.045 0.139381 0.0870901 -0.045 0.139613 0.0909233 -0.045 0.141217 0.11035 -0.045 0.144971 0.112512 -0.045 0.149237 0.113263 -0.045 0.152445 0.112844 -0.045 0.155439 0.111616 -0.045 0.157833 0.110634 -0.045 0.187619 0.141381 -0.045 0.245995 0.154341 -0.045 0.25 0.155 -0.045 0.22974 0.138526 -0.045 0.27026 0.138526 -0.045 0.215706 0.135735 -0.045 0.284123 0.135778 -0.045 0.297639 0.131646 -0.045 0.310669 0.126172 -0.045 0.138426 0.107037 -0.045 0.138384 0.0945614 -0.045 0.136934 0.10297 -0.045 0.136919 0.0986382 0.0994167 0.44 0.08745 0.09755 0.44 0.0855833 0.095 0.44 0.0849 0.1001 0.44 0.09 0.0994167 0.44 0.09255 0.09755 0.44 0.0944167 0.095 0.44 0.0951 0.0905833 0.44 0.09255 0.09245 0.44 0.0944167 0.0899 0.44 0.09 0.0905833 0.44 0.08745 0.09245 0.44 0.0855833 -0.00058327 0.44 0.08745 -0.00245 0.44 0.0855833 -0.005 0.44 0.0849 0.0001 0.44 0.09 -0.00058327 0.44 0.09255 -0.00245 0.44 0.0944167 -0.005 0.44 0.0951 -0.00941673 0.44 0.09255 -0.00755 0.44 0.0944167 -0.0101 0.44 0.09 -0.00941673 0.44 0.08745 -0.00755 0.44 0.0855833 0.105 0.44 0.0656699 0.10683 0.44 0.0675 0.105 0.44 0.11433 0.10683 0.44 0.1125 -0.033 0.138384 0.0945614 -0.033 0.139613 0.0909233 -0.033 0.139381 0.0870901 -0.033 0.137721 0.0836271 -0.033 0.111474 0.0202598 -0.033 0.114154 0.033851 -0.033 0.118165 0.0471108 -0.033 0.123466 0.0599093 -0.033 0.130006 0.0721213 -0.033 0.110199 0.0166374 -0.033 0.107652 0.0137626 -0.033 0.104211 0.0120594 -0.033 0.104211 -0.0120594 -0.033 0.10052 -0.0103699 -0.033 0.097566 -0.00758721 -0.033 0.0956589 -0.00400469 -0.033 0.095 0 -0.033 0.0956589 0.00400469 -0.033 0.097566 0.00758721 -0.033 0.10052 0.0103699 -0.033 0.107652 -0.0137626 -0.033 0.110199 -0.0166374 -0.033 0.111474 -0.0202598 -0.033 0.117229 -0.044405 -0.033 0.113815 -0.0324602 -0.033 0.133594 -0.0777798 -0.033 0.127157 -0.0671544 -0.033 0.121688 -0.0560002 -0.033 0.135365 -0.0818476 -0.033 0.135604 -0.0862778 -0.033 0.13428 -0.0905123 -0.033 0.131561 -0.0940176 -0.033 0.125827 -0.100119 -0.033 0.121191 -0.107091 -0.033 0.117784 -0.114738 -0.033 0.115701 -0.122847 -0.033 0.115 -0.13119 -0.033 0.115 -0.159444 -0.033 0.136321 -0.200401 -0.033 0.130163 -0.195309 -0.033 0.124894 -0.189302 -0.033 0.12065 -0.182531 -0.033 0.117538 -0.175171 -0.033 0.115639 -0.167409 -0.033 0.237086 -0.270958 -0.033 0.265765 -0.28 -0.033 0.258159 -0.279418 -0.033 0.25073 -0.277686 -0.033 0.24365 -0.274844 -0.033 0.321355 -0.28 -0.033 0.331795 -0.278125 -0.033 0.326659 -0.279527 -0.033 0.417812 -0.231627 -0.033 0.401707 -0.242828 -0.033 0.384999 -0.25311 -0.033 0.367741 -0.262438 -0.033 0.349988 -0.270786 -0.033 0.43 -0.207488 -0.033 0.429477 -0.213066 -0.033 0.427926 -0.218449 -0.033 0.425401 -0.22345 -0.033 0.42199 -0.227895 -0.033 0.43 0 -0.033 0.416304 0.0688685 -0.033 0.421194 0.0556111 -0.033 0.425029 0.042011 -0.033 0.427785 0.028152 -0.033 0.429445 0.0141195 -0.033 0.412928 0.0814737 -0.033 0.4125 0.0879986 -0.033 0.414203 0.0750604 -0.033 0.4125 0.1025 -0.033 0.4 0.115 -0.033 0.403863 0.114388 -0.033 0.407347 0.112613 -0.033 0.410113 0.109847 -0.033 0.411888 0.106363 -0.033 0.338741 0.115 -0.033 0.328001 0.116989 -0.033 0.323081 0.119412 -0.033 0.33328 0.115501 -0.033 0.27026 0.138526 -0.033 0.284123 0.135778 -0.033 0.297639 0.131646 -0.033 0.310669 0.126172 -0.033 0.266637 0.139801 -0.033 0.263763 0.142348 -0.033 0.262059 0.14579 -0.033 0.237941 0.14579 -0.033 0.23963 0.14948 -0.033 0.242413 0.152434 -0.033 0.245995 0.154341 -0.033 0.25 0.155 -0.033 0.254005 0.154341 -0.033 0.257587 0.152434 -0.033 0.26037 0.14948 -0.033 0.236237 0.142348 -0.033 0.233363 0.139801 -0.033 0.22974 0.138526 -0.033 0.215706 0.135735 -0.033 0.213256 0.13543 -0.033 0.210264 0.135888 -0.033 0.207545 0.137221 -0.033 0.20535 0.139307 -0.033 0.183067 0.130077 -0.033 0.18325 0.134296 -0.033 0.184827 0.138213 -0.033 0.187619 0.141381 -0.033 0.191306 0.14344 -0.033 0.195468 0.144153 -0.033 0.199209 0.14358 -0.033 0.202607 0.141914 -0.033 0.182811 0.126245 -0.033 0.181129 0.122793 -0.033 0.178271 0.120228 -0.033 0.166373 0.112279 -0.033 0.163546 0.110807 -0.033 0.1604 0.110299 -0.033 0.157833 0.110634 -0.033 0.155439 0.111616 -0.033 0.136919 0.0986382 -0.033 0.136934 0.10297 -0.033 0.138426 0.107037 -0.033 0.141217 0.11035 -0.033 0.144971 0.112512 -0.033 0.149237 0.113263 -0.033 0.152445 0.112844 -0.033 0.137699 -0.0844614 -0.033 0.137038 -0.0803897 -0.033 0.137186 -0.0885545 -0.033 0.139325 0.0824324 -0.033 0.13172 0.071091 -0.033 0.4105 0.1025 -0.033 0.4105 0.0879986 -0.033 0.410945 0.0812127 -0.033 0.409986 0.105745 -0.033 0.428 0 -0.033 0.428 -0.207488 -0.033 0.427452 0.0139626 -0.033 0.427238 -0.213974 -0.033 0.117 -0.159444 -0.033 0.117 -0.13119 -0.033 0.117613 -0.16709 -0.033 0.412271 0.0745429 -0.033 0.414456 0.0681032 -0.033 0.183936 0.123562 -0.033 0.184987 0.126864 -0.033 0.185051 0.130329 -0.033 0.185205 0.133873 -0.033 0.18653 0.137163 -0.033 0.181984 0.120698 -0.033 0.128912 -0.0661951 -0.033 0.123521 -0.0552002 -0.033 0.119126 -0.0437707 -0.033 0.132898 -0.0955046 -0.033 0.135541 -0.0923376 -0.033 0.119673 -0.115396 -0.033 0.122944 -0.108054 -0.033 0.127394 -0.101361 -0.033 0.117673 -0.123181 -0.033 0.119436 -0.174542 -0.033 0.122423 -0.181608 -0.033 0.126498 -0.188107 -0.033 0.131556 -0.193875 -0.033 0.137468 -0.198763 -0.033 0.238233 -0.269319 -0.033 0.244535 -0.27305 -0.033 0.251331 -0.275778 -0.033 0.258463 -0.277441 -0.033 0.265765 -0.278 -0.033 0.321355 -0.278 -0.033 0.326305 -0.277559 -0.033 0.331099 -0.27625 -0.033 0.349188 -0.268952 -0.033 0.36684 -0.260653 -0.033 0.383999 -0.251377 -0.033 0.400611 -0.241155 -0.033 0.416625 -0.230018 -0.033 0.421392 -0.225554 -0.033 0.424995 -0.220107 -0.033 0.135257 -0.0766687 -0.033 0.141387 0.0923278 -0.033 0.140121 0.0955536 -0.033 0.141679 0.0888744 -0.033 0.140972 0.0854816 -0.033 0.113453 0.0199704 -0.033 0.116095 0.0333674 -0.033 0.120048 0.0464378 -0.033 0.125274 0.0590535 -0.033 0.0971818 0.00194545 -0.033 0.0985987 0.0055692 -0.033 0.101238 0.00842822 -0.033 0.104737 0.0101299 -0.033 0.107914 0.0115152 -0.033 0.110562 0.0137506 -0.033 0.112461 0.0166495 -0.033 0.115761 -0.0319965 -0.033 0.113453 -0.0199704 -0.033 0.112461 -0.0166495 -0.033 0.110562 -0.0137506 -0.033 0.107914 -0.0115152 -0.033 0.104737 -0.0101299 -0.033 0.101238 -0.00842822 -0.033 0.0985987 -0.0055692 -0.033 0.0971818 -0.00194545 -0.033 0.42581 0.0278392 -0.033 0.423084 0.0415442 -0.033 0.419292 0.0549932 -0.033 0.403245 0.112486 -0.033 0.406172 0.110995 -0.033 0.408495 0.108672 -0.033 0.253364 0.152447 -0.033 0.256373 0.150845 -0.033 0.258711 0.148363 -0.033 0.26013 0.145263 -0.033 0.261515 0.142086 -0.033 0.263751 0.139438 -0.033 0.26665 0.137539 -0.033 0.26997 0.136547 -0.033 0.283636 0.133838 -0.033 0.296958 0.129765 -0.033 0.309802 0.124369 -0.033 0.322037 0.117706 -0.033 0.327285 0.115121 -0.033 0.332916 0.113535 -0.033 0.338741 0.113 -0.033 0.4 0.113 -0.033 0.241289 0.148363 -0.033 0.243627 0.150845 -0.033 0.246636 0.152447 -0.033 0.25 0.153 -0.033 0.206403 0.13558 -0.033 0.209665 0.13398 -0.033 0.213256 0.13343 -0.033 0.216196 0.133796 -0.033 0.23003 0.136547 -0.033 0.233351 0.137539 -0.033 0.23625 0.139438 -0.033 0.238485 0.142086 -0.033 0.23987 0.145263 -0.033 0.201464 0.140272 -0.033 0.203769 0.138082 -0.033 0.188874 0.139825 -0.033 0.191972 0.141554 -0.033 0.195468 0.142153 -0.033 0.19861 0.141672 -0.033 0.179295 0.118511 -0.033 0.140156 0.106033 -0.033 0.1425 0.108816 -0.033 0.145654 0.110632 -0.033 0.149237 0.111263 -0.033 0.151932 0.110911 -0.033 0.154446 0.10988 -0.033 0.15732 0.108701 -0.033 0.1604 0.108299 -0.033 0.164175 0.108908 -0.033 0.167568 0.110675 -0.033 0.13889 0.0989782 -0.033 0.138902 0.102617 -0.0175 0.236237 0.142348 -0.0175 0.233363 0.139801 -0.0175 0.213256 0.13543 -0.0175 0.182811 0.126245 -0.0175 0.181129 0.122793 -0.0175 0.16938 0.11512 -0.0175 0.164778 0.113754 -0.0175 0.210264 0.135888 -0.0175 0.207545 0.137221 -0.0175 0.263763 0.142348 -0.0175 0.266637 0.139801 0.085 0.33328 0.115501 0.085 0.328001 0.116989 -0.0175 0.414203 0.0750604 -0.0175 0.412928 0.0814737 -0.0175 0.115852 0.0469501 -0.0175 0.0930857 0.1095 -0.0175 0.113663 0.1095 -0.0175 0.116451 0.043803 -0.0175 0.134661 0.0809374 -0.0175 0.135072 0.0925676 -0.0175 0.13565 0.0867249 -0.0175 0.132969 0.0980494 -0.0175 0.129491 0.10278 -0.0175 0.124886 0.106422 -0.0175 0.119482 0.108717 0.085 0.115852 0.0469501 0.085 0.116451 0.043803 -0.03 0.140121 0.0955536 -0.03 0.13889 0.0989782 -0.03 0.138902 0.102617 -0.03 0.140156 0.106033 -0.03 0.1425 0.108816 -0.03 0.145654 0.110632 -0.03 0.149237 0.111263 -0.03 0.151932 0.110911 -0.03 0.154446 0.10988 -0.03 0.141387 0.0923278 -0.03 0.141679 0.0888744 -0.03 0.140972 0.0854816 -0.03 0.139325 0.0824324 -0.03 0.113453 0.0199704 -0.03 0.116095 0.0333674 -0.03 0.120048 0.0464378 -0.03 0.125274 0.0590535 -0.03 0.13172 0.071091 -0.03 0.112461 0.0166495 -0.03 0.110562 0.0137506 -0.03 0.107914 0.0115152 -0.03 0.104737 0.0101299 -0.03 0.104737 -0.0101299 -0.03 0.101238 -0.00842822 -0.03 0.0985987 -0.0055692 -0.03 0.0971818 -0.00194545 -0.03 0.0971818 0.00194545 -0.03 0.0985987 0.0055692 -0.03 0.101238 0.00842822 -0.03 0.107914 -0.0115152 -0.03 0.110562 -0.0137506 -0.03 0.112461 -0.0166495 -0.03 0.113453 -0.0199704 -0.03 0.135257 -0.0766687 -0.03 0.128912 -0.0661951 -0.03 0.123521 -0.0552002 -0.03 0.119126 -0.0437707 -0.03 0.115761 -0.0319965 -0.03 0.137038 -0.0803897 -0.03 0.137699 -0.0844614 -0.03 0.137186 -0.0885545 -0.03 0.135541 -0.0923376 -0.03 0.132898 -0.0955046 -0.03 0.117 -0.13119 -0.03 0.117673 -0.123181 -0.03 0.119673 -0.115396 -0.03 0.122944 -0.108054 -0.03 0.127394 -0.101361 -0.03 0.117 -0.159444 -0.03 0.137468 -0.198763 -0.03 0.131556 -0.193875 -0.03 0.126498 -0.188107 -0.03 0.122423 -0.181608 -0.03 0.119436 -0.174542 -0.03 0.117613 -0.16709 -0.03 0.238233 -0.269319 -0.03 0.265765 -0.278 -0.03 0.258463 -0.277441 -0.03 0.251331 -0.275778 -0.03 0.244535 -0.27305 -0.03 0.321355 -0.278 -0.03 0.331099 -0.27625 -0.03 0.326305 -0.277559 -0.03 0.416625 -0.230018 -0.03 0.400611 -0.241155 -0.03 0.383999 -0.251377 -0.03 0.36684 -0.260653 -0.03 0.349188 -0.268952 -0.03 0.428 -0.207488 -0.03 0.427238 -0.213974 -0.03 0.424995 -0.220107 -0.03 0.421392 -0.225554 -0.03 0.428 0 -0.03 0.414456 0.0681032 -0.03 0.419292 0.0549932 -0.03 0.423084 0.0415442 -0.03 0.42581 0.0278392 -0.03 0.427452 0.0139626 -0.03 0.412271 0.0745429 -0.03 0.410945 0.0812127 -0.03 0.4105 0.0879986 -0.03 0.4105 0.1025 -0.03 0.4 0.113 -0.03 0.403245 0.112486 -0.03 0.406172 0.110995 -0.03 0.408495 0.108672 -0.03 0.409986 0.105745 -0.03 0.338741 0.113 -0.03 0.332916 0.113535 -0.03 0.327285 0.115121 -0.03 0.322037 0.117706 -0.03 0.26997 0.136547 -0.03 0.283636 0.133838 -0.03 0.296958 0.129765 -0.03 0.309802 0.124369 -0.03 0.26665 0.137539 -0.03 0.263751 0.139438 -0.03 0.261515 0.142086 -0.03 0.26013 0.145263 -0.03 0.23987 0.145263 -0.03 0.241289 0.148363 -0.03 0.243627 0.150845 -0.03 0.246636 0.152447 -0.03 0.25 0.153 -0.03 0.253364 0.152447 -0.03 0.256373 0.150845 -0.03 0.258711 0.148363 -0.03 0.238485 0.142086 -0.03 0.23625 0.139438 -0.03 0.233351 0.137539 -0.03 0.23003 0.136547 -0.03 0.216196 0.133796 -0.03 0.213256 0.13343 -0.03 0.209665 0.13398 -0.03 0.206403 0.13558 -0.03 0.203769 0.138082 -0.03 0.185051 0.130329 -0.03 0.185205 0.133873 -0.03 0.18653 0.137163 -0.03 0.188874 0.139825 -0.03 0.191972 0.141554 -0.03 0.195468 0.142153 -0.03 0.19861 0.141672 -0.03 0.201464 0.140272 -0.03 0.184987 0.126864 -0.03 0.183936 0.123562 -0.03 0.181984 0.120698 -0.03 0.179295 0.118511 -0.03 0.167568 0.110675 -0.03 0.164175 0.108908 -0.03 0.1604 0.108299 -0.03 0.15732 0.108701 -0.03 0.149829 0.115456 -0.03 0.154801 0.11384 -0.03 0.145302 0.11807 -0.03 0.16 0.113293 -0.03 0.16938 0.11512 -0.03 0.164778 0.113754 -0.03 0.182811 0.126245 -0.03 0.181129 0.122793 -0.03 0.210264 0.135888 -0.03 0.213256 0.13543 -0.03 0.207545 0.137221 -0.03 0.236237 0.142348 -0.03 0.233363 0.139801 -0.03 0.266637 0.139801 -0.03 0.263763 0.142348 -0.03 0.328001 0.116989 -0.03 0.33328 0.115501 -0.03 0.412928 0.0814737 -0.03 0.414203 0.0750604 -0.03 0.107652 -0.0137626 0.085 0.107652 -0.0137626 -0.03 0.110199 -0.0166374 0.085 0.110199 -0.0166374 -0.03 0.110199 0.0166374 0.085 0.110199 0.0166374 -0.03 0.107652 0.0137626 0.085 0.107652 0.0137626 -0.03 0.130205 0.102003 -0.03 0.133359 0.0973012 -0.03 0.135208 0.0919496 -0.03 0.135631 0.0863033 -0.03 0.134598 0.0807363 0 -0.051 -0.1295 -0.00885606 -0.0502252 -0.1295 -0.017443 -0.0479243 -0.1295 -0.0255 -0.0441673 -0.1295 -0.0327822 -0.0390683 -0.1295 -0.0390683 -0.0327822 -0.1295 -0.0441673 -0.0255 -0.1295 -0.0479243 -0.017443 -0.1295 -0.0502252 -0.00885606 -0.1295 -0.051 0 -0.1295 0.00885606 -0.0502252 -0.1295 0.017443 -0.0479243 -0.1295 0.0255 -0.0441673 -0.1295 0.0327822 -0.0390683 -0.1295 0.0390683 -0.0327822 -0.1295 0.0441673 -0.0255 -0.1295 0.0479243 -0.017443 -0.1295 0.0502252 -0.00885606 -0.1295 0.051 0 -0.1295 0 0.051 -0.1295 0.00885606 0.0502252 -0.1295 0.017443 0.0479243 -0.1295 0.0255 0.0441673 -0.1295 0.0327822 0.0390683 -0.1295 0.0390683 0.0327822 -0.1295 0.0441673 0.0255 -0.1295 0.0479243 0.017443 -0.1295 0.0502252 0.00885606 -0.1295 -0.00885606 0.0502252 -0.1295 -0.017443 0.0479243 -0.1295 -0.0255 0.0441673 -0.1295 -0.0327822 0.0390683 -0.1295 -0.0390683 0.0327822 -0.1295 -0.0441673 0.0255 -0.1295 -0.0479243 0.017443 -0.1295 -0.0502252 0.00885606 -0.1295 -0.03 0.115701 -0.122847 -0.03 0.117784 -0.114738 -0.03 0.115 -0.13119 -0.03 0.121191 -0.107091 -0.03 0.125827 -0.100119 -0.0700296 0.0187644 -0.1295 -0.0669813 0.0277446 -0.1295 -0.0627868 0.03625 -0.1295 -0.0718798 0.00946315 -0.1295 -0.025 0.115 -0.13119 -0.025 0.116832 -0.11778 -0.025 0.11546 -0.124423 -0.0326232 0.088495 -0.155013 -0.025 0.113405 -0.16959 -0.025 0.116495 -0.174066 0.005 0.11029 -0.166114 0.005 0.115244 -0.172094 0.005 0.0974229 -0.157548 0.005 0.0899941 -0.155285 0.005 0.104274 -0.161203 0.005 0.112045 -0.159592 0.005 0.108829 -0.156841 0.005 0.114364 -0.163132 0.005 0.104972 -0.155097 0.087 0.150243 -0.187802 0.087 0.154757 -0.187802 0.087 0.146 -0.186258 0.087 0.159 -0.186258 0.087 0.142541 -0.183356 0.087 0.162459 -0.183356 0.087 0.140284 -0.179446 0.087 0.164716 -0.179446</float_array>
                    <technique_common>
                        <accessor count="4496" source="#shape0-lib-positions-array" stride="3">
                            <param name="X" type="float"/>
                            <param name="Y" type="float"/>
                            <param name="Z" type="float"/>
                        </accessor>
                    </technique_common>
                </source>
                <source id="shape0-lib-normals" name="normal">
                    <float_array id="shape0-lib-normals-array" count="27000">1 0 0 1 0 0 1 0 0 1 0 0 1 0 0 1 0 0 1 0 0 1 0 0 1 0 0 1 0 0 1 0 0 1 0 0 1 0 0 1 0 0 1 0 0 1 0 0 1 0 0 1 0 0 1 0 0 1 0 0 1 0 0 1 0 0 1 0 0 1 0 0 1 0 0 1 0 0 1 0 0 1 0 0 1 0 0 1 0 0 1 0 0 1 0 0 1 0 0 1 0 0 1 0 0 1 0 0 1 0 0 1 0 0 1 0 0 1 0 0 1 0 0 1 0 0 1 0 0 0 -0.984808 0.173647 0 -0.984808 0.173647 0 -0.866024 0.500002 0 -0.866024 0.500002 0 -0.642787 0.766045 0 -0.642787 0.766045 0 -0.342023 0.939692 0 -0.342023 0.939692 0 0 1 0 0 1 0 0.342023 0.939692 0 0.342023 0.939692 0 0.642787 0.766045 0 0.642787 0.766045 0 0.866023 0.500004 0 0.866023 0.500004 0 0.984808 0.173647 0 0.984808 0.173647 0 0 -1 0 0 -1 0 0 -1 0 0 -1 0 0 -1 0 0 -1 0 0 -1 0 0 -1 0 0 -1 0 0 -1 0 0 -1 0 0 -1 0 0 -1 0 0 -1 0 0 -1 0 0 -1 0 0 -1 -0.0319663 -0.920601 -0.389193 0.0213134 -0.944714 -0.327203 -0.00395614 -0.751828 -0.659347 -0.0283871 -0.970948 -0.237599 0 -0.904734 -0.425977 -0.000365901 -0.906096 -0.423072 0.000796719 -0.937406 -0.348239 -0.000398945 -0.943118 -0.332459 0 -0.882686 -0.469964 0.001376 -0.875012 -0.484099 -0.0045561 -0.847272 -0.531139 0.00303953 -0.811931 -0.583746 0 -0.637198 -0.7707 -0.00289447 -0.627374 -0.778713 0.00197782 -0.726218 -0.687462 0 -0.975433 -0.220297 0.000477455 -0.976647 -0.21485 0 -0.997778 -0.0666308 -0.0177322 -0.996646 -0.0798903 0.0142057 -0.979956 -0.198705 0 -0.791517 -0.611147 0 -0.791517 -0.611147 0 -0.652089 -0.758142 0 -0.652089 -0.758142 0 -0.485902 -0.874013 0 -0.485902 -0.874013 0 -0.299745 -0.954019 0 -0.299745 -0.954019 0 -0.101297 -0.994856 0 -0.101297 -0.994856 0 0 -1 0 0 -1 0 0 -1 0 0 -1 -0.0182516 0.0545775 -0.998343 0.0261468 0.0329937 -0.999114 0 0.0119825 -0.999928 0 0.233522 -0.972352 0.00514289 0.236237 -0.971682 -0.00549241 0.168573 -0.985674 0.0156745 0.176254 -0.98422 -0.0163877 0.102444 -0.994604 0.0330938 0.115581 -0.992747 0.25882 -0.965926 0 0.258819 -0.965926 1.38372e-05 0.25882 -0.965926 -9.14379e-07 0.25882 -0.965926 -9.45471e-07 0.258819 -0.965926 -2.95454e-06 0.258819 -0.965926 0 0.258824 -0.965925 0 0.258824 -0.965925 0 0.771441 -0.180613 -0.610129 0.763129 -0.198511 -0.615002 0.766047 -0.125263 -0.630461 0.765942 -0.128685 -0.6299 0.76521 -0.135247 -0.629414 0.763733 -0.143187 -0.629451 0.761487 -0.151225 -0.630292 0.761764 -0.15048 -0.630136 0.769775 -0.242701 -0.590375 0.766021 -0.240059 -0.596308 0.765829 -0.27993 -0.578918 0.644207 -0.289552 -0.707925 0.764865 -0.334314 -0.550651 0.766447 -0.30276 -0.566476 0.76139 -0.292351 -0.578633 -0.0307867 0.198299 -0.979658 -0.0946325 0.176062 -0.97982 -0.125334 0.12531 -0.984169 0.974754 0.0710112 -0.211689 0.98458 0.0528894 -0.166751 0.951295 0.210897 -0.224857 0.189174 0.0696277 -0.979472 0.908628 0.345761 -0.23419 0.933467 0.31687 -0.168024 0.178689 0.0950467 -0.979304 0.847736 0.473137 -0.239759 0.88527 0.436567 -0.160331 0.164704 0.118837 -0.979158 0.769849 0.590726 -0.241611 0.821228 0.548727 -0.156474 0.147475 0.140504 -0.979035 0.676425 0.696393 -0.239761 0.742579 0.651224 -0.156475 0.127335 0.159598 -0.978935 0.569149 0.788178 -0.23419 0.650816 0.742114 -0.160332 0.104676 0.175718 -0.97886 0.449924 0.864296 -0.224858 0.547671 0.819649 -0.168025 0.0799481 0.188528 -0.978808 0.320877 0.923161 -0.21169 0.435105 0.882305 -0.179502 0.0536485 0.19776 -0.978781 0.183693 0.959919 -0.211691 0.191357 0.962018 -0.194691 0.042502 0.973464 -0.224858 -0.0988087 0.967156 -0.234192 -0.064473 0.983672 -0.168025 -0.0532357 0.194561 -0.979445 -0.237604 0.941307 -0.239762 -0.192566 0.968097 -0.160334 -0.0747454 0.187066 -0.9795 -0.371346 0.896508 -0.241611 -0.317481 0.935266 -0.156475 -0.151085 0.227398 -0.96201 -0.497593 0.833617 -0.23976 -0.436841 0.885825 -0.156474 -0.379949 0.414093 -0.827143 -0.304899 0.460054 -0.833898 -0.614015 0.753751 -0.23419 -0.548383 0.820713 -0.160331 -0.651459 0.540816 -0.532089 -0.456324 0.599491 -0.657555 -0.718397 0.658289 -0.224859 -0.649971 0.741151 -0.168026 -0.813044 0.546485 -0.200784 -0.523097 0.67728 -0.51736 -0.811764 0.550984 -0.193536 0.874107 0.0655646 -0.481288 0.831519 0.0382757 -0.554177 0.315289 0.92881 -0.194691 -0.309114 0.462622 -0.830921 0.220451 -0.0258233 -0.975056 0.187863 0.0373684 -0.981484 0.195976 0.0431048 -0.979661 0.667231 0.056524 -0.742703 0.557167 0.0177792 -0.83021 0.320987 0.0461525 -0.945958 0 0 -1 0.0251212 0.205497 -0.978335 0.0124848 0.190482 -0.981611 -0.00258561 0.210587 -0.977572 0.964855 0.191921 -0.179501 0.816037 0.16232 -0.554739 0.816037 0.16232 -0.554739 0.545699 0.108546 -0.830921 0.545698 0.108546 -0.830922 0.1805 0.0612714 -0.981665 0.526862 0.178846 -0.830921 0.526861 0.178846 -0.830922 0.787869 0.267446 -0.554739 0.787869 0.267446 -0.554739 0.170229 0.0839477 -0.981822 0.49901 0.246085 -0.830922 0.499012 0.246085 -0.830921 0.74622 0.367994 -0.554739 0.746219 0.367994 -0.554741 0.157233 0.10506 -0.981957 0.462622 0.309114 -0.830921 0.462621 0.309114 -0.830921 0.691801 0.462247 -0.554741 0.691802 0.462247 -0.554741 0.141732 0.124296 -0.982071 0.418316 0.366853 -0.830921 0.418315 0.366853 -0.830922 0.625548 0.548591 -0.55474 0.625549 0.548592 -0.554739 0.123978 0.14137 -0.982163 0.366853 0.418316 -0.830922 0.366854 0.418316 -0.830921 0.548592 0.625549 -0.554739 0.548591 0.625549 -0.55474 0.104257 0.156031 -0.982235 0.309114 0.462621 -0.830921 0.309114 0.462622 -0.830921 0.462248 0.691802 -0.554741 0.462247 0.691802 -0.554742 0.0828792 0.168062 -0.982286 0.246085 0.499011 -0.830921 0.246084 0.49901 -0.830922 0.367993 0.746219 -0.554742 0.367995 0.74622 -0.554739 0.0601806 0.177286 -0.982318 0.178845 0.526861 -0.830922 0.178846 0.526862 -0.830921 0.267446 0.787869 -0.554739 0.267446 0.787869 -0.554739 0.0365134 0.183565 -0.982329 0.108547 0.545699 -0.830922 0.108546 0.545698 -0.830922 0.16232 0.816037 -0.554739 0.16232 0.816037 -0.554739 0.0643406 0.981651 -0.179503 0.0544168 0.830243 -0.554739 0.0544168 0.830243 -0.554739 0.0363894 0.555197 -0.830922 0.0363893 0.555197 -0.830922 -0.0123673 0.18869 -0.981959 -0.0363893 0.555197 -0.830922 -0.0363894 0.555197 -0.830922 -0.0544168 0.830243 -0.554739 -0.0544168 0.830243 -0.554739 -0.0365868 0.183934 -0.982258 -0.108546 0.545698 -0.830922 -0.108546 0.545699 -0.830921 -0.16232 0.816037 -0.554739 -0.16232 0.816037 -0.554739 -0.0601688 0.177252 -0.982325 -0.178846 0.526862 -0.830921 -0.178846 0.526861 -0.830922 -0.267446 0.787869 -0.554739 -0.267446 0.787869 -0.554739 -0.0831614 0.168635 -0.982164 -0.246085 0.49901 -0.830922 -0.246085 0.499012 -0.830921 -0.367994 0.74622 -0.554739 -0.367994 0.746219 -0.554741 -0.548591 0.625549 -0.55474 -0.462248 0.691802 -0.554741 -0.462247 0.691802 -0.554742 -0.982667 0.185354 -0.0029975 -0.999166 0.0407544 0.00265487 -0.997782 0.066563 0 -0.990908 0.13448 0.00399101 -0.952494 0.304522 -0.00457828 -0.966524 0.256534 0.00455981 -0.900341 0.435162 -0.00439164 -0.909606 0.415472 0 0 0 -1 0 0 -1 0 0 -1 0 0 -1 0.000527953 -0.47092 0.882176 -0.00160664 -0.349559 0.936913 0.000353054 -0.378748 0.9255 -0.000334229 -0.193409 0.981118 0.000110116 -0.200616 0.97967 -6.39088e-05 -0.0532566 0.998581 0 -0.054981 0.998487 0.000702129 -0.686943 0.726711 -0.000480688 -0.564648 0.825332 -0.00132127 -0.546619 0.83738 -0.000406259 -0.671981 0.740568 0.000389642 -0.794908 0.60673 -0.000184408 -0.78798 0.615701 0.000175762 -0.88284 0.469674 0 -0.881097 0.472935 -0.970212 0.00265869 0.242244 -0.837246 0.00331302 0.546817 -0.615726 0.0029453 0.787955 -0.544412 -0.00447204 0.838806 -0.465711 0.00478667 0.884924 -0.37483 -0.00420868 0.927084 -0.28321 0.00438898 0.959048 -0.882106 -0.00315607 0.47104 -0.916709 0.00331921 0.399541 -0.951827 -0.00432933 0.306606 -0.987921 -0.00144345 0.154949 -0.996729 0.00276301 0.0807648 -0.998821 0 0.0485523 -0.793619 -0.00309078 0.608407 -0.6905 0.00749682 0.723293 -0.73039 -0.00711441 0.682994 -0.196771 -0.00389179 0.980442 -0.0616839 0.0067258 0.998073 -0.0929449 0 0.995671 0 -0.998552 -0.0537994 0 -0.916871 -0.399183 0 -0.916871 -0.399183 0 -0.998552 -0.0537994 0 -0.954447 0.29838 0 -0.954447 0.29838 0 -0.790105 0.612971 0 -0.790105 0.612971 0.00365362 -0.916759 0.399424 -0.00710549 -0.834095 0.551575 0.000300864 -0.851168 0.524893 -0.000228852 -0.733594 0.679588 -0.00012135 -0.734051 0.679095 0.000115813 -0.613965 0.789333 -0.00303408 -0.595778 0.803144 0.00294989 -0.464272 0.885688 -0.000317764 -0.440667 0.897671 0.000379291 -0.279518 0.96014 0.00174438 -0.289348 0.957222 -0.00197471 -0.0909867 0.99585 0 -0.105372 0.994433 -0.00562492 -0.940269 0.340385 0.00992534 -0.982236 0.187387 -0.0050054 -0.96975 0.244048 0.00395601 -0.998019 0.0627942 0 -0.996716 0.0809805 0.939693 -0.34202 0 0.939691 -0.342025 -9.48624e-07 0.939695 -0.342014 3.59373e-06 0.939693 -0.34202 -7.74051e-07 0.939693 -0.342019 0 0.939692 -0.342022 -1.33844e-06 0.939692 -0.34202 -4.38586e-07 0.93969 -0.342027 -7.85101e-06 0.939697 -0.342008 2.06787e-05 0.939693 -0.34202 2.77048e-07 0.977102 -0.212556 -0.00957218 0.877674 -0.479246 -0.00347573 0.84215 -0.539231 0.00368996 0.800537 -0.599274 -0.00348525 0.754101 -0.656748 0.0036877 0.707103 -0.707103 -0.00347083 0.649793 -0.760103 0.00366155 0.599274 -0.800537 -0.00343264 0.531474 -0.847067 0.00361134 0.479246 -0.877674 -0.00337084 0.401692 -0.915768 0.00353739 0.349462 -0.936945 -0.00328489 0.263252 -0.964721 0.00343959 0.212565 -0.977142 -0.00317522 0.119133 -0.992873 0.00331809 0.0713393 -0.997448 -0.00304149 -0.027554 -0.999615 0.00317275 -0.0713393 -0.997448 -0.00288419 -0.173648 -0.984803 0.00300338 -0.212565 -0.977143 -0.00270302 -0.315997 -0.948756 0.00281017 -0.349463 -0.936947 -0.00249782 -0.451532 -0.892251 0.00259335 -0.479248 -0.877677 -0.00226902 -0.57733 -0.816507 0.00235244 -0.599276 -0.80054 -0.00201639 -0.690682 -0.723155 0.00208782 -0.707106 -0.707106 -0.00173964 -0.789139 -0.614212 0.00179952 -0.800541 -0.599277 -0.00143953 -0.870581 -0.492023 0.00148703 -0.877678 -0.479249 -0.00111534 -0.933251 -0.359224 0.00115101 -0.93695 -0.349464 -0.000767248 -0.975796 -0.218682 0.000791248 0.912045 -0.410091 0 0.918999 -0.394224 0.00526934 0.936902 -0.349446 -0.0101353 0.957968 -0.286797 0.0067574 0.997452 -0.0713396 0 0.998279 -0.0581439 -0.00759784 0.984797 -0.173646 0.00478657 -0.997301 -0.0734224 0 -0.997452 -0.0713396 0.000419475 -0.977147 -0.212566 -0.000395441 -0.703412 0.0553591 -0.708624 -0.706203 0.050509 -0.706205 0.706203 0.050509 -0.706205 0.703412 0.0553591 -0.708624 0.693813 0.15093 -0.704162 0.666756 0.248687 -0.70256 0.684067 0.164231 -0.710691 0.625573 0.341589 -0.70141 0.648515 0.268623 -0.712229 0.571138 0.427548 -0.700717 0.597624 0.366225 -0.713249 0.504639 0.504639 -0.700485 0.532583 0.454868 -0.713758 0.427548 0.571138 -0.700717 0.454868 0.532583 -0.713758 0.341589 0.625573 -0.70141 0.366225 0.597624 -0.713249 0.248687 0.666756 -0.70256 0.268623 0.648515 -0.712229 0.15093 0.693813 -0.704162 0.164231 0.684067 -0.710691 0.050509 0.706203 -0.706205 0.0553591 0.703412 -0.708624 -0.15093 0.693813 -0.704162 -0.0553591 0.703412 -0.708624 -0.248687 0.666756 -0.70256 -0.164231 0.684067 -0.710691 -0.341589 0.625573 -0.70141 -0.268623 0.648515 -0.712229 -0.427548 0.571138 -0.700717 -0.366225 0.597624 -0.713249 -0.504639 0.504639 -0.700485 -0.454868 0.532583 -0.713758 -0.571138 0.427548 -0.700717 -0.532583 0.454868 -0.713758 -0.625573 0.341589 -0.70141 -0.597624 0.366225 -0.713249 -0.666756 0.248687 -0.70256 -0.648515 0.268623 -0.712229 -0.693813 0.15093 -0.704162 -0.684067 0.164231 -0.710691 -0.050509 0.706203 -0.706205 -0.0124415 -0.916622 0.399562 0.0101555 -0.942553 0.333904 -0.0152355 -0.953818 0.3 0.00133257 -0.963713 0.266936 0 -0.967123 0.254308 -0.00205384 -0.983387 0.181509 0 -0.980384 0.197095 0 -0.865545 0.500831 -0.00736095 -0.869077 0.494622 0.00622385 -0.907898 0.419145 0 -0.416291 -0.909231 0 -0.416291 -0.909231 0 -0.685639 -0.727942 0 -0.685639 -0.727942 0 -0.882713 -0.469912 0 -0.882713 -0.469912 0 -0.986735 -0.162338 0 -0.986735 -0.162338 0 -0.986735 0.162338 0 -0.986735 0.162338 0 -0.882713 0.469912 0 -0.882713 0.469912 0 -0.685639 0.727942 0 -0.685639 0.727942 0 -0.416291 0.909231 0 -0.416291 0.909231 0 -0.855299 -0.518134 0 -0.855299 -0.518134 0 -0.897865 -0.44027 0 -0.897865 -0.44027 0 -0.933358 -0.358946 0 -0.933358 -0.358946 0 -0.961505 -0.274788 0 -0.961505 -0.274788 0 -0.982079 -0.188472 0 -0.982079 -0.188472 0 -0.573577 -0.819152 0 -0.573577 -0.819152 0 -0.0762791 -0.997087 0 -0.0762791 -0.997087 0 -0.227074 -0.973878 0 -0.227074 -0.973878 0 -0.372591 -0.927996 0 -0.372591 -0.927996 0 -0.509415 -0.860521 0 -0.509415 -0.860521 0 0 -1 0 0 -1 0 0.263413 -0.964683 0 0.263413 -0.964683 0 0.088747 -0.996054 0 0.088747 -0.996054 0 0.570965 -0.820974 0 0.570965 -0.820974 0 0.52407 -0.851675 0 0.52407 -0.851675 0 0.475529 -0.8797 0 0.475529 -0.8797 0 0.425497 -0.90496 0 0.425497 -0.90496 0 0.374122 -0.92738 0 0.374122 -0.92738 0 0.995631 -0.0933763 0 0.995631 -0.0933763 0 0.960915 -0.276842 0 0.960915 -0.276842 0 0.892675 -0.450702 0 0.892675 -0.450702 0 0.793318 -0.608808 0 0.793318 -0.608808 0 0.666286 -0.745696 0 0.666286 -0.745696 0 1 0 0 1 0 0 1 0 0 1 0 0 1 0 0 1 0 0 1 0 0 1 0 0 1 0 0 1 0 0 1 0 0 1 0 0 1 0 -0.00104233 0.980793 0.195047 0.00125999 0.985951 0.167031 -0.00113148 0.993071 0.117512 0.00132684 0.996481 0.0838075 0.00180179 0.99648 -0.0838075 -0.0012009 0.993942 -0.109903 0.0014419 0.985951 -0.167031 0 0.999229 0.0392503 -0.0013652 0.999355 0.0358711 0.001922 0.999998 0 -0.00144129 0.999325 -0.0367011 0 0.938219 0.346042 -0.0226315 0.930863 0.364667 -0.00604118 0.941197 0.337804 0 0.968485 0.24907 0.00155583 0.965869 0.259027 -0.0174607 0.956992 0.28959 0.00178227 0.962471 0.271379 -0.000485663 0.94698 0.321293 0 0.968485 -0.24907 0.000960675 0.967166 -0.254145 -0.00072059 0.983201 -0.182524 0 1 0 0 1 0 0.00486347 0.534124 0.845392 -0.0103551 0.453957 0.890963 0.00556618 0.320497 0.947233 -0.0139634 0.0944034 0.995436 0 0.156437 0.987688 -0.00681101 0.707104 0.707077 -0.00196867 0.720766 0.693175 0.00248822 0.891003 0.453991 -0.00124981 0.885771 0.464122 0.00121193 0.987688 0.156432 0 0.98709 0.160167 0 0 1 0 0 1 0 0 1 0 0 1 0 0 1 0 0 1 -0.00154548 0.292382 0.9563 0.00103036 0.334933 0.942242 -0.00142073 0.387305 0.921951 0 0.19447 0.980909 -0.0165614 0.180054 0.983517 0.00226609 0.236222 0.971696 0 0.255588 0.966786 0 0.48614 0.873881 -0.000905914 0.478289 0.878202 0.000710954 0.411949 0.911207 0.00640831 0.792651 0.609642 -0.0128191 0.727884 0.68558 0.00165186 0.6491 0.760702 0 0.608756 0.793357 0 0.554627 0.832099 -0.0126719 0.469865 0.882648 0.00633463 0.382694 0.923854 -0.0104462 0.13051 0.991392 0 0.162349 0.986733 -0.0108107 0.922536 0.385759 0 0.909233 0.416288 0 -0.909231 0.416291 0 -0.909231 0.416291 0 -0.727944 0.685637 0 -0.727944 0.685637 0 -0.469904 0.882718 0 -0.469904 0.882718 0 -0.162349 0.986733 0 -0.162349 0.986733 0 -0.19509 0.980785 0 -0.19509 0.980785 0 0.151378 0.988476 0 0.151378 0.988476 0 0.440267 0.897867 0 0.440267 0.897867 0 0.688801 0.72495 0 0.688801 0.72495 0 -0.999062 0.043292 0 -0.999062 0.043292 0 -0.927637 0.373483 0 -0.927637 0.373483 0 -0.750358 0.661032 0 -0.750358 0.661032 0 -0.487448 0.873152 0 -0.487448 0.873152 0 -0.168897 0.985634 0 -0.168897 0.985634 0 -0.528993 0.848626 0 -0.528993 0.848626 0 0.738543 -0.674206 0 0.738543 -0.674206 0 0.691087 -0.722772 0 0.691087 -0.722772 -0.970788 0.0079937 -0.239806 -0.755803 -0.0091561 -0.654735 -0.105171 0 -0.994454 -0.0778555 0.0282197 -0.996565 -0.230483 -0.0135505 -0.972982 -0.297506 0.018532 -0.95454 -0.985048 -0.00923262 -0.172035 -0.999276 0.0154448 -0.0347839 -0.996733 0 -0.0807611 -0.782394 0.0154723 -0.622591 -0.864459 -0.011058 -0.502582 -0.876235 -0.00192804 -0.481879 -0.941057 0.00280289 -0.338235 -0.927287 -0.0153846 -0.374035 -0.38194 -0.0159215 -0.92405 -0.501393 0.0378345 -0.864392 -0.458796 0.00115159 -0.888541 -0.614139 -0.00124108 -0.789197 -0.626274 0.010627 -0.779531 -0.000256997 -0.992211 0.124566 0.0265371 -0.998946 0.0374535 0.010817 -0.998413 0.0552708 -0.0106317 -0.96196 0.272982 0.0266899 -0.992175 0.121973 0.0206239 -0.978582 0.204823 -0.00382245 -0.986262 0.165143 0.0448123 -0.979433 0.196732 0.0219934 -0.992385 0.121195 0.0191842 -0.97866 0.204586 0.00288296 -0.958657 0.284549 0.0183864 -0.958479 0.284571 0.00778603 -0.960043 0.279744 0.0644981 -0.995307 0.0721379 -0.0380506 -0.998917 0.026783 0.0574029 -0.998076 0.0234503 0.00794393 -0.932029 -0.362297 -0.00337597 -0.929863 -0.367891 -0.00783489 -0.283839 -0.95884 0.00779395 -0.250265 -0.968146 0.00779293 0.250264 -0.968146 -0.0076976 0.283543 -0.958929 0.00781482 -0.340695 -0.940141 -0.00785535 -0.373438 -0.927622 0.0213443 -0.511522 -0.859005 -0.01793 -0.535317 -0.844461 0.0192888 -0.590484 -0.806819 -0.0156206 -0.608969 -0.79304 0.0167091 -0.664169 -0.747396 -0.0127864 -0.677706 -0.735221 0.0136316 -0.731908 -0.681267 -0.00943934 -0.740986 -0.671454 0.010035 -0.793083 -0.609031 -0.00560166 -0.798281 -0.602259 0.0059071 -0.847155 -0.531313 -0.00229291 -0.981799 -0.189912 0.00251119 -0.983602 -0.180333 -0.00248494 -0.995272 -0.0970952 0.00270111 -0.996248 -0.0865069 -0.0026718 -0.999991 -0.00342404 0.00288561 -0.999963 0.0080923 -0.00285504 -0.995913 0.0902765 0.00306605 -0.994716 0.102621 -0.00303307 -0.983074 0.183183 -0.00743427 -0.928838 0.370411 0.00686334 -0.92605 0.377339 -0.00690681 -0.889377 0.457122 0.00633287 -0.886219 0.463223 -0.00637622 -0.841842 0.539687 0.00579309 -0.838444 0.544958 -0.0058371 -0.786668 0.617349 0.00525425 -0.783153 0.621807 -0.00528395 -0.72435 0.689413 0.00469355 -0.720845 0.693081 -0.00473704 -0.65546 0.755215 0.00413664 -0.65207 0.758148 -0.00416789 -0.580621 0.814163 0.00357352 -0.577455 0.816415 -0.00359288 -0.500503 0.865728 0.00299532 -0.497657 0.867369 -0.0030154 -0.415853 0.909427 0.00241855 -0.413404 0.910544 -0.00242162 -0.32742 0.944876 0.00181615 -0.325449 0.945558 -0.00183646 -0.236014 0.971748 0.00121916 -0.234562 0.9721 -0.00123135 -0.142475 0.989798 0.00456324 0.23456 0.972091 -0.002497 0.250563 0.968097 0.0028215 0.325447 0.945556 -0.00172674 0.486799 0.873512 0.00390494 0.497656 0.867366 -0.00342036 0.559247 0.828994 0.00532412 0.57745 0.816409 -0.00456798 0.62764 0.778491 0.0104932 0.726353 0.687241 -0.000200544 0.746022 0.665921 0.000134808 0.75758 0.652742 0.017495 0.838328 0.544886 0.00716132 0.980532 0.196231 -0.00509248 0.985148 0.171634 0.00574352 0.994704 0.102618 -0.00341015 0.996277 0.0861374 0.00379411 0.99996 0.00809273 -0.00140604 0.98516 -0.171636 -0.00092594 0.950579 -0.310481 0.00103106 0.943726 -0.330725 0.0207217 0.893425 -0.448733 -0.0075302 0.616783 -0.787097 0.00762479 0.590576 -0.806946 -0.00757343 0.539932 -0.841674 0.00766778 0.51162 -0.859178 -0.00761729 0.458287 -0.888772 0.00771033 0.428076 -0.90371 -0.00765792 0.372569 -0.927973 0.00775191 0.340697 -0.940141 -0.0107869 0.0941098 0.995503 0.0215899 0.141553 0.989695 -0.0048502 0.160337 0.987051 0 0.167413 0.985887 0.00499807 0.76816 0.640239 0.0243651 0.782932 0.621631 -0.0140085 0.799907 0.599961 -0.00785649 0.919492 0.39303 0.0200287 0.925888 0.377267 0.0020053 0.937542 0.347866 0.00963219 0.937998 -0.346508 0.0256186 0.931752 -0.362189 -0.0162584 0.919399 -0.39299 -0.0034738 0.79998 -0.600016 0.0166245 0.793016 -0.608974 -1.0755e-05 0.769411 -0.638754 0 -0.400987 -0.916084 0.0228961 -0.427976 -0.9035 -0.019739 -0.457356 -0.889065 0.00738206 -0.95758 0.288072 0.00212068 -0.958398 0.285428 -0.00320662 -0.961588 0.274478 0.00324195 -0.980553 0.196229 0.0156883 0.720766 0.693001 0 0.704625 0.70958 -0.00517259 0.691507 0.722352 0.00620293 0.652061 0.758142 0.0110266 0.962086 -0.272523 0 0.965023 -0.262165 -0.00357359 0.966708 -0.255858 0.00399102 0.983597 -0.180335 0.0075798 0.664246 -0.747476 -0.00748084 0.688151 -0.725529 0 0.710334 -0.703865 0.00787012 0.722473 -0.691355 0.019045 0.734078 -0.678798 0.048729 0.746692 -0.663383 6.27362e-05 0.731974 -0.681333 0 -0.95969 -0.281059 -0.00630621 -0.957261 -0.289156 0.00231727 -0.962141 -0.272542 0.00356398 -0.893612 -0.448826 0.00126009 -0.893098 -0.449861 -0.00122554 -0.84912 -0.528199 0 -0.946563 0.32252 0.000385282 -0.947698 0.319169 0.0218974 0.0473269 0.998639 0 0.0314136 0.999506 0 -0.0473382 0.998879 -0.000617393 -0.0476359 0.998865 0.000616201 -0.141586 0.989926 0.00194187 0.413407 0.910544 0.00050979 0.410838 0.911708 -0.000484262 0.331894 0.943317 0.00951791 0.886197 0.463212 0.00522478 0.885221 0.465142 -0.00457556 0.845292 0.534285 -0.00623336 0.966695 0.255855 0 0.96287 0.269966 0.0150471 0.957498 0.288048 0.00476061 0.951799 0.306685 -0.000890629 0.943425 0.331586 0.00154957 0.99625 -0.0865093 0.00129825 0.996282 -0.0861378 -0.00119255 0.999999 0 0.00414942 0.847162 -0.531318 0.0115762 0.845244 -0.534255 -0.00877775 0.885199 -0.46513 0 -0.962015 -0.272997 0 -0.962015 -0.272997 0 -0.986269 -0.165144 0 -0.986269 -0.165144 0 -0.998471 -0.0552741 0 -0.998471 -0.0552741 0 0 -1 0 0 -1 0 0 -1 0 0 -1 0 0 -1 0 0 -1 0 0 -1 0 0 -1 0 0 -1 0 0 -1 0 0 -1 0 0 -1 0 0 -1 0 0 -1 0 0 -1 0 0 -1 0 0 -1 0 0 -1 0 0 -1 0 0 -1 0 0 -1 0 0 -1 0 0 -1 0 0 -1 0 0 -1 0 0 -1 0 0 -1 0 0 -1 0 0 -1 0 0 -1 0 0 -1 0 0 -1 0 0 -1 0 0 -1 0 0 -1 0 0 -1 0 0 -1 0 0 -1 0 0 -1 0 0 -1 0 0 -1 0 0 -1 0 0 -1 0 0 -1 0 0 -1 0 0 -1 0 0 -1 0 0 -1 0 0 -1 0 0 -1 0 0 -1 0 0 -1 0 0 -1 0 0 -1 0 0 -1 0 0 -1 0 0 -1 0 0 -1 0 0 -1 0 0 -1 0 0 -1 0 0 -1 0 0 -1 0 0 -1 0 0 -1 0 0 -1 0 0 -1 0 0 -1 0 0 -1 0 0 -1 0 0 -1 0 0 -1 0 0 -1 0 0 -1 -1 0 0 -1 0 0 -1 0 0 -1 0 0 -1 0 0 -1 0 0 -1 0 0 -1 0 0 -0.353 0.935623 0 -0.941976 0.335677 -0.0017178 -0.247046 0.969003 0.000992992 -0.0832115 0.996531 -0.00155632 -0.101198 0.994866 0 -0.54838 0.836229 0.000624101 -0.43831 0.898823 -0.000950529 -0.475761 0.879572 0.00200672 -0.350977 0.936383 -0.00155468 -0.319316 0.947643 -0.00324549 -0.91333 0.407219 0.00128022 -0.832377 0.554203 -0.00274143 -0.846075 0.533063 -0.000489678 -0.740514 0.672041 0.000247792 -0.743228 0.669038 0.000435345 -0.650728 0.759311 -0.000535444 -0.618625 0.785681 -0.00298792 -0.969731 0.244172 0.00134838 -0.99254 0.121892 -0.00241092 -0.996812 0.0797881 0 1 0 0 1 0 0 1 0 0 1 0 0 1 0 0 1 0 0 1 0 0 1 0 0 1 0 0 1 0 0 1 0 0 1 0 0 1 0 0 1 0 0 1 0 0 1 0 0 1 0 0 1 0 0 0.173648 -0.984808 7.23761e-06 0.173648 -0.984808 4.83297e-06 0.173648 -0.984808 0 0.173648 -0.984808 -3.8446e-06 0.173648 -0.984808 1.8721e-06 0.173648 -0.984808 -1.07724e-05 0.173648 -0.984808 1.80701e-07 0.173648 -0.984808 3.47464e-07 0.173649 -0.984808 0 0.294755 -0.955573 0 0.246758 -0.969077 0 0.246758 -0.969077 0 0.198146 -0.980173 0 0.198146 -0.980173 0 0.294755 -0.955573 0 0.342021 -0.939692 0 0.342021 -0.939692 0 0.388434 -0.921477 0 0.388434 -0.921477 0 0.433884 -0.900969 0 0.433884 -0.900969 0 0.478255 -0.878221 0 0.478255 -0.878221 0 0.500006 -0.866022 4.00874e-05 0.499995 -0.866028 -2.78219e-05 0.500001 -0.866025 1.10621e-05 0.500001 -0.866025 1.04828e-05 0.5 -0.866025 5.17294e-06 0.500001 -0.866025 -1.34788e-05 0.499998 -0.866026 7.98472e-06 0.500001 -0.866025 -5.50842e-06 0.5 -0.866026 0 0.500004 -0.866023 -1.37205e-05 0.499999 -0.866026 0 0.5 -0.866025 3.64367e-06 0.500169 -0.865925 0.00207618 0.499998 -0.866026 -2.73129e-05 0.5 -0.866025 3.80139e-06 0.499999 -0.866026 -1.69555e-05 0.5 -0.866025 1.2499e-05 0.5 -0.866025 2.84766e-06 0.500001 -0.866025 -1.51378e-05 0.5 -0.866026 -8.84615e-07 0.5 -0.866026 0 0.5 -0.866026 0 0.500036 -0.866005 -7.21358e-05 0.499998 -0.866026 3.48962e-06 0.500001 -0.866025 2.55991e-06 0.499999 -0.866026 7.16025e-07 0.499999 -0.866026 3.25383e-06 0.500001 -0.866025 1.07817e-05 0.500001 -0.866025 7.57157e-06 0.5 -0.866026 7.74654e-06 0.5 -0.866026 7.20286e-06 0.500001 -0.866025 -1.29813e-05 0.5 -0.866026 1.59371e-06 0.5 -0.866025 0 0.499999 -0.866026 -1.42549e-05 0.5 -0.866025 0 0.5 -0.866025 5.36951e-05 0.994521 -0.104538 0 0.994521 -0.104538 0 0.951055 -0.309021 0 0.951055 -0.309021 0 0.866032 -0.499989 0 0.866032 -0.499989 0 0.743146 -0.66913 0 0.743146 -0.66913 0 0.587785 -0.809017 0 0.587785 -0.809017 0 0.406736 -0.913546 0 0.406736 -0.913546 0 0.406736 -0.913546 0 0.207912 -0.978148 0 0.207912 -0.978148 0 0 -1 0 0 -1 0 -0.207912 -0.978148 0 -0.207912 -0.978148 0 -0.406736 -0.913546 0 -0.406736 -0.913546 0 -0.587785 -0.809017 0 -0.587785 -0.809017 0 -0.743146 -0.66913 0 -0.743146 -0.66913 0 -0.866025 -0.500001 0 -0.866025 -0.500001 0 -0.951055 -0.309021 0 -0.951055 -0.309021 0 -0.994523 -0.104522 0 -0.994523 -0.104522 0 -0.995397 0.0958363 0 -0.995397 0.0958363 0 -0.95882 0.284013 0 -0.95882 0.284013 0 -0.887008 0.461754 0 -0.887008 0.461754 0 -0.782607 0.622516 0 -0.782607 0.622516 0 -0.649449 0.760405 0 -0.649449 0.760405 0 -0.57359 0.819143 3.18643e-05 -0.573576 0.819152 0 -0.573509 0.819199 -0.000166414 -0.573576 0.819152 0 -0.573577 0.819152 3.12783e-06 -0.573561 0.819163 -4.16999e-05 -0.573584 0.819147 2.0096e-05 -0.573581 0.819149 1.18432e-05 -0.573576 0.819152 -2.9116e-06 -0.573576 0.819152 0 -0.573576 0.819152 -2.68487e-06 -0.573576 0.819152 -1.07962e-05 -0.573577 0.819151 1.5065e-05 -0.573576 0.819152 -1.19647e-05 -0.573576 0.819152 -4.71298e-06 -0.573578 0.819151 7.17585e-05 -0.573576 0.819152 0 -0.573576 0.819152 0 -0.573577 0.819152 -4.18985e-06 -0.573577 0.819152 -9.12251e-06 -0.573576 0.819152 2.15033e-05 -0.573577 0.819152 -1.16376e-05 -0.573575 0.819153 2.08074e-05 -0.57358 0.81915 -3.52501e-05 -0.0488996 0.998804 0 -0.0473173 0.99888 0.000235843 -0.146169 0.98926 -0.000253569 -0.141591 0.989925 0.00043704 -0.241919 0.970296 -0.000459939 -0.229311 0.973352 0.00146004 -0.313062 0.949732 -0.00100661 -0.317474 0.948266 -0.00145825 -0.370931 0.92866 0.000862543 -0.438566 0.898693 -0.00322668 -0.412073 0.91115 0.00111947 -0.49922 0.866475 -0.000791815 -0.557539 0.830151 0 -0.522954 0.852359 0.00180086 0.281737 -0.959492 0 0.540641 -0.841254 0 0.540641 -0.841254 0 0.755747 -0.654863 0 0.755747 -0.654863 0 0.909638 -0.415402 0 0.909638 -0.415402 0 0.98982 -0.142322 0 0.98982 -0.142322 0 0.281737 -0.959492 0 0 -1 0 0 -1 0 -0.281735 -0.959492 0 -0.281735 -0.959492 0 -0.540641 -0.841254 0 -0.540641 -0.841254 0 -0.755747 -0.654863 0 -0.755747 -0.654863 0 -0.909631 -0.415417 0 -0.909631 -0.415417 0 -0.98982 -0.142322 0 -0.98982 -0.142322 0 -0.281733 0.959493 0 -0.540641 0.841253 0 -0.540641 0.841253 0 -0.755748 0.654862 0 -0.755748 0.654862 0 -0.909631 0.415418 0 -0.909631 0.415418 0 -0.98982 0.142322 0 -0.98982 0.142322 0 -0.281733 0.959493 0 0 1 0 0 1 0 0.281735 0.959492 0 0.281735 0.959492 0 0.540641 0.841253 0 0.540641 0.841253 0 0.755748 0.654862 0 0.755748 0.654862 0 0.909637 0.415403 0 0.909637 0.415403 0 0.98982 0.142322 0 0.98982 0.142322 0 -0.496366 -0.00244919 0.86811 -0.707094 0.0044377 0.707105 -0.791061 -0.00181506 0.611734 -0.973716 0.00276309 0.227749 -0.965926 0 0.258818 -0.162992 0 0.986627 -0.258828 0.00426439 0.965914 -0.256676 0.128342 -0.957938 -0.307921 0.176366 -0.934922 -0.225597 0.378954 -0.897496 -0.965229 0.100583 -0.241282 -0.965505 0.034576 -0.258079 -0.236051 0.600286 -0.764157 -0.318287 0.50303 -0.803526 -0.965099 0.160209 -0.207165 -0.965659 0.101063 -0.239353 -0.965808 0.16016 -0.203874 -0.286898 0.769206 -0.570974 -0.286892 0.769205 -0.570979 -0.279916 0.954509 0.102756 -0.965359 0.0342526 -0.258666 -0.964972 0.208979 -0.15861 -0.965952 0.207741 -0.154208 -0.962934 0.259574 -0.0733409 -0.318513 0.914662 -0.248883 -0.31772 0.914728 -0.249654 -0.23606 0.905209 -0.353373 -0.703954 0.0943121 -0.703956 -0.703956 0.0943141 -0.703954 -0.703956 0.276272 -0.654309 -0.703956 0.276272 -0.654308 -0.703958 0.438757 -0.558511 -0.703947 0.438754 -0.558528 -0.703946 0.570301 -0.42334 -0.703951 0.570301 -0.423333 -0.70709 0.615937 -0.347342 -0.746341 0.619996 -0.242032 -0.671341 0.737722 -0.0711854 -0.965926 0 -0.258818 -0.965926 0 -0.258818 -0.707106 0 -0.707108 -0.707106 0 -0.707108 -0.258817 0 -0.965926 -0.258817 0 -0.965926 0 0.133949 0.990988 0 0.133949 0.990988 0 0.392223 0.91987 0 0.392223 0.91987 0 0.622385 0.782712 0 0.622385 0.782712 0 0.125347 0.992113 0 0.125347 0.992113 -0.00218713 0.258825 0.965922 0.00117707 0.190821 0.981624 -0.00176595 0.0871545 0.996193 0 0.0627897 0.998027 0 0.0627897 0.998027 0 0.441501 0.897261 -0.00159764 0.422611 0.90631 0.00109309 0.318975 0.947762 0 0.637042 0.770829 0 0.637042 0.770829 0 0.480436 0.87703 0 0.480436 0.87703 0 0.306646 0.951824 0 0.306646 0.951824 0.0196603 -1.95084e-05 0.999807 0.0842078 0.000171816 0.996448 0.0127631 0 0.999919 0.00749484 -0.00027609 0.999972 0.00252835 -0.000764681 0.999997 0.00780949 0 0.99997 0.0955192 -0.000264423 0.995428 0.0776481 7.36717e-06 0.996981 0.0743853 -2.11832e-05 0.99723 0.0701922 -0.00023301 0.997534 0.0652746 -0.000786799 0.997867 0.0597107 -0.001888 0.998214 0.0555148 -0.00319017 0.998453 0.0522285 -0.00439034 0.998626 0.0466477 -0.0069209 0.998887 0.0589419 0.00077833 0.998261 0.100053 -0.00065708 0.994982 0.0957786 -0.00114677 0.995402 0.0902084 -0.00195275 0.995921 0.0869093 -0.00257591 0.996213 0.0945705 -0.000732236 0.995518 0.091096 -0.00164845 0.995841 0.0892208 -0.00218413 0.99601 0.12094 0.00109499 0.992659 0.118581 0.00151509 0.992943 0.1283 0.000415333 0.991735 0.137931 -5.63218e-05 0.990442 0.159423 0.000281838 0.98721 0.143789 0.00392629 0.989601 0.14979 0.00270165 0.988714 0.156804 0.0015627 0.987629 0.165699 0.000485665 0.986176 0.182768 -0.000422269 0.983156 0.203693 0.00216716 0.979033 0.197529 0 0.980297 0.0170638 4.20442e-05 0.999854 0.014757 0.000144345 0.999891 0.0147973 0.000147933 0.999891 0.028741 7.82307e-06 0.999587 0.0270326 7.7772e-05 0.999635 0.0253031 -3.02647e-05 0.99968 0.0217773 2.67006e-05 0.999763 0.0219996 3.81273e-05 0.999758 0.0381235 -5.08971e-05 0.999273 0.0341233 0.000110397 0.999418 0.0326954 -1.87249e-05 0.999465 0.00706164 0.0519062 0.998627 0.018289 0.08714 0.996028 0.0123399 0.42258 0.906242 0.00044754 0.473656 0.88071 -0.00487557 0.377545 0.925978 0.0122347 0.258806 0.965852 0.011175 0.256381 0.966511 0.00182919 0.155003 0.987912 0 1 0 0 1 0 0 1 0 0 0 -1 0 0 -1 0 0 -1 0 0 -1 1 0 0 1 0 0 1 0 0 1 0 0 1 0 0 1 0 0 1 0 0 1 0 0 1 0 0 1 0 0 0 0 -1 0 0 -1 0 0 -1 0 0 -1 0 -0.130529 -0.991444 0 -0.130529 -0.991444 0 -0.382682 -0.92388 0 -0.382682 -0.92388 0 -0.608769 -0.793348 0 -0.608769 -0.793348 0 -0.793348 -0.608768 0 -0.793348 -0.608768 0 -0.92388 -0.382684 0 -0.92388 -0.382684 0 -0.991445 -0.130528 0 -0.991445 -0.130528 1 0 0 1 0 0 1 0 0 1 0 0 1 0 0 1 0 0 1 0 0 1 0 0 1 0 0 1 0 0 1 0 0 1 0 0 0.00599148 0.339382 0.94063 -0.00854371 0.18617 0.98248 0 0.093312 0.995637 0.00700073 0.99476 0.101994 -0.0141505 0.966309 0.256996 0.0015004 0.939348 0.342962 -0.00249504 0.805382 0.592751 -0.000649574 0.801234 0.59835 0.000670758 0.532703 0.846302 -0.0121309 0.577182 0.816526 0 0.993439 -0.11436 -0.0162943 0.986728 -0.161562 0 0 1 0 0 1 0 0 1 0 0 1 0.00113101 0.530625 0.847606 -0.000505588 0.999796 -0.0201852 0.00196549 0.994253 -0.107035 0 0.974922 -0.222549 -0.000576345 0.94633 0.323202 0.00159416 0.964915 0.262557 0.000199449 0.989765 0.142709 -0.000392214 0.69823 0.715873 0.00183665 0.802961 0.596029 0.000540785 0.825441 0.564488 -0.0013891 0.477616 0.878568 0.00162934 0.154448 0.988 0 0.185373 0.982668 0 0.185373 -0.982668 0.00318761 0.109722 -0.993957 0.000324996 0.271719 -0.962376 -0.000551637 0.469183 -0.883101 0.00147286 0.530625 -0.847606 -0.00108533 0.712644 -0.701526 0.00368009 0.854464 -0.519498 0.000364978 0.802962 -0.59603 -0.000218223 0.936928 -0.349523 0.00172612 0.964915 -0.262557 -0.000809164 0.993824 -0.110966 0.00184451 0.987704 0.156326 0 0.994255 0.107035 0.959416 -0.281996 0 0.965919 -0.258817 -0.00370294 0.983819 -0.179165 0.00108343 0.996179 -0.0872915 -0.00289761 0.99619 -0.0871568 -0.00291372 0.9997 -0.0244804 0 0 -0.0711452 -0.997466 -0.000201196 -0.0716414 -0.99743 0.000194373 -0.213339 -0.976978 0.000147614 -0.21344 -0.976956 -0.000161209 -0.351182 -0.936307 0 -0.350858 -0.936429 1 0 0 1 0 0 1 0 0 1 0 0 1 0 0 1 0 0 1 0 0 1 0 0 1 0 0 1 0 0 1 0 0 1 0 0 1 0 0 1 0 0 1 0 0 1 0 0 1 0 0 1 0 0 1 0 0 1 0 0 1 0 0 1 0 0 1 0 0 1 0 0 1 0 0 1 0 0 1 0 0 1 0 0 1 0 0 1 0 0 1 0 0 1 0 0 1 0 0 1 0 0 1 0 0 1 0 0 1 0 0 1 0 0 1 0 0 1 0 0 1 0 0 1 0 0 1 0 0 1 0 0 1 0 0 1 0 0 1 0 0 1 0 0 1 0 0 1 0 0 1 0 0 1 0 0 1 0 0 1 0 0 1 0 0 1 0 0 1 0 0 1 0 0 1 0 0 1 0 0 -0.00102185 -0.0802021 -0.996778 0.00456674 -0.0266307 -0.999635 0 -0.0437482 -0.999043 -0.000584264 -0.17953 -0.983752 0.00156916 -0.133168 -0.991092 0.00204739 -0.130915 -0.991391 -0.000659345 -0.257309 -0.966329 0.00233699 -0.217998 -0.975947 0.002525 -0.217079 -0.976151 -0.00256898 -0.35176 -0.936087 0.00378211 -0.294705 -0.955581 0.00207856 -0.301573 -0.953441 0 -0.405479 -0.914104 0.00362044 -0.383769 -0.923422 0 -0.4238 -0.905756 0 -0.4238 -0.905756 0.000189533 -0.423732 -0.905787 -0.000156093 -0.423857 -0.905729 0.258819 0.965926 0 0.258818 0.965926 2.76574e-06 0.258819 0.965926 -9.71766e-07 0.25882 0.965926 -3.62304e-06 0.258825 0.965924 0 0.258825 0.965924 0 1 0 0 1 0 0 0 1 0 0 1 0 0.965923 0.258828 0 0.707107 0.707107 0 0.707107 0.707107 0 0.258828 0.965923 0 0.258828 0.965923 0 0.965923 0.258828 0 0.965923 -0.258828 0 0.965923 -0.258828 0 0.707107 -0.707107 0 0.707107 -0.707107 0 0.258828 -0.965923 0 0.258828 -0.965923 0 0 -1 0 0 -1 0 1 0 0 1 0 0 0.177059 0.787714 -0.590048 0.172089 0.766647 -0.618578 0.124554 0.650698 -0.749052 0.235003 0.937095 -0.258121 0.227245 0.90878 -0.34997 0.205318 0.872615 -0.443157 0.108889 0.577956 -0.808771 0.0713403 0.469656 -0.879962 0.0424956 0.357948 -0.932774 0.0226911 0.305373 -0.951963 0.252674 0.962903 -0.0947284 0.252874 0.963577 -0.0870332 0 0 -1 0 0 -1 0 0 -1 0 0 -1 -0.0140989 0.392184 -0.919779 0 0.060921 -0.998143 0.00976348 0.479938 -0.877248 -0.0128221 0.622333 -0.782647 0 0.651022 -0.759059 0.00144442 0.313168 -0.949697 -0.00185566 0.184897 -0.982756 -0.0119006 0.13394 -0.990918 0 0 -1 0 0 -1 0 0 -1 0 0 -1 0 0 -1 0 0 -1 0 0 -1 0 0 -1 0 0 -1 0 0 -1 0 0 -1 0 0 -1 0 0 -1 0 0 -1 0 0 -1 0 0 -1 0 0 -1 0 0 -1 0 0 -1 0 0 -1 0 0 -1 0 0 -1 0 0 -1 0 0 -1 0 0 -1 0 0 -1 0 0 -1 0 0 -1 0 0 -1 0 0 -1 0 0 -1 0 0 -1 0 0 -1 0 0 -1 0 0 -1 0.247544 -0.957534 -0.14782 0.256708 -0.961373 -0.0993126 0.231546 -0.931945 -0.279043 0.210791 -0.874214 -0.437398 0.190814 -0.8415 -0.505439 0.148863 -0.697214 -0.701236 0.155395 -0.733241 -0.661974 0.105558 -0.574173 -0.811901 0.101 -0.552763 -0.827195 0.0605996 -0.434742 -0.898514 0.0231424 -0.283156 -0.958795 0.0332567 -0.343975 -0.93839 1 0 0 1 0 0 1 0 0 1 0 0 1 0 0 1 0 0 1 0 0 1 0 0 1 0 0 1 0 0 1 0 0 1 0 0 1 0 0 1 0 0 1 0 0 1 0 0 1 0 0 1 0 0 1 0 0 1 0 0 1 0 0 1 0 0 1 0 0 1 0 0 1 0 0 1 0 0 1 0 0 1 0 0 1 0 0 1 0 0 1 0 0 1 0 0 1 0 0 1 0 0 1 0 0 1 0 0 1 0 0 1 0 0 1 0 0 1 0 0 1 0 0 1 0 0 1 0 0 1 0 0 1 0 0 1 0 0 1 0 0 1 0 0 1 0 0 1 0 0 1 0 0 1 0 0 1 0 0 1 0 0 1 0 0 1 0 0 1 0 0 1 0 0 1 0 0 1 0 0 1 0 0 1 0 0 1 0 0 1 0 0 1 0 0 1 0 0 1 0 0 1 0 0 1 0 0 1 0 0 1 0 0 1 0 0 1 0 0 1 0 0 1 0 0 1 0 0 1 0 0 1 0 0 1 0 0 1 0 0 1 0 0 1 0 0 1 0 0 1 0 0 1 0 0 1 0 0 1 0 0 1 0 0 1 0 0 1 0 0 1 0 0 1 0 0 1 0 0 1 0 0 1 0 0 1 0 0 1 0 0 1 0 0 1 0 0 1 0 0 1 0 0 1 0 0 1 0 0 1 0 0 1 0 0 1 0 0 1 0 0 1 0 0 1 0 0 1 0 0 1 0 0 1 0 0 1 0 0 1 0 0 1 0 0 1 0 0 1 0 0 1 0 0 1 0 0 1 0 0 1 0 0 1 0 0 1 0 0 1 0 0 1 0 0 1 0 0 1 0 0 1 0 0 1 0 0 1 0 0 1 0 0 1 0 0 1 0 0 1 0 0 1 0 0 1 0 0 1 0 0 1 0 0 1 0 0 1 0 0 1 0 0 1 0 0 1 0 0 0 0 1 0 0 1 0 0 1 0 0 1 0 0 1 0 0 1 0 0 1 0 0 1 0 0 1 0 0 1 0 0 1 0 0 1 0 0 1 0 0 1 0 0 1 0 0 1 0 0 1 0 0 1 0 0 1 0 0 1 -1 0 0 -1 0 0 0 0 1 0 0 1 0 0 1 0 0 1 0 0 1 0 0 1 0 0 1 0 0 1 0 0 1 0 0 1 0 0 1 0.971026 -0.171218 -0.166712 0.938405 -0.0973451 -0.331541 0.94562 -0.2831 -0.16018 0.8661 -0.157918 -0.474271 0.667718 -0.0417038 -0.743245 0.844092 -0.0247174 -0.535629 0.874854 -0.0509543 -0.481699 0.984337 -0.0573309 -0.166712 0.984338 -0.0573319 -0.16671 -0.706203 -0.050509 -0.706205 -0.703412 -0.0553591 -0.708624 0.703412 -0.0553591 -0.708624 0.706203 -0.050509 -0.706205 -0.693813 -0.15093 -0.704162 -0.666756 -0.248687 -0.70256 -0.684067 -0.164231 -0.710691 -0.625573 -0.341589 -0.70141 -0.648515 -0.268623 -0.712229 -0.571138 -0.427548 -0.700717 -0.597624 -0.366225 -0.713249 -0.504639 -0.504639 -0.700485 -0.532583 -0.454868 -0.713758 -0.427548 -0.571138 -0.700717 -0.454868 -0.532583 -0.713758 -0.341589 -0.625573 -0.70141 -0.366225 -0.597624 -0.713249 -0.248687 -0.666756 -0.70256 -0.268623 -0.648515 -0.712229 -0.15093 -0.693813 -0.704162 -0.164231 -0.684067 -0.710691 -0.050509 -0.706203 -0.706205 -0.0553591 -0.703412 -0.708624 0.15093 -0.693813 -0.704162 0.0553591 -0.703412 -0.708624 0.248687 -0.666756 -0.70256 0.164231 -0.684067 -0.710691 0.341589 -0.625573 -0.70141 0.268623 -0.648515 -0.712229 0.427548 -0.571138 -0.700717 0.366225 -0.597624 -0.713249 0.504639 -0.504639 -0.700485 0.454868 -0.532583 -0.713758 0.571138 -0.427548 -0.700717 0.532583 -0.454868 -0.713758 0.625573 -0.341589 -0.70141 0.597624 -0.366225 -0.713249 0.666756 -0.248687 -0.70256 0.648515 -0.268623 -0.712229 0.693813 -0.15093 -0.704162 0.684067 -0.164231 -0.710691 0.050509 -0.706203 -0.706205 0 0 -1 0 0 -1 0 0 -1 0 0 -1 0 0 -1 0 0 -1 0 0 -1 0 0 -1 0 0 -1 0 0 -1 0 0 -1 0 0 -1 0 0 -1 0 0 -1 0 0 -1 0 0 -1 0 0 -1 0 0 -1 0 0 -1 0 0 -1 0 0 -1 0 0 -1 0 0 -1 0 0 -1 0 0 -1 0 0 -1 0 0 -1 0 0 -1 0 0 -1 0 0 -1 0 0 -1 0 0 -1 0 0 -1 0 0 -1 0 0 -1 0 0 -1 0 0 -1 0 0 -1 0 0 -1 0 0 -1 0 0 -1 0 0 -1 0 0 -1 0 0 -1 0 0 -1 0 0 -1 0 0 -1 0 0 -1 0 0 -1 0 0 -1 0 0 -1 0 0 -1 0 0 -1 0 0 -1 0 0 -1 0 0 -1 0 0 -1 0 0 -1 0 0 -1 0 0 -1 0 0 -1 0 0 -1 0 0 -1 0 0 -1 0 0 -1 0 0 -1 0 0 -1 0 0 -1 0 0 -1 0 0 -1 0 0 -1 0 0 -1 0 0 -1 0 0 -1 0 0 -1 0 0 -1 0 0 -1 0 0 -1 0 0 -1 1 0 0 1 0 0 1 0 0 1 0 0 1 0 0 1 0 0 1 0 0 1 0 0 1 0 0 1 0 0 1 0 0 1 0 0 1 0 0 0 0.555559 0.831477 0 0.195097 0.980784 0 0.195097 0.980784 0 0.555559 0.831477 0 0.831472 0.555566 0 0.831472 0.555566 0 0.980787 0.195084 0 0.980787 0.195084 -0.31822 0.184956 0.9298 -0.256749 0.126154 0.958209 -0.318215 0.52668 0.788256 -0.225476 0.372827 0.900089 -0.643152 0.719029 0.263349 -0.808329 0.362664 0.463766 -0.318216 0.788251 0.526687 -0.256728 0.766754 0.588369 -0.288281 0.939148 0.186802 -0.37273 0.692959 0.617155 -0.256733 0.588355 0.766763 -0.950485 0.281098 0.132519 -0.967538 0.153851 0.200501 -0.964147 0.151608 0.217797 -0.967095 0.0907797 0.237668 -0.964311 0.101323 0.244617 -0.966229 0.0312636 0.25578 -0.965366 0.0340542 0.258668 -0.704061 0.0926942 0.704064 -0.704063 0.0926913 0.704062 -0.704065 0.271756 0.65608 -0.704066 0.271755 0.65608 -0.704068 0.4323 0.563387 -0.704064 0.432306 0.563387 -0.704065 0.563382 0.432312 -1 0 0 -1 0 0 -1 0 0 -1 0 0 -1 0 0 -1 0 0 -0.256762 0.126166 -0.958204 -0.318213 0.184949 -0.929803 -0.195828 0.925687 -0.323658 -0.273284 0.943451 -0.18766 -0.318212 0.788257 -0.526679 -0.966963 0.0975537 -0.23551 -0.318213 0.526678 -0.788258 -0.256712 0.588372 -0.766758 -0.966243 0.0336267 -0.255429 -0.964744 0.0939104 -0.245865 -0.225471 0.372819 -0.900094 -0.965443 0.0316212 -0.258689 -0.256712 0.766757 -0.588373 -0.872152 0.360561 -0.330676 -0.964147 0.15161 -0.217798 -0.967537 0.153853 -0.200501 -0.957404 0.245375 -0.152215 -0.704057 0.0926889 -0.704068 -0.70407 0.0927024 -0.704054 -0.70407 0.27176 -0.656073 -0.704059 0.271752 -0.656089 -0.704062 0.43231 -0.563387 -0.704066 0.432311 -0.563381 -0.700209 0.593662 -0.396576 -0.647688 0.604453 -0.463828 -0.629139 0.693803 -0.350459 0 0.555557 -0.831479 0 0.19509 -0.980785 0 0.19509 -0.980785 0 0.555557 -0.831479 0 0.831478 -0.555557 0 0.831478 -0.555557 0 0.980786 -0.195086 0 0.980786 -0.195086 0.0902249 -0.994281 -0.0571439 0.0921207 -0.994314 -0.0534093 -0.00697838 -0.976303 -0.216294 0.0662147 -0.99277 -0.100121 0.0585606 -0.964605 -0.257114 0.0307998 -0.989533 -0.140979 0.0769158 -0.992412 -0.0959296 0.0689654 -0.976761 -0.202931 -0.0129304 -0.998182 -0.0588625 -0.0199162 -0.997475 -0.0681689 0.148099 -0.971318 0.186032 -0.0137754 -0.995426 -0.094536 0.0427519 -0.998923 0.0180345 0.0315794 -0.999403 -0.0140288 0.0321613 -0.928387 -0.37022 0.0800475 -0.921479 -0.38009 0.203515 -0.93812 -0.2802 0.039691 -0.861322 -0.506507 0.0260108 -0.821033 -0.570288 0.0221099 -0.81833 -0.574324 -9.36166e-05 -0.766187 -0.642618 0.00297249 -0.876284 -0.481786 0.0555981 -0.913021 -0.404106 0.0844784 -0.946231 -0.312266 0.104532 -0.955934 -0.27434 0.101219 -0.972486 -0.209821 0.141799 -0.985792 -0.0900374 0.140288 -0.986711 -0.081974 -0.0822088 -0.95851 -0.272949 0.046232 -0.995415 -0.0837392 0.120586 -0.992007 0.0371706 0.0144403 -0.994303 -0.105609 -0.0249919 -0.986205 -0.163633 0.085236 -0.969158 -0.23123 -0.0638666 -0.955229 -0.288892 0.0478169 -0.982504 -0.179998 -0.0457503 -0.937276 -0.345573 0.0667739 -0.939838 -0.335031 -0.039631 -0.908429 -0.416157 0.0618667 -0.904026 -0.422977 -0.0345281 -0.873059 -0.486391 0.0611173 -0.860244 -0.506207 -0.0367487 -0.826206 -0.562168 -0.016248 -0.945164 -0.326192 0.0515071 -0.971915 -0.229624 0.0654427 -0.976636 -0.204695 0.00600702 -0.932274 -0.361705 0.0621567 -0.925463 -0.373704 -0.0108093 -0.903909 -0.427588 0.0702102 -0.893031 -0.444485 -0.00918599 -0.868099 -0.496305 0.0594331 -0.991956 -0.111764 0.00242172 -0.980525 -0.196379 0.0839937 -0.973033 -0.214832 0.0189687 -0.954314 -0.298201 0 -0.0819392 -0.996637 -8.79861e-05 -0.400628 -0.916241 -0.00802528 -0.319713 -0.94748 -0.00318962 -0.384057 -0.923304 -0.000805731 -0.426539 -0.904469 0.000922259 -0.501798 -0.864984 -0.00118052 -0.529397 -0.848374 0 -0.0950792 -0.99547 0.000945048 -0.0982259 -0.995164 -0.000957774 -0.254418 -0.967094 8.87873e-05 -0.244263 -0.969709 0.00113644 -0.82531 -0.564679 -0.00155118 -0.790894 -0.611951 0.000892635 -0.766891 -0.641777 -0.00110288 -0.714957 -0.699168 0.00125341 -0.692518 -0.7214 -0.00116136 -0.628779 -0.777583 0.00109944 -0.601204 -0.799095 0.00259585 -0.972532 -0.232756 -0.00287072 -0.956983 -0.290129 0.000856779 -0.944748 -0.327795 -0.00137002 -0.914035 -0.405633 -0.000855422 -0.912491 -0.409096 0.00114773 -0.857874 -0.513859 -0.00314518 -0.871453 -0.49047 -0.00618875 -0.989917 -0.14151 0.00512109 -0.984807 -0.173574 -0.00377372 -0.998843 -0.0479373 0 -0.99831 -0.0581216 1 0 0 1 0 0 1 0 0 1 0 0 1 0 0 1 0 0 1 0 0 1 0 0 1 0 0 1 0 0 1 0 0 1 0 0 1 0 0 1 0 0 1 0 0 1 0 0 1 0 0 1 0 0 1 0 0 1 0 0 1 0 0 1 0 0 1 0 0 0 -0.998471 0.0552741 0 -0.998471 0.0552741 0 -0.986269 0.165144 0 -0.986269 0.165144 0 -0.962015 0.272997 0 -0.962015 0.272997 0.305963 0.127526 -0.943464 0.964057 0.114013 -0.239989 0.670168 0.409245 -0.619188 0.789662 0.107112 -0.60412 0.321922 0.371343 -0.870902 0.224615 0.290094 -0.930265 0.302933 0.604115 -0.737073 0.496351 0.152672 -0.854592 0.256666 0.601535 -0.756491 0.705318 0.211038 -0.67675 0.96559 0.0262413 -0.258741 0.965552 0.0261776 -0.258889 0.705306 0.0713173 -0.705306 0.705316 0.0713244 -0.705296 0.257604 0.0972181 -0.961347 1 0 0 1 0 0 1 0 0 1 0 0 1 0 0 1 0 0 1 0 0 1 0 0 1 0 0 1 0 0 0.256658 0.128898 0.957868 0.308348 0.177105 0.934642 0.356739 0.882692 0.305929 0.285238 0.952169 -0.109609 0.769152 0.561374 0.305392 0.665405 0.744896 0.0486465 0.318804 0.915979 0.243611 0.965643 0.161137 0.203885 0.287128 0.771472 0.567793 0.287117 0.771479 0.567788 0.235838 0.907091 0.348665 0.965542 0.10165 0.239575 0.965175 0.161197 0.206039 0.3188 0.504908 0.802144 0.235847 0.602556 0.762432 0.965441 0.0347581 0.258293 0.965261 0.10135 0.24083 0.225312 0.380562 0.896888 0.965346 0.0345498 0.258676 0.965093 0.209866 0.156691 0.965739 0.209009 0.153828 0.963043 0.260689 0.0677391 0.703932 0.0947259 0.703923 0.703931 0.0947254 0.703923 0.703928 0.277425 0.65385 0.703938 0.277432 0.653837 0.70394 0.440403 0.557238 0.70393 0.4404 0.557252 0.70393 0.572041 0.421014 0.703934 0.57204 0.421007 0.703936 0.662975 0.254832 -0.164595 -0.986361 0 -0.324698 -0.945818 0 -0.324698 -0.945818 0 -0.475948 -0.879474 0 -0.475948 -0.879474 0 -0.614213 -0.78914 0 -0.614213 -0.78914 0 -0.735724 -0.677282 0 -0.735724 -0.677282 0 -0.837166 -0.546948 0 -0.837166 -0.546948 0 -0.915774 -0.401695 0 -0.915774 -0.401695 0 -0.9694 -0.245485 0 -0.9694 -0.245485 0 -0.996584 -0.0825794 0 -0.996584 -0.0825794 0 -0.164595 -0.986361 0 0 -1 0 0 -1 0 0.164595 -0.986361 0 0.164595 -0.986361 0 0.324698 -0.945818 0 0.324698 -0.945818 0 0.475948 -0.879474 0 0.475948 -0.879474 0 0.614213 -0.78914 0 0.614213 -0.78914 0 0.735724 -0.677282 0 0.735724 -0.677282 0 0.837166 -0.546948 0 0.837166 -0.546948 0 0.915774 -0.401695 0 0.915774 -0.401695 0 0.9694 -0.245485 0 0.9694 -0.245485 0 0.996584 -0.0825794 0 0.996584 -0.0825794 0 0.164595 0.986361 0 0.324698 0.945818 0 0.324698 0.945818 0 0.475948 0.879474 0 0.475948 0.879474 0 0.614213 0.78914 0 0.614213 0.78914 0 0.735724 0.677282 0 0.735724 0.677282 0 0.837166 0.546948 0 0.837166 0.546948 0 0.915774 0.401695 0 0.915774 0.401695 0 0.9694 0.245485 0 0.9694 0.245485 0 0.996584 0.0825794 0 0.996584 0.0825794 0 0.164595 0.986361 0 0 1 0 0 1 0 -0.164595 0.986361 0 -0.164595 0.986361 0 -0.324698 0.945818 0 -0.324698 0.945818 0 -0.475948 0.879474 0 -0.475948 0.879474 0 -0.614213 0.78914 0 -0.614213 0.78914 0 -0.735724 0.677282 0 -0.735724 0.677282 0 -0.837166 0.546948 0 -0.837166 0.546948 0 -0.915774 0.401695 0 -0.915774 0.401695 0 -0.9694 0.245485 0 -0.9694 0.245485 0 -0.996584 0.0825794 0 -0.996584 0.0825794 0 0 0 1 0 0 1 0 0 1 0 0 1 0 0 1 0 0 1 0 0 1 0 0 1 0 0 1 0 0 1 0 0 1 0 0 1 0 0 1 0 0 1 0 0 1 0 0 1 0 0 1 0 0 1 0.134696 -0.963944 -0.229498 0.178587 -0.950723 -0.253442 0.100492 -0.956592 -0.273556 -0.0241969 -0.706746 -0.707054 0.0843519 -0.809726 -0.580713 -0.0151415 -0.58418 -0.811483 0.0761682 -0.7511 -0.65578 0.16655 -0.985073 -0.0434933 0.169624 -0.98495 -0.033177 0.162342 -0.985819 -0.0425018 0.163614 -0.97886 -0.122736 0.130472 -0.983165 -0.127919 0.120166 -0.984679 -0.126366 0.154265 -0.983697 -0.0924205 0.116722 -0.925091 -0.361363 0.0852703 -0.908132 -0.409909 0.0771533 -0.868395 -0.489834 0.0719437 -0.865511 -0.495697 0.0271386 -0.782233 -0.622395 0.00484248 -0.782352 -0.622818 0.046252 -0.670431 -0.740529 0.0259318 -0.684868 -0.728205 -0.998265 0.0021994 0.058842 -0.998824 -0.00301789 -0.0483982 -0.427056 -0.00033988 0.904225 -0.280745 0.00650974 0.95976 -0.301125 0.00332569 0.953579 -0.131119 -0.000477701 0.991367 -0.108527 0 0.994094 -0.830268 0.000955196 0.557364 -0.737562 0.00955213 0.675212 -0.797037 -0.00399542 0.603917 -0.572195 0.00299578 0.820112 -0.585313 0.000989862 0.810807 -0.978469 -0.00188432 0.206384 -0.91313 0.00734334 0.407603 -0.942952 -0.00218022 0.332922 -0.573663 0.00270086 -0.819087 -0.707412 -0.00220076 -0.706798 -0.755856 0.000654679 -0.654737 -0.86458 -0.000900399 -0.502494 -0.880065 0.000891123 -0.474852 -0.956087 -0.000738341 -0.293083 -0.976448 0.00320316 -0.215727 -0.141326 0 -0.989963 -0.281818 0.00379632 -0.95946 -0.187343 -0.00277663 -0.982291 -0.492228 0.00352917 -0.870459 -0.358765 -0.00892742 -0.933385 -0.087154 0 0.996195 -0.087154 0 0.996195 -0.00988721 0 0.999951 -0.065404 0 0.997859 -0.0708621 0.00414137 0.997478 -0.0365088 -0.00223864 0.999331 -0.0316917 0 0.999498 -0.154831 0.807686 0.56892 -0.300705 0 0.953717 -0.300708 -5.04722e-07 0.953716 -0.300708 -3.36862e-07 0.953716 -0.300705 1.08589e-06 0.953717 -0.300706 0 0.953717 -0.21644 1.14381e-06 -0.976296 -0.216444 -1.10652e-05 -0.976295 -0.21644 4.563e-07 -0.976296 -0.21644 0 -0.976296 -0.21644 3.93004e-08 -0.976296 -0.21644 4.47338e-08 -0.976296 -0.216442 -6.71302e-07 -0.976296 -0.216437 0 -0.976297 -0.21644 0 -0.976296 -0.21644 0 -0.976296 -0.21644 -4.47212e-07 -0.976296 -0.216441 9.48626e-06 -0.976296 -0.216462 0.00017558 -0.976291 -0.216447 0.000163686 -0.976294 -0.216432 -0.000109865 -0.976298 -0.216432 -7.49279e-05 -0.976298 -0.216444 7.21692e-05 -0.976295 -0.216441 -2.96435e-05 -0.976296 -0.216445 -9.76877e-07 -0.976295 -0.21644 5.4699e-07 -0.976296 -0.216434 0 -0.976297 0.207908 -0.978125 0.00674044 0.114556 -0.993408 -0.00425307 -0.587769 -0.808994 0.00747427 -0.698735 -0.715331 -0.00847735 -0.743129 -0.669118 0.00635865 -0.842213 -0.539098 -0.00711093 -0.866016 -0.499993 0.00474126 -0.942198 -0.335016 -0.00524138 0.275645 -0.961254 -0.00334113 0.429483 -0.903055 0.00601653 0.406736 -0.913546 0 -0.140674 -0.990055 -0.00139319 -0.0242976 -0.999703 0.00204479 0 -0.999979 0.00641613 -0.519174 -0.854617 -0.00934157 -0.362486 -0.931874 0.0146397 -0.406737 -0.913545 0.000270031 -0.25456 -0.967057 -0.000150425 -0.207905 -0.97812 0.00757358 -0.951053 -0.309018 0.00262044 -0.994517 -0.104525 -0.00312198 -0.993523 -0.113629 0 0 0 -1 0 0 -1 0 0 -1 0 0 -1 0 0 -1 0 0 -1 0 0 -1 0 0 -1 0 0 -1 0 0 -1 0 0 -1 0 0 -1 0 0 -1 0 0 -1 0 0 -1 0 0 -1 0 0 -1 0 0 -1 0 0 -1 0 0 -1 0 0 -1 0 0 -1 0 0 -1 0 0 -1 0 0 -1 0 0 -1 0 0 -1 0 0 -1 0 0 -1 0 0 -1 0 0 -1 0 0 -1 0 0 -1 0 0 -1 0 0 -1 0 0 -1 0 0 -1 0 0 -1 0 0 -1 0 0 -1 0 0 -1 0 0 -1 0 0 -1 0 0 -1 0 0 -1 0 0 -1 0 0 -1 0 0 -1 0 0 -1 0 0 -1 0 0 -1 0 0 -1 0 0 -1 0 0 -1 0 0 -1 0 0 -1 0 0 -1 0 0 -1 0 0 -1 0 0 -1 0 0 -1 0 0 -1 0 0 -1 0 0 -1 0 0 -1 0 0 -1 0 0 -1 0 0 -1 0 0 -1 0 0 -1 0 0 -1 0 0 -1 0 0 -1 0 0 -1 0 0 -1 0 0 -1 0 0 -1 0 0 -1 0 0 -1 0 0 -1 0.300743 -6.21628e-05 -0.953705 0.300698 1.25674e-05 -0.953719 0.300713 -1.22514e-05 -0.953715 0.300706 0 -0.953717 0.300706 0 -0.953717 0.999973 -0.000658993 -0.00734825 0.49804 0 -0.867154 0.406398 -0.00498684 -0.913683 0.584089 -0.000189361 -0.81169 0.73625 0.000176312 -0.676709 0.812339 -0.00242251 -0.58318 0.896853 0.00170697 -0.442325 0.990963 -0.00325724 -0.134098 0.964123 0.00311105 -0.265436 0.354537 -0.000216433 0.935042 0.551854 0.00887238 0.833893 0.398526 -0.00227941 0.917154 0.668876 0.00121819 0.743373 0.631825 -0.000351189 0.775111 0.800997 0.000422907 0.598669 0.776928 -0.00100992 0.629588 0.918065 0.0010613 0.396428 0.898765 -0.000587618 0.43843 0.980556 0.000504059 0.196238 0.985411 0.00126062 0.170189 0.111304 0.000186904 0.993786 0.116528 0 0.993187 0 0 1 0 0 1 0 0 1 0 0 1 0 0 1 0 0 1 0 0 1 -0.300708 0 0.953716 -0.300708 0 0.953716 -1 0 0 -1 0 0 -1 0 0 -1 0 0 -1 0 0 -1 0 0 1 0 0 1 0 0 1 0 0 1 0 0 1 0 0 1 0 0 0 -1 0 0 -1 0 4.59313e-05 -0.500039 -0.866003 0 -0.50001 -0.86602 0 -0.50001 -0.86602 -4.95624e-06 -0.500005 -0.866023 -2.59688e-05 -0.499957 -0.86605 0.0601204 -0.983026 0.173336 0.0528904 -0.86481 0.499306 0.0528937 -0.864814 0.499299 0.0392836 -0.642288 0.765456 0.0392843 -0.642289 0.765455 0.0601258 -0.983028 0.173321 0.0601256 -0.983025 -0.17334 0.0601205 -0.983028 -0.173325 0.0528907 -0.864814 -0.499299 0.0528935 -0.86481 -0.499306 0.0392837 -0.642289 -0.765455 0.0392842 -0.642287 -0.765456 0.51459 -0.839734 0.173333 0.452706 -0.738749 0.499306 0.452705 -0.738748 0.499309 0.336224 -0.548668 0.765452 0.336225 -0.548669 0.765451 0.514591 -0.839734 0.173329 0.514591 -0.839733 -0.173337 0.51459 -0.839734 -0.173333 0.452706 -0.738748 -0.499309 0.452705 -0.73875 -0.499306 0.336225 -0.54867 -0.765451 0.336224 -0.548668 -0.765452 0.408417 -0.896189 0.173323 0.3593 -0.788411 0.49931 0.3593 -0.788411 0.49931 0.266853 -0.585555 0.76545 0.266849 -0.585552 0.765455 0.408414 -0.896189 0.173331 0.408414 -0.896189 -0.173327 0.408416 -0.896187 -0.173335 0.3593 -0.788411 -0.49931 0.3593 -0.788411 -0.49931 0.266851 -0.585551 -0.765455 0.266851 -0.585556 -0.76545 0.296152 -0.93928 0.173338 0.260537 -0.826322 0.499311 0.26054 -0.826325 0.499306 0.193502 -0.613708 0.765454 0.193497 -0.613703 0.765459 0.296158 -0.939281 0.173324 0.296157 -0.939278 -0.173342 0.296153 -0.939282 -0.173328 0.260538 -0.826325 -0.499306 0.260539 -0.826322 -0.499311 0.1935 -0.613702 -0.765459 0.193499 -0.613709 -0.765454 0.179475 -0.968374 0.17332 0.157892 -0.851918 0.499306 0.157892 -0.851918 0.499306 0.117264 -0.63271 0.765459 0.117267 -0.632713 0.765456 0.179468 -0.968372 0.173338 0.179469 -0.968375 -0.173324 0.179475 -0.968371 -0.173342 0.157892 -0.851918 -0.499306 0.157892 -0.851918 -0.499306 0.117265 -0.632714 -0.765456 0.117266 -0.632709 -0.765459 0.286795 -0.409585 0.866019 0.286779 -0.409565 0.866034 0.286784 -0.40957 0.86603 0.286791 -0.409578 0.866024 0.286802 -0.409588 0.866015 0.286789 -0.409576 0.866025 0.286795 -0.409581 0.866021 0.286788 -0.409576 0.866025 1 0 0 1 0 0 0.573574 -0.819154 -3.09783e-06 0.573574 -0.819154 -3.26479e-06 0.573579 -0.81915 8.82419e-06 0.573574 -0.819154 -7.21749e-06 0.573575 -0.819153 1.02555e-06 0.573576 -0.819152 7.30723e-05 0.573576 -0.819152 -9.17281e-05 0.573573 -0.819154 3.26004e-05 0.573579 -0.81915 -1.61518e-05 0.573571 -0.819156 9.05487e-06 0.573574 -0.819154 4.37219e-06 0.573577 -0.819151 -2.54149e-07 0.573577 -0.819152 0 0.573573 -0.819155 2.31402e-05 0.573577 -0.819152 0 0.573577 -0.819152 0 0.573577 -0.819152 0 0.573578 -0.819151 8.36286e-06 0.573577 -0.819152 0 0.573577 -0.819152 0 -0.683334 0.0055929 0.730085 -0.433172 -0.00462384 0.9013 -0.40393 0.0036158 0.914783 -0.144674 -0.00353459 0.989473 -0.130764 0 0.991414 -0.685403 0.00471876 0.728149 -0.844636 -0.00262424 0.535335 -0.845805 -0.00296708 0.533485 -0.933868 0.00342754 0.3576 -0.940968 -0.000210719 0.338494 -0.992703 0.000242639 0.120584 -0.99285 0 0.119373 0 0 1 0 0 1 0 0 1 0 0 1 0 0 1 0 0 1 0 0 1 0 0 1 0 0 1 0 0 1 0 0 1 0 0 1 0 0 1 0 0 1 0 0 1 0 0 1 0 0 1 0 0 1 0 0 1 0 0 1 0 0 1 0 0 1 0 0 1 0 0 1 0 0 1 0 0 1 0 0 1 0 0 1 0 0 1 0 0 1 0 0 1 0 0 1 0 0 1 0 0 1 0 0 1 0 0 1 0 0 1 0 0 1 0 0 1 0 0 1 0 0 1 0 0 1 0 0 1 0 0 1 0 0 1 0 0 1 0 0 1 0 0 1 0 0 1 0 0 1 0 0 1 0 0 1 0.216439 0 0.976296 0.216439 0 0.976296 0.180805 0 0.983519 0.180759 6.10531e-06 0.983527 0.10885 -5.8239e-06 0.994058 0.108767 5.72782e-06 0.994067 0.036336 -4.45641e-06 0.99934 0.0363056 0 0.999341 0 0 1 0 0 1 0 0 1 0 0 1 0 0 1 0 0 1 0 0 1 0 0 1 0 0 1 0 0 1 0 0 1 0 0 1 0 0 1 0 0 1 0 0 1 0 0 1 0 0 1 0 0 1 0 0 1 0 0 1 0 0 1 0 0 1 0 0 1 0 0 1 0 0 1 0 0 1 0 0 1 0 0 1 0 0 1 0 0 1 0 0 1 0 0 1 0 0 1 0 0 1 0 0 1 0 0 1 0 0 1 0 0 1 0 0 1 0 0 1 0 0 1 0 0 1 0 0 1 0 0 1 0 0 1 0 0 1 0 0 1 0 0 1 0 0 1 0 0 1 0 0 1 0 0 1 0 0 1 0 0 1 -0.679125 -0.00562287 -0.734001 -0.43841 0.0046108 -0.898763 -0.39968 -0.00362318 -0.916648 -0.149515 0.00353203 -0.988753 -0.130764 0 -0.991414 -0.681872 -0.0047412 -0.731457 -0.845684 0.00261549 -0.533677 -0.846983 0.00295656 -0.531612 -0.93325 -0.00344296 -0.35921 -0.941002 0.00021066 -0.338401 -0.992698 -0.000242721 -0.120625 -0.99285 0 -0.119373 -1 0 0 -1 0 0 1 0 0 1 0 0 0 0 -1 0 0 -1 0 0 -1 0 0 -1 0 0 -1 0 0 -1 0 0 -1 0 0 -1 0 0 -1 0 0 -1 0 0 -1 0 0 -1 0 0 -1 0 0 -1 0 0 -1 0 0 -1 0 0 -1 0 0 -1 0 0 -1 0 0 -1 0 0 -1 0 0 -1 0 0 -1 0 0 -1 0 0 -1 0 0 -1 0 0 -1 0 0 -1 0 0 -1 0 0 -1 0 0 -1 0 0 -1 0 0 -1 0 0 -1 0 0 -1 0 0 -1 0 0 -1 0 0 -1 0 0 -1 0 0 -1 0 0 -1 0 0 -1 0 0 -1 0 0 -1 0 0 -1 0 0 -1 0 0 -1 0 0 -1 0 0 -1 0 0 -1 0 0 -1 0 0 -1 0 0 -1 0 0 -1 0 0 -1 0 0 -1 0 0 -1 0 0 -1 0 0 -1 0 0 -1 0 0 -1 -0.340244 -0.940311 -0.00698105 -0.89835 -0.43928 0 -0.933686 -0.357574 0.019263 -0.896886 -0.442248 0.00359351 -0.825558 -0.564311 -0.00286615 -0.792128 -0.610319 0.00664844 -0.737748 -0.675071 -0.0025581 -0.654295 -0.756222 0.00516994 -0.653818 -0.756633 0.00532871 -0.564447 -0.825467 -0.00221647 -0.481826 -0.876229 0.00816566 -0.488995 -0.872265 0.00611383 -0.304358 -0.952551 0.00362839 -0.127885 -0.991782 -0.00384637 -0.130787 -0.991399 -0.00469169 0.0488105 -0.998799 0.00424319 0.0262499 -0.999654 -0.00189002 0.189061 -0.981964 0.00173558 0.182468 -0.983212 0 0.984823 0.048005 0.166792 0.97315 0.0706148 0.219074 0.0484318 0.974506 0.219073 0.949267 0.20959 0.234445 0.90757 0.343868 0.24098 0.191168 0.0688044 0.979143 0.18062 0.0571524 0.981891 0.84889 0.471547 0.238807 0.181093 0.0935573 0.979006 0.171599 0.0784992 0.982034 0.774009 0.590748 0.227877 0.167551 0.116666 0.978936 0.160332 0.0986584 0.98212 0.150831 0.137616 0.978934 0.146943 0.117425 0.98215 0.68372 0.699474 0.207996 0.131301 0.155948 0.979 0.131578 0.134609 0.982124 0.572967 0.787262 0.227878 0.109396 0.171267 0.979132 0.114392 0.15003 0.982042 0.452092 0.85941 0.238805 0.0856129 0.183256 0.97933 0.095554 0.163518 0.981902 0.323108 0.915166 0.240982 0.0604884 0.191687 0.97959 0.0752498 0.174921 0.981703 0.187916 0.953794 0.234444 0.0345853 0.196423 0.979909 0.0536722 0.184098 0.981441 0.0310266 0.190927 0.981114 0.831655 0.0337148 0.554268 0.87428 0.0624857 0.481383 0.366286 0.0407877 0.929608 0.557199 0.0141893 0.830258 0.667302 0.0546071 0.742782 0.19758 0.0429611 0.979345 0.187284 0.0348304 0.981688 0.216358 -0.00632631 0.976294 0.0377679 0.980127 0.19474 0.0320345 0.831339 0.554842 0.0320336 0.83134 0.55484 0.0214192 0.555875 0.83099 0.0214193 0.555875 0.83099 0.00761661 0.197667 0.98024 0.00838656 0.195313 0.980705 0.968032 0.180029 0.17465 0.817932 0.152114 0.554841 0.817933 0.152115 0.554839 0.546909 0.101711 0.83099 0.54691 0.101712 0.83099 0.940596 0.297628 0.163389 0.793195 0.250987 0.55484 0.793194 0.250986 0.554842 0.53037 0.167822 0.83099 0.53037 0.167822 0.83099 0.897484 0.410561 0.161129 0.756553 0.346091 0.554842 0.756554 0.346093 0.554838 0.505869 0.231415 0.83099 0.505867 0.231413 0.830991 0.839585 0.51663 0.167902 0.708558 0.436004 0.554838 0.708557 0.436002 0.554841 0.473775 0.291532 0.830991 0.473776 0.291533 0.83099 0.767923 0.613663 0.183606 0.649928 0.51937 0.554841 0.649928 0.519371 0.554841 0.434574 0.347277 0.83099 0.434574 0.347278 0.83099 0.683721 0.699474 0.207994 0.581544 0.594944 0.55484 0.581544 0.594943 0.554841 0.38885 0.397809 0.83099 0.38885 0.397809 0.83099 0.596014 0.7817 0.183608 0.504433 0.661587 0.554841 0.504433 0.661588 0.55484 0.337289 0.442371 0.83099 0.337289 0.44237 0.83099 0.497373 0.851134 0.167902 0.419752 0.718304 0.554841 0.419752 0.718304 0.55484 0.280667 0.480294 0.83099 0.280667 0.480294 0.830989 0.390015 0.906601 0.161128 0.328772 0.764239 0.55484 0.328772 0.76424 0.554839 0.219833 0.511009 0.83099 0.219833 0.511009 0.830989 0.276127 0.947131 0.163389 0.232855 0.798706 0.554839 0.232856 0.798706 0.55484 0.155699 0.534055 0.830989 0.155699 0.534055 0.830989 0.157935 0.971882 0.174649 0.133446 0.821185 0.55484 0.133446 0.821184 0.554842 0.0892291 0.549085 0.830989 0.0892293 0.549085 0.83099 0.996194 -0.0871571 -0.00148728 0.988736 -0.149415 0.00877726 0.995301 -0.0967752 0.00330879 0.998674 -0.051474 0.000778882 0.999879 -0.0155608 0 0.965926 -0.258819 0 0.954755 -0.297318 0.00672671 0.974054 -0.226317 0.000696948 0.866194 -0.15061 0.476471 0.946032 -0.283224 0.157504 0.967226 -0.157227 0.199385 0.971026 -0.171218 0.166712 0.984337 -0.0573309 0.166712 0.984338 -0.0573319 0.16671 0.667761 -0.0401159 0.743294 0.875626 -0.0289227 0.482124 0.854779 -0.049785 0.516599 -0.975754 -0.218672 -0.00934813 -0.905844 -0.423604 0.0023906 -0.870576 -0.492021 -0.00363865 -0.70906 -0.705148 0.000746189 -0.69068 -0.723153 -0.00318015 -0.623404 -0.781897 0.00221725 -0.577328 -0.816503 -0.00391328 -0.529505 -0.848304 0.00221296 -0.451531 -0.89225 -0.00317061 -0.211203 -0.977441 0.00150042 -0.173648 -0.984801 -0.00364434 -0.0975781 -0.995225 0.00239187 -0.0275539 -0.999613 -0.00379699 0.24496 -0.969533 0.000240862 0.263252 -0.964723 -0.0028321 0.35466 -0.934993 0.00202713 0.401692 -0.915767 -0.00388011 0.459664 -0.88809 0.00233802 0.531474 -0.847068 -0.00345339 0.733077 -0.680145 0.00111927 0.754102 -0.656748 -0.00341991 0.806317 -0.591479 0.00232555 0.842149 -0.539231 -0.0038886 0.868898 -0.494987 0.00205559 -0.956794 -0.290698 0.00630325 -0.933209 -0.359208 -0.00945432 -0.924001 -0.382387 -0.00159508 -0.933437 -0.358743 0 -0.997996 -0.0632729 0 -0.998007 -0.0630948 0.000956377 -0.982015 -0.188802 -0.000961914 -0.950239 -0.126932 0.284488 -0.981966 -0.188358 0.0162471 -0.953271 -0.296514 0.0579126 -0.950154 -0.311257 -0.0180457 -0.99826 -0.0589592 0 -0.997282 -0.073421 -0.00619558 -0.98437 -0.176053 0.00467425 -0.78914 -0.614213 -0.000971573 -0.785332 -0.619071 -0.00219844 -0.851219 -0.524809 0.00149095 -0.315998 -0.948758 -0.00201607 -0.322036 -0.946727 -0.000865349 -0.428608 -0.90349 0.000732582 0.119133 -0.992878 -0.000308903 0.132019 -0.991243 -0.00301879 0.0173323 -0.999848 0.00180695 0.649796 -0.760107 -0.00147676 0.650136 -0.759817 -0.00156188 0.558594 -0.829441 0.00117239 0.912041 -0.410089 -0.00288141 0.91923 -0.393721 0 0.919983 -0.391947 0.00310556 0.958901 -0.283722 -0.0033176 0.957987 -0.286803 0.00222008 0.985138 -0.171752 -0.00218174 0.984807 -0.173648 0.00109855 0.998345 -0.0575064 -0.0010796 0.998308 -0.0581456 0 -0.100477 0.975744 0.194495 -0.924639 -0.255753 0.282192 -0.678129 0.0569123 0.732736 -0.880871 -0.276642 0.384104 -0.0840834 0.828006 0.554379 -0.647847 -0.104681 0.754543 -0.76203 -0.15926 0.627652 -0.451154 -0.0524206 0.890905 -0.553774 -0.119772 0.824008 -0.0590138 0.553767 0.830578 -0.0382695 0.264912 0.963513 -0.301522 -0.0923329 0.948978 -0.00774105 0.194961 0.98078 -0.0321236 0.161467 0.986355 -0.321082 -0.558108 0.765129 -0.948217 -0.296486 0.113936 -0.983261 -0.129368 0.128303 -0.78244 -0.156607 0.602713 -0.0470506 0.0281179 0.998497 -0.038305 0.0182989 0.999099 -0.0460439 0.0218526 0.9987 -0.0477442 0.00692011 0.998836 -0.0473006 0.00677672 0.998858 -0.0472149 -0.00723619 0.998859 -0.0434515 -0.00821866 0.999022 -0.0278333 0.100421 0.994556 -0.0253182 0.0904741 0.995577 -0.0275733 0.0953911 0.995058 -0.0338331 0.0896761 0.995396 -0.0315102 0.0858559 0.995809 -0.0378432 0.078523 0.996194 -0.0352114 0.0751594 0.99655 -0.0413639 0.0660019 0.996962 -0.0386177 0.0632477 0.99725 -0.0441956 0.0523189 0.997652 -0.0416145 0.0502723 0.997868 -0.0460051 0.0383657 0.998204 -0.0422188 0.0358858 0.998464 -0.0157963 0.116194 0.993101 -0.0194878 0.112256 0.993488 -0.0191176 0.110351 0.993709 -0.0246399 0.107398 0.993911 -0.0234146 0.103573 0.994346 -0.00623754 0.12199 0.992512 -0.00995206 0.121491 0.992543 -0.0100344 0.119716 0.992757 -0.0132607 0.118869 0.992821 -0.0142549 0.114615 0.993308 -0.945988 -0.298324 0.126925 -0.973544 -0.18871 0.128842 -0.97558 -0.185377 0.117806 -0.968768 0.212129 0.128413 -0.981509 0.172172 0.0836487 -0.979936 0.153028 0.127704 -0.990229 0.0530962 0.12895 -0.991486 0.0565984 0.117273 -0.987969 -0.0663748 0.139684 -0.989652 -0.0633157 0.128762 -0.836506 0.532881 0.127657 -0.858508 0.507189 0.075654 -0.867345 0.481451 0.126166 -0.907329 0.400144 0.128994 -0.907365 0.401006 0.126031 -0.948767 0.288475 0.128932 -0.94886 0.289093 0.126847 -0.604094 0.786879 0.126065 -0.625463 0.776351 0.0779471 -0.65032 0.749389 0.124501 -0.708456 0.694157 0.127419 -0.708123 0.695242 0.123287 -0.786005 0.604766 0.128269 -0.785803 0.605876 0.124208 -0.301307 0.945439 0.123935 -0.313176 0.945117 0.0931391 -0.356964 0.925939 0.123343 -0.420903 0.898443 0.125063 -0.420286 0.899218 0.12152 -0.524232 0.842157 0.126303 -0.523656 0.843112 0.122261 -0.0812999 0.989163 0.122255 -0.197702 0.972462 0.123417 -0.197386 0.972693 0.122095 -0.0652052 0.927267 0.368679 -0.181386 0.911135 0.370042 -0.181203 0.911507 0.369215 -0.285633 0.883507 0.371254 -0.285416 0.884162 0.369859 -0.386445 0.84361 0.372803 -0.386275 0.844493 0.370976 -0.481989 0.792056 0.374611 -0.481921 0.793115 0.372452 -0.571547 0.729042 0.376607 -0.571623 0.730216 0.374209 -0.653575 0.655325 0.378667 -0.653794 0.656518 0.376214 -0.726513 0.572088 0.38065 -0.72686 0.573222 0.378274 -0.789635 0.479768 0.382491 -0.790074 0.480771 0.380318 -0.841536 0.379899 0.384049 -0.841998 0.380709 0.38223 -0.881134 0.274262 0.385205 -0.881551 0.274839 0.383838 -0.90789 0.163711 0.38592 -0.908184 0.164036 0.385089 -0.921053 0.0505596 0.386141 -0.921158 0.0506547 0.385878 -0.920406 -0.0632426 0.385814 -0.920267 -0.063344 0.386129 -0.905918 -0.176389 0.384968 -0.905483 -0.176639 0.385874 -0.0628861 0.795159 0.603131 -0.151438 0.782452 0.604016 -0.151395 0.78262 0.603809 -0.238333 0.759314 0.605507 -0.238298 0.759607 0.605155 -0.322591 0.725767 0.607616 -0.322593 0.726177 0.607125 -0.402726 0.682268 0.610182 -0.402789 0.682758 0.609593 -0.478151 0.628882 0.61309 -0.478292 0.629425 0.612422 -0.547531 0.566138 0.616196 -0.547744 0.566687 0.615501 -0.609498 0.494976 0.619283 -0.60976 0.495471 0.618629 -0.663356 0.415679 0.62223 -0.663662 0.416121 0.621608 -0.707809 0.329559 0.624817 -0.708107 0.329903 0.624298 -0.741828 0.238166 0.626872 -0.742067 0.238386 0.626506 -0.764851 0.14225 0.628306 -0.765034 0.142384 0.628053 -0.776187 0.0439487 0.628969 -0.776243 0.0439815 0.628898 -0.77559 -0.0549714 0.628839 -0.775515 -0.0550044 0.628928 -0.045975 0.602362 0.796898 -0.109668 0.593217 0.797538 -0.109729 0.592807 0.797835 -0.172331 0.576027 0.799059 -0.172342 0.575469 0.799459 -0.233234 0.551019 0.801237 -0.233163 0.550338 0.801725 -0.291314 0.518462 0.803949 -0.291142 0.517705 0.804499 -0.346151 0.478377 0.807053 -0.345859 0.477569 0.807657 -0.396721 0.431067 0.810428 -0.396325 0.430274 0.811043 -0.442007 0.377206 0.813846 -0.441559 0.376522 0.814406 -0.481498 0.317062 0.817087 -0.480994 0.316462 0.817616 -0.514096 0.251531 0.820023 -0.513628 0.251087 0.820452 -0.539068 0.181853 0.822396 -0.5387 0.181576 0.822698 -0.555981 0.108654 0.824063 -0.55572 0.108501 0.824259 -0.564201 0.033569 0.824955 -0.564114 0.0335306 0.825016 -0.563617 -0.0419745 0.824969 -0.563716 -0.0419437 0.824903 -0.0169341 0.36995 0.928897 -0.0606028 0.363752 0.929522 -0.0606927 0.362692 0.929931 -0.0948173 0.353545 0.9306 -0.0947526 0.35189 0.931233 -0.128179 0.338466 0.932208 -0.12785 0.336413 0.932995 -0.160082 0.318738 0.934227 -0.159402 0.31635 0.935154 -0.190283 0.29427 0.936588 -0.189238 0.291793 0.937574 -0.218208 0.265301 0.939149 -0.216884 0.262965 0.940112 -0.243282 0.232286 0.941731 -0.241707 0.230139 0.942663 -0.265118 0.195285 0.944233 -0.26346 0.193512 0.945062 -0.283127 0.154922 0.946488 -0.2816 0.153625 0.947154 -0.296888 0.112006 0.948321 -0.295592 0.111144 0.948827 -0.306079 0.0668882 0.949653 -0.305234 0.0664604 0.949956 -0.310414 0.020651 0.950377 -0.310151 0.0205537 0.950465 -0.309847 -0.0258058 0.950436 -0.310193 -0.0257229 0.950326 0.965923 0 0.25883 0.965923 0 0.25883 0.707111 0 0.707102 0.707111 0 0.707102 0.258817 0 0.965926 0.258817 0 0.965926 0 0.049067 -0.998796 0 0.049067 -0.998796 0 0.14673 -0.989177 0 0.14673 -0.989177 0 0.242981 -0.970031 0 0.242981 -0.970031 0 0.336891 -0.941544 0 0.336891 -0.941544 0 0.427551 -0.903991 0 0.427551 -0.903991 0 0.514104 -0.857728 0 0.514104 -0.857728 0 0.595702 -0.803206 0 0.595702 -0.803206 0 0.671557 -0.740953 0 0.671557 -0.740953 0 0.740954 -0.671556 0 0.740954 -0.671556 0 0.803205 -0.595703 0 0.803205 -0.595703 0 0.857729 -0.514102 0 0.857729 -0.514102 0 0.90399 -0.427553 0 0.90399 -0.427553 0 0.941544 -0.33689 0 0.941544 -0.33689 0 0.970031 -0.24298 0 0.970031 -0.24298 0 0.989176 -0.146731 0 0.989176 -0.146731 0 0.998796 -0.049066 0 0.998796 -0.049066 0 0.998796 0.049066 0 0.998796 0.049066 0 0.989176 0.146731 0 0.989176 0.146731 0 0.970031 0.24298 0 0.970031 0.24298 0 0.941544 0.33689 0 0.941544 0.33689 0 0.90399 0.427553 0 0.90399 0.427553 0 0.857729 0.514102 0 0.857729 0.514102 0 0.803205 0.595703 0 0.803205 0.595703 0 0.740954 0.671556 0 0.740954 0.671556 0 0.671557 0.740953 0 0.671557 0.740953 0 0.595702 0.803206 0 0.595702 0.803206 0 0.514104 0.857728 0 0.514104 0.857728 0 0.427551 0.903991 0 0.427551 0.903991 0 0.336891 0.941544 0 0.336891 0.941544 0 0.242981 0.970031 0 0.242981 0.970031 0 0.14673 0.989177 0 0.14673 0.989177 0 0.049067 0.998796 0 0.049067 0.998796 0 -0.049067 0.998796 0 -0.049067 0.998796 0 -0.14673 0.989177 0 -0.14673 0.989177 0 -0.24298 0.970031 0 -0.24298 0.970031 0 -0.33689 0.941544 0 -0.33689 0.941544 0 -0.427552 0.903991 0 -0.427552 0.903991 0 -0.514104 0.857728 0 -0.514104 0.857728 0 -0.595701 0.803206 0 -0.595701 0.803206 0 -0.671557 0.740953 0 -0.671557 0.740953 0 -0.740954 0.671556 0 -0.740954 0.671556 0 -0.803208 0.595698 0 -0.803208 0.595698 0 -0.857729 0.514103 0 -0.857729 0.514103 0 -0.903988 0.427557 0 -0.903988 0.427557 0 -0.941544 0.33689 0 -0.941544 0.33689 0 -0.970031 0.242981 0 -0.970031 0.242981 0 -0.989177 0.14673 0 -0.989177 0.14673 0 -0.998795 0.0490679 0 -0.998795 0.0490679 0 -0.998795 -0.0490679 0 -0.998795 -0.0490679 0 -0.989177 -0.14673 0 -0.989177 -0.14673 0 -0.970031 -0.242981 0 -0.970031 -0.242981 0 -0.941544 -0.33689 0 -0.941544 -0.33689 0 -0.903988 -0.427557 0 -0.903988 -0.427557 0 -0.857729 -0.514103 0 -0.857729 -0.514103 0 -0.803208 -0.595698 0 -0.803208 -0.595698 0 -0.740954 -0.671556 0 -0.740954 -0.671556 0 -0.671557 -0.740953 0 -0.671557 -0.740953 0 -0.595701 -0.803206 0 -0.595701 -0.803206 0 -0.514104 -0.857728 0 -0.514104 -0.857728 0 -0.427552 -0.903991 0 -0.427552 -0.903991 0 -0.33689 -0.941544 0 -0.33689 -0.941544 0 -0.24298 -0.970031 0 -0.24298 -0.970031 0 -0.14673 -0.989177 0 -0.14673 -0.989177 0 -0.049067 -0.998796 0 -0.049067 -0.998796 -0.0366514 0 -0.999328 -0.03501 -0.000523305 -0.999387 -0.0368122 0.0443727 -0.998337 -0.0098857 0 -0.999951 -0.0704229 0.00057464 -0.997517 -0.0687331 0 -0.997635 0 -0.500002 -0.866024 9.72629e-06 -0.500069 -0.865985 1.33425e-05 -0.500089 -0.865974 6.70057e-05 -0.500396 -0.865797 -1 0 0 -1 0 0 -1 0 0 -1 0 0 -1 0 0 -1 0 0 -1 0 0 -1 0 0 -1 0 0 -1 0 0 -1 0 0 -1 0 0 0 -0.953856 0.300264 0 -0.998394 -0.0566556 0 -0.998394 -0.0566556 0 -0.953856 0.300264 0 -0.785906 0.618346 0 -0.785906 0.618346 0 -0.51627 0.856426 0 -0.51627 0.856426 0 -0.179841 0.983696 0 -0.179841 0.983696 -0.902991 0.000566932 -0.429659 -0.94688 -0.00170038 -0.321582 -0.964971 0.000757998 -0.262354 -0.995194 -0.000692827 -0.0979235 -0.996857 0 -0.079216 -0.45875 -0.00100835 -0.888565 -0.621138 0.00365261 -0.783693 -0.540019 -0.0023004 -0.841649 -0.765835 0.00228968 -0.643033 -0.684676 -0.00492566 -0.728831 -0.868476 0.00454877 -0.49571 -0.808857 -0.00189717 -0.588002 -0.341311 0.00128083 -0.93995 -0.316348 0.000492392 -0.948643 -0.114141 -0.000888294 -0.993464 -0.131679 0 -0.991292 0 -0.5 0.866025 1.54402e-06 -0.500005 0.866023 -3.76423e-06 -0.499993 0.866029 8.06441e-06 -0.500009 0.86602 1.99227e-05 -0.500018 0.866015 -1.6528e-05 -0.499992 0.86603 6.18913e-05 -0.500036 0.866004 0.000113422 -0.500062 0.865989 0.0029406 -0.866023 0.499996 0.000737074 -0.671095 -0.741371 0.00965469 -0.557093 -0.830394 0 -0.642785 -0.766047 -0.00170307 -0.939227 -0.343294 0.00506445 -0.828198 -0.560412 -0.00110866 -0.866026 -0.499998 -0.000880066 -0.902503 0.430683 0.00135956 -0.988201 0.153159 -0.000195697 -0.984807 0.17365 0.000126114 -0.993408 -0.114635 0.00300494 -0.984802 -0.173653 -0.00210123 -0.752218 0.658912 0.00330238 -0.642782 0.766042 0 -0.578817 0.815458 -0.00180115 -0.785905 0.618345 -0.0186634 -0.581289 0.813483 -0.00144316 -0.51627 0.856425 -0.0109158 -0.965205 0.261265 -0.00114076 -0.953855 0.300264 -0.016002 -0.822387 0.568704 -0.019883 -0.271422 0.962255 6.92725e-05 -0.179841 0.983696 -0.0101244 -0.0511089 0.998642 -0.000780776 -0.998394 -0.0566556 -0.00587469 -0.997069 -0.0762833 0.00580488 -0.841427 -0.54034 -0.0173835 -0.245229 -0.969309 0.00622247 -0.327165 -0.944947 -0.0219524 -0.418845 -0.907792 0.00614209 -0.0824988 -0.996572 -0.00982475 -0.110874 -0.993786 -0.0127905 -0.817604 -0.575639 0.002116 -0.687818 -0.72588 -0.00884929 -0.701648 -0.712469 -0.00725031 -0.562557 -0.826727 0.00656968 -0.527393 -0.849596 -0.00980699 -0.902409 -0.430769 0.0109866 -0.939786 -0.341587 -0.00101969 -0.951116 -0.308831 0.5 -0.866026 0 0.5 -0.866026 0 -0.969355 0.245474 -0.00965709 -0.923841 0.382668 0.00912134 -0.915688 0.401657 -0.0136807 -0.85257 0.522455 0.0128785 -0.837043 0.546868 -0.0171692 -0.760308 0.649363 0.0160974 -0.735575 0.677145 -0.0201215 -0.649333 0.760272 0.0187795 -0.614057 0.78894 -0.0225349 -0.522384 0.852454 0.0209273 -0.475806 0.879211 -0.0244116 -0.382586 0.923645 0.022538 -0.32459 0.945504 -0.0257538 -0.23338 0.972099 0.0236092 -0.164537 0.986013 -0.0265589 0.164537 0.986013 -0.0265589 0.23338 0.972099 0.0236092 0.32459 0.945504 -0.0257538 0.382586 0.923645 0.0225381 0.475806 0.879211 -0.0244116 0.522384 0.852454 0.0209273 0.614057 0.78894 -0.0225349 0.649333 0.760272 0.0187795 0.735575 0.677145 -0.0201215 0.760308 0.649363 0.0160974 0.837043 0.546868 -0.0171692 0.85257 0.522455 0.0128785 0.915688 0.401657 -0.0136807 0.923841 0.382668 0.00912135 0.969355 0.245474 -0.00965709 0.0784359 0.996627 0.0241467 0 0.99964 -0.0268263 -0.0784359 0.996627 0.0241467 -0.996584 0.0825793 0 -0.996903 0.0784576 -0.00536453 -0.972359 0.233443 0.00482818 0.996917 0.0784587 0 0.996572 0.0825783 -0.00509688 0.972359 0.233443 0.00482818 0.996584 -0.0825793 0 0.996584 -0.0825793 0 0.9694 -0.245485 0 0.9694 -0.245485 0 0.915774 -0.401695 0 0.915774 -0.401695 0 0.837166 -0.546948 0 0.837166 -0.546948 0 0.735724 -0.677282 0 0.735724 -0.677282 0 0.614213 -0.78914 0 0.614213 -0.78914 0 0.475948 -0.879474 0 0.475948 -0.879474 0 0.324698 -0.945818 0 0.324698 -0.945818 0 0.164595 -0.986361 0 0.164595 -0.986361 0 0 -1 0 0 -1 0 -0.164595 -0.986361 0 -0.164595 -0.986361 0 -0.324698 -0.945818 0 -0.324698 -0.945818 0 -0.475948 -0.879474 0 -0.475948 -0.879474 0 -0.614213 -0.78914 0 -0.614213 -0.78914 0 -0.735724 -0.677282 0 -0.735724 -0.677282 0 -0.837166 -0.546948 0 -0.837166 -0.546948 0 -0.915774 -0.401695 0 -0.915774 -0.401695 0 -0.9694 -0.245485 0 -0.9694 -0.245485 0 -0.996584 -0.0825793 0 -0.996584 -0.0825793 0 0.00385399 -0.218701 -0.975784 -0.00778318 -0.110876 -0.993804 0 -0.0730695 -0.997327 -0.00315357 -0.549567 -0.835444 -0.0107997 -0.527374 -0.849565 0.00105701 -0.456774 -0.889582 -0.00288377 -0.32717 -0.944961 -0.0105456 -0.34642 -0.93802 -0.00861723 -0.707264 -0.706897 -0.0115361 -0.701629 -0.712449 0.00132124 -0.635554 -0.772055 0.00204493 -0.774867 -0.63212 -0.0114399 -0.856617 -0.515826 0.00572105 -0.841427 -0.54034 -0.0052648 -0.943069 -0.332556 0 -0.939843 -0.341608 0 0 1 0 0 1 0 0 1 0 0 1 0 0 1 0 0 1 0 0 1 0 0 1 0 0 1 0 0 1 0 0 1 0 0 1 0 0 1 0 0 1 0 0 1 0 0 1 0 0 1 0 0 1 0 0 1 0 0 1 0 0 1 0 0 1 0 0 1 0 0 1 0 0 1 0 0 1 0 0 1 0 0 1 0 0 1 0 0 1 0 0 1 0 0 1 0 0 1 0 0 1 0 0 1 0 0 1 0 0 1 0 0 1 0 0 1 0 0 1 0 0 1 0 0 1 0 0 1 0 0 1 0 0 1 0 0 1 0 0 1 0 0 1 0 0 1 0 0 1 0 0 1 0 0 1 0 0 1 0 0 1 0 0 1 0 0 1 0 0 1 0 0 1 0 0 1 0 0 1 0 0 1 0 0 1 0 0 1 0 0 1 0 0 1 0 0 1 0 0 1 0 0 1 0 0 1 0 0 1 0 0 1 0 0 1 0 0 1 0 0 1 0 0 1 0 0 1 0 0 1 0 0 1 0 0 1 0 0 1 0 0 1 0 0 1 0 0 1 0 0 1 0 0 1 0 0 1 0 0 1 0 0 1 0 0 1 0 0 1 0 0 1 1 0 0 1 0 0 1 0 0 1 0 0 1 0 0 1 0 0 1 0 0 1 0 0 1 0 0 1 0 0 1 0 0 1 0 0 1 0 0 1 0 0 1 0 0 1 0 0 1 0 0 1 0 0 1 0 0 1 0 0 1 0 0 1 0 0 1 0 0 1 0 0 1 0 0 1 0 0 1 0 0 1 0 0 1 0 0 1 0 0 1 0 0 1 0 0 1 0 0 1 0 0 1 0 0 1 0 0 1 0 0 1 0 0 1 0 0 1 0 0 1 0 0 1 0 0 1 0 0 1 0 0 1 0 0 1 0 0 1 0 0 1 0 0 1 0 0 1 0 0 1 0 0 1 0 0 1 0 0 1 0 0 1 0 0 1 0 0 1 0 0 1 0 0 1 0 0 1 0 0 1 0 0 1 0 0 1 0 0 1 0 0 1 0 0 1 0 0 1 0 0 1 0 0 1 0 0 1 0 0 1 0 0 1 0 0 1 0 0 1 0 0 1 0 0 1 0 0 1 0 0 1 0 0 1 0 0 1 0 0 1 0 0 1 0 0 1 0 0 1 0 0 1 0 0 1 0 0 1 0 0 1 0 0 1 0 0 1 0 0 1 0 0 1 0 0 1 0 0 1 0 0 1 0 0 1 0 0 1 0 0 1 0 0 1 0 0 1 0 0 1 0 0 1 0 0 1 0 0 1 0 0 1 0 0 1 0 0 1 0 0 1 0 0 1 0 0 1 0 0 1 0 0 1 0 0 1 0 0 1 0 0 1 0 0 1 0 0 1 0 0 1 0 0 1 0 0 1 0 0 1 0 0 1 0 0 1 0 0 1 0 0 1 0 0 1 0 0 0.997204 0.07473 0 0.997204 0.07473 0 0.974928 0.222521 0 0.974928 0.222521 0 0.930874 0.365341 0 0.930874 0.365341 0 0.866025 0.5 0 0.866025 0.5 0 0.781832 0.62349 0 0.781832 0.62349 0 0.680173 0.733052 0 0.680173 0.733052 0 0.56332 0.826239 0 0.56332 0.826239 0 0.433883 0.900969 0 0.433883 0.900969 0 0.294755 0.955573 0 0.294755 0.955573 0 0.149042 0.988831 0 0.149042 0.988831 0 0 1 0 0 1 0 -0.149042 0.988831 0 -0.149042 0.988831 0 -0.294755 0.955573 0 -0.294755 0.955573 0 -0.433883 0.900969 0 -0.433883 0.900969 0 -0.56332 0.826239 0 -0.56332 0.826239 0 -0.680173 0.733052 0 -0.680173 0.733052 0 -0.781832 0.62349 0 -0.781832 0.62349 0 -0.866025 0.5 0 -0.866025 0.5 0 -0.930874 0.365341 0 -0.930874 0.365341 0 -0.974928 0.222521 0 -0.974928 0.222521 0 -0.997204 0.07473 0 -0.997204 0.07473 0 -0.997204 -0.07473 0 -0.997204 -0.07473 0 -0.974928 -0.222521 0 -0.974928 -0.222521 0 -0.930874 -0.365341 0 -0.930874 -0.365341 0 -0.866025 -0.5 0 -0.866025 -0.5 0 -0.781832 -0.62349 0 -0.781832 -0.62349 0 -0.680173 -0.733052 0 -0.680173 -0.733052 0 -0.56332 -0.826239 0 -0.56332 -0.826239 0 -0.433883 -0.900969 0 -0.433883 -0.900969 0 -0.294755 -0.955573 0 -0.294755 -0.955573 0 -0.149042 -0.988831 0 -0.149042 -0.988831 0 0 -1 0 0 -1 0 0.149042 -0.988831 0 0.149042 -0.988831 0 0.294755 -0.955573 0 0.294755 -0.955573 0 0.433883 -0.900969 0 0.433883 -0.900969 0 0.56332 -0.826239 0 0.56332 -0.826239 0 0.680173 -0.733052 0 0.680173 -0.733052 0 0.781832 -0.62349 0 0.781832 -0.62349 0 0.866025 -0.5 0 0.866025 -0.5 0 0.930874 -0.365341 0 0.930874 -0.365341 0 0.974928 -0.222521 0 0.974928 -0.222521 0 0.997204 -0.07473 0 0.997204 -0.07473 0 0 0.0506489 -0.998717 0 0.0506489 -0.998717 0 0.151428 -0.988468 0 0.151428 -0.988468 0 0.250652 -0.968077 0 0.250652 -0.968077 0 0.347304 -0.937752 0 0.347304 -0.937752 0 0.440396 -0.897804 0 0.440396 -0.897804 0 0.528964 -0.848644 0 0.528964 -0.848644 0 0.612107 -0.790775 0 0.612107 -0.790775 0 0.688966 -0.724794 0 0.688966 -0.724794 0 0.758758 -0.651372 0 0.758758 -0.651372 0 0.820763 -0.571269 0 0.820763 -0.571269 0 0.874347 -0.485301 0 0.874347 -0.485301 0 0.918959 -0.394353 0 0.918959 -0.394353 0 0.954138 -0.299367 0 0.954138 -0.299367 0 0.97953 -0.2013 0 0.97953 -0.2013 0 0.994869 -0.101167 0 0.994869 -0.101167 0 1 0 0 1 0 0 0.994869 0.101167 0 0.994869 0.101167 0 0.97953 0.2013 0 0.97953 0.2013 0 0.954138 0.299367 0 0.954138 0.299367 0 0.918959 0.394353 0 0.918959 0.394353 0 0.874347 0.485301 0 0.874347 0.485301 0 0.820763 0.571269 0 0.820763 0.571269 0 0.758758 0.651372 0 0.758758 0.651372 0 0.688966 0.724794 0 0.688966 0.724794 0 0.612107 0.790775 0 0.612107 0.790775 0 0.528964 0.848644 0 0.528964 0.848644 0 0.440396 0.897804 0 0.440396 0.897804 0 0.347304 0.937752 0 0.347304 0.937752 0 0.250652 0.968077 0 0.250652 0.968077 0 0.151428 0.988468 0 0.151428 0.988468 0 0.0506489 0.998717 0 0.0506489 0.998717 0 -0.0506493 0.998717 0 -0.0506493 0.998717 0 -0.151427 0.988469 0 -0.151427 0.988469 0 -0.250652 0.968077 0 -0.250652 0.968077 0 -0.347305 0.937752 0 -0.347305 0.937752 0 -0.440395 0.897804 0 -0.440395 0.897804 0 -0.528967 0.848643 0 -0.528967 0.848643 0 -0.612104 0.790777 0 -0.612104 0.790777 0 -0.688969 0.724791 0 -0.688969 0.724791 0 -0.758755 0.651376 0 -0.758755 0.651376 0 -0.820766 0.571265 0 -0.820766 0.571265 0 -0.874345 0.485305 0 -0.874345 0.485305 0 -0.918959 0.394354 0 -0.918959 0.394354 0 -0.954138 0.299366 0 -0.954138 0.299366 0 -0.979531 0.201293 0 -0.979531 0.201293 0 -0.994869 0.101173 0 -0.994869 0.101173 0 -1 0 0 -1 0 0 -0.994869 -0.101173 0 -0.994869 -0.101173 0 -0.979531 -0.201293 0 -0.979531 -0.201293 0 -0.954138 -0.299366 0 -0.954138 -0.299366 0 -0.918959 -0.394354 0 -0.918959 -0.394354 0 -0.874345 -0.485305 0 -0.874345 -0.485305 0 -0.820766 -0.571265 0 -0.820766 -0.571265 0 -0.758755 -0.651376 0 -0.758755 -0.651376 0 -0.688969 -0.724791 0 -0.688969 -0.724791 0 -0.612104 -0.790777 0 -0.612104 -0.790777 0 -0.528967 -0.848643 0 -0.528967 -0.848643 0 -0.440395 -0.897804 0 -0.440395 -0.897804 0 -0.347305 -0.937752 0 -0.347305 -0.937752 0 -0.250652 -0.968077 0 -0.250652 -0.968077 0 -0.151427 -0.988469 0 -0.151427 -0.988469 0 -0.0506493 -0.998717 0 -0.0506493 -0.998717 0 0 1 0 0 1 0 0 1 0 0 1 0 0 1 0 0 1 0 0 1 0 0 1 0 0 1 0 0 1 0 0 1 0 0 1 0 0 1 0 0 1 0 0 1 0 0 1 0 0 1 0 0 1 0 0 1 0 0 1 0 0 1 0 0 1 0 0 1 0 0 1 0 0 1 0 0 1 0 0 1 0 0 1 0 0 1 0 0 1 0 0 1 0 0 1 0 0 1 0 0 1 0 0 1 0 0 1 0 0 1 0 0 1 0 0 1 0 0 1 0 0 1 0 0 1 0 0 1 0 0 1 0 0 1 0 0 1 0 0 1 0 0 1 0 0 1 0 0 1 0 0 1 0 0 1 0 0 1 0 0 1 0 0 1 0 0 1 0 0 1 0 0 1 0 0 1 0 0 1 0 0 1 0 0 1 0 0 1 0 0 1 0 0 1 0 0 1 0 0 1 0 0 1 0 0 1 0 0 1 0 0 1 0 0 1 0 0 1 0 0 1 0 0 1 0 0 1 0 0 1 0 0 1 0 0 1 0 0 1 1 0 0 1 0 0 1 0 0 1 0 0 1 0 0 1 0 0 1 0 0 1 0 0 1 0 0 1 0 0 1 0 0 1 0 0 1 0 0 1 0 0 1 0 0 1 0 0 1 0 0 1 0 0 1 0 0 1 0 0 1 0 0 1 0 0 1 0 0 1 0 0 1 0 0 1 0 0 1 0 0 1 0 0 1 0 0 1 0 0 1 0 0 1 0 0 1 0 0 1 0 0 1 0 0 1 0 0 1 0 0 1 0 0 1 0 0 1 0 0 1 0 0 1 0 0 1 0 0 1 0 0 1 0 0 1 0 0 1 0 0 1 0 0 1 0 0 1 0 0 1 0 0 1 0 0 1 0 0 1 0 0 1 0 0 1 0 0 1 0 0 1 0 0 1 0 0 1 0 0 1 0 0 1 0 0 1 0 0 1 0 0 1 0 0 1 0 0 1 0 0 1 0 0 1 0 0 1 0 0 1 0 0 1 0 0 1 0 0 1 0 0 1 0 0 1 0 0 1 0 0 1 0 0 1 0 0 1 0 0 1 0 0 1 0 0 1 0 0 1 0 0 1 0 0 1 0 0 1 0 0 1 0 0 1 0 0 1 0 0 1 0 0 1 0 0 1 0 0 1 0 0 1 0 0 1 0 0 1 0 0 1 0 0 1 0 0 1 0 0 1 0 0 1 0 0 1 0 0 1 0 0 1 0 0 1 0 0 1 0 0 1 0 0 1 0 0 1 0 0 1 0 0 1 0 0 1 0 0 1 0 0 1 0 0 1 0 0 1 0 0 1 0 0 1 0 0 1 0 0 1 0 0 1 0 0 -0.996585 -0.0825785 0 -0.996585 -0.0825785 0 -0.9694 -0.245487 0 -0.9694 -0.245487 0 -0.915773 -0.401695 0 -0.915773 -0.401695 0 -0.837167 -0.546948 0 -0.837167 -0.546948 0 -0.735724 -0.677282 0 -0.735724 -0.677282 0 -0.614213 -0.789141 0 -0.614213 -0.789141 0 -0.475947 -0.879474 0 -0.475947 -0.879474 0 -0.3247 -0.945817 0 -0.3247 -0.945817 0 -0.164595 -0.986361 0 -0.164595 -0.986361 0 0 -1 0 0 -1 0 0.164595 -0.986361 0 0.164595 -0.986361 0 0.3247 -0.945817 0 0.3247 -0.945817 0 0.475947 -0.879474 0 0.475947 -0.879474 0 0.614213 -0.789141 0 0.614213 -0.789141 0 0.735724 -0.677282 0 0.735724 -0.677282 0 0.837167 -0.546948 0 0.837167 -0.546948 0 0.915773 -0.401695 0 0.915773 -0.401695 0 0.9694 -0.245487 0 0.9694 -0.245487 0 0.996585 -0.0825785 0 0.996585 -0.0825785 0 0.996585 0.0825785 0 0.996585 0.0825785 0 0.9694 0.245487 0 0.9694 0.245487 0 0.915773 0.401695 0 0.915773 0.401695 0 0.837167 0.546948 0 0.837167 0.546948 0 0.735724 0.677282 0 0.735724 0.677282 0 0.614213 0.789141 0 0.614213 0.789141 0 0.475947 0.879474 0 0.475947 0.879474 0 0.3247 0.945817 0 0.3247 0.945817 0 0.164595 0.986361 0 0.164595 0.986361 0 0 1 0 0 1 0 -0.164595 0.986361 0 -0.164595 0.986361 0 -0.3247 0.945817 0 -0.3247 0.945817 0 -0.475947 0.879474 0 -0.475947 0.879474 0 -0.614213 0.789141 0 -0.614213 0.789141 0 -0.735724 0.677282 0 -0.735724 0.677282 0 -0.837167 0.546948 0 -0.837167 0.546948 0 -0.915773 0.401695 0 -0.915773 0.401695 0 -0.9694 0.245487 0 -0.9694 0.245487 0 -0.996585 0.0825785 0 -0.996585 0.0825785 0 0.173411 0.9835 -0.0515453 0.173411 0.972725 -0.154064 0.173393 0.972727 -0.154067 0.173394 0.951294 -0.254902 0.173419 0.95129 -0.254897 0.17342 0.919436 -0.352935 0.173391 0.919439 -0.352941 0.173392 0.87751 -0.447114 0.173416 0.877508 -0.447109 0.173417 0.825963 -0.536388 0.173418 0.825963 -0.536388 0.173418 0.765371 -0.619785 0.173395 0.765372 -0.61979 0.173397 0.696396 -0.696395 0.173405 0.696396 -0.696393 0.173401 0.619785 -0.765375 0.173418 0.619785 -0.765371 0.173417 0.536389 -0.825962 0.173411 0.536389 -0.825964 0.173411 0.447111 -0.877508 0.173405 0.447111 -0.877509 0.173401 0.352937 -0.919439 0.173412 0.352938 -0.919436 0.173416 0.2549 -0.95129 0.173395 0.254898 -0.951295 0.173395 0.154065 -0.972727 0.173403 0.154066 -0.972726 0.173406 0.0515409 -0.983501 0.173438 0.0515452 -0.983495 0.173442 0.983495 -0.0515406 0.173442 0.983494 0.051545 0.173411 0.9835 0.0515409 0.173411 0.972724 0.154066 0.173393 0.972728 0.154064 0.173394 0.951295 0.254898 0.173419 0.951289 0.2549 0.17342 0.919434 0.352939 0.173391 0.919441 0.352937 0.173392 0.877512 0.447111 0.173416 0.877507 0.447112 0.173417 0.825963 0.536388 0.173417 0.825963 0.536388 0.173418 0.765369 0.619787 0.173395 0.765374 0.619787 0.173397 0.696397 0.696394 0.173405 0.696395 0.696394 0.173401 0.619787 0.765373 0.173418 0.619784 0.765372 0.173417 0.536388 0.825963 0.173411 0.536389 0.825963 0.173411 0.44711 0.877508 0.173405 0.447112 0.877509 0.173401 0.352939 0.919438 0.173412 0.352937 0.919437 0.173416 0.254897 0.951291 0.173395 0.254901 0.951294 0.173395 0.154066 0.972727 0.173403 0.154065 0.972726 0.173406 0.0515455 0.983501 0.173438 0.0515406 0.983495 0.1734 -0.983502 0.0515454 0.1734 -0.972726 0.154066 0.173397 -0.972727 0.154067 0.173397 -0.951293 0.254901 0.173419 -0.95129 0.254897 0.17342 -0.919436 0.352935 0.173431 -0.919435 0.352933 0.17343 -0.877505 0.44711 0.173423 -0.877505 0.447112 0.173423 -0.825961 0.536388 0.17343 -0.825961 0.536387 0.173429 -0.76537 0.619783 0.173389 -0.765372 0.619792 0.173392 -0.696397 0.696396 0.173405 -0.696396 0.696393 0.173401 -0.619788 0.765372 0.173395 -0.619788 0.765373 0.173398 -0.536388 0.825967 0.173411 -0.536388 0.825964 0.173411 -0.447111 0.877508 0.173405 -0.44711 0.87751 0.173401 -0.352937 0.919439 0.173433 -0.352939 0.919432 0.173431 -0.254901 0.951287 0.173396 -0.254898 0.951294 0.173396 -0.154064 0.972727 0.173401 -0.154065 0.972726 0.173405 -0.0515409 0.983501 0.173438 -0.0515452 0.983495 0.173445 -0.983494 0.0515386 0.173445 -0.983494 -0.051545 0.1734 -0.983502 -0.051539 0.1734 -0.972726 -0.154067 0.173397 -0.972727 -0.154066 0.173397 -0.951294 -0.254898 0.173419 -0.951289 -0.2549 0.17342 -0.919437 -0.352934 0.173431 -0.919434 -0.352934 0.17343 -0.877504 -0.447111 0.173423 -0.877506 -0.447111 0.173423 -0.825962 -0.536388 0.17343 -0.82596 -0.536388 0.173429 -0.765367 -0.619787 0.173389 -0.765376 -0.619787 0.173392 -0.696398 -0.696394 0.173405 -0.696395 -0.696394 0.173401 -0.619788 -0.765373 0.173396 -0.619789 -0.765373 0.173398 -0.536389 -0.825966 0.173411 -0.536387 -0.825965 0.173411 -0.44711 -0.877509 0.173405 -0.447111 -0.877509 0.173401 -0.352941 -0.919437 0.173433 -0.352935 -0.919433 0.173431 -0.254896 -0.951288 0.173396 -0.254903 -0.951293 0.173396 -0.154065 -0.972727 0.173401 -0.154064 -0.972726 0.173405 -0.0515455 -0.983501 0.173438 -0.0515406 -0.983495 0.705896 -0.0584916 0.705896 0.701658 -0.0691071 0.709155 -0.701658 -0.0691071 0.709155 -0.705896 -0.0584916 0.705896 0.688898 -0.174454 0.703552 0.65194 -0.285967 0.70228 0.672454 -0.203987 0.711474 0.59613 -0.389471 0.702097 0.618913 -0.330815 0.712396 0.523234 -0.481671 0.703008 0.542843 -0.445499 0.711935 0.435606 -0.559666 0.704997 0.446686 -0.544289 0.710085 0.230532 -0.671517 0.704216 0.332875 -0.622767 0.708065 0.336639 -0.622055 0.70691 0.117126 -0.701896 0.702584 0.204168 -0.67305 0.710858 0 -0.712141 0.702037 0.0688014 -0.698553 0.712243 -0.117126 -0.701896 0.702584 -0.0688014 -0.698553 0.712243 -0.230532 -0.671517 0.704216 -0.204168 -0.67305 0.710858 -0.435606 -0.559666 0.704997 -0.333466 -0.623872 0.706813 -0.336102 -0.621062 0.708037 -0.523234 -0.481671 0.703008 -0.446686 -0.544289 0.710085 -0.59613 -0.389471 0.702097 -0.542843 -0.445499 0.711935 -0.65194 -0.285967 0.70228 -0.618913 -0.330815 0.712396 -0.688898 -0.174454 0.703552 -0.672454 -0.203987 0.711474 0.701658 0.0691071 0.709155 0.705896 0.0584916 0.705896 -0.705896 0.0584916 0.705896 -0.701658 0.0691071 0.709155 -0.688898 0.174454 0.703552 -0.65194 0.285967 0.70228 -0.672454 0.203987 0.711474 -0.59613 0.389471 0.702097 -0.618913 0.330815 0.712396 -0.523234 0.481671 0.703008 -0.542843 0.445499 0.711935 -0.435606 0.559666 0.704997 -0.446686 0.544289 0.710085 -0.230532 0.671517 0.704216 -0.332875 0.622767 0.708065 -0.336639 0.622055 0.70691 -0.117126 0.701896 0.702584 -0.204168 0.67305 0.710858 0 0.712141 0.702037 -0.0688014 0.698553 0.712243 0.117126 0.701896 0.702584 0.0688014 0.698553 0.712243 0.230532 0.671517 0.704216 0.204168 0.67305 0.710858 0.435606 0.559666 0.704997 0.333466 0.623872 0.706813 0.336102 0.621062 0.708037 0.523234 0.481671 0.703008 0.446686 0.544289 0.710085 0.59613 0.389471 0.702097 0.542843 0.445499 0.711935 0.65194 0.285967 0.70228 0.618913 0.330815 0.712396 0.688898 0.174454 0.703552 0.672454 0.203987 0.711474 1 0 0 1 0 0 1 0 0 1 0 0 1 0 0 1 0 0 1 0 0 1 0 0 1 0 0 1 0 0 1 0 0 1 0 0 1 0 0 1 0 0 1 0 0 1 0 0 1 0 0 1 0 0 1 0 0 1 0 0 1 0 0 1 0 0 1 0 0 1 0 0 1 0 0 1 0 0 1 0 0 1 0 0 1 0 0 1 0 0 1 0 0 1 0 0 1 0 0 1 0 0 1 0 0 1 0 0 1 0 0 1 0 0 1 0 0 1 0 0 1 0 0 1 0 0 1 0 0 1 0 0 1 0 0 1 0 0 1 0 0 1 0 0 1 0 0 1 0 0 1 0 0 1 0 0 1 0 0 1 0 0 1 0 0 1 0 0 1 0 0 1 0 0 1 0 0 1 0 0 1 0 0 1 0 0 1 0 0 1 0 0 1 0 0 1 0 0 1 0 0 1 0 0 1 0 0 1 0 0 1 0 0 1 0 0 1 0 0 1 0 0 1 0 0 1 0 0 1 0 0 1 0 0 1 0 0 1 0 0 1 0 0 1 0 0 1 0 0 1 0 0 1 0 0 1 0 0 1 0 0 1 0 0 1 0 0 1 0 0 1 0 0 1 0 0 1 0 0 1 0 0 1 0 0 1 0 0 1 0 0 1 0 0 1 0 0 1 0 0 1 0 0 1 0 0 1 0 0 1 0 0 1 0 0 1 0 0 1 0 0 1 0 0 1 0 0 1 0 0 1 0 0 1 0 0 1 0 0 1 0 0 1 0 0 1 0 0 0 0 1 0 0 1 0 0 1 0 0 1 0 0 1 0 0 1 0 0 1 0 0 1 0 0 1 0 0 1 0 0 1 0 0 1 0 0 1 0 0 1 0 0 1 0 0 1 0 0 1 0 0 1 0 0 1 0 0 1 0 0 1 0 0 1 0 0 1 0 0 1 0 0 1 0 0 1 0 0 1 0 0 1 0 0 1 0 0 1 0 0.0560721 -0.998427 0 0.0560721 -0.998427 0 0.167504 -0.985871 0 0.167504 -0.985871 0 0.276837 -0.960917 0 0.276837 -0.960917 0 0.382683 -0.92388 0 0.382683 -0.92388 0 0.483721 -0.875222 0 0.483721 -0.875222 0 0.57867 -0.815562 0 0.57867 -0.815562 0 0.666343 -0.745645 0 0.666343 -0.745645 0 0.745642 -0.666347 0 0.745642 -0.666347 0 0.815564 -0.578667 0 0.815564 -0.578667 0 0.875223 -0.483719 0 0.875223 -0.483719 0 0.92388 -0.382683 0 0.92388 -0.382683 0 0.960917 -0.276837 0 0.960917 -0.276837 0 0.985871 -0.167504 0 0.985871 -0.167504 0 0.998427 -0.0560728 0 0.998427 -0.0560728 0 0.998427 0.0560728 0 0.998427 0.0560728 0 0.985871 0.167504 0 0.985871 0.167504 0 0.960917 0.276837 0 0.960917 0.276837 0 0.92388 0.382683 0 0.92388 0.382683 0 0.875223 0.483719 0 0.875223 0.483719 0 0.815564 0.578667 0 0.815564 0.578667 0 0.745642 0.666347 0 0.745642 0.666347 0 0.666343 0.745645 0 0.666343 0.745645 0 0.57867 0.815562 0 0.57867 0.815562 0 0.483721 0.875222 0 0.483721 0.875222 0 0.382683 0.92388 0 0.382683 0.92388 0 0.276837 0.960917 0 0.276837 0.960917 0 0.167504 0.985871 0 0.167504 0.985871 0 0.0560721 0.998427 0 0.0560721 0.998427 0 -0.0560725 0.998427 0 -0.0560725 0.998427 0 -0.167503 0.985872 0 -0.167503 0.985872 0 -0.276837 0.960917 0 -0.276837 0.960917 0 -0.382683 0.92388 0 -0.382683 0.92388 0 -0.483721 0.875222 0 -0.483721 0.875222 0 -0.57867 0.815562 0 -0.57867 0.815562 0 -0.666348 0.745641 0 -0.666348 0.745641 0 -0.745642 0.666347 0 -0.745642 0.666347 0 -0.81556 0.578672 0 -0.81556 0.578672 0 -0.875223 0.483719 0 -0.875223 0.483719 0 -0.92388 0.382683 0 -0.92388 0.382683 0 -0.960917 0.276838 0 -0.960917 0.276838 0 -0.985872 0.167503 0 -0.985872 0.167503 0 -0.998427 0.0560728 0 -0.998427 0.0560728 0 -0.998427 -0.0560728 0 -0.998427 -0.0560728 0 -0.985872 -0.167503 0 -0.985872 -0.167503 0 -0.960917 -0.276838 0 -0.960917 -0.276838 0 -0.92388 -0.382683 0 -0.92388 -0.382683 0 -0.875223 -0.483719 0 -0.875223 -0.483719 0 -0.81556 -0.578672 0 -0.81556 -0.578672 0 -0.745642 -0.666347 0 -0.745642 -0.666347 0 -0.666348 -0.745641 0 -0.666348 -0.745641 0 -0.57867 -0.815562 0 -0.57867 -0.815562 0 -0.483721 -0.875222 0 -0.483721 -0.875222 0 -0.382683 -0.92388 0 -0.382683 -0.92388 0 -0.276837 -0.960917 0 -0.276837 -0.960917 0 -0.167503 -0.985872 0 -0.167503 -0.985872 0 -0.0560725 -0.998427 0 -0.0560725 -0.998427 1 0 0 1 0 0 1 0 0 1 0 0 1 0 0 1 0 0 1 0 0 1 0 0 1 0 0 1 0 0 1 0 0 1 0 0 1 0 0 1 0 0 1 0 0 1 0 0 1 0 0 1 0 0 1 0 0 1 0 0 1 0 0 1 0 0 1 0 0 1 0 0 1 0 0 1 0 0 1 0 0 1 0 0 1 0 0 1 0 0 1 0 0 1 0 0 1 0 0 1 0 0 1 0 0 1 0 0 1 0 0 1 0 0 1 0 0 1 0 0 1 0 0 1 0 0 1 0 0 1 0 0 1 0 0 1 0 0 1 0 0 1 0 0 1 0 0 1 0 0 1 0 0 1 0 0 1 0 0 1 0 0 1 0 0 1 0 0 1 0 0 1 0 0 1 0 0 1 0 0 1 0 0 1 0 0 1 0 0 1 0 0 1 0 0 1 0 0 1 0 0 1 0 0 1 0 0 1 0 0 1 0 0 1 0 0 1 0 0 1 0 0 1 0 0 1 0 0 1 0 0 1 0 0 1 0 0 1 0 0 1 0 0 1 0 0 1 0 0 1 0 0 1 0 0 1 0 0 1 0 0 1 0 0 1 0 0 1 0 0 1 0 0 1 0 0 1 0 0 1 0 0 1 0 0 1 0 0 1 0 0 1 0 0 1 0 0 1 0 0 1 0 0 1 0 0 1 0 0 1 0 0 1 0 0 1 0 0 0 -0.992115 0.125332 0 -0.968582 0.248694 0 -0.968582 0.248694 0 -0.929777 0.368123 0 -0.929777 0.368123 0 -0.876307 0.481753 0 -0.876307 0.481753 0 -0.809018 0.587784 0 -0.809018 0.587784 0 -0.728966 0.68455 0 -0.728966 0.68455 0 -0.637425 0.770513 0 -0.637425 0.770513 0 -0.535829 0.844327 0 -0.535829 0.844327 0 -0.42578 0.904827 0 -0.42578 0.904827 0 -0.309018 0.951056 0 -0.309018 0.951056 0 -0.187379 0.982288 0 -0.187379 0.982288 0 -0.0627909 0.998027 0 -0.0627909 0.998027 0 -0.992115 0.125332 0 -1 0 0 -1 0 0 -0.992115 -0.125332 0 -0.992115 -0.125332 0 -0.968582 -0.248694 0 -0.968582 -0.248694 0 -0.929777 -0.368123 0 -0.929777 -0.368123 0 -0.876307 -0.481753 0 -0.876307 -0.481753 0 -0.809018 -0.587784 0 -0.809018 -0.587784 0 -0.728966 -0.68455 0 -0.728966 -0.68455 0 -0.637425 -0.770513 0 -0.637425 -0.770513 0 -0.535829 -0.844327 0 -0.535829 -0.844327 0 -0.42578 -0.904827 0 -0.42578 -0.904827 0 -0.309018 -0.951056 0 -0.309018 -0.951056 0 -0.187379 -0.982288 0 -0.187379 -0.982288 0 -0.0627909 -0.998027 0 -0.0627909 -0.998027 0 0.992116 -0.125326 0 0.968582 -0.248694 0 0.968582 -0.248694 0 0.929778 -0.368122 0 0.929778 -0.368122 0 0.876307 -0.481752 0 0.876307 -0.481752 0 0.809017 -0.587785 0 0.809017 -0.587785 0 0.728966 -0.68455 0 0.728966 -0.68455 0 0.637425 -0.770512 0 0.637425 -0.770512 0 0.535824 -0.84433 0 0.535824 -0.84433 0 0.42578 -0.904827 0 0.42578 -0.904827 0 0.309017 -0.951056 0 0.309017 -0.951056 0 0.187381 -0.982287 0 0.187381 -0.982287 0 0.0627909 -0.998027 0 0.0627909 -0.998027 0 0.992116 -0.125326 0 1 0 0 1 0 0 0.992116 0.125326 0 0.992116 0.125326 0 0.968582 0.248694 0 0.968582 0.248694 0 0.929778 0.368122 0 0.929778 0.368122 0 0.876307 0.481752 0 0.876307 0.481752 0 0.809017 0.587785 0 0.809017 0.587785 0 0.728966 0.68455 0 0.728966 0.68455 0 0.637425 0.770512 0 0.637425 0.770512 0 0.535824 0.84433 0 0.535824 0.84433 0 0.42578 0.904827 0 0.42578 0.904827 0 0.309017 0.951056 0 0.309017 0.951056 0 0.187381 0.982287 0 0.187381 0.982287 0 0.0627909 0.998027 0 0.0627909 0.998027 1 0 0 1 0 0 1 0 0 1 0 0 1 0 0 1 0 0 1 0 0 1 0 0 1 0 0 1 0 0 1 0 0 1 0 0 1 0 0 1 0 0 1 0 0 1 0 0 1 0 0 1 0 0 1 0 0 1 0 0 1 0 0 1 0 0 1 0 0 1 0 0 1 0 0 1 0 0 1 0 0 1 0 0 1 0 0 1 0 0 1 0 0 1 0 0 1 0 0 1 0 0 1 0 0 1 0 0 1 0 0 1 0 0 1 0 0 1 0 0 1 0 0 1 0 0 1 0 0 1 0 0 1 0 0 1 0 0 1 0 0 1 0 0 0 0 -1 0 0 -1 0 0 -1 0 0 -1 0 0 -1 0 0 -1 0 0 -1 0 0 -1 0 0 -1 0 0 -1 0 0 -1 0 0 -1 0 0 -1 0 0 -1 0 0 -1 0 0 -1 0 0 -1 0 0 -1 0 0 -1 0 0 -1 0 0 -1 0 0 -1 0 0 -1 0 0 -1 0 0 -1 0 0 -1 -0.993712 0.111964 0 -0.993712 0.111964 0 -0.943883 0.33028 0 -0.943883 0.33028 0 -0.846725 0.532032 0 -0.846725 0.532032 0 -0.707107 0.707107 0 -0.707107 0.707107 0 -0.532032 0.846725 0 -0.532032 0.846725 0 -0.33028 0.943883 0 -0.33028 0.943883 0 -0.111964 0.993712 0 -0.111964 0.993712 0 0.111964 0.993712 0 0.111964 0.993712 0 0.33028 0.943883 0 0.33028 0.943883 0 0.532032 0.846725 0 0.532032 0.846725 0 0.707107 0.707107 0 0.707107 0.707107 0 0.846725 0.532032 0 0.846725 0.532032 0 0.943883 0.33028 0 0.943883 0.33028 0 0.993712 0.111964 0 0.993712 0.111964 0 0.993712 -0.111964 0 0.993712 -0.111964 0 0.943883 -0.33028 0 0.943883 -0.33028 0 0.846725 -0.532032 0 0.846725 -0.532032 0 0.707107 -0.707107 0 0.707107 -0.707107 0 0.532032 -0.846725 0 0.532032 -0.846725 0 0.33028 -0.943883 0 0.33028 -0.943883 0 0.111964 -0.993712 0 0.111964 -0.993712 0 -0.111964 -0.993712 0 -0.111964 -0.993712 0 -0.33028 -0.943883 0 -0.33028 -0.943883 0 -0.532032 -0.846725 0 -0.532032 -0.846725 0 -0.707107 -0.707107 0 -0.707107 -0.707107 0 -0.846725 -0.532032 0 -0.846725 -0.532032 0 -0.943883 -0.33028 0 -0.943883 -0.33028 0 -0.993712 -0.111964 0 -0.993712 -0.111964 0 0 0 -1 0 0 -1 0 0 -1 0 0 -1 0 0 -1 0 0 -1 0 0 -1 0 0 -1 0 0 -1 0 0 -1 0 0 -1 0 0 -1 0 0 -1 0 0 -1 0 0 -1 0 0 -1 0 0 -1 0 0 -1 0 0 -1 0 0 -1 0 0 -1 0 0 -1 0 0 -1 0 0 -1 0 0 -1 0 0 -1 0 0 -1 0 0 -1 0 0 -1 0 0 -1 0 0 -1 0 0 -1 0 0 -1 0 0 -1 0 0 -1 0 0 -1 0 0 -1 0 0 -1 0 0 -1 0 0 -1 0 0 -1 0 0 -1 0 0 -1 0 0 -1 0 0 -1 0 0 -1 0 0 -1 0 0 -1 0 0 -1 0 0 -1 0 0 -1 0 0 -1 0 0 -1 0 0 -1 0 0 -1 0 0 -1 0 0 -1 0 0 -1 0 0 -1 0 0 -1 0 0 -1 0 0 -1 0 0 -1 0 0 -1 0 0 -1 0 0 -1 0.93511 0.354303 -0.00624008 0.877662 0.47924 0.0061462 0.874153 0.485581 -0.00819545 0.800516 0.599258 0.00807115 0.794883 0.606679 -0.0100885 0.707072 0.707072 0.00993454 0.698958 0.715063 -0.0119207 0.599236 0.800487 0.0117341 0.588394 0.808459 -0.013689 0.479206 0.877599 0.0134731 0.465506 0.884911 -0.0153962 0.349424 0.936842 0.0151495 0.332871 0.942818 -0.0170405 0.212536 0.977009 0.0167634 0.19327 0.980969 -0.0186257 0.0713276 0.997285 0.0183131 0.0496275 0.998565 -0.0201464 -0.478804 0.876863 0.0431049 -0.532695 0.845749 -0.0307434 -0.933421 0.348147 0.0867149 0.997452 0.0713396 0 0.997375 0.0723727 -0.00214317 0.977144 0.212566 0.00210959 0.976473 0.215597 -0.00422119 0.936942 0.349461 0.00416037 -0.0713256 0.997257 0.0198027 -0.0826063 0.996582 0.000152698 -0.212566 0.977147 -0.00018274 -0.200381 0.97938 0.0257177 -0.307 0.951611 -0.0137228 -0.349188 0.936209 0.0397598 -0.36237 0.931694 0.0251931 -0.42796 0.903379 -0.027511 -0.598736 0.799818 0.0425089 -0.612901 0.790055 0.0128859 -0.659837 0.7514 -0.00368408 -0.706751 0.706751 0.031717 -0.717673 0.696368 -0.00409823 -0.800532 0.59927 0.00494208 -0.793701 0.6071 0.0383283 -0.846467 0.532333 -0.0107291 -0.876256 0.478472 0.0569222 -0.873209 0.482197 0.0706552 -0.91587 0.398139 -0.0516428 -0.97277 0.212299 0.0929912 -0.973119 0.21169 0.0907052 -0.956044 0.286158 -0.0639807 -0.99841 0.0563757 0 -0.995027 0.0711662 0.069687 -0.987898 0.15201 -0.0308126 -0.503692 -0.208622 0.838314 -0.20863 -0.503691 0.838313 0.20863 -0.503691 0.838313 0.503692 -0.208622 0.838314 0.503692 0.208622 0.838314 0.208629 0.503691 0.838313 -0.208629 0.503691 0.838313 -0.503692 0.208622 0.838314 0.540632 -0.84124 0.00569491 0.407787 -0.913068 -0.00404229 0.281732 -0.959475 0.00594837 0.184752 -0.982779 -0.00351503 0 -0.999989 0.00463759 -0.0483717 -0.998828 -0.00142178 -0.540634 -0.841244 0.00487079 -0.68239 -0.730979 -0.0036563 -0.755734 -0.654852 0.00600005 -0.833408 -0.552643 -0.00400225 -0.909617 -0.415411 0.00556232 0.969343 -0.245706 -0.00161444 0.996527 -0.0826464 0.0101347 0.98982 -0.142322 0 0.608575 -0.79349 -0.00300513 0.776099 -0.630592 0.00494208 0.755747 -0.654863 -0.000516809 0.901266 -0.433266 0.00042381 0.909633 -0.4154 0.00322784 -0.49412 -0.869392 -0.00174585 -0.278862 -0.960329 0.0022297 -0.281735 -0.959491 0.00176445 -0.938911 -0.34415 -0.00278188 -0.989814 -0.142321 0.00356167 -0.99315 -0.116843 0 -0.909616 0.415411 0.00560344 -0.838042 0.545594 -0.00360043 -0.755735 0.654851 0.00583199 -0.698187 0.715911 -0.00258272 0 0.999982 0.00603814 0.130523 0.991432 -0.00503324 0.28173 0.959476 0.00586981 0.382684 0.923867 -0.00469752 0.540633 0.841241 0.00536513 0.608751 0.793351 -0.00402555 0.75574 0.654856 0.00452655 0.793348 0.608761 -0.00301819 0.909632 0.415401 0.00335229 -0.937199 0.348789 -0.0021316 -0.992444 0.122649 0.00335087 -0.98982 0.142322 0 -0.110185 0.993906 -0.00330075 -0.325203 0.945619 0.00688838 -0.281733 0.959492 -0.00116946 -0.52442 0.851459 0.000916338 -0.540638 0.841248 0.00357092 0.923882 0.382673 -0.00167543 0.989819 0.142321 0.0018433 0.991444 0.13053 0 0.382674 -0.923883 0 0.923889 -0.382661 0 0.923889 -0.382661 0 0.382674 -0.923883 0 -0.382674 -0.923883 0 -0.382674 -0.923883 0 -0.923889 -0.382661 0 -0.923889 -0.382661 0 -0.382673 0.923884 0 -0.923889 0.382661 0 -0.923889 0.382661 0 -0.382673 0.923884 0 0.382673 0.923884 0 0.382673 0.923884 0 0.923889 0.382661 0 0.923889 0.382661 0 1.15951e-06 -0.258819 -0.965926 0 -0.258819 -0.965926 -1 0 0 -1 0 0 0 0 -1 0 0 -1 0 0 -1 0 0 -1 0 0 -1 0 0 -1 0 0 -1 0 0 -1 0 0 -1 0 0 -1 0 0 -1 0 0 -1 0 0 -1 1 0 0 1 0 0 1 0 0 1 0 0 1 0 0 1 0 0 1 0 0 1 0 0 1 0 0 1 0 0 1 0 0 1 0 0 1 0 0 1 0 0 1 0 0 1 0 0 1 0 0 1 0 0 1 0 0 1 0 0 1 0 0 1 0 0 -0.00108689 -0.965475 0.260495 0.00124731 -0.866026 0.499998 0.00163138 -0.984806 0.17365 -0.00139225 -0.998754 -0.0498826 0.00185593 -0.984805 -0.173654 -0.000270583 -0.751922 -0.659252 0.00200528 -0.608437 -0.793599 0 -0.642785 -0.766047 -0.000387288 -0.955516 -0.29494 0.000821137 -0.867093 -0.498145 0.000903478 -0.866026 -0.499998 -0.000622839 -0.838097 0.545521 0.000703156 -0.642785 0.766046 0 -0.629036 0.777376 0 -0.500001 0.866025 0 -0.500001 0.866025 0.0912461 -0.492318 0.86562 0.0305659 -0.499768 0.86562 0.0305673 -0.499767 0.86562 0.0912467 -0.492317 0.86562 0.150562 -0.477528 0.86562 0.150564 -0.477526 0.865621 0.207635 -0.455618 0.865621 0.207634 -0.45562 0.86562 0.261616 -0.426917 0.86562 0.261616 -0.426916 0.865621 0 0 1 0 0 1 0 0 1 0 0 1 0 0 1 0 0 1 0 0 1 0 0 1 0 0 1 0 0 1 0 0 1 0 0 1 0 0 1 0 0 1 0 0 1 0 0 1 0 0 1 0 0 1 0 0 1 0 0 1 0 0 1 0 0 1 0 0 1 0 0 1 0 0 1 0 0 1 0.111964 0.993712 0 0.111964 0.993712 0 0.33028 0.943883 0 0.33028 0.943883 0 0.532032 0.846725 0 0.532032 0.846725 0 0.707107 0.707107 0 0.707107 0.707107 0 0.846725 0.532032 0 0.846725 0.532032 0 0.943883 0.33028 0 0.943883 0.33028 0 0.993712 0.111964 0 0.993712 0.111964 0 0.993712 -0.111964 0 0.993712 -0.111964 0 0.943883 -0.33028 0 0.943883 -0.33028 0 0.846725 -0.532032 0 0.846725 -0.532032 0 0.707107 -0.707107 0 0.707107 -0.707107 0 0.532032 -0.846725 0 0.532032 -0.846725 0 0.33028 -0.943883 0 0.33028 -0.943883 0 0.111964 -0.993712 0 0.111964 -0.993712 0 -0.111964 -0.993712 0 -0.111964 -0.993712 0 -0.33028 -0.943883 0 -0.33028 -0.943883 0 -0.532032 -0.846725 0 -0.532032 -0.846725 0 -0.707107 -0.707107 0 -0.707107 -0.707107 0 -0.846725 -0.532032 0 -0.846725 -0.532032 0 -0.943883 -0.33028 0 -0.943883 -0.33028 0 -0.993712 -0.111964 0 -0.993712 -0.111964 0 -0.993712 0.111964 0 -0.993712 0.111964 0 -0.943883 0.33028 0 -0.943883 0.33028 0 -0.846725 0.532032 0 -0.846725 0.532032 0 -0.707107 0.707107 0 -0.707107 0.707107 0 -0.532032 0.846725 0 -0.532032 0.846725 0 -0.33028 0.943883 0 -0.33028 0.943883 0 -0.111964 0.993712 0 -0.111964 0.993712 0 0 0 1 0 0 1 0 0 1 0 0 1 0 0 1 0 0 1 0 0 1 0 0 1 0 0 1 0 0 1 0 0 1 0 0 1 0 0 1 0 0 1 0 0 1 0 0 1 0 0 1 0 0 1 0 0 1 0 0 1 0 0 1 0 0 1 0 0 1 0 0 1 0 0 1 0 0 1 0 0 1 0 0 1 0 0 1 0 0 1 0 0 1 0 0 1 0 0 1 0 0 1 0 0 1 0 0 1 0 0 1 0 0 1 0 0 1 0 0 1 0 0 1 0 0 1 0 0 1 0 0 1 0 0 1 0 0 1 0 0 1 0 0 1 0 0 1 0 0 1 0 0 1 0 0 1 0 0 1 0 0 1 0 0 1 0 0 1 0 0 1 0 0 1 0 0 1 0 0 1 0 0 1 0 0 1 0 0 1 0 0 1 0 0 1 0 0 1 -0.0871681 0 -0.996194 -0.0871681 0 -0.996194 0 0 -1 0 0 -1 0 0 -1 0 0 -1 0 0 -1 0 0 -1 0 0 -1 0 0 -1 0 0 -1 0 0 -1 0 0 -1 0 0 -1 0 0 -1 0 0 -1 0 0 -1 0 0 -1 0 0 -1 0 0 -1 0 0 -1 0 0 -1 0 0 -1 0 0 -1 0 0 -1 0 0 -1 0 0 -1 0 0 -1 0 0 -1 0 0 -1 0 0 -1 0 0 -1 0 0 -1 0 0 -1 0 0 -1 0 0 -1 0 0 -1 0 0 -1 -0.164594 -0.986361 0 -0.3247 -0.945817 0 -0.3247 -0.945817 0 -0.475948 -0.879474 0 -0.475948 -0.879474 0 -0.614212 -0.789141 0 -0.614212 -0.789141 0 -0.735724 -0.677282 0 -0.735724 -0.677282 0 -0.837166 -0.546948 0 -0.837166 -0.546948 0 -0.915773 -0.401695 0 -0.915773 -0.401695 0 -0.9694 -0.245486 0 -0.9694 -0.245486 0 -0.996585 -0.0825787 0 -0.996585 -0.0825787 0 -0.164594 -0.986361 0 0 -1 0 0 -1 0 0.164594 -0.986361 0 0.164594 -0.986361 0 0.3247 -0.945817 0 0.3247 -0.945817 0 0.475948 -0.879474 0 0.475948 -0.879474 0 0.614212 -0.789141 0 0.614212 -0.789141 0 0.735724 -0.677282 0 0.735724 -0.677282 0 0.837166 -0.546948 0 0.837166 -0.546948 0 0.915773 -0.401695 0 0.915773 -0.401695 0 0.9694 -0.245486 0 0.9694 -0.245486 0 0.996585 -0.0825787 0 0.996585 -0.0825787 0 0.954474 0.241706 -0.174807 0.925541 0.338066 0.170545 0.901234 0.395318 -0.177488 0.858153 0.483346 0.173064 0.823521 0.538033 -0.179815 0.768201 0.615766 0.175214 0.723466 0.665997 -0.18178 0.658065 0.731861 0.177005 0.603795 0.775757 -0.183394 0.530648 0.828598 0.178431 0.467765 0.864352 -0.184639 0.389303 0.903449 0.179509 0.319063 0.929396 -0.18553 0.237743 0.954462 0.180222 0.16172 0.969136 -0.18607 0.079946 0.980307 0.180576 0 0.982503 -0.186244 -0.0773407 0.982718 0.168178 -0.16177 0.969437 -0.18445 -0.230264 0.959115 0.164548 -0.319454 0.930536 -0.179029 -0.377922 0.912386 0.157251 -0.469021 0.866674 -0.169985 -0.51688 0.843471 0.146258 -0.606572 0.779324 -0.157241 -0.643806 0.753799 0.131531 -0.728402 0.670541 -0.140735 -0.755536 0.645289 0.112993 -0.831075 0.542969 -0.120414 -0.849134 0.52035 0.0905964 -0.911526 0.399832 -0.0962027 -0.921968 0.381891 0.0643026 -0.967153 0.244917 -0.0680554 0.975904 0.199476 0.0884382 0.987868 0.0664933 -0.140341 0.996585 0.0825787 0 -0.971805 0.233311 0.0340878 -0.995939 0.0825252 -0.0359787 -0.996917 0.0784582 0 0 0.999848 0.0174085 -0.195088 0.980699 -0.0130724 -0.433844 0.90084 0.016314 0.936459 0.350696 -0.00755595 0.974793 0.222473 0.0168659 0.995712 0.0925027 0 0.172347 0.984991 -0.00948343 0.433863 0.900874 0.013769 0.496522 0.868021 -0.00220949 0.781808 0.623512 0.00290526 0.761685 0.647832 0.0122375 -0.555537 0.831421 -0.0108836 -0.831293 0.555494 0.0194461 -0.781774 0.623486 -0.00972964 -0.980753 0.195062 0.0086693 -0.974932 0.222505 0 -0.433906 -0.900958 0 -0.781809 -0.623518 0 -0.781809 -0.623518 0 -0.974932 -0.222505 0 -0.974932 -0.222505 0 -0.433906 -0.900958 0 0 -1 0 0 -1 0 0.433908 -0.900957 0 0.433908 -0.900957 0 0.781809 -0.623518 0 0.781809 -0.623518 0 0.974932 -0.222505 0 0.974932 -0.222505 0 0 0 -1 0 0 -1 0 0 -1 0 0 -1 0 0 -1 0 0 -1 0 0 -1 0 0 -1 0 0 -1 0 0 -1 0 0 -1 0 0 -1 0 0 -1 0 0 -1 0 0 -1 0 0 -1 0 0 -1 0 0 -1 0 0 -1 0 0 -1 0 0 -1 0 0 -1 0 0 -1 0 0 -1 0 0 -1 0 0 -1 0 0 -1 0 0 -1 0 0 -1 0 0 -1 0.195099 0.980784 0 0.55555 0.831483 0 0.55555 0.831483 0 0.831494 0.555534 0 0.831494 0.555534 0 0.980783 0.195104 0 0.980783 0.195104 0 0.195099 0.980784 0 -0.195098 0.980784 0 -0.195098 0.980784 0 -0.55555 0.831483 0 -0.55555 0.831483 0 -0.831494 0.555534 0 -0.831494 0.555534 0 -0.980783 0.195104 0 -0.980783 0.195104 0 -0.195093 -0.980785 0 -0.55555 -0.831483 0 -0.55555 -0.831483 0 -0.831484 -0.555549 0 -0.831484 -0.555549 0 -0.980784 -0.195098 0 -0.980784 -0.195098 0 -0.195093 -0.980785 0 0.195094 -0.980785 0 0.195094 -0.980785 0 0.55555 -0.831483 0 0.55555 -0.831483 0 0.831484 -0.555549 0 0.831484 -0.555549 0 0.980784 -0.195098 0 0.980784 -0.195098 0 -0.188662 0.948572 -0.254202 -0.537303 0.804173 -0.254187 -0.537346 0.804176 -0.254087 -0.804207 0.537303 -0.254081 -0.804146 0.537323 -0.254231 -0.94856 0.188694 -0.25422 -0.948588 0.18867 -0.254134 -0.188693 0.948587 -0.254119 0.188667 0.948592 -0.254121 0.18869 0.948565 -0.254204 0.537332 0.804155 -0.254186 0.537318 0.804195 -0.254086 0.804178 0.537344 -0.254083 0.804173 0.537281 -0.254233 0.948566 0.188666 -0.254218 0.948583 0.188699 -0.254132 0.188693 -0.948565 -0.254204 0.537303 -0.804173 -0.254187 0.537313 -0.804174 -0.254165 0.804185 -0.53731 -0.254134 0.804167 -0.537316 -0.254179 0.948566 -0.188689 -0.254201 0.948588 -0.18867 -0.254134 0.188684 -0.948561 -0.254225 -0.188691 -0.94856 -0.254225 -0.188685 -0.948567 -0.254204 -0.53731 -0.804169 -0.254187 -0.537307 -0.804178 -0.254164 -0.804177 -0.537322 -0.254135 -0.804175 -0.537303 -0.25418 -0.948571 -0.188667 -0.2542 -0.948584 -0.188693 -0.254133 -0.136707 0.849119 -0.510203 -0.373494 0.84912 -0.373495 -0.510203 0.849119 -0.136708 -0.510203 0.849119 0.136708 -0.373494 0.84912 0.373495 -0.136707 0.849119 0.510203 0.136707 0.849119 0.510203 0.373494 0.84912 0.373495 0.510203 0.849119 0.136708 0.510203 0.849119 -0.136708 0.373494 0.84912 -0.373495 0.136707 0.849119 -0.510203 -0.136708 0.849119 -0.510203 -0.373493 0.849119 -0.373496 -0.510204 0.849119 -0.136707 -0.510204 0.849119 0.136707 -0.373493 0.849119 0.373496 -0.136708 0.849119 0.510203 0.136706 0.849119 0.510204 0.373494 0.84912 0.373494 0.510203 0.84912 0.136707 0.510203 0.84912 -0.136707 0.373494 0.84912 -0.373494 0.136706 0.849119 -0.510204 -0.965926 0 0.258818 -0.707106 0 0.707107 -0.707106 0 0.707107 -0.258816 0 0.965927 -0.258816 0 0.965927 -0.965926 0 0.258818 -0.965926 0 -0.258818 -0.965926 0 -0.258818 -0.707106 0 -0.707107 -0.707106 0 -0.707107 -0.258816 0 -0.965927 -0.258816 0 -0.965927 0.965926 0 -0.258818 0.707106 0 -0.707107 0.707106 0 -0.707107 0.258816 0 -0.965927 0.258816 0 -0.965927 0.965926 0 -0.258818 0.965926 0 0.258818 0.965926 0 0.258818 0.707106 0 0.707107 0.707106 0 0.707107 0.258816 0 0.965927 0.258816 0 0.965927 -0.965927 0 0.258816 -0.707104 0 0.70711 -0.707104 0 0.70711 -0.258818 0 0.965926 -0.258818 0 0.965926 -0.965927 0 0.258816 -0.965927 0 -0.258816 -0.965927 0 -0.258816 -0.707104 0 -0.70711 -0.707104 0 -0.70711 -0.258818 0 -0.965926 -0.258818 0 -0.965926 0.965927 0 -0.258816 0.707107 0 -0.707107 0.707107 0 -0.707107 0.258815 0 -0.965927 0.258815 0 -0.965927 0.965927 0 -0.258816 0.965927 0 0.258816 0.965927 0 0.258816 0.707107 0 0.707107 0.707107 0 0.707107 0.258815 0 0.965927 0.258815 0 0.965927 0.25883 0 -0.965923 0.25883 0 -0.965923 0.707107 0 -0.707107 0.707107 0 -0.707107 0.965923 0 -0.25883 0.965923 0 -0.25883 0 1 0 0 1 0 0 1 0 0 1 0 0 1 0 0 1 0 0 1 0 0 1 0 0 1 0 0 1 0 0 1 0 0 1 0 0 1 0 0 1 0 0 1 0 0 1 0 0 1 0 0 1 0 0 1 0 0 1 0 0 1 0 0 1 0 0 1 0 0 1 0 0 1 0 0 1 0 0 1 0 0 1 0 0 1 0 0 1 0 0 1 0 0 1 0 0 1 0 0 1 0 0 1 0 0 1 0 0 1 0 0 1 0 0 1 0 0 1 0 0 1 0 0 1 0 0 1 0 0 1 0 0.939693 -0.34202 -1.97891e-07 0.939693 -0.34202 -7.8043e-07 0.939692 -0.342021 4.65876e-07 0.939693 -0.34202 2.27064e-07 0.939693 -0.34202 9.6377e-08 0.939693 -0.34202 0 0.939693 -0.34202 1.17507e-07 0.939692 -0.342021 8.1527e-07 0.939692 -0.342022 1.21484e-06 0.939693 -0.34202 6.74266e-07 0.939695 -0.342014 0 0 0 1 0 0 1 0 0 1 0 0 1 0 0 1 0 0 1 0 0 1 0 0 1 0 0 1 0 0 1 0 0 1 0 0 1 0 0 1 0 0 1 0 0 1 0.258819 -0.965926 2.89926e-06 0.258819 -0.965926 -9.88113e-07 0.25882 -0.965926 4.17123e-05 0.258819 -0.965926 0 0.258819 -0.965926 1.88792e-07 0.258819 -0.965926 0 0.258819 -0.965926 3.26368e-07 0.25882 -0.965926 0 0.258819 -0.965926 -6.95002e-06 0.25882 -0.965926 1.27139e-05 -0.994522 -0.104526 0 -0.994522 -0.104526 0 -0.951059 -0.30901 0 -0.951059 -0.30901 0 -0.866024 -0.500002 0 -0.866024 -0.500002 0 -0.743147 -0.669129 0 -0.743147 -0.669129 0 -0.587782 -0.80902 0 -0.587782 -0.80902 0 -0.406739 -0.913544 0 -0.406739 -0.913544 0 -0.20791 -0.978148 0 -0.20791 -0.978148 0 0 -1 0 0 -1 0 0.207913 -0.978147 0 0.207913 -0.978147 0 0.406733 -0.913547 0 0.406733 -0.913547 0 0.58779 -0.809013 0 0.58779 -0.809013 0 0.743144 -0.669131 0 0.743144 -0.669131 0 0.866024 -0.500002 0 0.866024 -0.500002 0 0.951055 -0.309022 0 0.951055 -0.309022 0 0.994522 -0.104526 0 0.994522 -0.104526 0 0.994522 0.104526 0 0.994522 0.104526 0 0.951055 0.309022 0 0.951055 0.309022 0 0.866024 0.500002 0 0.866024 0.500002 0 0.743145 0.669131 0 0.743145 0.669131 0 0.58779 0.809014 0 0.58779 0.809014 0 0.406733 0.913547 0 0.406733 0.913547 0 0.207915 0.978147 0 0.207915 0.978147 0 0 1 0 0 1 0 -0.207911 0.978148 0 -0.207911 0.978148 0 -0.406739 0.913544 0 -0.406739 0.913544 0 -0.587782 0.80902 0 -0.587782 0.80902 0 -0.743147 0.669129 0 -0.743147 0.669129 0 -0.866024 0.500002 0 -0.866024 0.500002 0 -0.951059 0.30901 0 -0.951059 0.30901 0 -0.994522 0.104526 0 -0.994522 0.104526 0 -0.951054 -0.30902 -0.00160926 -0.873202 -0.487357 0.0015606 -0.866023 -0.499999 -0.00234116 -0.756617 -0.653855 0.00227168 -0.743142 -0.669127 -0.00302886 -0.608757 -0.793351 0.00293334 -0.587781 -0.809012 -0.00366734 -0.435751 -0.90006 0.00354919 -0.406733 -0.913537 -0.00425872 -0.244742 -0.96958 0.00411757 -0.20791 -0.978136 -0.00480331 -0.0436182 -0.999038 0.00463827 0.347865 -0.937513 0.00770346 0.406712 -0.91349 -0.0110023 0.516083 -0.856489 0.00917341 0.587743 -0.80896 -0.01192 0.666316 -0.745608 0.00954069 0.743095 -0.669084 -0.0117362 0.793324 -0.608736 0.00880679 0.865985 -0.499961 -0.0104526 0.892672 -0.450653 0.00696285 0.951024 -0.30901 -0.0080756 0.207904 -0.978108 -0.00898532 0.182236 -0.983255 0 0.159305 -0.987216 0.00511172 0 -0.999986 -0.00530057 -0.994823 -0.101625 0 -0.994522 -0.104522 -0.000828943 -0.953715 -0.30071 0.000803204 0.994521 -0.104538 0 0.995619 -0.0933668 -0.00513334 0.960912 -0.276824 0.00403114 0 0 -1 0 0 -1 0 0 -1 0 0 -1 0 0 -1 0 0 -1 0 0 -1 0 0 -1 0 0 -1 0 0 -1 0 0 -1 0 0 -1 0 0 -1 0 0 -1 0 0 -1 0 0 -1 0 0 -1 0 0 -1 0 0 -1 0 0 -1 0 0 -1 0 0 -1 0 0 -1 0 0 -1 0 0 -1 0 0 -1 0 0 -1 0 0 -1 0 0 -1 0 0 -1 0 0 -1 0 0 -1 0 0 -1 0 0 -1 0 0 -1 0 0 -1 0 0 -1 0 0 -1 0 0 -1 0 0 -1 0 0 -1 0 0 -1 0 0 -1 0 0 -1 0 0 -1 0 0 -1 0 0 -1 0 0 -1 0 0 -1 0 0 -1 0 0 -1 0 0 -1 0 0 -1 0 0 -1 -0.649449 0.760405 0 -0.649449 0.760405 0 -0.782607 0.622516 0 -0.782607 0.622516 0 -0.887008 0.461754 0 -0.887008 0.461754 0 -0.95882 0.284013 0 -0.95882 0.284013 0 -0.995397 0.0958363 0 -0.995397 0.0958363 0 0.994522 -0.104526 0 0.994522 -0.104526 0 0.951055 -0.309022 0 0.951055 -0.309022 0 0.866024 -0.500002 0 0.866024 -0.500002 0 0.743144 -0.669131 0 0.743144 -0.669131 0 0.58779 -0.809013 0 0.58779 -0.809013 0 0.406733 -0.913547 0 0.406733 -0.913547 0 0.207913 -0.978147 0 0.207913 -0.978147 0 0 -1 0 0 -1 0 -0.20791 -0.978148 0 -0.20791 -0.978148 0 -0.406739 -0.913544 0 -0.406739 -0.913544 0 -0.587782 -0.80902 0 -0.587782 -0.80902 0 -0.743147 -0.669129 0 -0.743147 -0.669129 0 -0.866024 -0.500002 0 -0.866024 -0.500002 0 -0.951059 -0.30901 0 -0.951059 -0.30901 0 -0.994522 -0.104526 0 -0.994522 -0.104526 0 -0.994522 0.104526 0 -0.994522 0.104526 0 -0.951059 0.30901 0 -0.951059 0.30901 0 -0.866024 0.500002 0 -0.866024 0.500002 0 -0.743147 0.669129 0 -0.743147 0.669129 0 -0.587782 0.80902 0 -0.587782 0.80902 0 -0.406739 0.913544 0 -0.406739 0.913544 0 -0.207911 0.978148 0 -0.207911 0.978148 0 0 1 0 0 1 0 0.207915 0.978147 0 0.207915 0.978147 0 0.406733 0.913547 0 0.406733 0.913547 0 0.58779 0.809014 0 0.58779 0.809014 0 0.743145 0.669131 0 0.743145 0.669131 0 0.866024 0.500002 0 0.866024 0.500002 0 0.951055 0.309022 0 0.951055 0.309022 0 0.994522 0.104526 0 0.994522 0.104526 0 0 0 1 0 0 1 0 0 1 0 0 1 0 0 1 0 0 1 0 0 1 0 0 1 0 0 1 0 0 1 0 0 1 0 0 1 0 0 1 0 0 1 0 0 1 0 0 1 0 0 1 0 0 1 0 0 1 0 0 1 0 0 1 0 0 1 0 0 1 0 0 1 0 0 1 0 0 1 0 0 1 0 0 1 0 0 1 0 0 1 0 0 1 0 0 1 0 0 1 0 0 1 0 0 1 0 0 1 0 0 1 0 0 1 0 0 1 0 0 1 0 0 1 0 0 1 0 0 1 0 0 1 0 0 1 0 0 1 0 0 1 0 0 1 0 0 1 0 0 1 0 0 1 0 0 1 0 0 1 0 0 1 0.573577 -0.819152 0 0.573577 -0.819152 0 0.564862 -0.806708 0.173643 0.565447 -0.820854 0.0804273 0.562036 -0.806371 0.184071 0.53168 -0.756628 0.380566 0.494381 -0.711044 0.500004 0.455814 -0.646077 -0.612224 0.364292 -0.529608 -0.766033 0.353487 -0.504829 -0.787524 0.564862 -0.806708 -0.173647 0.56541 -0.810339 -0.153823 0.498129 -0.708422 -0.500005 0.520096 -0.770826 -0.367868 0.455288 -0.647615 0.610989 0.344555 -0.497279 0.796239 0.368689 -0.526541 0.766044 0.286794 -0.409595 -0.866014 0.286789 -0.409575 -0.866026 0.261615 -0.426916 -0.865621 0.251668 -0.420817 -0.871537 0.210913 -0.462811 -0.861001 0.194637 -0.454573 -0.869183 0.152463 -0.483556 -0.861933 0.141415 -0.475672 -0.868181 0.0920619 -0.49672 -0.863015 0.0859614 -0.490821 -0.867009 0.0307119 -0.502131 -0.864246 0.0289189 -0.499801 -0.865657 0.430294 -0.902688 -0.000929468 0.492266 -0.870444 0.000911804 0.489156 -0.872196 -0.000389785 0.547034 -0.83711 0.000377704 0.545993 -0.83779 0 0.435573 -0.900152 0.00171119 0.389757 -0.920918 -0.000688419 0.395482 -0.918473 0.000675372 0.371262 -0.928528 -0.000503638 0.376689 -0.92634 0.000745142 0.357976 -0.933731 -0.000482077 0.363729 -0.931504 0.00092531 0.351097 -0.936339 -0.000334779 0.354372 -0.935104 0.000575862 0 -0.258819 0.965926 -4.71461e-07 -0.258819 0.965926 0.200377 -0.000764087 -0.979719 0.250865 0.00155123 -0.968021 0.266562 0 -0.963818 0.0507726 0 -0.99871 0.0525231 -0.000245519 -0.99862 0.151801 0.000236813 -0.988411 0.135433 0.00246388 -0.990783 -0.695483 -0.00205666 0.718539 -0.779192 0.000831281 0.626785 -0.996371 -0.000738376 -0.0851098 -0.958935 0.00072355 -0.283625 -0.935367 -0.00191233 -0.353674 -0.865647 0.00120071 -0.500654 -0.803213 -0.00134059 -0.595691 -0.72006 0.00141013 -0.69391 -0.621681 -0.00169962 -0.783269 -0.532524 0.00111315 -0.846414 -0.324333 -0.00242152 -0.94594 -0.366679 0 -0.930348 -0.605457 0.00168114 0.795876 -0.443815 -0.0019261 0.896116 -0.39532 0 0.918543 -0.999797 0.00163913 -0.0200962 -0.982137 -0.00172039 0.188161 -0.970256 0.000402912 0.24208 -0.880319 -0.000536839 0.474383 -0.891672 -0.00179258 0.452678 0 -1 0 0 -1 0 0.160991 -0.986956 0 0.15444 -0.987999 -0.00261666 0.137068 -0.990561 0.00109473 0.108998 -0.994036 -0.00349849 0.0578736 -0.998023 -0.0245218 -0.214992 -0.963841 -0.157443 0.102527 -0.99473 -0.000171318 0.0344848 -0.999405 0 0.028219 -0.999597 -0.0032298 0.0628863 -0.998021 3.25476e-05 0.0596793 -0.998214 -0.00261881 0.00235828 0.608766 -0.793346 -0.00175446 0.486201 -0.873845 0.00262095 0.382682 -0.923876 -0.000470725 0.977014 -0.213174 0.00471627 0.997284 -0.0735032 0 0.991445 -0.130527 -0.000132955 0.896196 -0.443658 0.00469266 0.942831 -0.333239 0.000921073 0.923879 -0.382685 -0.000937717 0.659238 -0.751934 0.00141819 0.802635 -0.596469 0.000250795 0.793349 -0.608767 -0.00184733 0.283174 -0.959067 0.00239625 0.130527 -0.991442 0 0.0881036 -0.996111 0 1 0 0 1 0 -0.00200344 -0.270131 -0.962821 0.00429941 -0.246487 -0.969137 -0.00465424 0.659339 -0.751832 0.00278699 0.672054 -0.740497 -0.00296688 0.751838 -0.659342 0.00120502 0.758252 -0.65196 -0.00438074 0.980775 -0.19509 0 -0.395927 -0.918282 -0.00378895 -0.373641 -0.927566 0.00101338 -0.33742 -0.941354 -0.00480671 -0.15218 -0.988341 -0.000848755 -0.16337 -0.986565 0.0008841 -0.0568889 -0.99838 -8.83034e-06 -0.0546784 -0.998504 -8.83706e-06 0.0383432 -0.999265 -0.00811301 0.0654008 -0.997826 0.00090791 0.107879 -0.994164 -0.00170063 0.183761 -0.982969 -0.00657473 0.19508 -0.980765 0.00464627 0.277791 -0.96063 -0.0175337 0.347013 -0.937697 -0.00374519 0.321446 -0.94692 0.00217624 0.407167 -0.913351 -0.0199127 0.474162 -0.880212 0.000487683 0.442286 -0.896874 -0.000286214 0.534012 -0.845477 -0.00858068 0.555547 -0.831441 0.00227707 0.595756 -0.803163 -0.00134387 0.833241 -0.552908 -0.000139414 0.83147 -0.55557 8.55109e-05 0.886977 -0.461814 -0.00499249 0.896861 -0.442285 0.00233588 0.923518 -0.383547 -0.00353741 0.943708 -0.33076 -0.00504553 0.946919 -0.321433 0.00429465 0.964525 -0.263958 0 0.997859 -0.0654044 -0.00394109 0.998867 -0.0474347 0.00214462 0.988458 -0.15148 0.98481 0.173635 0 0.98481 0.173635 0 0.866027 0.499998 0 0.866027 0.499998 0 0.642772 0.766058 0 0.642772 0.766058 0 0.34202 0.939693 0 0.34202 0.939693 0 0 1 0 0 1 0 -0.34202 0.939693 0 -0.34202 0.939693 0 -0.642772 0.766058 0 -0.642772 0.766058 0 -0.866037 0.49998 0 -0.866037 0.49998 0 -0.984806 0.173658 0 -0.984806 0.173658 0 -0.890263 -0.453614 -0.0408135 -0.755295 -0.653771 0.0459627 -0.706774 -0.706774 -0.0306544 -0.491718 -0.870088 0.0340659 -0.453928 -0.890876 -0.0170413 0.491709 -0.870093 -0.0340537 0.706774 -0.706774 0.0306754 0.755294 -0.653774 -0.0459374 0.890262 -0.453613 0.0408444 -0.99505 -0.0993713 0 -0.98657 -0.156259 -0.0475789 -0.930737 -0.361621 0.0543903 -0.170594 -0.985163 0.0187439 -0.156436 -0.987688 0 0.156435 -0.987688 0 0.170593 -0.985163 -0.0187439 0.453928 -0.890876 0.0170413 0.99505 -0.0993713 0 0.98657 -0.156259 0.0475789 0.930746 -0.3616 -0.0543795 0.766063 0.491432 -0.414298 0.76588 0.313943 -0.56113 0.766749 0.294258 -0.570533 0.765979 0.203319 -0.609867 0.766058 0.139641 -0.627419 0.76589 0.113775 -0.632826 0.766019 0.495814 -0.409125 0.765978 0.4963 -0.408612 0.766173 0.503318 -0.399561 0.768175 0.510322 -0.386624 0.772303 0.516863 -0.369325 0.781152 0.525304 -0.337427 0.811316 0.547262 -0.205596 0.766043 0.347073 -0.541035 0.767542 0.334971 -0.546511 0.766067 0.358823 -0.53328 0.765964 0.377265 -0.520548 0.766528 0.390766 -0.509644 0.767053 0.395729 -0.505002 0.76582 0.23959 -0.596755 0.767796 0.222722 -0.600736 0.766851 0.237964 -0.596081 0.7662 0.251305 -0.591425 0.765984 0.266226 -0.585143 0.766129 0.280074 -0.57845 0.766754 0.294202 -0.570556 0.76643 0.486181 -0.419778 0.765668 0.49157 -0.414864 0.766046 0.486667 -0.419915 0.766036 0.481703 -0.425618 0.766198 0.478718 -0.428684 0.765184 0.466115 -0.444106 0.764567 0.469776 -0.441303 0.767522 0.439104 -0.467009 0.76682 0.398911 -0.502849 0.765939 0.411737 -0.493771 0.765846 0.44251 -0.466546 0.769935 0.420376 -0.480088 0.765989 0.148372 -0.625498 0.765849 0.152816 -0.624598 0.766441 0.182129 -0.615952 0.767334 0.17296 -0.617482 0.766522 0.187308 -0.614296 0.766065 0.126659 -0.63016 0.765934 0.127634 -0.630122 0.765995 0.112685 -0.632894 0.766012 0.133185 -0.628878 0.765922 0.131461 -0.629351 0.765956 0.132529 -0.629085 0.767137 0.0767929 -0.636871 0.766685 0.0812955 -0.636856 0.766073 0.0933521 -0.635938 0.76579 0.0257522 -0.642575 0.766608 0.0227692 -0.641712 0.765634 0.0589465 -0.64057 0 0 -1 0 0 -1 0 0 -1 0 0 -1 0 0 -1 0 0 -1 0 0 -1 0 0 -1 0 0 -1 0 0 -1 0 0 -1 0 0 -1 0 0 -1 0 0 -1 0 0 -1 0 0 -1 0 0 -1 0 0 -1 0 0 -1 0 0 -1 0 0 -1 0 0 -1 0 0 -1 0 0 -1 0 0 -1 0 0 -1 0 0 -1 0 0 -1 0 0 -1 0 0 -1 0 0 -1 0 0 -1 0 0 -1 0 0 -1 0 0 -1 0 0 -1 0.766049 0 -0.642783 0.766052 -3.24548e-06 -0.642778 0.766045 -1.5992e-06 -0.642787 0.766044 4.8615e-07 -0.642788 0.766044 -3.0998e-06 -0.642788 0.766045 1.30734e-06 -0.642787 0.766043 -4.06189e-06 -0.64279 0.766052 1.48371e-05 -0.642779 0.766044 0 -0.642788 0.766043 2.68153e-06 -0.642789 0.766047 -6.91941e-06 -0.642784 0.766046 5.66391e-06 -0.642786 0.766052 -5.04671e-06 -0.642779 0.766041 5.07237e-06 -0.642791 0.766042 9.38472e-07 -0.64279 -1 0 0 -1 0 0 -1 0 0 -1 0 0 -1 0 0 -1 0 0 -1 0 0 -1 0 0 -1 0 0 -1 0 0 -1 0 0 -1 0 0 -1 0 0 -1 0 0 -1 0 0 -1 0 0 -1 0 0 -1 0 0 -1 0 0 -1 0 0 -1 0 0 -1 0 0 -1 0 0 -1 0 0 -1 0 0 -1 0 0 -1 0 0 -1 0 0 -1 0 0 -1 0 0 -1 0 0 -1 0 0 -1 0 0 -1 0 0 -1 0 0 -1 0 0 -1 0 0 -1 0 0 -1 0 0 -1 0 0 -1 0 0 -1 0 0 -1 0 0 -1 0 0 -1 0 0 -1 0 0 0 0.17365 0.984807 0 0.17365 0.984807 0 0.499995 0.866028 0 0.499995 0.866028 0 0.766042 0.642791 0 0.766042 0.642791 0 0.939699 0.342003 0 0.939699 0.342003 0 1 0 0 1 0 0 0.939699 -0.342003 0 0.939699 -0.342003 0 0.766041 -0.642792 0 0.766041 -0.642792 0 0.499997 -0.866027 0 0.499997 -0.866027 0 0.173648 -0.984808 0 0.173648 -0.984808 0 -0.173653 -0.984807 0 -0.173653 -0.984807 0 -0.499997 -0.866027 0 -0.499997 -0.866027 0 -0.766041 -0.642792 0 -0.766041 -0.642792 0 -0.939692 -0.342021 0 -0.939692 -0.342021 0 -1 0 0 -1 0 0 -0.939692 0.342021 0 -0.939692 0.342021 0 -0.766042 0.642791 0 -0.766042 0.642791 0 -0.499995 0.866028 0 -0.499995 0.866028 0 -0.173654 0.984807 0 -0.173654 0.984807 0 0.995185 -0.0980188 0 0.956941 -0.290282 0 0.956941 -0.290282 0 0.881921 -0.471397 0 0.881921 -0.471397 0 0.773011 -0.634392 0 0.773011 -0.634392 0 0.634392 -0.773012 0 0.634392 -0.773012 0 0.471395 -0.881922 0 0.471395 -0.881922 0 0.290285 -0.95694 0 0.290285 -0.95694 0 0.0980175 -0.995185 0 0.0980175 -0.995185 0 0.995185 -0.0980188 0 0.995185 0.0980188 0 0.995185 0.0980188 0 0.956941 0.290282 0 0.956941 0.290282 0 0.881921 0.471397 0 0.881921 0.471397 0 0.773011 0.634392 0 0.773011 0.634392 0 0.634392 0.773012 0 0.634392 0.773012 0 0.471395 0.881922 0 0.471395 0.881922 0 0.290285 0.95694 0 0.290285 0.95694 0 0.0980175 0.995185 0 0.0980175 0.995185 0 -0.995185 0.0980188 0 -0.956942 0.290279 0 -0.956942 0.290279 0 -0.88192 0.471398 0 -0.88192 0.471398 0 -0.773012 0.634391 0 -0.773012 0.634391 0 -0.63439 0.773013 0 -0.63439 0.773013 0 -0.471401 0.881919 0 -0.471401 0.881919 0 -0.290281 0.956941 0 -0.290281 0.956941 0 -0.0980177 0.995185 0 -0.0980177 0.995185 0 -0.995185 0.0980188 0 -0.995185 -0.0980188 0 -0.995185 -0.0980188 0 -0.956942 -0.290279 0 -0.956942 -0.290279 0 -0.88192 -0.471398 0 -0.88192 -0.471398 0 -0.773012 -0.634391 0 -0.773012 -0.634391 0 -0.63439 -0.773013 0 -0.63439 -0.773013 0 -0.471401 -0.881919 0 -0.471401 -0.881919 0 -0.290281 -0.956941 0 -0.290281 -0.956941 0 -0.0980177 -0.995185 0 -0.0980177 -0.995185 0.765934 0.603943 0.22045 0.76524 0.603647 0.22365 0.768001 0.60288 -0.216127 0.79106 0.581907 0.188701 0.763831 0.612498 0.203492 0.769358 0.617554 0.163448 0.763215 0.625781 0.160935 0.759504 0.617701 0.203962 0.756916 0.621981 0.200545 0.7547 0.625519 0.197871 0.752457 0.62874 0.196201 0.763215 0.625781 -0.160935 0.769358 0.617554 -0.163448 0.764974 0.613532 -0.195945 0.762175 0.614794 -0.202774 0.76037 0.616207 -0.205245 0.784653 0.591863 -0.184439 0.762713 0.611959 0.209224 0.780594 0.589858 0.206739 0.770101 0.601983 0.211095 0.767605 0.604163 0.213939 0.765642 0.605148 0.218148 0.768409 0.630462 -0.10984 0.764196 0.635923 -0.107732 0.7674 0.638786 -0.055229 0.76523 0.641493 -0.0539518 0.766318 0.642462 0 0.766318 0.642462 0 0.765167 0.641439 0.0554583 0.76746 0.638842 0.0537288 0.763947 0.635704 0.110753 0.76865 0.630684 0.106845 0.766754 0.603835 -0.217878 0.766069 0.603967 -0.219915 0.766257 0.603753 -0.219846 0.766673 0.603931 -0.217898 0.765613 0.603941 -0.221567 0.76514 0.606242 -0.216868 0.76979 0.602923 -0.20954 0.776161 0.595789 -0.206421 0.772542 0.603784 -0.196529 0.76336 0.610354 -0.211543 0.766512 0.603983 0.218321 0.768071 0.600687 0.221905 0.766218 0.603896 0.21959 -1 0 0 -1 0 0 -1 0 0 -1 0 0 -1 0 0 -1 0 0 -1 0 0 -1 0 0 -1 0 0 -1 0 0 -1 0 0 -1 0 0 -1 0 0 -1 0 0 -1 0 0 -1 0 0 -1 0 0 -1 0 0 -1 0 0 -1 0 0 -1 0 0 -1 0 0 -1 0 0 -1 0 0 -1 0 0 -1 0 0 -1 0 0 -1 0 0 -1 0 0 -1 0 0 -1 0 0 -1 0 0 -1 0 0 -1 0 0 -1 0 0 -1 0 0 -1 0 0 -1 0 0 -1 0 0 -1 0 0 -1 0 0 -1 0 0 -1 0 0 -1 0 0 -1 0 0 -1 0 0 -1 0 0 -1 0 0 -1 0 0 -1 0 0 -1 0 0 -1 0 0 -1 0 0 -1 0 0 -1 0 0 -1 0 0 -1 0 0 -1 0 0 -1 0 0 -1 0 0 -1 0 0 -1 0 0 -1 0 0 -1 0 0 -1 0 0 -1 0 0 -1 0 0 -1 0 0 -1 0 0 -1 0 0 -1 0 0 -1 0 0 -1 0 0 -1 0 0 -1 0 0 -1 0 0 -1 0 0 -1 0 0 -1 0 0 -1 0 0 -1 0 0 -1 0 0 -1 0 0 -1 0 0 -1 0 0 -1 0 0 -1 0 0 -1 0 0 -1 0 0 -1 0 0 -1 0 0 -1 0 0 -1 0 0 -1 0 0 -1 0 0 -1 0 0 -1 0 0 -1 0 0 -1 0 0 -1 0 0 -1 0 0 -1 0 0 -1 0 0 -1 0 0 -1 0 0 -1 0 0 -1 0 0 -1 0 0 -1 0 0 -1 0 0 -1 0 0 -1 0 0 -1 0 0 -1 0 0 -1 0 0 -1 0 0 -1 0 0 -1 0 0 -1 0 0 -1 0 0 -1 0 0 -1 0 0 -1 0 0 -1 0 0 -1 0 0 -1 0 0 -1 0 0 -1 0 0 -1 0 0 -1 0 0 -1 0 0 -1 0 0 -1 0 0 -1 0 0 -1 0 0 -1 0 0 -1 0 0 -1 0 0 -1 0 0 -1 0 0 -1 0 0 -1 0 0 -1 0 0 -1 0 0 -1 0 0 -1 0 0 -1 0 0 -1 0 0 -1 0 0 -1 0 0 -1 0 0 -1 0 0 -1 0 0 -1 0 0 -1 0 0 -1 0 0 -1 0 0 -1 0 0 -0.00563948 0.532695 -0.846289 0.00441222 0.998509 0.0544028 -0.0113804 0.993375 0.114353 0 0.966793 0.255562 0.0036007 0.947746 -0.319007 -0.0114145 0.966343 -0.257005 -0.00151855 0.990182 -0.139775 0.00342688 0.728334 -0.685214 -0.0121031 0.805325 -0.592709 -0.00244377 0.847393 -0.53096 0.00557199 0.482705 -0.875766 -0.00659426 0.147785 -0.988998 0 0.186177 -0.982516 0 -0.98883 0.14905 0 -0.955573 0.294753 0 -0.955573 0.294753 0 -0.900969 0.433884 0 -0.900969 0.433884 0 -0.826238 0.563322 0 -0.826238 0.563322 0 -0.733052 0.680173 0 -0.733052 0.680173 0 -0.623488 0.781833 0 -0.623488 0.781833 0 -0.500001 0.866025 0 -0.500001 0.866025 0 -0.365338 0.930875 0 -0.365338 0.930875 0 -0.222525 0.974927 0 -0.222525 0.974927 0 -0.07473 0.997204 0 -0.07473 0.997204 0 -0.98883 0.14905 0 -1 0 0 -1 0 0 -0.98883 -0.14905 0 -0.98883 -0.14905 0 -0.955573 -0.294753 0 -0.955573 -0.294753 0 -0.900969 -0.433884 0 -0.900969 -0.433884 0 -0.826238 -0.563321 0 -0.826238 -0.563321 0 -0.733051 -0.680174 0 -0.733051 -0.680174 0 -0.623488 -0.781833 0 -0.623488 -0.781833 0 -0.500002 -0.866024 0 -0.500002 -0.866024 0 -0.365338 -0.930875 0 -0.365338 -0.930875 0 -0.222524 -0.974927 0 -0.222524 -0.974927 0 -0.07473 -0.997204 0 -0.07473 -0.997204 0 0.988831 -0.149039 0 0.955573 -0.294753 0 0.955573 -0.294753 0 0.90097 -0.433882 0 0.90097 -0.433882 0 0.826234 -0.563327 0 0.826234 -0.563327 0 0.733056 -0.680169 0 0.733056 -0.680169 0 0.623488 -0.781833 0 0.623488 -0.781833 0 0.500002 -0.866024 0 0.500002 -0.866024 0 0.365339 -0.930875 0 0.365339 -0.930875 0 0.222522 -0.974928 0 0.222522 -0.974928 0 0.0747307 -0.997204 0 0.0747307 -0.997204 0 0.988831 -0.149039 0 1 0 0 1 0 0 0.988831 0.149039 0 0.988831 0.149039 0 0.955573 0.294753 0 0.955573 0.294753 0 0.90097 0.433882 0 0.90097 0.433882 0 0.826233 0.563328 0 0.826233 0.563328 0 0.733056 0.680168 0 0.733056 0.680168 0 0.623488 0.781833 0 0.623488 0.781833 0 0.500001 0.866025 0 0.500001 0.866025 0 0.365339 0.930875 0 0.365339 0.930875 0 0.222522 0.974928 0 0.222522 0.974928 0 0.0747307 0.997204 0 0.0747307 0.997204 0 -0.965932 0.258796 0 -0.70709 0.707124 0 -0.70709 0.707124 0 -0.258828 0.965923 0 -0.258828 0.965923 0 -0.965932 0.258796 0 -0.965932 -0.258796 0 -0.965932 -0.258796 0 -0.70709 -0.707124 0 -0.70709 -0.707124 0 -0.258833 -0.965922 0 -0.258833 -0.965922 0 0.965923 -0.258828 0 0.707107 -0.707107 0 0.707107 -0.707107 0 0.258833 -0.965922 0 0.258833 -0.965922 0 0.965923 -0.258828 0 0.965923 0.258828 0 0.965923 0.258828 0 0.707107 0.707107 0 0.707107 0.707107 0 0.258828 0.965923 0 0.258828 0.965923 0 0.142313 0.989822 0 0.142313 0.989822 0 0.415415 0.909632 0 0.415415 0.909632 0 0.654863 0.755748 0 0.654863 0.755748 0 0.841248 0.54065 0 0.841248 0.54065 0 0.959494 0.28173 0 0.959494 0.28173 0 1 0 0 1 0 0 0.959494 -0.28173 0 0.959494 -0.28173 0 0.841249 -0.540648 0 0.841249 -0.540648 0 0.654861 -0.755749 0 0.654861 -0.755749 0 0.415414 -0.909632 0 0.415414 -0.909632 0 0.142316 -0.989821 0 0.142316 -0.989821 0 -0.142317 -0.989821 0 -0.142317 -0.989821 0 -0.415414 -0.909632 0 -0.415414 -0.909632 0 -0.654861 -0.755749 0 -0.654861 -0.755749 0 -0.841257 -0.540636 0 -0.841257 -0.540636 0 -0.959489 -0.281746 0 -0.959489 -0.281746 0 -1 0 0 -1 0 0 -0.959489 0.281747 0 -0.959489 0.281747 0 -0.841256 0.540637 0 -0.841256 0.540637 0 -0.654863 0.755748 0 -0.654863 0.755748 0 -0.415415 0.909632 0 -0.415415 0.909632 0 -0.142314 0.989822 0 -0.142314 0.989822 0 0.0871555 0.996195 0 0.0871555 0.996195 0 0.258818 0.965926 0 0.258818 0.965926 0 0.422619 0.906307 0 0.422619 0.906307 0 0.573575 0.819153 0 0.573575 0.819153 0 0.707106 0.707108 0 0.707106 0.707108 0 0.819152 0.573576 0 0.819152 0.573576 0 0.906309 0.422616 0 0.906309 0.422616 0 0.965927 0.258815 0 0.965927 0.258815 0 0.996195 0.0871565 0 0.996195 0.0871565 0 0.996195 -0.0871565 0 0.996195 -0.0871565 0 0.965927 -0.258815 0 0.965927 -0.258815 0 0.906309 -0.422616 0 0.906309 -0.422616 0 0.819152 -0.573576 0 0.819152 -0.573576 0 0.707106 -0.707108 0 0.707106 -0.707108 0 0.573575 -0.819153 0 0.573575 -0.819153 0 0.422619 -0.906307 0 0.422619 -0.906307 0 0.258818 -0.965926 0 0.258818 -0.965926 0 0.0871555 -0.996195 0 0.0871555 -0.996195 0 -0.0871555 -0.996195 0 -0.0871555 -0.996195 0 -0.25882 -0.965925 0 -0.25882 -0.965925 0 -0.422615 -0.906309 0 -0.422615 -0.906309 0 -0.573579 -0.81915 0 -0.573579 -0.81915 0 -0.707107 -0.707107 0 -0.707107 -0.707107 0 -0.819152 -0.573577 0 -0.819152 -0.573577 0 -0.906305 -0.422624 0 -0.906305 -0.422624 0 -0.965927 -0.258814 0 -0.965927 -0.258814 0 -0.996195 -0.0871565 0 -0.996195 -0.0871565 0 -0.996195 0.0871565 0 -0.996195 0.0871565 0 -0.965927 0.258814 0 -0.965927 0.258814 0 -0.906305 0.422624 0 -0.906305 0.422624 0 -0.819152 0.573577 0 -0.819152 0.573577 0 -0.707107 0.707107 0 -0.707107 0.707107 0 -0.573579 0.81915 0 -0.573579 0.81915 0 -0.422615 0.906309 0 -0.422615 0.906309 0 -0.25882 0.965925 0 -0.25882 0.965925 0 -0.0871555 0.996195 0 -0.0871555 0.996195 0 0.130527 0.991445 0 0.130527 0.991445 0 0.382684 0.923879 0 0.382684 0.923879 0 0.608754 0.793359 0 0.608754 0.793359 0 0.793361 0.608752 0 0.793361 0.608752 0 0.923879 0.382684 0 0.923879 0.382684 0 0.991445 0.130527 0 0.991445 0.130527 0 1 0 0 1 0 0 0.991445 -0.130527 0 0.991445 -0.130527 0 0.923879 -0.382685 0 0.923879 -0.382685 0 0.793358 -0.608755 0 0.793358 -0.608755 0 0.60876 -0.793355 0 0.60876 -0.793355 0 0.38268 -0.923881 0 0.38268 -0.923881 0 0.13053 -0.991444 0 0.13053 -0.991444 0 0 1 0 0 1 -0.136708 0.849119 -0.510203 -0.373493 0.849119 -0.373496 -0.510204 0.849119 -0.136707 -0.510204 0.849119 0.136707 -0.373493 0.849119 0.373496 -0.136708 0.849119 0.510203 0.136706 0.849119 0.510204 0.373494 0.84912 0.373494 0.510203 0.84912 0.136707 0.510203 0.84912 -0.136707 0.373494 0.84912 -0.373494 0.136706 0.849119 -0.510204 -0.136707 0.849119 -0.510203 -0.373494 0.84912 -0.373495 -0.510203 0.849119 -0.136708 -0.510203 0.849119 0.136708 -0.373494 0.84912 0.373495 -0.136707 0.849119 0.510203 0.136707 0.849119 0.510203 0.373494 0.84912 0.373495 0.510203 0.849119 0.136708 0.510203 0.849119 -0.136708 0.373494 0.84912 -0.373495 0.136707 0.849119 -0.510203 0.308348 0.177105 -0.934642 0.256658 0.128898 -0.957868 0.284485 0.952391 0.109635 0.349339 0.8898 -0.29363 0.235838 0.907091 -0.348665 0.318804 0.915979 -0.243611 0.235847 0.602556 -0.762432 0.287128 0.771472 -0.567793 0.287117 0.771479 -0.567788 0.225312 0.380562 -0.896888 0.3188 0.504908 -0.802144 0.962602 0.263524 -0.0628661 0.965739 0.209009 -0.153828 0.965093 0.209866 -0.156691 0.703932 0.0947254 -0.703923 0.703931 0.0947259 -0.703923 0.703928 0.277436 -0.653846 0.703938 0.277422 -0.653842 0.703941 0.440394 -0.557244 0.703931 0.440409 -0.557244 0.703929 0.572044 -0.42101 0.703934 0.572037 -0.421011 0.703936 0.662975 -0.254832 0.774436 0.551646 -0.309735 0.668378 0.742117 -0.0503299 0.965337 0.0348093 -0.258674 0.965433 0.0345071 -0.258356 0.965233 0.102097 -0.240627 0.96552 0.100978 -0.239946 0.965124 0.162327 -0.20539 0.96561 0.160206 -0.204772 0.305963 0.127526 0.943464 0.204132 0.489596 0.847718 0.321922 0.371343 0.870902 0.707105 0.14724 0.691609 0.274921 0.598402 0.752551 0.964956 0.0970468 0.243806 0.651739 0.345943 0.674952 0.965554 0.0262547 0.258873 0.965592 0.0261628 0.258742 0.705316 0.0713163 0.705297 0.705306 0.0713254 0.705306 0.257604 0.0972181 0.961347 0.658362 0.422774 0.622753 0.748806 0.197313 0.632738 0.224615 0.290094 0.930265 0 -0.991445 0.130528 0 -0.991445 0.130528 0 -0.92388 0.382683 0 -0.92388 0.382683 0 -0.793351 0.608764 0 -0.793351 0.608764 0 -0.608763 0.793352 0 -0.608763 0.793352 0 -0.382686 0.923878 0 -0.382686 0.923878 0 -0.130527 0.991445 0 -0.130527 0.991445 -1 0 0 -1 0 0 -1 0 0 -1 0 0 -1 0 0 -1 0 0 -1 0 0 -1 0 0 -1 0 0 -1 0 0 -1 0 0 -1 0 0 -1 0 0 -1 0 0 -1 0 0 -1 0 0 -1 0 0 -1 0 0 -1 0 0 -1 0 0 -1 0 0 -1 0 0 -1 0 0 -1 0 0 -1 0 0 -1 0 0 -1 0 0 -1 0 0 -1 0 0 -1 0 0 -1 0 0 -1 0 0 -1 0 0 -1 0 0 -1 0 0 -1 0 0 -1 0 0 -1 0 0 -1 0 0 -1 0 0 -1 0 0 -1 0 0 -1 0 0 -1 0 0 -1 0 0 -1 0 0 -1 0 0 -1 0 0 -1 0 0 -1 0 0 -1 0 0 -1 0 0 -1 0 0 -1 0 0 -1 0 0 -1 0 0 -1 0 0 -1 0 0 -1 0 0 -1 0 0 -1 0 0 -1 0 0 -1 0 0 -1 0 0 -1 0 0 -1 0 0 -1 0 0 -1 0 0 -1 0 0 -1 0 0 -1 0 0 -1 0 0 -1 0 0 -1 0 0 -1 0 0 -1 0 0 -1 0 0 -1 0 0 -1 0 0 -1 0 0 -1 0 0 -1 0 0 -1 0 0 -1 0 0 1 0 0 1 0 0 1 0 0 1 0 0 1 0 0 1 0 0 1 0 0 1 0 0 1 0 0 1 0 0 1 0 0 1 0 0 1 0 0 -1 0 0 -1 0 0 -1 0 0 -1 0 0 -1 0 0 -1 0 0 -1 0 0 -1 0 0 -1 0 0 -1 0 0 -1 0 0 -1 0 0 -1 0 0 -1 0 0 -1 0 0 -1 0 0 -1 0 0 -1 0 0 -1 0 0 -1 0 0 -1 0 0 -1 0 0 -1 0 0 -1 0 0 -1 0 0 -1 0 0 -1 0 0 -1 0 0 -1 0 0 -1 0 0 -1 0 0 -1 0 0 -1 0 0 -1 0 0 -1 0 0 -1 0 0 -1 0 0 -1 0 0 -1 0 0 -1 0 0 -1 0 0 -1 0 0 -1 0 0 -1 0 0 -1 0 0 -1 0 0 -1 0 0 -1 0 0 -1 0 0 -1 0 0 -1 0 0 -1 0 0 -1 0 0 -1 0 0 -1 0 0 -1 0 0 -1 0 0 -1 0 0 -1 0 0 -1 0 0 -1 0 0 -1 0 0 -1 0 0 -1 0 0 -1 0 0 -1 0 0 -1 0 0 -1 0 0 -1 0 0 -1 0 0 -1 0 0 -1 0 0 -1 0 0 -1 0 0 -1 0 0 -1 0 0 -1 0 0 -1 0 0 -1 0 0 -1 0 0 -1 0 0 -1 0 0 -1 0 0 -1 0 0 -1 0 0 -1 0 0 -1 0 0 -1 0 0 -1 0 0 -1 0 0 -1 0 0 -1 0 0 -1 0 0 -1 0 0 -1 0 0 -1 0 0 -1 0 0 -1 0 0 -1 0 0 -1 0 0 -1 0 0 -1 0 0 -1 0 0 -1 0 0 -1 0 0 -1 0 0 -1 0 0 -1 0 0 -1 0 0 -1 0 0 -1 0 0 -1 0 0 -1 0 0 -1 0 0 -1 0 0 -1 0 0 -1 0 0 -1 0 0 -1 0 0 -1 0 0 -1 0 0 -1 0 0 -1 0 0 -1 0 0 -1 0 0 -1 0 0 -1 0 0 -1 0 0 -1 0 0 -1 0 0 -1 0 0 -1 0 0 -1 0 0 -1 0 0 -1 0 0 -1 0 0 -1 0 0 -1 0 0 -1 0 0 -1 0 0 -1 0 0 -1 0 0 -1 0 0 -1 0 0 -1 0 0 -1 0 0 -1 0 0 -1 0 0 -1 0 0 -1 0 0 -1 0 0 -1 0 0 -1 0 0 -1 0 0 -1 0 0 -1 0 0 -1 0 0 -1 0 0 -1 0 0 -1 0 0 -1 0 0 -1 0 0 -1 0 0 -1 0 0 -1 0 0 -1 0 0 -1 0 0 -1 0 0 -1 0 0 -1 0 0 -1 0 0 -1 0 0 -1 0 0 -1 0 0 -1 0 0 -1 0 0 -1 0 0 -1 0 0 -1 0 0 -1 0 0 -1 0 0 -1 0 0 -1 0 0 -1 0 0 -1 0 0 -1 0 0 -1 0 0 -1 0 0 -1 0 0 -1 0 0 -0.965927 0 0.258816 -0.707104 0 0.70711 -0.707104 0 0.70711 -0.258818 0 0.965926 -0.258818 0 0.965926 -0.965927 0 0.258816 -0.965927 0 -0.258816 -0.965927 0 -0.258816 -0.707104 0 -0.70711 -0.707104 0 -0.70711 -0.258818 0 -0.965926 -0.258818 0 -0.965926 0.965927 0 -0.258816 0.707107 0 -0.707107 0.707107 0 -0.707107 0.258815 0 -0.965927 0.258815 0 -0.965927 0.965927 0 -0.258816 0.965927 0 0.258816 0.965927 0 0.258816 0.707107 0 0.707107 0.707107 0 0.707107 0.258815 0 0.965927 0.258815 0 0.965927 -0.965926 0 0.258818 -0.707106 0 0.707107 -0.707106 0 0.707107 -0.258816 0 0.965927 -0.258816 0 0.965927 -0.965926 0 0.258818 -0.965926 0 -0.258818 -0.965926 0 -0.258818 -0.707106 0 -0.707107 -0.707106 0 -0.707107 -0.258816 0 -0.965927 -0.258816 0 -0.965927 0.965926 0 -0.258818 0.707106 0 -0.707107 0.707106 0 -0.707107 0.258816 0 -0.965927 0.258816 0 -0.965927 0.965926 0 -0.258818 0.965926 0 0.258818 0.965926 0 0.258818 0.707106 0 0.707107 0.707106 0 0.707107 0.258816 0 0.965927 0.258816 0 0.965927 0.258817 0 -0.965926 0.258817 0 -0.965926 0.707111 0 -0.707102 0.707111 0 -0.707102 0.965923 0 -0.25883 0.965923 0 -0.25883 0.25883 0 0.965923 0.25883 0 0.965923 0.707107 0 0.707107 0.707107 0 0.707107 0.965923 0 0.25883 0.965923 0 0.25883 0 -0.947364 -0.320158 0 -0.947364 -0.320158 0 -0.998167 0.0605161 0 -0.998167 0.0605161 0 -0.901772 0.432212 0 -0.901772 0.432212 0 -0.981103 0.193489 0 -0.981103 0.193489 0 -0.957177 0.289504 0 -0.957177 0.289504 0 -0.92388 0.382682 0 -0.92388 0.382682 0 -0.881537 0.472115 0 -0.881537 0.472115 0 -0.830559 0.556931 0 -0.830559 0.556931 0 -0.943276 0.332009 0 -0.943276 0.332009 0 -0.748581 0.663043 0 -0.748581 0.663043 0 -0.443508 0.896271 0 -0.443508 0.896271 0 -0.416291 -0.909231 0 -0.416291 -0.909231 0 -0.685639 -0.727942 0 -0.685639 -0.727942 0 -0.882713 -0.469912 0 -0.882713 -0.469912 0 -0.986735 -0.162338 0 -0.986735 -0.162338 0 -0.986735 0.162338 0 -0.986735 0.162338 0 -0.882713 0.469912 0 -0.882713 0.469912 0 -0.685639 0.727942 0 -0.685639 0.727942 0 -0.416291 0.909231 0 -0.416291 0.909231 0 -0.443508 -0.896271 0 -0.443508 -0.896271 0 -0.748581 -0.663043 0 -0.748581 -0.663043 0 -0.943276 -0.332009 0 -0.943276 -0.332009 -0.0244543 -0.952599 -0.303244 0.0325942 -0.960994 -0.274642 -0.00772744 -0.97022 -0.242103 0 -0.971965 -0.235127 0 -0.853084 -0.521773 0.0119623 -0.855238 -0.518097 -0.0106881 -0.892116 -0.451679 0.0213725 -0.89766 -0.44017 -0.0188425 -0.925339 -0.378671 0.0282452 -0.932986 -0.358802 0 -0.982079 -0.188472 0.0141517 -0.984465 -0.175011 0 -0.998552 -0.0537994 0 -0.916871 -0.399183 0 -0.916871 -0.399183 0 -0.998552 -0.0537994 0 -0.954447 0.29838 0 -0.954447 0.29838 0 -0.790105 0.612971 0 -0.790105 0.612971 0 -0.728687 0.684847 0 -0.728687 0.684847 0 -0.832739 0.553666 0 -0.832739 0.553666 0 -0.913449 0.406954 0 -0.913449 0.406954 0 -0.96855 0.248818 0 -0.96855 0.248818 0 -0.996489 0.0837269 0 -0.996489 0.0837269 0 -1 0 0 -1 0 0 -1 0 0 -1 0 0 -1 0 0 -1 0 0 -1 0 0 -1 0 0 -0.637198 -0.7707 0 -0.637198 -0.7707 0 -0.751834 -0.659352 0 -0.751834 -0.659352 0 -0.847281 -0.531145 0 -0.847281 -0.531145 0 -0.921072 -0.389392 0 -0.921072 -0.389392 0 -0.97134 -0.237695 0 -0.97134 -0.237695 0 -0.996803 -0.0799029 0 -0.996803 -0.0799029 0 -0.573577 -0.819152 0 -0.573577 -0.819152 5.76573e-06 -0.573576 -0.819152 0 -0.573577 -0.819152 0 -0.0762791 -0.997087 0 -0.0762791 -0.997087 0 -0.227074 -0.973878 0 -0.227074 -0.973878 0 -0.372591 -0.927996 0 -0.372591 -0.927996 0 -0.509415 -0.860521 0 -0.509415 -0.860521 0 0 -1 0 0 -1 0 0.263413 -0.964683 0 0.263413 -0.964683 0 0.088747 -0.996054 0 0.088747 -0.996054 0 0.570965 -0.820974 0 0.570965 -0.820974 0 0.52407 -0.851675 0 0.52407 -0.851675 0 0.475529 -0.8797 0 0.475529 -0.8797 0 0.425497 -0.90496 0 0.425497 -0.90496 0 0.374122 -0.92738 0 0.374122 -0.92738 0 0.995631 -0.0933763 0 0.995631 -0.0933763 0 0.960915 -0.276842 0 0.960915 -0.276842 0 0.892675 -0.450702 0 0.892675 -0.450702 0 0.793318 -0.608808 0 0.793318 -0.608808 0 0.666286 -0.745696 0 0.666286 -0.745696 0 1 0 0 1 0 0 0.938219 0.346042 0 0.938219 0.346042 0 0.962472 0.271379 0 0.962472 0.271379 0 0.980794 0.195047 0 0.980794 0.195047 0 0.993071 0.117512 0 0.993071 0.117512 0 0.999229 0.0392503 0 0.999229 0.0392503 0 0.99786 0.0653943 0 0.99786 0.0653943 0 0.980794 0.195048 0 0.980794 0.195048 0 0.946952 0.321374 0 0.946952 0.321374 0 1 0 0 1 0 0 0.156437 0.987688 0 0.156437 0.987688 0 0.453981 0.891011 0 0.453981 0.891011 0 0.70712 0.707093 0 0.70712 0.707093 0 0.891005 0.453993 0 0.891005 0.453993 0 0.987689 0.156432 0 0.987689 0.156432 0 0 1 0 0 1 0 0.441857 0.897085 0 0.441857 0.897085 0 0.271171 0.962531 0 0.271171 0.962531 0 0.0914045 0.995814 0 0.0914045 0.995814 0 0.19447 0.980909 0 0.19447 0.980909 0 0.292383 0.956301 0 0.292383 0.956301 0 0.387305 0.921952 0 0.387305 0.921952 0 0.478289 0.878202 0 0.478289 0.878202 0 0.33201 0.943276 0 0.33201 0.943276 0 0.663041 0.748583 0 0.663041 0.748583 0 0.896268 0.443513 0 0.896268 0.443513 0 -0.909231 0.416291 0 -0.909231 0.416291 0 -0.727944 0.685637 0 -0.727944 0.685637 0 -0.469904 0.882718 0 -0.469904 0.882718 0 -0.162349 0.986733 0 -0.162349 0.986733 0 0.162349 0.986733 0 0.162349 0.986733 0 0.469902 0.882718 0 0.469902 0.882718 0 0.727944 0.685637 0 0.727944 0.685637 0 0.909233 0.416288 0 0.909233 0.416288 0 -0.89627 0.44351 0 -0.89627 0.44351 0 -0.663043 0.748581 0 -0.663043 0.748581 0 -0.332008 0.943276 0 -0.332008 0.943276 0 -0.19509 0.980785 0 -0.19509 0.980785 0 -0.1234 0.992357 0 -0.1234 0.992357 0 0.151374 0.988477 0 0.151374 0.988477 0 0.440265 0.897868 0 0.440265 0.897868 0 0.688811 0.724941 0 0.688811 0.724941 0 -0.999062 0.043292 0 -0.999062 0.043292 0 -0.927637 0.373483 0 -0.927637 0.373483 0 -0.750358 0.661032 0 -0.750358 0.661032 0 -0.487448 0.873152 0 -0.487448 0.873152 0 -0.168897 0.985634 0 -0.168897 0.985634 0 0.151378 0.988476 0 0.151378 0.988476 0 0.440267 0.897867 0 0.440267 0.897867 0 0.688801 0.72495 0 0.688801 0.72495 0 -0.997769 0.0667634 0 -0.997769 0.0667634 0 -0.899034 0.437879 0 -0.899034 0.437879 0 -0.667722 0.74441 0 -0.667722 0.74441 0 -0.555566 0.831472 0 -0.555566 0.831472 0 -0.461898 0.886933 0 -0.461898 0.886933 0 -0.159354 0.987221 0 -0.159354 0.987221 0 0.129391 0.991594 0 0.129391 0.991594 0 0.379572 0.925162 0 0.379572 0.925162 0 -0.941097 -0.338138 0 -0.941097 -0.338138 0 -0.999994 0.003371 0 -0.999994 0.003371 0 -0.938792 0.344485 0 -0.938792 0.344485 0 -0.764848 0.644211 0 -0.764848 0.644211 0 -0.499033 0.866583 0 -0.499033 0.866583 0 -0.173268 0.984875 0 -0.173268 0.984875 0 0.129416 0.99159 0 0.129416 0.99159 0 0.379561 0.925167 0 0.379561 0.925167 0 0.707107 0.707107 0 0.707107 0.707107 0 0.500001 0.866025 0 0.500001 0.866025 -1.18828e-06 0.500001 0.866025 0 1 0 0 1 0 0 1 0 0 1 0 0 1 0 0 1 0 0 1 0 0 1 0 0 1 0 0 1 0 0 1 0 0 1 0 0 1 0 0 1 0 0 1 0 0 1 0 0 1 0 0 1 0 0 1 0 0 1 0 0 1 0 0 1 0 0 1 0 0 1 0 0 1 0 0 1 0 0 1 0 0 1 0 0 1 0 0 1 0 0 1 0 0 1 0 0 1 0 0 1 0 0 1 0 0 1 0 0 1 0 0 1 0 0 1 0 0 1 0 0 1 0 0 1 0 0 0.707107 -0.707107 0 0.707107 -0.707107 0 0.707107 -0.707107 2.33969e-06 0.707107 -0.707106 0 0.707107 -0.707107 -8.73994e-07 0.707108 -0.707106 -5.30583e-07 0.707107 -0.707106 -6.50866e-07 0.707108 -0.707106 -3.00196e-08 0.707105 -0.707108 -8.35448e-07 0.70711 -0.707104 1 0 0 1 0 0 1 0 0 1 0 0 1 0 0 1 0 0 1 0 0 1 0 0 1 0 0 1 0 0 1 0 0 1 0 0 1 0 0 1 0 0 1 0 0 1 0 0 1 0 0 1 0 0 1 0 0 1 0 0 1 0 0 1 0 0 1 0 0 1 0 0 1 0 0 1 0 0 1 0 0 1 0 0 1 0 0 1 0 0 1 0 0 1 0 0 1 0 0 1 0 0 1 0 0 1 0 0 1 0 0 1 0 0 1 0 0 1 0 0 1 0 0 1 0 0 1 0 0 1 0 0 1 0 0 1 0 0 1 0 0 1 0 0 1 0 0 1 0 0 1 0 0 1 0 0 1 0 0 1 0 0 1 0 0 1 0 0 1 0 0 1 0 0 1 0 0 1 0 0 1 0 0 1 0 0 1 0 0 1 0 0 1 0 0 1 0 0 1 0 0 1 0 0 1 0 0 1 0 0 1 0 0 1 0 0 1 0 0 1 0 0 1 0 0 1 0 0 1 0 0 1 0 0 1 0 0 1 0 0 1 0 0 1 0 0 1 0 0 1 0 0 1 0 0 1 0 0 1 0 0 1 0 0 1 0 0 1 0 0 1 0 0 1 0 0 1 0 0 1 0 0 1 0 0 1 0 0 1 0 0 1 0 0 1 0 0 1 0 0 1 0 0 1 0 0 1 0 0 1 0 0 1 0 0 1 0 0 1 0 0 1 0 0 1 0 0 1 0 0 1 0 0 1 0 0 1 0 0 1 0 0 1 0 0 1 0 0 1 0 0 1 0 0 1 0 0 1 0 0 1 0 0 1 0 0 1 0 0 1 0 0 1 0 0 1 0 0 1 0 0 1 0 0 1 0 0 1 0 0 1 0 0 1 0 0 1 0 0 1 0 0 1 0 0 1 0 0 1 0 0 1 0 0 1 0 0 1 0 0 1 0 0 1 0 0 1 0 0 1 0 0 1 0 0 1 0 0 1 0 0 1 0 0 1 0 0 1 0 0 1 0 0 1 0 0 1 0 0 1 0 0 1 0 0 1 0 0 1 0 0 1 0 0 1 0 0 1 0 0 1 0 0 1 0 0 1 0 0 1 0 0 1 0 0 1 0 0 1 0 0 1 0 0 1 0 0 1 0 0 1 0 0 1 0 0 1 0 0 1 0 0 1 0 0 1 0 0 1 0 0 1 0 0 1 0 0 1 0 0 1 0 0 1 0 0 1 0 0 1 0 0 1 0 0 1 0 0 1 0 0 1 0 0 1 0 0 1 0 0 1 0 0 1 0 0 1 0 0 1 0 0 1 0 0 1 0 0 1 0 0 1 0 0 1 0 0 1 0 0 1 0 0 1 0 0 1 0 0 1 0 0 1 0 0 1 0 0 1 0 0 1 0 0 1 0 0 1 0 0 1 0 0 1 0 0 1 0 0 1 0 0 1 0 0 1 0 0 1 0 0 1 0 0 1 0 0 1 0 0 1 0 0 1 0 0 1 0 0 1 0 0 1 0 0 1 0 0 1 0 0 1 0 0 1 0 0 1 0 0 1 0 0 1 0 0 1 0 0 1 0 0 1 0 0 1 0 0 1 0 0 1 0 0 1 0 0 1 0 0 1 0 0 1 0 0 1 0 0 1 0 0 1 0 0 1 0 0 1 0 0 1 0 0 1 0 0 1 0 0 1 0 0 1 0 0 1 0 0 1 0 0 1 0 0 1 0 0 1 0 0 1 0 0 1 0 0 -1 0 0 -1 0 0 -1 0 0 -1 0 0 -1 0 0 -1 0 0 -1 0 0 -1 0 0 -1 0 0 -1 0 0 -1 0 0 -1 0 0 -1 0 0 -1 0 0 -1 0 0 -1 0 0 -1 0 0 -1 0 0 -1 0 0 -1 0 0 -1 0 0 -1 0 0 -1 0 0 -1 0 0 -1 0 0 -1 0 0 -1 0 0 -1 0 0 -1 0 0 -1 0 0 -1 0 0 -1 0 0 -1 0 0 -1 0 0 -1 0 0 -1 0 0 -1 0 0 -1 0 0 -1 0 0 -1 0 0 -1 0 0 -1 0 0 -1 0 0 -1 0 0 -1 0 0 -1 0 0 -1 0 0 -1 0 0 -1 0 0 -1 0 0 -1 0 0 -1 0 0 -1 0 0 -1 0 0 -1 0 0 -1 0 0 -1 0 0 -1 0 0 -1 0 0 -1 0 0 -1 0 0 -1 0 0 -1 0 0 -1 0 0 -1 0 0 -1 0 0 -1 0 0 -1 0 0 -1 0 0 -1 0 0 -1 0 0 -1 0 0 -1 0 0 -1 0 0 -1 0 0 -1 0 0 -1 0 0 -1 0 0 -1 0 0 -1 0 0 -1 0 0 -1 0 0 -1 0 0 -1 0 0 -1 0 0 -1 0 0 -1 0 0 -1 0 0 -1 0 0 -1 0 0 -1 0 0 -1 0 0 -1 0 0 -1 0 0 -1 0 0 0 0 -1 0 0 -1 0 0 -1 0 0 -1 0 0 -1 0 0 -1 0 0 -1 0 0 -1 0 0 -1 0 0 -1 0 0 -1 0 0 -1 0 0 -1 0 0 -1 0 0 -1 0 0 -1 0 0 -1 0 0 -1 0 0 -1 0 0 -1 0 0 -1 0 0 -1 0 0 -1 0 0 -1 0 0 -1 0 0 -1 0 0 -1 0 0 -1 0 0 -1 0 0 -1 0 0 -1 0 0 -1 0 0 -1 0 0 -1 0 0 -1 0 0 -1 0 0 -1 0 0 -1 0 0 -1 0 0 -1 0 0 -1 0 0 -1 0 0 -1 0 0 -1 0 0 -1 0 0 -1 0 0 -1 0 0 -1 0 0 -1 0 0 -1 0 0 -1 0 0 -1 0 0 -1 0 0 -1 0.000154422 -0.939693 -0.34202 -6.90765e-05 -0.939692 -0.342021 1.72184e-05 -0.939693 -0.342019 3.54323e-06 -0.939693 -0.34202 -1.30351e-06 -0.939693 -0.34202 -6.45313e-06 -0.939692 -0.342021 -9.64047e-07 -0.939693 -0.34202 -7.91008e-06 -0.939692 -0.342022 1.13592e-05 -0.939694 -0.342016 1.18155e-06 -0.939693 -0.34202 0 -0.939693 -0.34202 0 -0.939693 -0.34202 0 -0.991095 0.13316 0 -0.991095 0.13316 0 -0.982347 -0.187069 0 -0.982347 -0.187069 0 -1 0 0 -1 0 0 -0.9411 -0.338129 0 -0.9411 -0.338129 0 -0.999994 0.00335381 0 -0.999994 0.00335381 0 -0.938786 0.344502 0 -0.938786 0.344502 0 -0.764849 0.644209 0 -0.764849 0.644209 0 -0.499028 0.866586 0 -0.499028 0.866586 0 -0.173269 0.984875 0 -0.173269 0.984875 0 0.129415 0.991591 0 0.129415 0.991591 0 0.379554 0.92517 0 0.379554 0.92517 0 -0.996442 -0.0842857 0 -0.930801 -0.365525 0 -0.930801 -0.365525 0 -0.996442 -0.0842857 0 -0.978971 0.204 0 -0.978971 0.204 0 -0.879832 0.475285 0 -0.879832 0.475285 0 -0.981101 0.193495 0 -0.981101 0.193495 0 -0.957177 0.289504 0 -0.957177 0.289504 0 -0.923879 0.382684 0 -0.923879 0.382684 0 -0.881537 0.472116 0 -0.881537 0.472116 0 -0.830565 0.556922 0 -0.830565 0.556922 0 -0.83648 0.547998 0 -0.958211 0.286063 0 -0.958211 0.286063 0 -0.83648 0.547998 0 -0.645003 0.76418 0 -0.645003 0.76418 0 -0.399712 0.916641 0 -0.399712 0.916641 0 -0.437355 -0.899289 0 -0.437355 -0.899289 0 -0.734796 -0.678288 0 -0.734796 -0.678288 0 -0.931342 -0.364146 0 -0.931342 -0.364146 0 -1 0 0 -1 0 0 -0.931342 0.364146 0 -0.931342 0.364146 0 -0.734796 0.678288 0 -0.734796 0.678288 0 -0.437355 0.899289 0 -0.437355 0.899289 0 -0.645003 -0.76418 0 -0.399712 -0.916641 0 -0.399712 -0.916641 0 -0.645003 -0.76418 0 -0.83648 -0.547998 0 -0.83648 -0.547998 0 -0.958211 -0.286063 0 -0.958211 -0.286063 0 -0.855301 -0.518131 0 -0.855301 -0.518131 0 -0.897864 -0.440273 0 -0.897864 -0.440273 0 -0.933358 -0.358946 0 -0.933358 -0.358946 0 -0.961506 -0.274785 0 -0.961506 -0.274785 0 -0.982078 -0.188476 0 -0.982078 -0.188476 0 -0.98709 -0.160169 0 -0.90204 -0.431653 0 -0.90204 -0.431653 0 -0.98709 -0.160169 0 -0.992249 0.124265 0 -0.992249 0.124265 0 -0.917108 0.398639 0 -0.917108 0.398639 0 -0.767735 0.640768 0 -0.767735 0.640768 0 -0.996489 0.0837197 0 -0.996489 0.0837197 0 -0.968546 0.248834 0 -0.968546 0.248834 0 -0.913454 0.406941 0 -0.913454 0.406941 0 -0.832737 0.553669 0 -0.832737 0.553669 0 -0.728685 0.684849 0 -0.728685 0.684849 0 -1 0 0 -1 0 0 -0.637199 -0.7707 0 -0.637199 -0.7707 0 -0.751839 -0.659347 0 -0.751839 -0.659347 0 -0.847277 -0.531151 0 -0.847277 -0.531151 0 -0.921074 -0.389388 0 -0.921074 -0.389388 0 -0.971341 -0.237692 0 -0.971341 -0.237692 0 -0.996802 -0.0799084 0 -0.996802 -0.0799084 0 -0.573576 -0.819152 0 -0.573576 -0.819152 0 -0.0762745 -0.997087 0 -0.0762745 -0.997087 0 -0.227086 -0.973875 0 -0.227086 -0.973875 0 -0.372582 -0.927999 0 -0.372582 -0.927999 0 -0.509417 -0.86052 0 -0.509417 -0.86052 0 0 -1 0 0 -1 0 0.263413 -0.964683 0 0.263413 -0.964683 0 0.088742 -0.996055 0 0.088742 -0.996055 0 0.570965 -0.820974 0 0.570965 -0.820974 0 0.524074 -0.851673 0 0.524074 -0.851673 0 0.475529 -0.8797 0 0.475529 -0.8797 0 0.425492 -0.904962 0 0.425492 -0.904962 0 0.374124 -0.927379 0 0.374124 -0.927379 0 0.993177 -0.116619 0 0.993177 -0.116619 0 0.939147 -0.343515 0 0.939147 -0.343515 0 0.83403 -0.551718 0 0.83403 -0.551718 0 0.683535 -0.729918 0 0.683535 -0.729918 0 1 0 0 1 0 0 0.938218 0.346046 0 0.938218 0.346046 0 0.962473 0.271379 0 0.962473 0.271379 0 0.980793 0.19505 0 0.980793 0.19505 0 0.993071 0.117517 0 0.993071 0.117517 0 0.99923 0.0392455 0 0.99923 0.0392455 0 0.946957 0.32136 0 0.946957 0.32136 0 0.980794 0.195048 0 0.980794 0.195048 0 0.99786 0.0653947 0 0.99786 0.0653947 0 1 0 0 1 0 0 0.156431 0.987689 0 0.156431 0.987689 0 0.453985 0.89101 0 0.453985 0.89101 0 0.707119 0.707094 0 0.707119 0.707094 0 0.891005 0.453994 0 0.891005 0.453994 0 0.98769 0.156426 0 0.98769 0.156426 0 0 1 0 0 1 0 0.0914013 0.995814 0 0.0914013 0.995814 0 0.271164 0.962533 0 0.271164 0.962533 0 0.441866 0.897081 0 0.441866 0.897081 0 0.194474 0.980908 0 0.194474 0.980908 0 0.292384 0.956301 0 0.292384 0.956301 0 0.387306 0.921951 0 0.387306 0.921951 0 0.478287 0.878204 0 0.478287 0.878204 0 0.54801 0.836472 0 0.286062 0.958211 0 0.286062 0.958211 0 0.54801 0.836472 0 0.764174 0.64501 0 0.764174 0.64501 0 0.916638 0.399718 0 0.916638 0.399718 0 -0.909231 0.416291 0 -0.909231 0.416291 0 -0.727939 0.685642 0 -0.727939 0.685642 0 -0.469912 0.882713 0 -0.469912 0.882713 0 -0.162329 0.986737 0 -0.162329 0.986737 0 0.162329 0.986737 0 0.162329 0.986737 0 0.469901 0.882719 0 0.469901 0.882719 0 0.72795 0.685631 0 0.72795 0.685631 0 0.909233 0.416288 0 0.909233 0.416288 0 -0.764191 0.64499 0 -0.916638 0.399718 0 -0.916638 0.399718 0 -0.764191 0.64499 0 -0.547996 0.836481 0 -0.547996 0.836481 0 -0.286059 0.958212 0 -0.286059 0.958212 0 -0.19509 0.980785 0 -0.19509 0.980785 0 -0.123424 0.992354 0 -0.123424 0.992354 0 0.151383 0.988475 0 0.151383 0.988475 0 0.440277 0.897862 0 0.440277 0.897862 0 0.688792 0.724959 0 0.688792 0.724959 0 -0.999062 0.0433041 0 -0.999062 0.0433041 0 -0.927644 0.373465 0 -0.927644 0.373465 0 -0.750353 0.661038 0 -0.750353 0.661038 0 -0.487436 0.873159 0 -0.487436 0.873159 0 -0.168905 0.985632 0 -0.168905 0.985632 0 0.151369 0.988477 0 0.151369 0.988477 0 0.440278 0.897861 0 0.440278 0.897861 0 0.688804 0.724948 0 0.688804 0.724948 0 -0.952842 0.303468 0 -0.999829 0.0184927 0 -0.999829 0.0184927 0 -0.952842 0.303468 0 -0.82638 0.563112 0 -0.82638 0.563112 0 -0.630994 0.775788 0 -0.630994 0.775788 0 -0.555567 0.831472 0 -0.555567 0.831472 0 -0.4619 0.886932 0 -0.4619 0.886932 0 -0.15936 0.987221 0 -0.15936 0.987221 0 0.1294 0.991592 0 0.1294 0.991592 0 0.379574 0.925161 0 0.379574 0.925161 0.0119221 0.309064 0.950967 -0.00900124 0.410062 0.912013 0.0141322 0.500055 0.865878 -0.00897668 0.559602 0.828713 0.025239 0.888752 0.457693 -0.0064542 0.245369 0.969408 0.0107617 0.0789266 0.996822 0 0.104559 0.994519 -0.00965242 0.764288 0.644802 0.0179904 0.662796 0.748584 0.0130106 0.669207 0.742962 -0.0127132 0.841661 0.539857 0.0225795 0.788011 0.615247 0 0.797849 0.602857 0 -0.462463 0.886639 0 -0.462463 0.886639 0 -0.2845 0.958676 0 -0.2845 0.958676 0 -0.0959917 0.995382 0 -0.0959917 0.995382 0 -0.997769 0.0667634 0 -0.997769 0.0667634 0 -0.899034 0.437879 0 -0.899034 0.437879 0 -0.667722 0.74441 0 -0.667722 0.74441 0 0.151374 0.988477 0 0.151374 0.988477 0 0.440265 0.897868 0 0.440265 0.897868 0 0.688811 0.724941 0 0.688811 0.724941 0 -0.1234 0.992357 0 -0.1234 0.992357 0 -0.89627 0.44351 0 -0.89627 0.44351 0 -0.663043 0.748581 0 -0.663043 0.748581 0 -0.332008 0.943276 0 -0.332008 0.943276 0 0.33201 0.943276 0 0.33201 0.943276 0 0.663041 0.748583 0 0.663041 0.748583 0 0.896268 0.443513 0 0.896268 0.443513 0 0.441857 0.897085 0 0.441857 0.897085 0 0.271171 0.962531 0 0.271171 0.962531 0 0.0914045 0.995814 0 0.0914045 0.995814 0 0.99786 0.0653943 0 0.99786 0.0653943 0 0.980794 0.195048 0 0.980794 0.195048 0 0.946952 0.321374 0 0.946952 0.321374 0 -0.443508 -0.896271 0 -0.443508 -0.896271 0 -0.748581 -0.663043 0 -0.748581 -0.663043 0 -0.943276 -0.332009 0 -0.943276 -0.332009 0 -0.943276 0.332009 0 -0.943276 0.332009 0 -0.748581 0.663043 0 -0.748581 0.663043 0 -0.443508 0.896271 0 -0.443508 0.896271 -0.0126646 -0.390788 -0.920394 0.00571254 -0.474212 -0.880392 -0.00924919 -0.805666 -0.592298 0.00740343 -0.830481 -0.556997 -0.00772249 -0.933642 -0.358126 0.00579568 -0.945148 -0.32659 -0.00603124 -0.995124 -0.0984445 0.00402994 -0.997209 -0.0745494 -0.00417712 -0.985731 0.168278 0.0088541 -0.660815 -0.750497 -0.0106222 -0.620298 -0.784294 0 -0.53464 -0.84508 0.0063372 -0.292125 -0.956359 -0.00980576 -0.133424 -0.99101 0 -0.098646 -0.995123 0.00209106 -0.983217 0.182426 -0.00225351 -0.90409 0.427337 0 -0.906132 0.422995 0.0871553 0.996195 0 0.25882 0.965926 0 0.25882 0.965926 0 0.422618 0.906308 0 0.422618 0.906308 0 0.573576 0.819152 0 0.573576 0.819152 0 0.707107 0.707107 0 0.707107 0.707107 0 0.819152 0.573576 0 0.819152 0.573576 0 0.906308 0.422618 0 0.906308 0.422618 0 0.965926 0.25882 0 0.965926 0.25882 0 0.996195 0.0871553 0 0.996195 0.0871553 0 0.0871553 0.996195 0 -0.0871553 0.996195 0 -0.0871553 0.996195 0 -0.25882 0.965926 0 -0.25882 0.965926 0 -0.422618 0.906308 0 -0.422618 0.906308 0 -0.573576 0.819152 0 -0.573576 0.819152 0 -0.707107 0.707107 0 -0.707107 0.707107 0 -0.819152 0.573576 0 -0.819152 0.573576 0 -0.906308 0.422618 0 -0.906308 0.422618 0 -0.965926 0.25882 0 -0.965926 0.25882 0 -0.996195 0.0871553 0 -0.996195 0.0871553 0 -0.0871553 -0.996195 0 -0.25882 -0.965926 0 -0.25882 -0.965926 0 -0.422618 -0.906308 0 -0.422618 -0.906308 0 -0.573576 -0.819152 0 -0.573576 -0.819152 0 -0.707107 -0.707107 0 -0.707107 -0.707107 0 -0.819152 -0.573576 0 -0.819152 -0.573576 0 -0.906308 -0.422618 0 -0.906308 -0.422618 0 -0.965926 -0.25882 0 -0.965926 -0.25882 0 -0.996195 -0.0871553 0 -0.996195 -0.0871553 0 -0.0871553 -0.996195 0 0.0871553 -0.996195 0 0.0871553 -0.996195 0 0.25882 -0.965926 0 0.25882 -0.965926 0 0.422618 -0.906308 0 0.422618 -0.906308 0 0.573576 -0.819152 0 0.573576 -0.819152 0 0.707107 -0.707107 0 0.707107 -0.707107 0 0.819152 -0.573576 0 0.819152 -0.573576 0 0.906308 -0.422618 0 0.906308 -0.422618 0 0.965926 -0.25882 0 0.965926 -0.25882 0 0.996195 -0.0871553 0 0.996195 -0.0871553 0 -1 0 0 -1 0 0 -1 0 0 -1 0 0 -1 0 0 -1 0 0 -1 0 0 -1 0 0 -1 0 0 -1 0 0 -1 0 0 -1 0 0 -1 0 0 -1 0 0 -1 0 0 -1 0 0 -1 0 0 -1 0 0 -1 0 0 -1 0 0 -1 0 0 -1 0 0 -1 0 0 -1 0 0 -1 0 0 -1 0 0 -1 0 0 -1 0 0 -1 0 0 -1 0 0 -1 0 0 -1 0 0 -1 0 0 -1 0 0 -1 0 0 -1 0 0 -1 0 0 -1 0 0 -1 0 0 -1 0 0 -1 0 0 -1 0 0 -1 0 0 -1 0 0 -1 0 0 -1 0 0 -1 0 0 -1 0 0 -1 0 0 -1 0 0 -1 0 0 -1 0 0 -1 0 0 -1 0 0 -1 0 0 -1 0 0 -1 0 0 -1 0 0 -1 0 0 -1 0 0 -1 0 0 -1 0 0 -1 0 0 -1 0 0 -1 0 0 -1 0 0 -1 0 0 -1 0 0 -1 0 0 -1 0 0 -1 0 0 -1 0 0 -1 0 0 -1 0 0 -1 0 0 -1 0 0 -1 0 0 -1 0 0 -1 0 0 -1 0 0 -1 0 0 -1 0 0 -1 0 0 -1 0 0 -1 0 0 -1 0 0 -1 0 0 -1 0 0 -1 0 0 -1 0 0 -1 0 0 -1 0 0 -1 0 0 -1 0 0 -1 0 0 -1 0 0 -1 0 0 -1 0 0 -1 0 0 -1 0 0 -1 0 0 -1 0 0 -1 0 0 -1 0 0 -1 0 0 -1 0 0 -1 0 0 -1 0 0 -1 0 0 -1 0 0 -1 0 0 -1 0 0 -1 0 0 -1 0 0 -1 0 0 -1 0 0 -1 0 0 -1 0 0 -1 0 0 -1 0 0 -1 0 0 -1 0 0 -1 0 0 -1 0 0 -1 0 0 -1 0 0 -1 0 0 -1 0 0 -1 0 0 -1 0 0 -1 0 0 -1 0 0 -1 0 0 -1 0 0 -1 0 0 -1 0 0 -1 0 0 -1 0 0 -1 0 0 -1 0 0 -1 0 0 -1 0 0 -1 0 0 -1 0 0 -1 0 0 -1 0 0 -1 0 0 -1 0 0 -1 0 0 -1 0 0 -1 0 0 -1 0 0 -1 0 0 -1 0 0 -1 0 0 -1 0 0 -1 0 0 -1 0 0 -1 0 0 -1 0 0 -1 0 0 -1 0 0 -1 0 0 -1 0 0 -1 0 0 -1 0 0 -1 0 0 -1 0 0 -1 0 0 -1 0 0 -1 0 0 -1 0 0 -1 0 0 -1 0 0 -1 0 0 -1 0 0 -1 0 0 -1 0 0 -1 0 0 -1 0 0 -1 0 0 -1 0 0 -1 0 0 -1 0 0 -1 0 0 -1 0 0 -1 0 0 -1 0 0 -1 0 0 -1 0 0 -1 0 0 -1 0 0 -1 0 0 -1 0 0 -1 0 0 -1 0 0 -1 0 0 -1 0 0 -1 0 0 -1 0 0 -1 0 0 -1 0 0 -1 0 0 -1 0 0 -1 0 0 -1 0 0 -1 0 0 -1 0 0 -1 0 0 -1 0 0 -1 0 0 -1 0 0 -1 0 0 -1 0 0 -1 0 0 -1 0 0 -1 0 0 -1 0 0 -1 0 0 -1 0 0 -1 0 0 -1 0 0 -1 0 0 -1 0 0 -1 0 0 -1 0 0 -1 0 0 -1 0 0 -1 0 0 -1 0 0 -1 0 0 -1 0 0 -1 0 0 -1 0 0 -1 0 0 -1 0 0 -1 0 0 -1 0 0 -1 0 0 -1 0 0 -1 0 0 -1 0 0 -1 0 0 -1 0 0 -1 0 0 -1 0 0 -1 0 0 -1 0 0 -1 0 0 -1 0 0 -1 0 0 -1 0 0 -1 0 0 -1 0 0 -1 0 0 -1 0 0 -1 0 0 -1 0 0 -1 0 0 -1 0 0 -1 0 0 -1 0 0 -1 0 0 -1 0 0 -1 0 0 -1 0 0 -1 0 0 -1 0 0 -1 0 0 -1 0 0 -1 0 0 -1 0 0 -1 0 0 -1 0 0 -1 0 0 -1 0 0 -1 0 0 -1 0 0 -1 0 0 -1 0 0 -1 0 0 -1 0 0 -1 0 0 -1 0 0 -1 0 0 -1 0 0 -1 0 0 -1 0 0 -1 0 0 -1 0 0 -1 0 0 -1 0 0 -1 0 0 -1 0 0 -1 0 0 -1 0 0 -1 0 0 -1 0 0 -1 0 0 -1 0 0 -1 0 0 -0.977145 0.212566 -0.00193606 -0.946929 0.321439 0.00174236 -0.936947 0.349463 -0.00261375 -0.80051 0.599254 -0.00885351 -0.737247 0.675562 0.00909316 -0.707081 0.707081 -0.00855769 -0.631554 0.775282 0.00878334 -0.599257 0.800514 -0.0082343 -0.512524 0.858631 0.00844494 -0.479234 0.877652 -0.00788233 -0.382671 0.923849 0.00807898 -0.349454 0.936924 -0.00750247 -0.244736 0.969559 0.00768457 -0.212561 0.977122 -0.0070935 -0.101632 0.994796 0.00726292 -0.071338 0.99743 -0.00665686 0.043618 0.999025 0.00681257 0.0713382 0.997433 -0.00619267 0.187949 0.982158 0.0063335 0.212563 0.977131 -0.00570055 0.328312 0.944552 0.00582613 0.349459 0.936937 -0.00517955 0.461743 0.886998 0.00529156 0.479244 0.87767 -0.00463028 0.585423 0.810715 0.00472866 0.599272 0.800535 -0.00405307 0.696742 0.71731 0.00413769 0.707103 0.707103 -0.00344769 0.793348 0.608758 0.00351843 0.800538 0.599275 -0.00281467 0.873202 0.48735 0.00287062 0.877677 0.479248 -0.00215326 0.934617 0.35565 0.00219509 -0.827371 0.561578 0.00937428 -0.877642 0.479229 -0.00912139 -0.892195 0.451642 0.00283343 -0.896873 0.442289 0 -0.997452 0.0713396 0 -0.997858 0.0654037 -0.00116124 -0.980785 0.19509 0.000968007 0.997357 0.0726579 0 0.997452 0.0713396 0.000773582 0.976296 0.21644 -0.00078821 0.977145 0.212566 0.00157516 0.936949 0.349463 -0.00146412 0 0 1 0 0 1 0 0 1 0 0 1 0 0 1 0 0 1 0 0 1 0 0 1 0 0 1 0 0 1 0 0 1 0 0 1 0 0 1 0 0 1 0 0 1 0 0 1 0 0 1 0 0 1 0 0 1 0 0 1 0 0 1 0 0 1 0 0 1 0 0 1 0 0 1 0 0 1 0 0 1 0 0 1 0 0 1 0 0 1 0 0 1 0 0 1 0 0 1 0 0 1 0 0 1 0 0 1 0 0 1 0 0 1 0 0 1 0 0 1 0 0 1 0 0 1 0 0 1 0 0 1 0 0 1 0 0 1 0 0 1 0 0 1 0 0 1 0 0 1 0 0 1 0 0 1 0 0 1 0 0 1 0 0 1 0 0 1 0 0 1 0 0 1 0 0 1 0 0 1 0 0 1 0 0 1 0 0 1 0 0 1 0 -1 0 0 -1 0 -0.0330667 -0.968021 0.248682 0 -0.891609 0.452806 0.000798779 -0.897843 0.440316 -0.0343867 -0.912909 0.406713 0.0229537 -0.942703 0.332843 0 -0.723222 0.690616 -0.00052387 -0.728687 0.684846 0.000198068 -0.796197 0.605037 -0.000713635 -0.840308 0.542109 -0.0013762 -0.832738 0.553665 0 -0.996489 0.0837269 -0.0266864 -0.997342 0.0678053 0.0165437 -0.979199 0.202226 -0.866025 0.5 -9.92223e-07 -0.866025 0.5 0 -0.866026 0.5 2.44903e-07 -0.866026 0.499999 3.83084e-07 -0.866025 0.5 -3.64661e-07 -0.866025 0.500001 1.46679e-06 -0.866025 0.500001 1.80735e-06 -0.866025 0.500001 1.80985e-06 -0.866029 0.499994 -5.31048e-06 -0.866025 0.500001 1.07512e-07 -0.866025 0.500001 0 -1 0 0 -1 0 0 -1 0 0 -1 0 0 -1 0 0 -1 0 0 -1 0 0 -1 0 0 -1 0 0 -1 0 0 -1 0 0 -1 0 0 -0.00604442 -0.770095 -0.6379 0.00149949 -0.73828 -0.674492 0.00141725 -0.36524 -0.930912 -0.00516988 -0.291381 -0.956593 0.00254112 -0.239852 -0.970806 0.00302216 -0.822959 -0.568093 -0.00755379 -0.892381 -0.45122 0 -0.878859 -0.477082 0.00154173 -0.55136 -0.834266 -0.00519211 -0.64205 -0.766645 -0.00225277 -0.632343 -0.774685 -0.00283098 -0.461216 -0.887283 -0.00480794 -0.470722 -0.882269 0 0 -1 0.0003109 -0.0802749 -0.996773 -0.00316154 -0.101099 -0.994871 1 0 0 1 0 0 1 0 0 1 0 0 1 0 0 1 0 0 1 0 0 1 0 0 1 0 0 1 0 0 1 0 0 1 0 0 1 0 0 0 -0.83648 -0.547998 0 -0.956253 -0.29254 0 -0.956253 -0.29254 0 -0.83648 -0.547998 0 -0.650112 -0.759839 0 -0.650112 -0.759839 0 -0.411979 -0.911194 0 -0.411979 -0.911194 0 -0.141085 -0.989997 0 -0.141085 -0.989997 1 0 0 1 0 0 1 0 0 1 0 0 1 0 0 1 0 0 1 0 0 1 0 0 1 0 0 1 0 0 1 0 0 1 0 0 1 0 0 1 0 0 1 0 0 1 0 0 0 0.984808 -0.173647 0 0.984808 -0.173647 0 0.866023 -0.500004 0 0.866023 -0.500004 0 0.642787 -0.766045 0 0.642787 -0.766045 0 0.342023 -0.939692 0 0.342023 -0.939692 0 0 -1 0 0 -1 0 -0.342023 -0.939692 0 -0.342023 -0.939692 0 -0.642787 -0.766045 0 -0.642787 -0.766045 0 -0.866024 -0.500002 0 -0.866024 -0.500002 0 -0.984808 -0.173647 0 -0.984808 -0.173647</float_array>
                    <technique_common>
                        <accessor count="9000" source="#shape0-lib-normals-array" stride="3">
                            <param name="X" type="float"/>
                            <param name="Y" type="float"/>
                            <param name="Z" type="float"/>
                        </accessor>
                    </technique_common>
                </source>
                <vertices id="shape0-lib-vertices">
                    <input semantic="POSITION" source="#shape0-lib-positions"/>
                </vertices>
                <triangles count="9000">
                    <input offset="0" semantic="VERTEX" source="#shape0-lib-vertices"/>
                    <input offset="1" semantic="NORMAL" source="#shape0-lib-normals"/>
                    <p>0 0 1 0 2 0 0 1 2 1 3 1 0 2 3 2 4 2 0 3 4 3 5 3 0 4 5 4 6 4 0 5 6 5 7 5 0 6 7 6 8 6 9 7 10 7 11 7 9 8 11 8 12 8 9 9 12 9 13 9 9 10 13 10 14 10 9 11 14 11 15 11 9 12 15 12 16 12 9 13 16 13 17 13 9 14 17 14 18 14 9 15 18 15 19 15 9 16 19 16 20 16 9 17 20 17 21 17 22 18 23 18 24 18 22 19 24 19 25 19 22 20 25 20 26 20 22 21 26 21 27 21 22 22 27 22 28 22 22 23 28 23 29 23 24 24 11 24 10 24 24 25 10 25 30 25 24 26 30 26 25 26 31 27 2 27 1 27 31 28 1 28 32 28 31 29 32 29 33 29 31 30 33 30 34 30 31 31 34 31 35 31 31 32 35 32 36 32 8 33 7 33 37 33 37 34 7 34 29 34 37 35 29 35 28 35 5 36 4 36 38 36 38 37 4 37 39 37 21 38 20 38 40 38 40 39 20 39 41 39 40 40 41 40 42 40 42 41 41 41 36 41 42 42 36 42 35 42 9 43 43 43 10 43 10 44 43 44 44 44 10 45 44 45 30 45 30 46 44 46 45 46 30 47 45 47 25 47 25 48 45 48 46 48 25 49 46 49 26 49 26 50 46 50 47 50 26 51 47 51 27 51 27 52 47 52 48 52 27 53 48 53 28 53 28 54 48 54 49 54 28 55 49 55 37 55 37 56 49 56 50 56 37 57 50 57 8 57 8 58 50 58 51 58 8 59 51 59 0 59 0 60 51 60 52 60 53 61 54 61 55 61 56 62 57 62 58 62 56 63 58 63 59 63 56 64 59 64 60 64 56 65 60 65 61 65 56 66 61 66 62 66 56 67 62 67 63 67 56 68 63 68 64 68 56 69 64 69 65 69 56 70 65 70 66 70 56 71 66 71 55 71 56 72 55 72 54 72 67 73 68 73 22 73 22 74 68 74 53 74 22 75 53 75 23 75 23 76 53 76 55 76 23 77 55 77 69 77 70 78 71 78 72 78 70 79 73 79 71 79 74 80 75 80 76 80 77 81 71 81 73 81 78 82 70 82 72 82 78 83 72 83 16 83 78 84 16 84 15 84 78 85 15 85 79 85 80 86 17 86 16 86 80 87 16 87 72 87 80 88 72 88 76 88 80 89 76 89 75 89 81 90 82 90 74 90 74 91 82 91 83 91 74 92 83 92 75 92 14 93 84 93 15 93 15 94 84 94 79 94 85 95 86 95 87 95 87 96 86 96 77 96 87 97 77 97 73 97 17 98 80 98 18 98 18 99 80 99 88 99 18 100 88 100 19 100 19 101 88 101 89 101 19 102 89 102 20 102 20 103 89 103 90 103 20 104 90 104 41 104 41 105 90 105 91 105 41 106 91 106 36 106 36 107 91 107 92 107 93 108 94 108 92 108 92 109 94 109 95 109 92 110 95 110 36 110 36 111 95 111 31 111 39 112 4 112 96 112 39 113 96 113 97 113 39 114 97 114 98 114 99 115 31 115 95 115 31 116 99 116 2 116 2 117 99 117 100 117 2 118 100 118 3 118 3 119 100 119 96 119 3 120 96 120 4 120 39 121 98 121 38 121 101 122 102 122 38 122 101 123 38 123 98 123 101 124 98 124 103 124 101 125 103 125 104 125 101 126 104 126 105 126 104 127 103 127 106 127 106 128 103 128 107 128 108 129 109 129 5 129 5 130 109 130 6 130 38 131 102 131 110 131 38 132 110 132 111 132 38 133 111 133 112 133 38 134 112 134 113 134 38 135 113 135 108 135 38 136 108 136 5 136 6 137 109 137 7 137 7 138 109 138 114 138 7 139 114 139 115 139 67 140 22 140 116 140 116 141 22 141 29 141 116 142 29 142 115 142 115 143 29 143 7 143 117 144 118 144 119 144 120 145 121 145 122 145 121 146 123 146 122 146 124 147 125 147 126 147 125 148 127 148 126 148 124 149 128 149 129 149 58 150 130 150 59 150 128 151 131 151 132 151 129 152 128 152 132 152 59 153 133 153 60 153 131 154 134 154 135 154 132 155 131 155 135 155 60 156 136 156 61 156 134 157 137 157 138 157 135 158 134 158 138 158 61 159 139 159 62 159 137 160 140 160 141 160 138 161 137 161 141 161 62 162 142 162 63 162 140 163 143 163 144 163 141 164 140 164 144 164 63 165 145 165 64 165 143 166 146 166 147 166 144 167 143 167 147 167 64 168 148 168 65 168 146 169 149 169 150 169 147 170 146 170 150 170 65 171 151 171 66 171 149 172 152 172 153 172 154 173 149 173 153 173 152 174 155 174 156 174 155 175 157 175 158 175 156 176 155 176 158 176 118 177 159 177 160 177 157 178 161 178 162 178 158 179 157 179 162 179 160 180 163 180 120 180 161 181 164 181 165 181 162 182 161 182 165 182 121 183 166 183 123 183 164 184 167 184 168 184 165 185 164 185 168 185 169 186 170 186 166 186 166 187 121 187 169 187 167 188 171 188 172 188 168 189 167 189 172 189 173 190 174 190 170 190 170 191 169 191 173 191 171 192 175 192 173 192 172 193 171 193 173 193 175 194 176 194 174 194 174 195 173 195 175 195 176 196 175 196 177 196 178 197 127 197 125 197 179 198 178 198 125 198 154 199 150 199 149 199 180 200 169 200 121 200 57 201 181 201 182 201 57 202 182 202 183 202 57 203 183 203 58 203 184 204 178 204 179 204 184 205 179 205 182 205 184 206 182 206 181 206 185 207 55 207 66 207 185 208 66 208 186 208 185 209 186 209 187 209 185 210 187 210 119 210 124 211 129 211 125 211 125 212 129 212 188 212 125 213 188 213 179 213 179 214 188 214 183 214 179 215 183 215 182 215 58 216 183 216 130 216 130 217 183 217 188 217 130 218 188 218 189 218 189 219 188 219 129 219 189 220 129 220 132 220 59 221 130 221 133 221 133 222 130 222 189 222 133 223 189 223 190 223 190 224 189 224 132 224 190 225 132 225 135 225 60 226 133 226 136 226 136 227 133 227 190 227 136 228 190 228 191 228 191 229 190 229 135 229 191 230 135 230 138 230 61 231 136 231 139 231 139 232 136 232 191 232 139 233 191 233 192 233 192 234 191 234 138 234 192 235 138 235 141 235 62 236 139 236 142 236 142 237 139 237 192 237 142 238 192 238 193 238 193 239 192 239 141 239 193 240 141 240 144 240 63 241 142 241 145 241 145 242 142 242 193 242 145 243 193 243 194 243 194 244 193 244 144 244 194 245 144 245 147 245 64 246 145 246 148 246 148 247 145 247 194 247 148 248 194 248 195 248 195 249 194 249 147 249 195 250 147 250 150 250 65 251 148 251 151 251 151 252 148 252 195 252 151 253 195 253 196 253 196 254 195 254 150 254 196 255 150 255 154 255 66 256 151 256 186 256 186 257 151 257 196 257 186 258 196 258 197 258 197 259 196 259 154 259 197 260 154 260 153 260 152 261 156 261 153 261 153 262 156 262 198 262 153 263 198 263 197 263 197 264 198 264 187 264 197 265 187 265 186 265 119 266 187 266 117 266 117 267 187 267 198 267 117 268 198 268 199 268 199 269 198 269 156 269 199 270 156 270 158 270 118 271 117 271 159 271 159 272 117 272 199 272 159 273 199 273 200 273 200 274 199 274 158 274 200 275 158 275 162 275 160 276 159 276 163 276 163 277 159 277 200 277 163 278 200 278 201 278 201 279 200 279 162 279 201 280 162 280 165 280 120 281 163 281 121 281 121 282 163 282 201 282 121 283 201 283 180 283 180 284 201 284 165 284 180 285 165 285 168 285 173 286 169 286 172 286 172 287 169 287 180 287 172 288 180 288 168 288 202 289 203 289 204 289 204 290 203 290 205 290 204 291 205 291 206 291 203 292 202 292 207 292 207 293 202 293 208 293 207 294 208 294 209 294 209 295 208 295 210 295 209 296 210 296 211 296 212 297 119 297 118 297 212 298 118 298 160 298 212 299 160 299 120 299 212 300 120 300 122 300 203 301 207 301 213 301 213 302 207 302 209 302 213 303 209 303 214 303 214 304 209 304 211 304 214 305 211 305 215 305 215 306 211 306 216 306 215 307 216 307 217 307 218 308 205 308 219 308 219 309 205 309 203 309 219 310 203 310 213 310 205 311 218 311 220 311 220 312 218 312 221 312 220 313 221 313 222 313 222 314 221 314 223 314 222 315 223 315 224 315 225 316 226 316 227 316 228 317 229 317 221 317 230 318 231 318 219 318 213 319 230 319 219 319 213 320 232 320 230 320 214 321 232 321 213 321 233 322 232 322 214 322 223 323 221 323 229 323 223 324 229 324 225 324 223 325 225 325 227 325 227 326 226 326 234 326 234 327 226 327 235 327 234 328 235 328 236 328 221 329 218 329 228 329 228 330 218 330 219 330 228 331 219 331 231 331 214 332 215 332 233 332 233 333 215 333 217 333 233 334 217 334 237 334 238 335 239 335 240 335 240 336 239 336 241 336 240 337 241 337 242 337 239 338 238 338 243 338 243 339 238 339 244 339 243 340 244 340 245 340 245 341 244 341 246 341 245 342 246 342 247 342 225 343 229 343 248 343 248 344 229 344 228 344 248 345 228 345 249 345 249 346 228 346 231 346 249 347 231 347 250 347 250 348 231 348 230 348 250 349 230 349 251 349 251 350 230 350 232 350 251 351 232 351 252 351 252 352 232 352 233 352 252 353 233 353 253 353 253 354 233 354 237 354 253 355 237 355 254 355 248 356 255 356 225 356 225 357 255 357 256 357 225 358 256 358 226 358 226 359 256 359 257 359 226 360 257 360 235 360 56 361 251 361 252 361 56 362 252 362 253 362 56 363 253 363 254 363 56 364 254 364 258 364 258 365 259 365 260 365 258 366 260 366 261 366 258 367 261 367 184 367 258 368 184 368 181 368 258 369 181 369 57 369 258 370 57 370 56 370 262 371 263 371 264 371 265 372 266 372 267 372 267 373 268 373 265 373 265 374 268 374 269 374 269 375 268 375 270 375 269 376 270 376 271 376 271 377 270 377 272 377 271 378 272 378 273 378 273 379 272 379 274 379 273 380 274 380 275 380 275 381 274 381 276 381 275 382 276 382 277 382 277 383 276 383 278 383 277 384 278 384 279 384 279 385 278 385 280 385 279 386 280 386 281 386 281 387 280 387 282 387 281 388 282 388 283 388 283 389 282 389 284 389 283 390 284 390 285 390 285 391 284 391 286 391 285 392 286 392 287 392 287 393 286 393 288 393 287 394 288 394 289 394 289 395 288 395 290 395 289 396 290 396 291 396 291 397 290 397 292 397 291 398 292 398 293 398 293 399 292 399 294 399 293 400 294 400 295 400 295 401 294 401 296 401 295 402 296 402 297 402 297 403 296 403 298 403 297 404 298 404 299 404 299 405 298 405 300 405 259 406 258 406 267 406 259 407 267 407 266 407 259 408 266 408 264 408 259 409 264 409 263 409 301 410 126 410 262 410 262 411 126 411 302 411 262 412 302 412 263 412 303 413 304 413 300 413 300 414 304 414 305 414 300 415 305 415 299 415 306 416 307 416 308 416 306 417 304 417 307 417 309 418 310 418 301 418 309 419 311 419 310 419 311 420 312 420 310 420 313 421 314 421 312 421 313 422 312 422 311 422 315 423 316 423 314 423 315 424 314 424 313 424 317 425 318 425 316 425 317 426 316 426 315 426 319 427 320 427 318 427 319 428 318 428 317 428 321 429 322 429 320 429 321 430 320 430 319 430 323 431 324 431 322 431 323 432 322 432 321 432 325 433 326 433 324 433 325 434 324 434 323 434 327 435 328 435 326 435 327 436 326 436 325 436 329 437 330 437 328 437 329 438 328 438 327 438 331 439 332 439 333 439 331 440 333 440 329 440 334 441 335 441 332 441 334 442 332 442 331 442 336 443 337 443 335 443 336 444 335 444 334 444 338 445 339 445 337 445 338 446 337 446 336 446 340 447 341 447 339 447 340 448 339 448 338 448 342 449 343 449 341 449 342 450 341 450 340 450 344 451 345 451 343 451 344 452 343 452 342 452 346 453 347 453 345 453 346 454 345 454 344 454 308 455 307 455 347 455 308 456 347 456 346 456 329 457 333 457 330 457 348 458 349 458 350 458 351 459 350 459 349 459 351 460 349 460 352 460 351 461 352 461 353 461 351 462 353 462 354 462 353 463 352 463 355 463 355 464 352 464 356 464 357 465 358 465 359 465 359 466 358 466 348 466 359 467 348 467 350 467 360 468 361 468 362 468 362 469 361 469 363 469 362 470 363 470 364 470 364 471 363 471 365 471 364 472 365 472 366 472 366 473 365 473 367 473 366 474 367 474 368 474 368 475 367 475 369 475 368 476 369 476 370 476 370 477 369 477 371 477 370 478 371 478 372 478 372 479 371 479 373 479 372 480 373 480 374 480 374 481 373 481 375 481 374 482 375 482 376 482 376 483 375 483 377 483 242 484 241 484 378 484 378 485 241 485 379 485 378 486 379 486 380 486 380 487 379 487 381 487 380 488 381 488 382 488 382 489 381 489 383 489 382 490 383 490 384 490 384 491 383 491 385 491 384 492 385 492 386 492 386 493 385 493 387 493 82 494 81 494 388 494 388 495 81 495 389 495 390 496 391 496 392 496 392 497 391 497 393 497 392 498 393 498 394 498 394 499 393 499 395 499 394 500 395 500 396 500 396 501 395 501 397 501 396 502 397 502 389 502 389 503 397 503 388 503 391 504 390 504 398 504 398 505 390 505 399 505 400 506 401 506 402 506 402 507 401 507 403 507 402 508 403 508 399 508 399 509 403 509 398 509 404 510 405 510 406 510 406 511 405 511 407 511 406 512 407 512 408 512 408 513 407 513 409 513 408 514 409 514 410 514 410 515 409 515 411 515 410 516 411 516 412 516 412 517 411 517 413 517 412 518 413 518 400 518 400 519 413 519 401 519 414 520 415 520 416 520 416 521 415 521 417 521 416 522 417 522 418 522 418 523 417 523 419 523 418 524 419 524 420 524 420 525 419 525 421 525 420 526 421 526 422 526 422 527 421 527 423 527 422 528 423 528 404 528 404 529 423 529 405 529 424 530 425 530 426 530 425 531 427 531 426 531 425 532 428 532 429 532 425 533 429 533 430 533 425 534 430 534 431 534 425 535 431 535 427 535 414 536 425 536 424 536 414 537 424 537 432 537 414 538 432 538 433 538 414 539 433 539 434 539 414 540 434 540 435 540 414 541 435 541 436 541 414 542 436 542 415 542 437 543 438 543 439 543 439 544 440 544 437 544 441 545 437 545 440 545 440 546 442 546 441 546 443 547 444 547 445 547 443 548 445 548 446 548 446 549 445 549 447 549 428 550 425 550 441 550 428 551 441 551 442 551 428 552 442 552 444 552 428 553 444 553 443 553 448 554 449 554 450 554 450 555 449 555 451 555 450 556 451 556 452 556 453 557 439 557 454 557 454 558 439 558 438 558 454 559 438 559 455 559 455 560 438 560 450 560 455 561 450 561 452 561 456 562 457 562 447 562 447 563 457 563 458 563 447 564 458 564 446 564 459 565 460 565 461 565 461 566 460 566 462 566 463 567 464 567 465 567 463 568 465 568 466 568 463 569 466 569 467 569 467 570 466 570 468 570 468 571 466 571 469 571 465 572 464 572 470 572 470 573 464 573 471 573 470 574 471 574 472 574 472 575 471 575 473 575 472 576 473 576 462 576 462 577 473 577 461 577 474 578 469 578 475 578 469 579 474 579 468 579 468 580 474 580 476 580 468 581 476 581 477 581 477 582 476 582 478 582 477 583 478 583 479 583 480 584 481 584 482 584 481 585 483 585 482 585 484 586 482 586 483 586 485 587 486 587 480 587 480 588 486 588 487 588 480 589 487 589 481 589 481 590 487 590 488 590 489 591 490 591 491 591 491 592 490 592 484 592 491 593 484 593 483 593 492 594 493 594 494 594 492 595 494 595 495 595 492 596 495 596 496 596 492 597 496 597 497 597 498 598 496 598 495 598 498 599 495 599 499 599 498 600 499 600 500 600 500 601 499 601 501 601 501 602 499 602 502 602 493 603 503 603 494 603 494 604 503 604 504 604 505 605 506 605 507 605 507 606 506 606 508 606 507 607 508 607 509 607 509 608 508 608 510 608 509 609 510 609 511 609 511 610 510 610 512 610 511 611 512 611 502 611 502 612 512 612 501 612 513 613 514 613 515 613 515 614 514 614 516 614 517 615 518 615 519 615 519 616 518 616 520 616 519 617 520 617 521 617 521 618 520 618 522 618 521 619 522 619 523 619 523 620 522 620 524 620 525 621 526 621 527 621 527 622 526 622 528 622 527 623 528 623 529 623 529 624 528 624 530 624 529 625 530 625 531 625 531 626 530 626 532 626 531 627 532 627 533 627 533 628 532 628 534 628 533 629 534 629 517 629 517 630 534 630 518 630 535 631 536 631 537 631 537 632 536 632 538 632 539 633 540 633 541 633 541 634 540 634 542 634 540 635 543 635 542 635 542 636 543 636 544 636 545 637 546 637 547 637 548 638 549 638 550 638 551 639 552 639 553 639 551 640 553 640 554 640 551 641 554 641 555 641 551 642 555 642 556 642 545 643 557 643 546 643 546 644 557 644 558 644 546 645 558 645 559 645 548 646 550 646 560 646 560 647 550 647 561 647 560 648 561 648 562 648 562 649 561 649 545 649 562 650 545 650 547 650 555 651 563 651 556 651 556 652 563 652 564 652 556 653 564 653 565 653 565 654 564 654 549 654 565 655 549 655 548 655 566 656 567 656 559 656 568 657 567 657 569 657 567 658 570 658 569 658 571 659 572 659 573 659 567 660 574 660 570 660 574 661 572 661 571 661 570 662 574 662 571 662 566 663 575 663 574 663 567 664 566 664 574 664 574 665 575 665 572 665 573 666 572 666 576 666 576 667 572 667 575 667 576 668 575 668 577 668 559 669 567 669 546 669 546 670 567 670 568 670 546 671 568 671 547 671 578 672 579 672 580 672 578 673 581 673 579 673 108 674 582 674 109 674 108 675 583 675 582 675 584 676 585 676 586 676 584 677 587 677 585 677 109 678 582 678 588 678 114 679 109 679 588 679 589 680 590 680 591 680 589 681 591 681 592 681 592 682 591 682 593 682 592 683 593 683 594 683 594 684 593 684 595 684 594 685 595 685 596 685 596 686 595 686 597 686 596 687 597 687 598 687 598 688 597 688 599 688 598 689 599 689 600 689 600 690 599 690 601 690 602 691 603 691 604 691 604 692 605 692 602 692 606 693 602 693 605 693 605 694 607 694 606 694 608 695 606 695 607 695 607 696 609 696 608 696 610 697 608 697 609 697 609 698 611 698 610 698 612 699 610 699 611 699 613 700 614 700 615 700 614 701 616 701 615 701 617 702 615 702 616 702 616 703 618 703 617 703 619 704 617 704 618 704 618 705 620 705 619 705 621 706 619 706 620 706 620 707 622 707 621 707 623 708 621 708 622 708 622 709 624 709 623 709 625 710 623 710 624 710 624 711 626 711 625 711 627 712 625 712 626 712 626 713 628 713 627 713 629 714 627 714 628 714 628 715 630 715 629 715 631 716 629 716 630 716 630 717 632 717 631 717 633 718 631 718 632 718 632 719 634 719 633 719 635 720 633 720 634 720 634 721 636 721 635 721 637 722 635 722 636 722 638 723 639 723 640 723 638 724 640 724 641 724 641 725 640 725 642 725 643 726 644 726 645 726 645 727 646 727 643 727 647 728 643 728 646 728 646 729 648 729 647 729 649 730 647 730 648 730 650 731 651 731 652 731 652 732 651 732 653 732 654 733 653 733 651 733 655 734 656 734 657 734 658 735 659 735 660 735 658 736 660 736 661 736 661 737 660 737 662 737 661 738 662 738 663 738 663 739 662 739 664 739 665 740 666 740 667 740 668 741 669 741 670 741 671 742 670 742 669 742 672 743 673 743 674 743 675 744 676 744 677 744 677 745 678 745 675 745 679 746 675 746 678 746 678 747 680 747 679 747 681 748 679 748 680 748 680 749 682 749 681 749 587 750 681 750 682 750 682 751 585 751 587 751 683 752 684 752 685 752 683 753 685 753 639 753 683 754 639 754 638 754 683 755 638 755 686 755 687 756 654 756 651 756 687 757 651 757 656 757 687 758 656 758 655 758 688 759 689 759 690 759 688 760 690 760 691 760 688 761 691 761 692 761 693 762 671 762 669 762 693 763 669 763 673 763 693 764 673 764 672 764 694 765 695 765 696 765 694 766 696 766 697 766 694 767 697 767 698 767 699 768 114 768 588 768 699 769 588 769 590 769 699 770 590 770 589 770 700 771 614 771 613 771 700 772 613 772 577 772 700 773 577 773 612 773 700 774 612 774 611 774 701 775 651 775 650 775 701 776 650 776 702 776 701 777 702 777 649 777 701 778 649 778 648 778 703 779 669 779 668 779 703 780 668 780 704 780 703 781 704 781 665 781 703 782 665 782 667 782 705 783 677 783 676 783 705 784 676 784 706 784 705 785 706 785 707 785 705 786 707 786 708 786 705 787 708 787 709 787 705 788 709 788 698 788 705 789 698 789 697 789 710 790 578 790 603 790 603 791 578 791 580 791 603 792 580 792 604 792 579 793 581 793 601 793 601 794 581 794 711 794 601 795 711 795 600 795 613 796 573 796 577 796 577 797 573 797 576 797 685 798 684 798 712 798 712 799 684 799 713 799 712 800 713 800 714 800 714 801 713 801 637 801 714 802 637 802 636 802 645 803 644 803 642 803 642 804 644 804 715 804 642 805 715 805 641 805 690 806 689 806 657 806 657 807 689 807 716 807 657 808 716 808 655 808 658 809 717 809 659 809 659 810 717 810 718 810 659 811 718 811 691 811 691 812 718 812 719 812 691 813 719 813 692 813 667 814 666 814 664 814 664 815 666 815 720 815 664 816 720 816 663 816 696 817 695 817 674 817 674 818 695 818 721 818 674 819 721 819 672 819 722 820 578 820 710 820 578 821 722 821 723 821 723 822 722 822 724 822 723 823 724 823 725 823 725 824 724 824 726 824 725 825 726 825 727 825 728 826 729 826 730 826 730 827 729 827 731 827 730 828 731 828 732 828 732 829 731 829 733 829 732 830 733 830 734 830 735 831 736 831 737 831 737 832 736 832 738 832 737 833 738 833 739 833 739 834 738 834 740 834 737 835 739 835 741 835 741 836 739 836 742 836 741 837 742 837 743 837 743 838 742 838 744 838 743 839 744 839 745 839 745 840 744 840 746 840 746 841 744 841 747 841 746 842 747 842 748 842 748 843 747 843 749 843 748 844 749 844 750 844 750 845 749 845 751 845 750 846 751 846 752 846 752 847 751 847 753 847 752 848 753 848 754 848 754 849 753 849 755 849 754 850 755 850 756 850 756 851 755 851 757 851 756 852 757 852 758 852 758 853 757 853 759 853 758 854 759 854 760 854 760 855 759 855 761 855 760 856 761 856 762 856 762 857 761 857 763 857 762 858 763 858 764 858 764 859 763 859 765 859 764 860 765 860 766 860 766 861 765 861 767 861 766 862 767 862 768 862 768 863 767 863 769 863 768 864 769 864 770 864 770 865 769 865 771 865 770 866 771 866 772 866 772 867 771 867 730 867 730 868 771 868 773 868 730 869 773 869 728 869 774 870 775 870 776 870 776 871 775 871 735 871 776 872 735 872 737 872 734 873 733 873 777 873 777 874 733 874 778 874 777 875 778 875 779 875 779 876 778 876 780 876 779 877 780 877 781 877 781 878 780 878 782 878 781 879 782 879 783 879 783 880 782 880 784 880 783 881 784 881 785 881 785 882 784 882 786 882 785 883 786 883 787 883 787 884 786 884 788 884 787 885 788 885 789 885 789 886 788 886 790 886 789 887 790 887 791 887 791 888 790 888 792 888 791 889 792 889 793 889 793 890 792 890 794 890 793 891 794 891 795 891 795 892 794 892 796 892 795 893 796 893 797 893 797 894 796 894 798 894 797 895 798 895 799 895 799 896 798 896 800 896 799 897 800 897 801 897 801 898 800 898 775 898 801 899 775 899 774 899 802 900 803 900 540 900 802 901 540 901 539 901 802 902 539 902 804 902 802 903 804 903 805 903 802 904 805 904 806 904 543 905 540 905 807 905 807 906 540 906 803 906 807 907 803 907 808 907 809 908 808 908 803 908 810 909 811 909 812 909 809 910 813 910 814 910 814 911 813 911 815 911 814 912 815 912 816 912 817 913 818 913 819 913 819 914 818 914 808 914 819 915 808 915 820 915 820 916 808 916 809 916 820 917 809 917 814 917 811 918 821 918 812 918 812 919 821 919 822 919 812 920 822 920 823 920 823 921 822 921 824 921 823 922 824 922 825 922 825 923 824 923 817 923 825 924 817 924 819 924 811 925 810 925 826 925 826 926 810 926 827 926 826 927 827 927 828 927 578 928 723 928 581 928 589 929 255 929 53 929 589 930 53 930 68 930 589 931 68 931 829 931 589 932 829 932 830 932 589 933 830 933 699 933 255 934 589 934 592 934 255 935 592 935 594 935 255 936 594 936 596 936 255 937 596 937 598 937 600 938 711 938 727 938 600 939 727 939 257 939 600 940 257 940 256 940 600 941 256 941 255 941 600 942 255 942 598 942 727 943 711 943 725 943 725 944 711 944 581 944 725 945 581 945 723 945 831 946 832 946 833 946 831 947 834 947 832 947 835 948 836 948 837 948 838 949 832 949 834 949 838 950 834 950 839 950 838 951 839 951 835 951 838 952 835 952 837 952 838 953 837 953 552 953 838 954 552 954 551 954 840 955 841 955 842 955 842 956 841 956 843 956 842 957 843 957 844 957 844 958 843 958 837 958 844 959 837 959 836 959 841 960 840 960 845 960 845 961 840 961 846 961 845 962 846 962 847 962 847 963 846 963 848 963 847 964 848 964 849 964 849 965 848 965 850 965 849 966 850 966 851 966 851 967 850 967 852 967 851 968 852 968 853 968 854 969 855 969 856 969 854 970 856 970 857 970 854 971 857 971 858 971 854 972 858 972 859 972 854 973 859 973 860 973 854 974 860 974 861 974 854 975 861 975 862 975 854 976 862 976 863 976 854 977 863 977 864 977 854 978 864 978 865 978 854 979 865 979 866 979 867 980 868 980 869 980 867 981 869 981 870 981 867 982 870 982 871 982 867 983 871 983 872 983 867 984 872 984 873 984 867 985 873 985 874 985 867 986 874 986 875 986 867 987 875 987 876 987 867 988 876 988 877 988 867 989 877 989 878 989 867 990 878 990 879 990 880 991 881 991 882 991 880 992 882 992 883 992 880 993 883 993 884 993 880 994 884 994 885 994 880 995 885 995 886 995 880 996 886 996 866 996 880 997 866 997 865 997 877 998 876 998 887 998 877 999 887 999 888 999 877 1000 888 1000 881 1000 877 1001 881 1001 880 1001 889 1002 853 1002 890 1002 890 1003 853 1003 868 1003 853 1004 852 1004 868 1004 868 1005 852 1005 869 1005 891 1006 892 1006 893 1006 893 1007 892 1007 894 1007 893 1008 894 1008 895 1008 895 1009 894 1009 896 1009 895 1010 896 1010 897 1010 897 1011 896 1011 898 1011 897 1012 898 1012 899 1012 899 1013 898 1013 900 1013 899 1014 900 1014 890 1014 890 1015 900 1015 901 1015 890 1016 901 1016 902 1016 889 1017 890 1017 903 1017 903 1018 890 1018 902 1018 903 1019 902 1019 904 1019 904 1020 902 1020 905 1020 904 1021 905 1021 906 1021 906 1022 905 1022 907 1022 906 1023 907 1023 908 1023 908 1024 907 1024 909 1024 908 1025 909 1025 910 1025 910 1026 909 1026 911 1026 910 1027 911 1027 912 1027 912 1028 911 1028 913 1028 912 1029 913 1029 914 1029 914 1030 913 1030 915 1030 914 1031 915 1031 916 1031 916 1032 915 1032 917 1032 916 1033 917 1033 918 1033 918 1034 917 1034 919 1034 918 1035 919 1035 920 1035 920 1036 919 1036 921 1036 920 1037 921 1037 922 1037 922 1038 921 1038 923 1038 922 1039 923 1039 924 1039 924 1040 923 1040 925 1040 924 1041 925 1041 926 1041 926 1042 925 1042 927 1042 926 1043 927 1043 928 1043 928 1044 927 1044 929 1044 928 1045 929 1045 930 1045 930 1046 929 1046 931 1046 932 1047 930 1047 933 1047 930 1048 931 1048 933 1048 932 1049 934 1049 930 1049 935 1050 936 1050 930 1050 935 1051 930 1051 934 1051 935 1052 934 1052 937 1052 935 1053 937 1053 938 1053 935 1054 938 1054 939 1054 935 1055 939 1055 940 1055 935 1056 940 1056 941 1056 935 1057 941 1057 942 1057 935 1058 942 1058 943 1058 935 1059 943 1059 944 1059 935 1060 944 1060 945 1060 935 1061 945 1061 946 1061 935 1062 946 1062 947 1062 935 1063 947 1063 948 1063 935 1064 948 1064 949 1064 949 1065 950 1065 951 1065 949 1066 951 1066 952 1066 949 1067 952 1067 953 1067 949 1068 953 1068 954 1068 949 1069 954 1069 955 1069 949 1070 955 1070 935 1070 956 1071 957 1071 958 1071 958 1072 957 1072 959 1072 958 1073 959 1073 960 1073 960 1074 959 1074 961 1074 960 1075 961 1075 962 1075 962 1076 961 1076 963 1076 962 1077 963 1077 964 1077 964 1078 963 1078 965 1078 964 1079 965 1079 966 1079 966 1080 965 1080 967 1080 967 1081 965 1081 968 1081 967 1082 968 1082 969 1082 936 1083 935 1083 969 1083 969 1084 935 1084 967 1084 970 1085 971 1085 972 1085 972 1086 971 1086 973 1086 972 1087 973 1087 974 1087 974 1088 973 1088 975 1088 974 1089 975 1089 976 1089 976 1090 975 1090 977 1090 976 1091 977 1091 978 1091 978 1092 977 1092 979 1092 978 1093 979 1093 980 1093 971 1094 970 1094 981 1094 981 1095 970 1095 982 1095 981 1096 982 1096 983 1096 983 1097 982 1097 984 1097 983 1098 984 1098 985 1098 985 1099 984 1099 986 1099 985 1100 986 1100 987 1100 987 1101 986 1101 988 1101 987 1102 988 1102 989 1102 989 1103 988 1103 990 1103 989 1104 990 1104 991 1104 991 1105 990 1105 992 1105 991 1106 992 1106 993 1106 994 1107 995 1107 996 1107 996 1108 995 1108 997 1108 996 1109 997 1109 998 1109 998 1110 997 1110 999 1110 998 1111 999 1111 1000 1111 1000 1112 999 1112 1001 1112 1000 1113 1001 1113 1002 1113 1002 1114 1001 1114 993 1114 1002 1115 993 1115 992 1115 995 1116 994 1116 1003 1116 1003 1117 994 1117 1004 1117 1003 1118 1004 1118 1005 1118 1005 1119 1004 1119 1006 1119 1005 1120 1006 1120 1007 1120 1007 1121 1006 1121 1008 1121 1007 1122 1008 1122 1009 1122 1009 1123 1008 1123 1010 1123 1009 1124 1010 1124 1011 1124 1011 1125 1010 1125 1012 1125 1011 1126 1012 1126 1013 1126 1013 1127 1012 1127 980 1127 1013 1128 980 1128 979 1128 463 1129 467 1129 1014 1129 463 1130 1014 1130 1015 1130 463 1131 1015 1131 464 1131 464 1132 1015 1132 471 1132 471 1133 1015 1133 1016 1133 468 1134 477 1134 467 1134 467 1135 477 1135 1014 1135 1017 1136 1018 1136 1019 1136 1017 1137 1020 1137 1018 1137 1020 1138 1021 1138 1018 1138 1022 1139 1023 1139 1024 1139 1022 1140 1024 1140 1025 1140 1026 1141 1027 1141 1021 1141 1026 1142 1021 1142 1020 1142 1028 1143 1029 1143 1023 1143 1028 1144 1023 1144 1022 1144 1030 1145 1029 1145 1028 1145 1031 1146 1032 1146 1026 1146 1026 1147 1032 1147 1027 1147 454 1148 455 1148 1033 1148 1034 1149 1025 1149 1024 1149 451 1150 1029 1150 1030 1150 451 1151 1030 1151 1035 1151 451 1152 1035 1152 452 1152 1033 1153 455 1153 1031 1153 1031 1154 455 1154 1036 1154 1031 1155 1036 1155 1032 1155 1025 1156 1019 1156 1022 1156 1022 1157 1019 1157 1018 1157 1022 1158 1018 1158 1028 1158 1028 1159 1018 1159 1021 1159 1028 1160 1021 1160 1030 1160 1030 1161 1021 1161 1027 1161 1030 1162 1027 1162 1035 1162 1035 1163 1027 1163 1032 1163 1035 1164 1032 1164 452 1164 452 1165 1032 1165 1036 1165 452 1166 1036 1166 455 1166 1034 1167 1037 1167 1025 1167 1025 1168 1037 1168 1038 1168 1025 1169 1038 1169 1019 1169 1019 1170 1038 1170 1039 1170 1019 1171 1039 1171 1017 1171 1017 1172 1039 1172 1040 1172 1041 1173 478 1173 476 1173 478 1174 1041 1174 1042 1174 1042 1175 1041 1175 1043 1175 1042 1176 1043 1176 1044 1176 1044 1177 1043 1177 702 1177 1044 1178 702 1178 650 1178 1045 1179 683 1179 1046 1179 1046 1180 683 1180 686 1180 1047 1181 1048 1181 1049 1181 1046 1182 1049 1182 1048 1182 1046 1183 1048 1183 1050 1183 1046 1184 1050 1184 1051 1184 1046 1185 1051 1185 1045 1185 1052 1186 1053 1186 1054 1186 1054 1187 1053 1187 1047 1187 1054 1188 1047 1188 1049 1188 1055 1189 1056 1189 1057 1189 1056 1190 1055 1190 1058 1190 1058 1191 1055 1191 1059 1191 1058 1192 1059 1192 1060 1192 1060 1193 1059 1193 488 1193 1060 1194 488 1194 487 1194 823 1195 1061 1195 812 1195 1062 1196 1063 1196 1064 1196 1065 1197 827 1197 1066 1197 1065 1198 1066 1198 1067 1198 1065 1199 1067 1199 1068 1199 1065 1200 1068 1200 1050 1200 1069 1201 956 1201 1070 1201 1069 1202 1070 1202 1071 1202 1069 1203 1071 1203 1072 1203 1069 1204 1072 1204 1073 1204 1069 1205 1073 1205 1074 1205 1069 1206 1074 1206 1075 1206 1069 1207 1075 1207 1076 1207 1069 1208 1076 1208 1077 1208 1069 1209 1077 1209 1078 1209 1069 1210 1078 1210 816 1210 956 1211 1079 1211 1080 1211 956 1212 1080 1212 1081 1212 956 1213 1081 1213 1063 1213 956 1214 1063 1214 1062 1214 956 1215 1062 1215 1082 1215 956 1216 1082 1216 1083 1216 956 1217 1083 1217 1070 1217 1084 1218 1079 1218 956 1218 1084 1219 956 1219 958 1219 1084 1220 958 1220 960 1220 1084 1221 960 1221 962 1221 1085 1222 1084 1222 962 1222 1085 1223 962 1223 964 1223 1085 1224 964 1224 966 1224 1085 1225 966 1225 967 1225 1085 1226 967 1226 935 1226 1085 1227 935 1227 955 1227 1085 1228 955 1228 954 1228 1085 1229 954 1229 1086 1229 812 1230 1061 1230 810 1230 810 1231 1061 1231 1066 1231 810 1232 1066 1232 827 1232 820 1233 1087 1233 819 1233 819 1234 1087 1234 1088 1234 819 1235 1088 1235 825 1235 825 1236 1088 1236 1061 1236 825 1237 1061 1237 823 1237 816 1238 1078 1238 814 1238 814 1239 1078 1239 1087 1239 814 1240 1087 1240 820 1240 1050 1241 1089 1241 1065 1241 1050 1242 1048 1242 1089 1242 1053 1243 1090 1243 1047 1243 1053 1244 1091 1244 1090 1244 1090 1245 1092 1245 1047 1245 1047 1246 1092 1246 1048 1246 1048 1247 1092 1247 1093 1247 1048 1248 1093 1248 1089 1248 957 1249 956 1249 815 1249 815 1250 956 1250 1069 1250 815 1251 1069 1251 816 1251 1094 1252 1017 1252 1040 1252 1094 1253 1040 1253 1095 1253 1094 1254 1095 1254 1096 1254 1094 1255 1096 1255 1097 1255 688 1256 1098 1256 689 1256 1099 1257 687 1257 655 1257 1099 1258 655 1258 716 1258 1099 1259 716 1259 689 1259 1099 1260 689 1260 1098 1260 1099 1261 1098 1261 1100 1261 1099 1262 1100 1262 1101 1262 1099 1263 1101 1263 1102 1263 1099 1264 1102 1264 1103 1264 1099 1265 1103 1265 1104 1265 1105 1266 1106 1266 1107 1266 1107 1267 1106 1267 1108 1267 1106 1268 1109 1268 1108 1268 1108 1269 1109 1269 1110 1269 1105 1270 1107 1270 1111 1270 1111 1271 1107 1271 1112 1271 1111 1272 1112 1272 1113 1272 1113 1273 1112 1273 1114 1273 1113 1274 1114 1274 1115 1274 1115 1275 1114 1275 1116 1275 1115 1276 1116 1276 1117 1276 1117 1277 1116 1277 1118 1277 1117 1278 1118 1278 1119 1278 1119 1279 1118 1279 1120 1279 1119 1280 1120 1280 1121 1280 1121 1281 1120 1281 1122 1281 1123 1282 1124 1282 1125 1282 1125 1283 1124 1283 1126 1283 1125 1284 1126 1284 1127 1284 1127 1285 1126 1285 1128 1285 1127 1286 1128 1286 1129 1286 1130 1287 1131 1287 1132 1287 1132 1288 1131 1288 1133 1288 1132 1289 1133 1289 1134 1289 1134 1290 1133 1290 1135 1290 1134 1291 1135 1291 1136 1291 1136 1292 1135 1292 1123 1292 1136 1293 1123 1293 1125 1293 1137 1294 1138 1294 1139 1294 1139 1295 1138 1295 1140 1295 1139 1296 1140 1296 1141 1296 1142 1297 1143 1297 1144 1297 1144 1298 1143 1298 1145 1298 1144 1299 1145 1299 1146 1299 1146 1300 1145 1300 1147 1300 1146 1301 1147 1301 1148 1301 1148 1302 1147 1302 1138 1302 1148 1303 1138 1303 1137 1303 668 1304 1143 1304 704 1304 704 1305 1143 1305 1142 1305 1149 1306 1141 1306 1140 1306 1149 1307 1140 1307 1150 1307 1149 1308 1150 1308 1151 1308 1149 1309 1151 1309 1152 1309 1153 1310 1154 1310 1155 1310 1156 1311 1157 1311 1158 1311 1158 1312 1157 1312 457 1312 1158 1313 457 1313 456 1313 1159 1314 1160 1314 1161 1314 1161 1315 1160 1315 1157 1315 1161 1316 1157 1316 1156 1316 1155 1317 1154 1317 1162 1317 1162 1318 1154 1318 1160 1318 1162 1319 1160 1319 1159 1319 1155 1320 1163 1320 1153 1320 1153 1321 1163 1321 1149 1321 1153 1322 1149 1322 1152 1322 1020 1323 1017 1323 1094 1323 1020 1324 1094 1324 1164 1324 1020 1325 1164 1325 1165 1325 1020 1326 1165 1326 1166 1326 1020 1327 1166 1327 1026 1327 1166 1328 1167 1328 1026 1328 1026 1329 1167 1329 1168 1329 1026 1330 1168 1330 1031 1330 1031 1331 1168 1331 1169 1331 1031 1332 1169 1332 1033 1332 1169 1333 1170 1333 1033 1333 1033 1334 1170 1334 453 1334 1033 1335 453 1335 454 1335 251 1336 56 1336 250 1336 250 1337 56 1337 54 1337 250 1338 54 1338 249 1338 249 1339 54 1339 248 1339 248 1340 54 1340 53 1340 248 1341 53 1341 255 1341 116 1342 68 1342 67 1342 68 1343 116 1343 829 1343 829 1344 116 1344 115 1344 829 1345 115 1345 830 1345 830 1346 115 1346 114 1346 830 1347 114 1347 699 1347 1171 1348 1172 1348 405 1348 1171 1349 405 1349 423 1349 1171 1350 423 1350 421 1350 1171 1351 421 1351 419 1351 1171 1352 419 1352 417 1352 1171 1353 417 1353 415 1353 1171 1354 415 1354 436 1354 1171 1355 436 1355 1173 1355 1171 1356 1173 1356 1174 1356 1171 1357 1174 1357 1175 1357 1171 1358 1175 1358 1176 1358 407 1359 405 1359 1172 1359 407 1360 1172 1360 1177 1360 407 1361 1177 1361 1178 1361 407 1362 1178 1362 1179 1362 407 1363 1179 1363 1180 1363 407 1364 1180 1364 1181 1364 407 1365 1181 1365 1182 1365 407 1366 1182 1366 1183 1366 407 1367 1183 1367 409 1367 409 1368 1183 1368 1184 1368 409 1369 1184 1369 1185 1369 409 1370 1185 1370 1186 1370 409 1371 1186 1371 1187 1371 409 1372 1187 1372 1188 1372 409 1373 1188 1373 411 1373 391 1374 398 1374 1189 1374 391 1375 1189 1375 1190 1375 391 1376 1190 1376 1191 1376 391 1377 1191 1377 1192 1377 391 1378 1192 1378 1193 1378 1194 1379 1195 1379 388 1379 1194 1380 388 1380 397 1380 1194 1381 397 1381 395 1381 1194 1382 395 1382 393 1382 1194 1383 393 1383 391 1383 1194 1384 391 1384 1193 1384 82 1385 388 1385 1195 1385 82 1386 1195 1386 1196 1386 82 1387 1196 1387 1197 1387 82 1388 1197 1388 1198 1388 82 1389 1198 1389 93 1389 82 1390 93 1390 92 1390 82 1391 92 1391 91 1391 82 1392 91 1392 90 1392 82 1393 90 1393 89 1393 82 1394 89 1394 83 1394 1199 1395 413 1395 1200 1395 1200 1396 413 1396 411 1396 1200 1397 411 1397 1188 1397 1189 1398 398 1398 1201 1398 1201 1399 398 1399 403 1399 1201 1400 403 1400 1202 1400 1202 1401 403 1401 401 1401 1202 1402 401 1402 1203 1402 1203 1403 401 1403 413 1403 1203 1404 413 1404 1199 1404 83 1405 89 1405 75 1405 75 1406 89 1406 88 1406 75 1407 88 1407 80 1407 1204 1408 1205 1408 1198 1408 1198 1409 1205 1409 94 1409 1198 1410 94 1410 93 1410 1206 1411 1207 1411 1197 1411 1197 1412 1207 1412 1204 1412 1197 1413 1204 1413 1198 1413 1208 1414 1209 1414 1196 1414 1196 1415 1209 1415 1206 1415 1196 1416 1206 1416 1197 1416 1210 1417 1211 1417 1195 1417 1195 1418 1211 1418 1208 1418 1195 1419 1208 1419 1196 1419 1212 1420 1210 1420 1194 1420 1194 1421 1210 1421 1195 1421 1194 1422 1193 1422 1212 1422 1212 1423 1193 1423 1213 1423 1212 1424 1213 1424 1214 1424 1214 1425 1213 1425 1215 1425 1216 1426 1217 1426 1218 1426 1219 1427 1216 1427 1220 1427 1220 1428 1216 1428 1218 1428 1220 1429 1218 1429 1221 1429 1221 1430 1218 1430 1222 1430 1221 1431 1222 1431 1223 1431 107 1432 103 1432 1224 1432 1224 1433 103 1433 1225 1433 1224 1434 1225 1434 1226 1434 1226 1435 1225 1435 1227 1435 1228 1436 1229 1436 1230 1436 1230 1437 1229 1437 1231 1437 1230 1438 1231 1438 1232 1438 1232 1439 1231 1439 1226 1439 1232 1440 1226 1440 1227 1440 1229 1441 1228 1441 1233 1441 1233 1442 1228 1442 1234 1442 1233 1443 1234 1443 1235 1443 1235 1444 1234 1444 1236 1444 1235 1445 1236 1445 1237 1445 1237 1446 1236 1446 1238 1446 1237 1447 1238 1447 1239 1447 1240 1448 1241 1448 1238 1448 1238 1449 1241 1449 1239 1449 1241 1450 1240 1450 1223 1450 1223 1451 1240 1451 1221 1451 1242 1452 1243 1452 1244 1452 1242 1453 1244 1453 1245 1453 1242 1454 1245 1454 1246 1454 1247 1455 1248 1455 1249 1455 1247 1456 1249 1456 1244 1456 1247 1457 1244 1457 1243 1457 1245 1458 1250 1458 1246 1458 1246 1459 1250 1459 1251 1459 1250 1460 584 1460 1251 1460 1251 1461 584 1461 586 1461 1249 1462 1248 1462 1219 1462 1219 1463 1248 1463 1216 1463 1171 1464 1176 1464 1252 1464 1252 1465 1176 1465 1253 1465 1252 1466 1253 1466 1254 1466 1254 1467 1253 1467 1255 1467 1256 1468 1257 1468 1258 1468 1255 1469 1259 1469 1254 1469 1256 1470 1258 1470 1260 1470 1260 1471 1258 1471 707 1471 1260 1472 707 1472 706 1472 1256 1473 1261 1473 1257 1473 1257 1474 1261 1474 1259 1474 1257 1475 1259 1475 1255 1475 1262 1476 1263 1476 1264 1476 1265 1477 1266 1477 1267 1477 1268 1478 1269 1478 1270 1478 1271 1479 1272 1479 1264 1479 1264 1480 1272 1480 1273 1480 1264 1481 1273 1481 1262 1481 1262 1482 1273 1482 1274 1482 1266 1483 1265 1483 1263 1483 1263 1484 1265 1484 1275 1484 1263 1485 1275 1485 1264 1485 1267 1486 1266 1486 1276 1486 1276 1487 1266 1487 1277 1487 1276 1488 1277 1488 1278 1488 1278 1489 1277 1489 1279 1489 1278 1490 1279 1490 1280 1490 1280 1491 1279 1491 1281 1491 1280 1492 1281 1492 1282 1492 1282 1493 1281 1493 1283 1493 1282 1494 1283 1494 1284 1494 1283 1495 1285 1495 1284 1495 1284 1496 1285 1496 1286 1496 1268 1497 1270 1497 1287 1497 1287 1498 1270 1498 1271 1498 1287 1499 1271 1499 1264 1499 1270 1500 1269 1500 1288 1500 1288 1501 1269 1501 1289 1501 1288 1502 1289 1502 1290 1502 1290 1503 1289 1503 1291 1503 1290 1504 1291 1504 1292 1504 1292 1505 1291 1505 1293 1505 1292 1506 1293 1506 1294 1506 1292 1507 1294 1507 1295 1507 1295 1508 1294 1508 1284 1508 1295 1509 1284 1509 1296 1509 1296 1510 1284 1510 1286 1510 110 1511 102 1511 101 1511 110 1512 101 1512 1297 1512 110 1513 1297 1513 1298 1513 110 1514 1298 1514 111 1514 1298 1515 1299 1515 111 1515 111 1516 1299 1516 1300 1516 111 1517 1300 1517 112 1517 112 1518 1300 1518 1301 1518 112 1519 1301 1519 113 1519 1301 1520 1302 1520 113 1520 113 1521 1302 1521 583 1521 113 1522 583 1522 108 1522 614 1523 1303 1523 1304 1523 105 1524 1217 1524 1305 1524 105 1525 1305 1525 1306 1525 105 1526 1306 1526 1307 1526 105 1527 1307 1527 1308 1527 105 1528 1308 1528 1297 1528 105 1529 1297 1529 101 1529 1303 1530 607 1530 605 1530 1303 1531 605 1531 604 1531 1303 1532 604 1532 580 1532 1303 1533 580 1533 1309 1533 1310 1534 1311 1534 669 1534 1310 1535 669 1535 703 1535 1310 1536 703 1536 667 1536 1310 1537 667 1537 664 1537 1310 1538 664 1538 662 1538 1310 1539 662 1539 660 1539 1310 1540 660 1540 659 1540 1310 1541 659 1541 691 1541 1310 1542 691 1542 1312 1542 1217 1543 1216 1543 1248 1543 1217 1544 1248 1544 1247 1544 1217 1545 1247 1545 1243 1545 1308 1546 1301 1546 1300 1546 1308 1547 1300 1547 1299 1547 1308 1548 1299 1548 1298 1548 1308 1549 1298 1549 1297 1549 1313 1550 1314 1550 588 1550 1313 1551 588 1551 582 1551 1313 1552 582 1552 583 1552 1313 1553 583 1553 1302 1553 1313 1554 1302 1554 1301 1554 1313 1555 1301 1555 1308 1555 607 1556 1303 1556 609 1556 609 1557 1303 1557 614 1557 609 1558 614 1558 611 1558 611 1559 614 1559 700 1559 1312 1560 691 1560 1315 1560 1315 1561 691 1561 690 1561 1315 1562 690 1562 1316 1562 1316 1563 690 1563 1317 1563 1317 1564 690 1564 657 1564 1317 1565 657 1565 1318 1565 1318 1566 657 1566 656 1566 1318 1567 656 1567 1319 1567 1319 1568 656 1568 651 1568 1319 1569 651 1569 1320 1569 1320 1570 651 1570 1321 1570 1321 1571 651 1571 701 1571 1321 1572 701 1572 1322 1572 1322 1573 701 1573 648 1573 1322 1574 648 1574 1323 1574 1323 1575 648 1575 646 1575 1323 1576 646 1576 1324 1576 1324 1577 646 1577 645 1577 1324 1578 645 1578 1325 1578 1325 1579 645 1579 642 1579 1325 1580 642 1580 1326 1580 1326 1581 642 1581 640 1581 1326 1582 640 1582 1327 1582 1327 1583 640 1583 639 1583 1327 1584 639 1584 1328 1584 1328 1585 639 1585 685 1585 1328 1586 685 1586 1329 1586 1329 1587 685 1587 712 1587 1329 1588 712 1588 1330 1588 1330 1589 712 1589 714 1589 1330 1590 714 1590 1331 1590 1331 1591 714 1591 636 1591 1331 1592 636 1592 1332 1592 1332 1593 636 1593 634 1593 1332 1594 634 1594 1333 1594 1333 1595 634 1595 632 1595 1333 1596 632 1596 1334 1596 1334 1597 632 1597 630 1597 1334 1598 630 1598 1335 1598 1335 1599 630 1599 628 1599 1335 1600 628 1600 1336 1600 1336 1601 628 1601 626 1601 1336 1602 626 1602 1337 1602 1337 1603 626 1603 624 1603 1337 1604 624 1604 1338 1604 1338 1605 624 1605 622 1605 1338 1606 622 1606 1339 1606 1339 1607 622 1607 620 1607 1339 1608 620 1608 1340 1608 1340 1609 620 1609 1341 1609 1341 1610 620 1610 618 1610 1341 1611 618 1611 1342 1611 1342 1612 618 1612 616 1612 1342 1613 616 1613 1343 1613 1343 1614 616 1614 614 1614 1343 1615 614 1615 1304 1615 669 1616 1311 1616 673 1616 673 1617 1311 1617 1344 1617 673 1618 1344 1618 674 1618 674 1619 1344 1619 1345 1619 674 1620 1345 1620 1346 1620 674 1621 1346 1621 696 1621 696 1622 1346 1622 1347 1622 696 1623 1347 1623 697 1623 697 1624 1347 1624 1348 1624 697 1625 1348 1625 705 1625 705 1626 1348 1626 1349 1626 705 1627 1349 1627 677 1627 677 1628 1349 1628 1350 1628 677 1629 1350 1629 1351 1629 677 1630 1351 1630 678 1630 678 1631 1351 1631 1352 1631 678 1632 1352 1632 680 1632 680 1633 1352 1633 1353 1633 680 1634 1353 1634 682 1634 682 1635 1353 1635 1354 1635 682 1636 1354 1636 585 1636 585 1637 1354 1637 1355 1637 585 1638 1355 1638 586 1638 586 1639 1355 1639 1356 1639 586 1640 1356 1640 1251 1640 1217 1641 1243 1641 1305 1641 1305 1642 1243 1642 1242 1642 1305 1643 1242 1643 1356 1643 1356 1644 1242 1644 1246 1644 1356 1645 1246 1645 1251 1645 588 1646 1314 1646 590 1646 590 1647 1314 1647 1357 1647 590 1648 1357 1648 591 1648 591 1649 1357 1649 1358 1649 591 1650 1358 1650 593 1650 593 1651 1358 1651 1359 1651 593 1652 1359 1652 595 1652 595 1653 1359 1653 1360 1653 595 1654 1360 1654 1361 1654 595 1655 1361 1655 597 1655 597 1656 1361 1656 1362 1656 597 1657 1362 1657 599 1657 599 1658 1362 1658 1363 1658 599 1659 1363 1659 601 1659 601 1660 1363 1660 1364 1660 601 1661 1364 1661 579 1661 579 1662 1364 1662 1365 1662 579 1663 1365 1663 1366 1663 1366 1664 1309 1664 579 1664 579 1665 1309 1665 580 1665 1217 1666 105 1666 1367 1666 1217 1667 1367 1667 1368 1667 1217 1668 1368 1668 1369 1668 1217 1669 1369 1669 1218 1669 105 1670 104 1670 1370 1670 105 1671 1370 1671 1371 1671 105 1672 1371 1672 1372 1672 105 1673 1372 1673 1373 1673 105 1674 1373 1674 1374 1674 105 1675 1374 1675 1375 1675 105 1676 1375 1676 1376 1676 105 1677 1376 1677 1367 1677 104 1678 1377 1678 1378 1678 104 1679 1378 1679 1379 1679 104 1680 1379 1680 1380 1680 104 1681 1380 1681 1381 1681 104 1682 1381 1682 1370 1682 1218 1683 1369 1683 1382 1683 1218 1684 1382 1684 1377 1684 1218 1685 1377 1685 104 1685 106 1686 1222 1686 104 1686 104 1687 1222 1687 1218 1687 1223 1688 1235 1688 1237 1688 1223 1689 1237 1689 1239 1689 1223 1690 1239 1690 1241 1690 1222 1691 106 1691 1233 1691 1222 1692 1233 1692 1235 1692 1222 1693 1235 1693 1223 1693 106 1694 107 1694 1224 1694 106 1695 1224 1695 1226 1695 106 1696 1226 1696 1231 1696 106 1697 1231 1697 1229 1697 106 1698 1229 1698 1233 1698 263 1699 302 1699 1383 1699 263 1700 1383 1700 260 1700 263 1701 260 1701 259 1701 260 1702 1383 1702 261 1702 184 1703 261 1703 178 1703 178 1704 261 1704 1383 1704 178 1705 1383 1705 127 1705 127 1706 1383 1706 302 1706 127 1707 302 1707 126 1707 306 1708 305 1708 304 1708 306 1709 1384 1709 305 1709 309 1710 262 1710 1385 1710 309 1711 301 1711 262 1711 1384 1712 299 1712 305 1712 1386 1713 297 1713 299 1713 1386 1714 299 1714 1384 1714 1387 1715 295 1715 297 1715 1387 1716 297 1716 1386 1716 1388 1717 293 1717 295 1717 1388 1718 295 1718 1387 1718 1389 1719 291 1719 293 1719 1389 1720 293 1720 1388 1720 1390 1721 289 1721 291 1721 1390 1722 291 1722 1389 1722 1391 1723 287 1723 289 1723 1391 1724 289 1724 1390 1724 1392 1725 285 1725 287 1725 1392 1726 287 1726 1391 1726 1393 1727 283 1727 285 1727 1393 1728 285 1728 1392 1728 1394 1729 281 1729 283 1729 1394 1730 283 1730 1393 1730 1395 1731 277 1731 279 1731 1395 1732 279 1732 1394 1732 1396 1733 275 1733 277 1733 1396 1734 277 1734 1395 1734 1397 1735 273 1735 275 1735 1397 1736 275 1736 1396 1736 1398 1737 271 1737 273 1737 1398 1738 273 1738 1397 1738 1399 1739 269 1739 271 1739 1399 1740 271 1740 1398 1740 1400 1741 265 1741 269 1741 1400 1742 269 1742 1399 1742 1401 1743 266 1743 265 1743 1401 1744 265 1744 1400 1744 1402 1745 264 1745 266 1745 1402 1746 266 1746 1401 1746 1385 1747 262 1747 264 1747 1385 1748 264 1748 1402 1748 1394 1749 279 1749 281 1749 1403 1750 1404 1750 1391 1750 1404 1751 1405 1751 1397 1751 1394 1752 1393 1752 1392 1752 1394 1753 1392 1753 1391 1753 1394 1754 1391 1754 1404 1754 1394 1755 1404 1755 1397 1755 1394 1756 1397 1756 1396 1756 1394 1757 1396 1757 1395 1757 334 1758 331 1758 336 1758 336 1759 331 1759 329 1759 336 1760 329 1760 1406 1760 1406 1761 329 1761 327 1761 1406 1762 327 1762 1407 1762 1407 1763 327 1763 325 1763 1407 1764 325 1764 323 1764 1408 1765 338 1765 1409 1765 1409 1766 338 1766 336 1766 1409 1767 336 1767 1406 1767 1410 1768 342 1768 1411 1768 1411 1769 342 1769 340 1769 1411 1770 340 1770 1412 1770 1412 1771 340 1771 338 1771 1412 1772 338 1772 1408 1772 1413 1773 1386 1773 1414 1773 1414 1774 1386 1774 1384 1774 1414 1775 1384 1775 1415 1775 1415 1776 1384 1776 306 1776 1415 1777 306 1777 1416 1777 1416 1778 306 1778 308 1778 1416 1779 308 1779 1417 1779 1417 1780 308 1780 346 1780 1417 1781 346 1781 1418 1781 1418 1782 346 1782 344 1782 1418 1783 344 1783 1419 1783 1419 1784 344 1784 342 1784 1419 1785 342 1785 1410 1785 1403 1786 1391 1786 1420 1786 1420 1787 1391 1787 1390 1787 1420 1788 1390 1788 1421 1788 1421 1789 1390 1789 1389 1789 1421 1790 1389 1790 1422 1790 1422 1791 1389 1791 1388 1791 1422 1792 1388 1792 1423 1792 1423 1793 1388 1793 1387 1793 1423 1794 1387 1794 1424 1794 1424 1795 1387 1795 1386 1795 1424 1796 1386 1796 1413 1796 1425 1797 1426 1797 321 1797 321 1798 1426 1798 1407 1798 321 1799 1407 1799 323 1799 1427 1800 1428 1800 317 1800 317 1801 1428 1801 1429 1801 317 1802 1429 1802 319 1802 319 1803 1429 1803 1425 1803 319 1804 1425 1804 321 1804 1430 1805 1431 1805 1400 1805 1400 1806 1431 1806 1432 1806 1400 1807 1432 1807 1401 1807 1401 1808 1432 1808 1433 1808 1401 1809 1433 1809 1402 1809 1402 1810 1433 1810 1434 1810 1402 1811 1434 1811 1385 1811 1385 1812 1434 1812 1435 1812 1385 1813 1435 1813 309 1813 309 1814 1435 1814 1436 1814 309 1815 1436 1815 311 1815 311 1816 1436 1816 1437 1816 311 1817 1437 1817 313 1817 313 1818 1437 1818 1438 1818 313 1819 1438 1819 315 1819 315 1820 1438 1820 1427 1820 315 1821 1427 1821 317 1821 1405 1822 1439 1822 1397 1822 1397 1823 1439 1823 1440 1823 1397 1824 1440 1824 1398 1824 1398 1825 1440 1825 1441 1825 1398 1826 1441 1826 1399 1826 1399 1827 1441 1827 1430 1827 1399 1828 1430 1828 1400 1828 1152 1829 1151 1829 1442 1829 1152 1830 1442 1830 1443 1830 1152 1831 1443 1831 1444 1831 1152 1832 1444 1832 1153 1832 1153 1833 1444 1833 429 1833 1153 1834 429 1834 428 1834 1153 1835 428 1835 443 1835 1153 1836 443 1836 446 1836 1153 1837 446 1837 458 1837 1153 1838 458 1838 1154 1838 1154 1839 458 1839 1160 1839 1160 1840 458 1840 457 1840 1160 1841 457 1841 1157 1841 1445 1842 1442 1842 1446 1842 1446 1843 1442 1843 1151 1843 1446 1844 1151 1844 1447 1844 1442 1845 1445 1845 1443 1845 1443 1846 1445 1846 1448 1846 1443 1847 1448 1847 1444 1847 1444 1848 1448 1848 430 1848 1444 1849 430 1849 429 1849 1447 1850 1449 1850 1446 1850 1447 1851 1450 1851 1449 1851 1451 1852 1445 1852 1446 1852 1451 1853 1446 1853 1449 1853 427 1854 431 1854 1452 1854 1452 1855 1453 1855 427 1855 1452 1856 1448 1856 1445 1856 1452 1857 1445 1857 1454 1857 430 1858 1448 1858 431 1858 1448 1859 1452 1859 431 1859 1445 1860 1451 1860 1454 1860 426 1861 427 1861 1453 1861 426 1862 1453 1862 1455 1862 426 1863 1455 1863 1456 1863 1456 1864 1455 1864 1457 1864 1457 1865 1455 1865 1458 1865 1457 1866 1458 1866 1459 1866 1459 1867 1458 1867 1460 1867 1450 1868 1460 1868 1449 1868 1449 1869 1460 1869 1458 1869 1449 1870 1458 1870 1451 1870 1451 1871 1458 1871 1455 1871 1451 1872 1455 1872 1454 1872 1454 1873 1455 1873 1453 1873 1454 1874 1453 1874 1452 1874 1459 1875 1461 1875 1457 1875 1457 1876 1461 1876 1462 1876 1457 1877 1462 1877 1456 1877 1456 1878 1462 1878 1463 1878 1456 1879 1463 1879 426 1879 426 1880 1463 1880 424 1880 1464 1881 1465 1881 1466 1881 1464 1882 1467 1882 1465 1882 434 1883 1468 1883 1469 1883 435 1884 434 1884 1469 1884 1469 1885 1468 1885 1470 1885 1463 1886 1471 1886 1472 1886 1473 1887 1467 1887 1470 1887 1473 1888 1470 1888 1474 1888 1462 1889 1475 1889 1471 1889 1462 1890 1471 1890 1463 1890 1465 1891 1467 1891 1473 1891 1461 1892 1475 1892 1462 1892 1470 1893 1468 1893 1474 1893 433 1894 432 1894 1476 1894 424 1895 1463 1895 1472 1895 424 1896 1472 1896 1476 1896 424 1897 1476 1897 432 1897 1475 1898 1466 1898 1471 1898 1471 1899 1466 1899 1465 1899 1471 1900 1465 1900 1472 1900 1472 1901 1465 1901 1473 1901 1472 1902 1473 1902 1476 1902 1476 1903 1473 1903 1474 1903 1476 1904 1474 1904 433 1904 433 1905 1474 1905 1468 1905 433 1906 1468 1906 434 1906 1174 1907 1467 1907 1175 1907 1175 1908 1467 1908 1464 1908 1175 1909 1464 1909 1176 1909 1467 1910 1174 1910 1470 1910 1470 1911 1174 1911 1173 1911 1470 1912 1173 1912 1469 1912 1469 1913 1173 1913 436 1913 1469 1914 436 1914 435 1914 1477 1915 1478 1915 1479 1915 1479 1916 1480 1916 1477 1916 1481 1917 1482 1917 1483 1917 1484 1918 1485 1918 1482 1918 1486 1919 1484 1919 1487 1919 1478 1920 1488 1920 1489 1920 1489 1921 1479 1921 1478 1921 1490 1922 1479 1922 1489 1922 1491 1923 1492 1923 1493 1923 1491 1924 1493 1924 1494 1924 1491 1925 1494 1925 1485 1925 1491 1926 1485 1926 1488 1926 1491 1927 1488 1927 1478 1927 1491 1928 1478 1928 1477 1928 1487 1929 1495 1929 1486 1929 1486 1930 1495 1930 1496 1930 1486 1931 1496 1931 1497 1931 1497 1932 1496 1932 1498 1932 1497 1933 1498 1933 1499 1933 1499 1934 1498 1934 1500 1934 1499 1935 1500 1935 1501 1935 1497 1936 1502 1936 1486 1936 1486 1937 1502 1937 1503 1937 1486 1938 1503 1938 1490 1938 1490 1939 1503 1939 1504 1939 1490 1940 1504 1940 1479 1940 1479 1941 1504 1941 838 1941 1479 1942 838 1942 1480 1942 1485 1943 1494 1943 1482 1943 1482 1944 1494 1944 1493 1944 1482 1945 1493 1945 1483 1945 1483 1946 1493 1946 1492 1946 1483 1947 1492 1947 1505 1947 1506 1948 1481 1948 1507 1948 1507 1949 1481 1949 1483 1949 1507 1950 1483 1950 1505 1950 1481 1951 1506 1951 1508 1951 1508 1952 1506 1952 1509 1952 1508 1953 1509 1953 1510 1953 1510 1954 1509 1954 1511 1954 1510 1955 1511 1955 1512 1955 1512 1956 1511 1956 1500 1956 1512 1957 1500 1957 1498 1957 1484 1958 1482 1958 1487 1958 1487 1959 1482 1959 1481 1959 1487 1960 1481 1960 1508 1960 1508 1961 1510 1961 1487 1961 1487 1962 1510 1962 1512 1962 1487 1963 1512 1963 1495 1963 1495 1964 1512 1964 1498 1964 1495 1965 1498 1965 1496 1965 1485 1966 1484 1966 1488 1966 1488 1967 1484 1967 1489 1967 1484 1968 1486 1968 1489 1968 1489 1969 1486 1969 1490 1969 1513 1970 1514 1970 1515 1970 1516 1971 1517 1971 1518 1971 1516 1972 1518 1972 1519 1972 1516 1973 1519 1973 1520 1973 1516 1974 1520 1974 1521 1974 1516 1975 1521 1975 1522 1975 1516 1976 1522 1976 1523 1976 1524 1977 1525 1977 1513 1977 1513 1978 1525 1978 1514 1978 1525 1979 1518 1979 1514 1979 1514 1980 1518 1980 1517 1980 1511 1981 1526 1981 1500 1981 1500 1982 1526 1982 1527 1982 1500 1983 1527 1983 1501 1983 1501 1984 1527 1984 1528 1984 1501 1985 1528 1985 1529 1985 1529 1986 1528 1986 1523 1986 1529 1987 1523 1987 1522 1987 1505 1988 1530 1988 1507 1988 1507 1989 1530 1989 1531 1989 1507 1990 1531 1990 1506 1990 1506 1991 1531 1991 1532 1991 1506 1992 1532 1992 1509 1992 1509 1993 1532 1993 1526 1993 1509 1994 1526 1994 1511 1994 1505 1995 1492 1995 1530 1995 1530 1996 1492 1996 1533 1996 1492 1997 1491 1997 1533 1997 1533 1998 1491 1998 1534 1998 1045 1999 684 1999 683 1999 1045 2000 713 2000 684 2000 613 2001 615 2001 1535 2001 1536 2002 1530 2002 1533 2002 1536 2003 1533 2003 623 2003 1536 2004 623 2004 625 2004 1536 2005 625 2005 627 2005 1536 2006 627 2006 629 2006 1536 2007 629 2007 631 2007 1536 2008 631 2008 633 2008 1536 2009 633 2009 635 2009 1536 2010 635 2010 637 2010 1536 2011 637 2011 713 2011 1536 2012 713 2012 1045 2012 1536 2013 1045 2013 1051 2013 1535 2014 615 2014 1537 2014 1537 2015 615 2015 617 2015 1537 2016 617 2016 1538 2016 1538 2017 617 2017 1534 2017 1534 2018 617 2018 619 2018 1534 2019 619 2019 621 2019 623 2020 1533 2020 621 2020 621 2021 1533 2021 1534 2021 570 2022 1538 2022 569 2022 1538 2023 570 2023 1537 2023 1537 2024 570 2024 571 2024 1537 2025 571 2025 1535 2025 1535 2026 571 2026 573 2026 1535 2027 573 2027 613 2027 1255 2028 1539 2028 1257 2028 694 2029 698 2029 1540 2029 698 2030 709 2030 1541 2030 1541 2031 1540 2031 698 2031 1541 2032 1258 2032 1257 2032 1541 2033 1257 2033 1539 2033 709 2034 708 2034 1258 2034 1258 2035 1541 2035 709 2035 707 2036 1258 2036 708 2036 1540 2037 1541 2037 1539 2037 1542 2038 694 2038 1543 2038 1543 2039 694 2039 1540 2039 1543 2040 1540 2040 1544 2040 1544 2041 1540 2041 1539 2041 1544 2042 1539 2042 1255 2042 693 2043 672 2043 1545 2043 1542 2044 1546 2044 1547 2044 1542 2045 1547 2045 1548 2045 1542 2046 1548 2046 1549 2046 1542 2047 1549 2047 1550 2047 1542 2048 1550 2048 1545 2048 1542 2049 1545 2049 672 2049 1542 2050 672 2050 721 2050 1542 2051 721 2051 695 2051 1542 2052 695 2052 694 2052 1140 2053 1551 2053 1552 2053 1140 2054 1138 2054 1551 2054 670 2055 1553 2055 1143 2055 668 2056 670 2056 1143 2056 671 2057 1554 2057 1553 2057 671 2058 1553 2058 670 2058 1143 2059 1553 2059 1145 2059 1545 2060 1555 2060 1556 2060 1557 2061 1147 2061 1145 2061 1558 2062 1557 2062 1145 2062 1558 2063 1145 2063 1553 2063 1550 2064 1559 2064 1555 2064 1550 2065 1555 2065 1545 2065 1560 2066 1138 2066 1147 2066 1560 2067 1147 2067 1557 2067 1549 2068 1561 2068 1559 2068 1549 2069 1559 2069 1550 2069 1551 2070 1138 2070 1560 2070 1548 2071 1561 2071 1549 2071 693 2072 1545 2072 1556 2072 693 2073 1556 2073 1554 2073 693 2074 1554 2074 671 2074 1561 2075 1552 2075 1559 2075 1559 2076 1552 2076 1551 2076 1559 2077 1551 2077 1555 2077 1555 2078 1551 2078 1560 2078 1555 2079 1560 2079 1556 2079 1556 2080 1560 2080 1557 2080 1556 2081 1557 2081 1554 2081 1554 2082 1557 2082 1558 2082 1554 2083 1558 2083 1553 2083 740 2084 1562 2084 739 2084 739 2085 1562 2085 1563 2085 739 2086 1563 2086 742 2086 742 2087 1563 2087 1564 2087 742 2088 1564 2088 744 2088 744 2089 1564 2089 1565 2089 744 2090 1565 2090 747 2090 747 2091 1565 2091 1566 2091 747 2092 1566 2092 749 2092 749 2093 1566 2093 1567 2093 749 2094 1567 2094 751 2094 751 2095 1567 2095 1568 2095 751 2096 1568 2096 753 2096 753 2097 1568 2097 1569 2097 753 2098 1569 2098 755 2098 755 2099 1569 2099 1570 2099 755 2100 1570 2100 757 2100 1562 2101 740 2101 1571 2101 1571 2102 740 2102 738 2102 1571 2103 738 2103 1572 2103 1572 2104 738 2104 736 2104 1572 2105 736 2105 1573 2105 1573 2106 736 2106 735 2106 1573 2107 735 2107 1574 2107 1574 2108 735 2108 775 2108 1574 2109 775 2109 1575 2109 1575 2110 775 2110 800 2110 1575 2111 800 2111 1576 2111 1576 2112 800 2112 798 2112 1576 2113 798 2113 1577 2113 1577 2114 798 2114 796 2114 1577 2115 796 2115 1578 2115 1578 2116 796 2116 794 2116 1578 2117 794 2117 1579 2117 1579 2118 794 2118 792 2118 1579 2119 792 2119 1580 2119 1580 2120 792 2120 790 2120 1580 2121 790 2121 1581 2121 729 2122 1582 2122 731 2122 731 2123 1582 2123 1583 2123 731 2124 1583 2124 733 2124 733 2125 1583 2125 1584 2125 733 2126 1584 2126 778 2126 778 2127 1584 2127 1585 2127 778 2128 1585 2128 780 2128 780 2129 1585 2129 1586 2129 780 2130 1586 2130 782 2130 782 2131 1586 2131 1587 2131 782 2132 1587 2132 784 2132 784 2133 1587 2133 1588 2133 784 2134 1588 2134 786 2134 786 2135 1588 2135 1589 2135 786 2136 1589 2136 788 2136 788 2137 1589 2137 1581 2137 788 2138 1581 2138 790 2138 1582 2139 729 2139 1590 2139 1590 2140 729 2140 728 2140 1590 2141 728 2141 1591 2141 1591 2142 728 2142 773 2142 1591 2143 773 2143 1592 2143 1592 2144 773 2144 771 2144 1592 2145 771 2145 1593 2145 1593 2146 771 2146 769 2146 1593 2147 769 2147 1594 2147 1594 2148 769 2148 767 2148 1594 2149 767 2149 1595 2149 1595 2150 767 2150 765 2150 1595 2151 765 2151 1596 2151 1596 2152 765 2152 763 2152 1596 2153 763 2153 1597 2153 1597 2154 763 2154 761 2154 1597 2155 761 2155 1598 2155 1598 2156 761 2156 759 2156 1598 2157 759 2157 1599 2157 1599 2158 759 2158 757 2158 1599 2159 757 2159 1570 2159 1600 2160 869 2160 852 2160 1600 2161 852 2161 850 2161 1600 2162 850 2162 848 2162 1600 2163 848 2163 846 2163 1600 2164 846 2164 840 2164 1600 2165 840 2165 842 2165 1600 2166 842 2166 844 2166 1600 2167 844 2167 836 2167 1600 2168 836 2168 835 2168 1600 2169 835 2169 1601 2169 1600 2170 1601 2170 1602 2170 1600 2171 1602 2171 1603 2171 1602 2172 1604 2172 1605 2172 1602 2173 1605 2173 1606 2173 1602 2174 1606 2174 1607 2174 1602 2175 1607 2175 1608 2175 1602 2176 1608 2176 1609 2176 1602 2177 1609 2177 1603 2177 1610 2178 1504 2178 1611 2178 1612 2179 1610 2179 1611 2179 1611 2180 1504 2180 1503 2180 1499 2181 1529 2181 1613 2181 1613 2182 1497 2182 1499 2182 1614 2183 1529 2183 1522 2183 1529 2184 1499 2184 1501 2184 1615 2185 832 2185 838 2185 833 2186 832 2186 1616 2186 1616 2187 832 2187 1615 2187 1616 2188 1615 2188 1612 2188 1612 2189 1615 2189 1610 2189 1610 2190 1615 2190 838 2190 1610 2191 838 2191 1504 2191 1611 2192 1503 2192 1617 2192 1617 2193 1503 2193 1502 2193 1617 2194 1502 2194 1618 2194 1502 2195 1497 2195 1618 2195 1618 2196 1497 2196 1613 2196 1618 2197 1613 2197 1619 2197 1619 2198 1613 2198 1529 2198 1619 2199 1529 2199 1614 2199 1620 2200 1617 2200 1618 2200 1620 2201 1618 2201 1621 2201 1622 2202 1623 2202 1616 2202 1616 2203 1623 2203 1624 2203 1616 2204 1624 2204 833 2204 833 2205 1624 2205 1625 2205 833 2206 1625 2206 831 2206 1626 2207 1627 2207 1611 2207 1611 2208 1627 2208 1628 2208 1611 2209 1628 2209 1612 2209 1612 2210 1628 2210 1622 2210 1612 2211 1622 2211 1616 2211 1620 2212 1629 2212 1617 2212 1617 2213 1629 2213 1626 2213 1617 2214 1626 2214 1611 2214 1521 2215 1630 2215 1522 2215 1522 2216 1630 2216 1631 2216 1522 2217 1631 2217 1614 2217 1614 2218 1631 2218 1632 2218 1614 2219 1632 2219 1619 2219 1619 2220 1632 2220 1621 2220 1619 2221 1621 2221 1618 2221 1633 2222 1634 2222 1519 2222 1519 2223 1634 2223 1635 2223 1519 2224 1635 2224 1520 2224 1520 2225 1635 2225 1630 2225 1520 2226 1630 2226 1521 2226 831 2227 1625 2227 834 2227 834 2228 1625 2228 1636 2228 1601 2229 835 2229 1637 2229 839 2230 834 2230 1636 2230 839 2231 1636 2231 1638 2231 839 2232 1638 2232 1639 2232 839 2233 1639 2233 1637 2233 839 2234 1637 2234 835 2234 880 2235 1640 2235 1641 2235 880 2236 1641 2236 1642 2236 880 2237 1642 2237 1643 2237 880 2238 1643 2238 1644 2238 880 2239 1644 2239 877 2239 855 2240 854 2240 1645 2240 855 2241 1645 2241 1646 2241 855 2242 1646 2242 1647 2242 855 2243 1647 2243 1648 2243 855 2244 1648 2244 1649 2244 855 2245 1649 2245 1650 2245 855 2246 1650 2246 1651 2246 855 2247 1651 2247 1652 2247 1653 2248 1654 2248 1655 2248 1655 2249 1654 2249 1656 2249 1655 2250 1656 2250 1657 2250 1657 2251 1656 2251 1647 2251 1657 2252 1647 2252 1646 2252 1658 2253 1659 2253 1660 2253 1660 2254 1659 2254 1661 2254 1660 2255 1661 2255 1662 2255 1662 2256 1661 2256 1663 2256 1662 2257 1663 2257 1664 2257 854 2258 1662 2258 1645 2258 1645 2259 1662 2259 1664 2259 1645 2260 1664 2260 1665 2260 1666 2261 1660 2261 1667 2261 1666 2262 1658 2262 1660 2262 1668 2263 1669 2263 1670 2263 1671 2264 1669 2264 1668 2264 1672 2265 1671 2265 1668 2265 1673 2266 1671 2266 1672 2266 1674 2267 1673 2267 1672 2267 1675 2268 1673 2268 1674 2268 1660 2269 1662 2269 1667 2269 1667 2270 1662 2270 854 2270 1667 2271 854 2271 866 2271 1661 2272 1659 2272 1676 2272 1676 2273 1659 2273 1658 2273 1676 2274 1658 2274 1666 2274 1669 2275 1664 2275 1670 2275 1670 2276 1664 2276 1663 2276 1670 2277 1663 2277 1677 2277 1677 2278 1663 2278 1661 2278 1677 2279 1661 2279 1676 2279 1674 2280 1678 2280 1675 2280 1675 2281 1678 2281 1679 2281 1675 2282 1679 2282 1680 2282 866 2283 1681 2283 1667 2283 866 2284 886 2284 1681 2284 1682 2285 1679 2285 1683 2285 1682 2286 1683 2286 1684 2286 1682 2287 1684 2287 1685 2287 1682 2288 1685 2288 1686 2288 1682 2289 1686 2289 1687 2289 1682 2290 1687 2290 1688 2290 1666 2291 1667 2291 1681 2291 1666 2292 1681 2292 1689 2292 1666 2293 1689 2293 1690 2293 1666 2294 1690 2294 1524 2294 1666 2295 1524 2295 1513 2295 1666 2296 1513 2296 1691 2296 1666 2297 1691 2297 1692 2297 1666 2298 1692 2298 1676 2298 1689 2299 1681 2299 1693 2299 1689 2300 1693 2300 1694 2300 1689 2301 1694 2301 1695 2301 1689 2302 1695 2302 1696 2302 1689 2303 1696 2303 1697 2303 1698 2304 1699 2304 1700 2304 1698 2305 1700 2305 1701 2305 1698 2306 1701 2306 1702 2306 1698 2307 1702 2307 1703 2307 1698 2308 1703 2308 1704 2308 1698 2309 1704 2309 1705 2309 1698 2310 1705 2310 1706 2310 1515 2311 1698 2311 1706 2311 1515 2312 1706 2312 1707 2312 1515 2313 1707 2313 1708 2313 1515 2314 1708 2314 1709 2314 1515 2315 1709 2315 1710 2315 1515 2316 1710 2316 1711 2316 1515 2317 1711 2317 1712 2317 1515 2318 1712 2318 1713 2318 1515 2319 1713 2319 1513 2319 1714 2320 1715 2320 1716 2320 1714 2321 1716 2321 1717 2321 1714 2322 1717 2322 1718 2322 1714 2323 1718 2323 1719 2323 1714 2324 1719 2324 1720 2324 1714 2325 1720 2325 1721 2325 1714 2326 1721 2326 1722 2326 1676 2327 1692 2327 1677 2327 1677 2328 1692 2328 1723 2328 1677 2329 1723 2329 1670 2329 1670 2330 1723 2330 1668 2330 1668 2331 1723 2331 1724 2331 1668 2332 1724 2332 1672 2332 1672 2333 1724 2333 1725 2333 1672 2334 1725 2334 1674 2334 1674 2335 1725 2335 1726 2335 1674 2336 1726 2336 1678 2336 1678 2337 1726 2337 1683 2337 1678 2338 1683 2338 1679 2338 1688 2339 1687 2339 1727 2339 1727 2340 1687 2340 1728 2340 1727 2341 1728 2341 1729 2341 1729 2342 1728 2342 1730 2342 1729 2343 1730 2343 1731 2343 1729 2344 1731 2344 1732 2344 1732 2345 1731 2345 1733 2345 1732 2346 1733 2346 1734 2346 1734 2347 1733 2347 1735 2347 1734 2348 1735 2348 1736 2348 1734 2349 1736 2349 1717 2349 1717 2350 1736 2350 1737 2350 1717 2351 1737 2351 1718 2351 1700 2352 1699 2352 1738 2352 1738 2353 1699 2353 1739 2353 1738 2354 1739 2354 1740 2354 1722 2355 1721 2355 1739 2355 1739 2356 1721 2356 1740 2356 1716 2357 1715 2357 1741 2357 1741 2358 1715 2358 1742 2358 1741 2359 1742 2359 1743 2359 1743 2360 1742 2360 1744 2360 1743 2361 1744 2361 1745 2361 1745 2362 1744 2362 1746 2362 1747 2363 1748 2363 1749 2363 1747 2364 1749 2364 1750 2364 1747 2365 1750 2365 1751 2365 1747 2366 1751 2366 883 2366 1747 2367 883 2367 882 2367 1752 2368 875 2368 1753 2368 1754 2369 1747 2369 882 2369 1754 2370 882 2370 881 2370 1754 2371 881 2371 888 2371 1754 2372 888 2372 887 2372 1754 2373 887 2373 1755 2373 887 2374 876 2374 1755 2374 1755 2375 876 2375 875 2375 1755 2376 875 2376 1752 2376 1756 2377 1757 2377 870 2377 870 2378 1757 2378 1758 2378 870 2379 1758 2379 871 2379 871 2380 1758 2380 1759 2380 871 2381 1759 2381 872 2381 872 2382 1759 2382 1760 2382 872 2383 1760 2383 873 2383 873 2384 1760 2384 1761 2384 873 2385 1761 2385 874 2385 874 2386 1761 2386 1753 2386 874 2387 1753 2387 875 2387 1756 2388 870 2388 1600 2388 1600 2389 870 2389 869 2389 868 2390 1762 2390 1763 2390 868 2391 1763 2391 891 2391 868 2392 891 2392 893 2392 868 2393 893 2393 895 2393 868 2394 895 2394 897 2394 868 2395 897 2395 899 2395 868 2396 899 2396 890 2396 868 2397 867 2397 1762 2397 1762 2398 867 2398 1764 2398 1654 2399 1765 2399 1656 2399 1765 2400 1654 2400 1766 2400 1766 2401 1654 2401 1764 2401 1766 2402 1764 2402 1767 2402 1767 2403 1764 2403 867 2403 1767 2404 867 2404 879 2404 1768 2405 1769 2405 1644 2405 1768 2406 1644 2406 1648 2406 1768 2407 1648 2407 1647 2407 1768 2408 1647 2408 1770 2408 877 2409 1644 2409 878 2409 878 2410 1644 2410 1769 2410 1768 2411 1766 2411 1769 2411 1769 2412 1766 2412 1767 2412 1771 2413 1772 2413 1773 2413 1774 2414 1773 2414 1696 2414 1696 2415 1773 2415 1697 2415 1773 2416 1772 2416 1697 2416 1697 2417 1772 2417 1775 2417 1776 2418 1777 2418 1778 2418 1778 2419 1777 2419 1779 2419 1778 2420 1779 2420 1780 2420 1780 2421 1779 2421 1781 2421 1780 2422 1781 2422 1782 2422 1777 2423 1776 2423 1783 2423 1783 2424 1776 2424 1784 2424 1783 2425 1784 2425 1785 2425 1785 2426 1784 2426 1786 2426 1785 2427 1786 2427 1787 2427 1787 2428 1786 2428 1774 2428 1787 2429 1774 2429 1788 2429 1789 2430 1790 2430 1791 2430 1791 2431 1790 2431 1792 2431 1791 2432 1792 2432 1793 2432 1793 2433 1792 2433 1794 2433 1793 2434 1794 2434 1795 2434 1790 2435 1789 2435 1796 2435 1796 2436 1789 2436 1797 2436 1796 2437 1797 2437 1798 2437 1798 2438 1797 2438 1799 2438 1798 2439 1799 2439 1800 2439 1800 2440 1799 2440 1801 2440 1800 2441 1801 2441 1802 2441 1803 2442 1791 2442 1804 2442 1804 2443 1791 2443 1793 2443 1804 2444 1793 2444 1805 2444 1805 2445 1793 2445 1795 2445 1805 2446 1795 2446 1806 2446 1791 2447 1803 2447 1789 2447 1789 2448 1803 2448 1807 2448 1789 2449 1807 2449 1797 2449 1797 2450 1807 2450 1808 2450 1797 2451 1808 2451 1799 2451 1799 2452 1808 2452 1809 2452 1799 2453 1809 2453 1801 2453 1810 2454 1804 2454 1811 2454 1811 2455 1804 2455 1805 2455 1811 2456 1805 2456 1812 2456 1812 2457 1805 2457 1806 2457 1812 2458 1806 2458 1813 2458 1804 2459 1810 2459 1803 2459 1803 2460 1810 2460 1814 2460 1803 2461 1814 2461 1807 2461 1807 2462 1814 2462 1815 2462 1807 2463 1815 2463 1808 2463 1808 2464 1815 2464 1816 2464 1808 2465 1816 2465 1809 2465 1783 2466 1811 2466 1777 2466 1777 2467 1811 2467 1812 2467 1777 2468 1812 2468 1779 2468 1779 2469 1812 2469 1813 2469 1779 2470 1813 2470 1781 2470 1811 2471 1783 2471 1810 2471 1810 2472 1783 2472 1785 2472 1810 2473 1785 2473 1814 2473 1814 2474 1785 2474 1787 2474 1814 2475 1787 2475 1815 2475 1815 2476 1787 2476 1788 2476 1815 2477 1788 2477 1816 2477 1794 2478 1753 2478 1761 2478 1794 2479 1761 2479 1760 2479 1794 2480 1760 2480 1759 2480 1794 2481 1759 2481 1758 2481 1794 2482 1758 2482 1757 2482 1794 2483 1757 2483 1756 2483 1794 2484 1756 2484 1600 2484 1794 2485 1600 2485 1603 2485 891 2486 1763 2486 892 2486 892 2487 1763 2487 1817 2487 1817 2488 1818 2488 1819 2488 1817 2489 1819 2489 1820 2489 1817 2490 1820 2490 1821 2490 1817 2491 1821 2491 1822 2491 1817 2492 1822 2492 1823 2492 1817 2493 1823 2493 1824 2493 1825 2494 1826 2494 1827 2494 1825 2495 1827 2495 1828 2495 1825 2496 1828 2496 1829 2496 1825 2497 1829 2497 1830 2497 1825 2498 1830 2498 1831 2498 1825 2499 1831 2499 1832 2499 1825 2500 1832 2500 1818 2500 1762 2501 1764 2501 1763 2501 1763 2502 1764 2502 1817 2502 1764 2503 1825 2503 1817 2503 1817 2504 1825 2504 1818 2504 1653 2505 1833 2505 1654 2505 1654 2506 1833 2506 1825 2506 1654 2507 1825 2507 1764 2507 1821 2508 934 2508 1822 2508 1822 2509 934 2509 932 2509 1822 2510 932 2510 1823 2510 1823 2511 932 2511 933 2511 1823 2512 933 2512 1824 2512 934 2513 1821 2513 937 2513 937 2514 1821 2514 1820 2514 937 2515 1820 2515 938 2515 938 2516 1820 2516 1819 2516 938 2517 1819 2517 939 2517 939 2518 1819 2518 1818 2518 939 2519 1818 2519 940 2519 1834 2520 973 2520 971 2520 989 2521 991 2521 1835 2521 1836 2522 1837 2522 1838 2522 1836 2523 1838 2523 1839 2523 1836 2524 1839 2524 1840 2524 1836 2525 1840 2525 1005 2525 1836 2526 1005 2526 1007 2526 1836 2527 1007 2527 1009 2527 1836 2528 1009 2528 1841 2528 1003 2529 1005 2529 1840 2529 1003 2530 1840 2530 1842 2530 1003 2531 1842 2531 1843 2531 1003 2532 1843 2532 1844 2532 1003 2533 1844 2533 1845 2533 1003 2534 1845 2534 1846 2534 1003 2535 1846 2535 995 2535 1847 2536 1834 2536 971 2536 1847 2537 971 2537 981 2537 1847 2538 981 2538 1848 2538 1847 2539 1848 2539 1849 2539 1847 2540 1849 2540 1850 2540 1847 2541 1850 2541 1851 2541 983 2542 985 2542 1852 2542 983 2543 1852 2543 1853 2543 983 2544 1853 2544 1854 2544 983 2545 1854 2545 1855 2545 983 2546 1855 2546 1856 2546 983 2547 1856 2547 1857 2547 983 2548 1857 2548 1848 2548 983 2549 1848 2549 981 2549 973 2550 1834 2550 975 2550 975 2551 1834 2551 1858 2551 975 2552 1858 2552 977 2552 977 2553 1858 2553 979 2553 979 2554 1858 2554 1859 2554 979 2555 1859 2555 1013 2555 1013 2556 1859 2556 1860 2556 1013 2557 1860 2557 1011 2557 1011 2558 1860 2558 1841 2558 1011 2559 1841 2559 1009 2559 989 2560 1835 2560 987 2560 987 2561 1835 2561 1852 2561 987 2562 1852 2562 985 2562 1835 2563 991 2563 1861 2563 1861 2564 991 2564 993 2564 1861 2565 993 2565 1862 2565 1862 2566 993 2566 1001 2566 1862 2567 1001 2567 1863 2567 1863 2568 1001 2568 999 2568 1863 2569 999 2569 997 2569 997 2570 995 2570 1863 2570 1863 2571 995 2571 1846 2571 1864 2572 1086 2572 953 2572 953 2573 1086 2573 954 2573 1864 2574 953 2574 1865 2574 1865 2575 953 2575 952 2575 1865 2576 952 2576 1866 2576 1866 2577 952 2577 951 2577 1866 2578 951 2578 1867 2578 1867 2579 951 2579 950 2579 1867 2580 1868 2580 1869 2580 1870 2581 1871 2581 1872 2581 1873 2582 1874 2582 1875 2582 950 2583 949 2583 1876 2583 950 2584 1876 2584 1877 2584 950 2585 1877 2585 1878 2585 950 2586 1878 2586 1879 2586 950 2587 1879 2587 1880 2587 950 2588 1880 2588 1881 2588 950 2589 1881 2589 1882 2589 950 2590 1882 2590 1867 2590 1883 2591 1884 2591 1885 2591 1883 2592 1885 2592 1886 2592 1883 2593 1886 2593 1887 2593 1883 2594 1887 2594 1868 2594 1883 2595 1868 2595 1867 2595 1867 2596 1882 2596 1888 2596 1867 2597 1888 2597 1889 2597 1867 2598 1889 2598 1890 2598 1867 2599 1890 2599 1891 2599 1867 2600 1891 2600 1892 2600 1867 2601 1892 2601 1893 2601 1867 2602 1893 2602 1894 2602 1867 2603 1894 2603 1870 2603 1867 2604 1870 2604 1872 2604 1867 2605 1872 2605 1895 2605 1867 2606 1895 2606 1896 2606 1867 2607 1896 2607 1883 2607 1897 2608 1884 2608 1898 2608 1897 2609 1898 2609 1871 2609 1897 2610 1871 2610 1870 2610 1897 2611 1870 2611 1899 2611 1897 2612 1899 2612 1900 2612 1897 2613 1900 2613 1901 2613 1884 2614 1883 2614 1902 2614 1884 2615 1902 2615 1903 2615 1884 2616 1903 2616 1898 2616 1904 2617 1905 2617 1906 2617 1906 2618 1905 2618 1876 2618 1906 2619 1876 2619 1907 2619 1907 2620 1876 2620 949 2620 1907 2621 949 2621 1908 2621 1904 2622 1906 2622 1909 2622 1909 2623 1906 2623 1873 2623 1909 2624 1873 2624 1875 2624 1910 2625 1911 2625 1912 2625 1912 2626 1911 2626 1874 2626 1912 2627 1874 2627 1873 2627 1913 2628 1914 2628 1915 2628 1915 2629 1914 2629 1910 2629 1915 2630 1910 2630 1912 2630 1900 2631 1916 2631 1901 2631 1901 2632 1916 2632 1913 2632 1901 2633 1913 2633 1915 2633 944 2634 1828 2634 945 2634 945 2635 1828 2635 1827 2635 945 2636 1827 2636 946 2636 946 2637 1827 2637 1826 2637 946 2638 1826 2638 947 2638 1828 2639 944 2639 1829 2639 1829 2640 944 2640 943 2640 1829 2641 943 2641 1830 2641 1830 2642 943 2642 942 2642 1830 2643 942 2643 1831 2643 1831 2644 942 2644 941 2644 1831 2645 941 2645 1832 2645 1832 2646 941 2646 1818 2646 1818 2647 941 2647 940 2647 1917 2648 1825 2648 1918 2648 1918 2649 1825 2649 1833 2649 1655 2650 1919 2650 1920 2650 1655 2651 1920 2651 1921 2651 1655 2652 1921 2652 1922 2652 1655 2653 1922 2653 1923 2653 1655 2654 1923 2654 1924 2654 1655 2655 1924 2655 1925 2655 1655 2656 1925 2656 1918 2656 1655 2657 1918 2657 1833 2657 1655 2658 1833 2658 1653 2658 1926 2659 1927 2659 1928 2659 1929 2660 1930 2660 1931 2660 1932 2661 1933 2661 1934 2661 1932 2662 1934 2662 1935 2662 1932 2663 1935 2663 1936 2663 1932 2664 1936 2664 1937 2664 1932 2665 1937 2665 1938 2665 1932 2666 1938 2666 1939 2666 1932 2667 1939 2667 1940 2667 1941 2668 1937 2668 1936 2668 1941 2669 1936 2669 1942 2669 1941 2670 1942 2670 1943 2670 1941 2671 1943 2671 1944 2671 1941 2672 1944 2672 1945 2672 1941 2673 1945 2673 1946 2673 1941 2674 1946 2674 1947 2674 1948 2675 1926 2675 1928 2675 1948 2676 1928 2676 1949 2676 1948 2677 1949 2677 1950 2677 1948 2678 1950 2678 1951 2678 1948 2679 1951 2679 1952 2679 1948 2680 1952 2680 1953 2680 1954 2681 1955 2681 1956 2681 1954 2682 1956 2682 1957 2682 1954 2683 1957 2683 1958 2683 1954 2684 1958 2684 1959 2684 1954 2685 1959 2685 1960 2685 1954 2686 1960 2686 1961 2686 1954 2687 1961 2687 1950 2687 1954 2688 1950 2688 1949 2688 1927 2689 1926 2689 1962 2689 1962 2690 1926 2690 1963 2690 1962 2691 1963 2691 1964 2691 1964 2692 1963 2692 1965 2692 1965 2693 1963 2693 1966 2693 1965 2694 1966 2694 1967 2694 1967 2695 1966 2695 1968 2695 1967 2696 1968 2696 1969 2696 1969 2697 1968 2697 1940 2697 1969 2698 1940 2698 1939 2698 1929 2699 1931 2699 1970 2699 1970 2700 1931 2700 1956 2700 1970 2701 1956 2701 1955 2701 1931 2702 1930 2702 1971 2702 1971 2703 1930 2703 1972 2703 1971 2704 1972 2704 1973 2704 1973 2705 1972 2705 1974 2705 1973 2706 1974 2706 1975 2706 1975 2707 1974 2707 1976 2707 1975 2708 1976 2708 1977 2708 1977 2709 1947 2709 1975 2709 1975 2710 1947 2710 1946 2710 1063 2711 1978 2711 1064 2711 1979 2712 1980 2712 1981 2712 1979 2713 1981 2713 1982 2713 1979 2714 1982 2714 1983 2714 1979 2715 1983 2715 1984 2715 1979 2716 1984 2716 1985 2716 1984 2717 1986 2717 1985 2717 1985 2718 1986 2718 1987 2718 1985 2719 1987 2719 1988 2719 1987 2720 1989 2720 1988 2720 1988 2721 1989 2721 1064 2721 1988 2722 1064 2722 1978 2722 1978 2723 1063 2723 1665 2723 1665 2724 1063 2724 1081 2724 1665 2725 1081 2725 1645 2725 1645 2726 1081 2726 1080 2726 1645 2727 1080 2727 1646 2727 1646 2728 1080 2728 1079 2728 1646 2729 1079 2729 1657 2729 1990 2730 1991 2730 1992 2730 1991 2731 1993 2731 1992 2731 1994 2732 1995 2732 1996 2732 1993 2733 1997 2733 1998 2733 1998 2734 1999 2734 2000 2734 2001 2735 2002 2735 2003 2735 2004 2736 2001 2736 2003 2736 2000 2737 2005 2737 2006 2737 2002 2738 2007 2738 2008 2738 2003 2739 2002 2739 2008 2739 2006 2740 2009 2740 2010 2740 2007 2741 2011 2741 2012 2741 2008 2742 2007 2742 2012 2742 2011 2743 2013 2743 2014 2743 2012 2744 2011 2744 2014 2744 2010 2745 2015 2745 2016 2745 2013 2746 2017 2746 2018 2746 2014 2747 2013 2747 2018 2747 2016 2748 2019 2748 2020 2748 2017 2749 2021 2749 2022 2749 2018 2750 2017 2750 2022 2750 2020 2751 2023 2751 2024 2751 2021 2752 2025 2752 2026 2752 2022 2753 2021 2753 2026 2753 2024 2754 2027 2754 2028 2754 2025 2755 2029 2755 2030 2755 2026 2756 2025 2756 2030 2756 2028 2757 2031 2757 1994 2757 2029 2758 2032 2758 2033 2758 2030 2759 2029 2759 2033 2759 2033 2760 2032 2760 2034 2760 2035 2761 2036 2761 1991 2761 1991 2762 1990 2762 2035 2762 2037 2763 2038 2763 2039 2763 2037 2764 2039 2764 2036 2764 2037 2765 2036 2765 2035 2765 2040 2766 2001 2766 2004 2766 2040 2767 2004 2767 2039 2767 2040 2768 2039 2768 2038 2768 1996 2769 1995 2769 2041 2769 2041 2770 1995 2770 2042 2770 2041 2771 2042 2771 2043 2771 2043 2772 2042 2772 2034 2772 2043 2773 2034 2773 2044 2773 2044 2774 2034 2774 2032 2774 2044 2775 2032 2775 1068 2775 1993 2776 1991 2776 1997 2776 1997 2777 1991 2777 2036 2777 1997 2778 2036 2778 2045 2778 2045 2779 2036 2779 2039 2779 2045 2780 2039 2780 2004 2780 1998 2781 1997 2781 1999 2781 1999 2782 1997 2782 2045 2782 1999 2783 2045 2783 2046 2783 2046 2784 2045 2784 2004 2784 2046 2785 2004 2785 2003 2785 2000 2786 1999 2786 2005 2786 2005 2787 1999 2787 2046 2787 2005 2788 2046 2788 2047 2788 2047 2789 2046 2789 2003 2789 2047 2790 2003 2790 2008 2790 2006 2791 2005 2791 2009 2791 2009 2792 2005 2792 2047 2792 2009 2793 2047 2793 2048 2793 2048 2794 2047 2794 2008 2794 2048 2795 2008 2795 2012 2795 2010 2796 2009 2796 2049 2796 2049 2797 2009 2797 2048 2797 2049 2798 2048 2798 2050 2798 2050 2799 2048 2799 2012 2799 2050 2800 2012 2800 2014 2800 2010 2801 2049 2801 2015 2801 2015 2802 2049 2802 2050 2802 2015 2803 2050 2803 2051 2803 2051 2804 2050 2804 2014 2804 2051 2805 2014 2805 2018 2805 2016 2806 2015 2806 2019 2806 2019 2807 2015 2807 2051 2807 2019 2808 2051 2808 2052 2808 2052 2809 2051 2809 2018 2809 2052 2810 2018 2810 2022 2810 2020 2811 2019 2811 2023 2811 2023 2812 2019 2812 2052 2812 2023 2813 2052 2813 2053 2813 2053 2814 2052 2814 2022 2814 2053 2815 2022 2815 2026 2815 2024 2816 2023 2816 2027 2816 2027 2817 2023 2817 2053 2817 2027 2818 2053 2818 2054 2818 2054 2819 2053 2819 2026 2819 2054 2820 2026 2820 2030 2820 2028 2821 2027 2821 2031 2821 2031 2822 2027 2822 2054 2822 2031 2823 2054 2823 2055 2823 2055 2824 2054 2824 2030 2824 2055 2825 2030 2825 2033 2825 1994 2826 2031 2826 1995 2826 1995 2827 2031 2827 2055 2827 1995 2828 2055 2828 2042 2828 2042 2829 2055 2829 2033 2829 2042 2830 2033 2830 2034 2830 1536 2831 2056 2831 1527 2831 1536 2832 1527 2832 1526 2832 1536 2833 1526 2833 1532 2833 1536 2834 1532 2834 1531 2834 1536 2835 1531 2835 1530 2835 2057 2836 1523 2836 2056 2836 2056 2837 1523 2837 1528 2837 2056 2838 1528 2838 1527 2838 2058 2839 2059 2839 2060 2839 2061 2840 2059 2840 2062 2840 2062 2841 2059 2841 2058 2841 2062 2842 2058 2842 2063 2842 2063 2843 2058 2843 1990 2843 2063 2844 1990 2844 1992 2844 2037 2845 2035 2845 2060 2845 2060 2846 2035 2846 1990 2846 2060 2847 1990 2847 2058 2847 1688 2848 1727 2848 2064 2848 2065 2849 1729 2849 2066 2849 2066 2850 1729 2850 1732 2850 2067 2851 2068 2851 1734 2851 1734 2852 1717 2852 2067 2852 2069 2853 2067 2853 1717 2853 1717 2854 1716 2854 2069 2854 2069 2855 1716 2855 2070 2855 2070 2856 1716 2856 1741 2856 2071 2857 2072 2857 1743 2857 1743 2858 1745 2858 2071 2858 2073 2859 2071 2859 1745 2859 1745 2860 1746 2860 2073 2860 2074 2861 2075 2861 1744 2861 1744 2862 1742 2862 2074 2862 2076 2863 2074 2863 1742 2863 1742 2864 1715 2864 2076 2864 2076 2865 1715 2865 2077 2865 2077 2866 1715 2866 1714 2866 2078 2867 2079 2867 1722 2867 1722 2868 1739 2868 2078 2868 2080 2869 2078 2869 1739 2869 1739 2870 1699 2870 2080 2870 2080 2871 1699 2871 2081 2871 1980 2872 2064 2872 1727 2872 1980 2873 1727 2873 1729 2873 1980 2874 1729 2874 2065 2874 1980 2875 2065 2875 1981 2875 2082 2876 2083 2876 2084 2876 2084 2877 2083 2877 2085 2877 2084 2878 2085 2878 2086 2878 2086 2879 2085 2879 2087 2879 2086 2880 2087 2880 2088 2880 1981 2881 2065 2881 2088 2881 2088 2882 2065 2882 2086 2882 2089 2883 1682 2883 2090 2883 2090 2884 1682 2884 1688 2884 2090 2885 1688 2885 2064 2885 1734 2886 2068 2886 1732 2886 1732 2887 2068 2887 2091 2887 1732 2888 2091 2888 2066 2888 1743 2889 2072 2889 1741 2889 1741 2890 2072 2890 2092 2890 1741 2891 2092 2891 2070 2891 1744 2892 2075 2892 1746 2892 1746 2893 2075 2893 2093 2893 1746 2894 2093 2894 2073 2894 1722 2895 2079 2895 1714 2895 1714 2896 2079 2896 2094 2896 1714 2897 2094 2897 2077 2897 1699 2898 1698 2898 2081 2898 2081 2899 1698 2899 2061 2899 2081 2900 2061 2900 2095 2900 2095 2901 2061 2901 2096 2901 2096 2902 2061 2902 2062 2902 2096 2903 2062 2903 2097 2903 2097 2904 2062 2904 2063 2904 2097 2905 2063 2905 2098 2905 2098 2906 2063 2906 1992 2906 2041 2907 2099 2907 1996 2907 2100 2908 1983 2908 1982 2908 2101 2909 1984 2909 1983 2909 1983 2910 2100 2910 2101 2910 2041 2911 2043 2911 2102 2911 2103 2912 1986 2912 1984 2912 1984 2913 2104 2913 2103 2913 2105 2914 1987 2914 1986 2914 1986 2915 2103 2915 2105 2915 2043 2916 2044 2916 2106 2916 2107 2917 1989 2917 1987 2917 1987 2918 2105 2918 2107 2918 1067 2919 2044 2919 1068 2919 2044 2920 1067 2920 2108 2920 1989 2921 2107 2921 1064 2921 2088 2922 1982 2922 1981 2922 2085 2923 2109 2923 2087 2923 2104 2924 1984 2924 2101 2924 1070 2925 1083 2925 2110 2925 2110 2926 1083 2926 1082 2926 2110 2927 1082 2927 2111 2927 2111 2928 1082 2928 1062 2928 2111 2929 1062 2929 2112 2929 2112 2930 1062 2930 1064 2930 2112 2931 1064 2931 2107 2931 1077 2932 1076 2932 2113 2932 2113 2933 1076 2933 1075 2933 2113 2934 1075 2934 2114 2934 2114 2935 1075 2935 1074 2935 2114 2936 1074 2936 2115 2936 2115 2937 1074 2937 1073 2937 2115 2938 1073 2938 2116 2938 2116 2939 1073 2939 1072 2939 2116 2940 1072 2940 2117 2940 2117 2941 1072 2941 1071 2941 2117 2942 1071 2942 2118 2942 2118 2943 1071 2943 1070 2943 2118 2944 1070 2944 2110 2944 1088 2945 1087 2945 2119 2945 2119 2946 1087 2946 1078 2946 2119 2947 1078 2947 2120 2947 2120 2948 1078 2948 1077 2948 2120 2949 1077 2949 2113 2949 1067 2950 1066 2950 2108 2950 2108 2951 1066 2951 1061 2951 2108 2952 1061 2952 2121 2952 2121 2953 1061 2953 1088 2953 2121 2954 1088 2954 2119 2954 1982 2955 2088 2955 2100 2955 2100 2956 2088 2956 2087 2956 2100 2957 2087 2957 2109 2957 2122 2958 2123 2958 2124 2958 2124 2959 2123 2959 2125 2959 2124 2960 2125 2960 2126 2960 2126 2961 2125 2961 2127 2961 2126 2962 2127 2962 2083 2962 2083 2963 2127 2963 2109 2963 2083 2964 2109 2964 2085 2964 2128 2965 2129 2965 2130 2965 2130 2966 2129 2966 2131 2966 2130 2967 2131 2967 2132 2967 2132 2968 2131 2968 2133 2968 2132 2969 2133 2969 2134 2969 2134 2970 2133 2970 2123 2970 2134 2971 2123 2971 2122 2971 2135 2972 2136 2972 2137 2972 2137 2973 2136 2973 2138 2973 2137 2974 2138 2974 2139 2974 2139 2975 2138 2975 2140 2975 2139 2976 2140 2976 2141 2976 2141 2977 2140 2977 2129 2977 2141 2978 2129 2978 2128 2978 2142 2979 2143 2979 2144 2979 2144 2980 2143 2980 2145 2980 2144 2981 2145 2981 2146 2981 2146 2982 2145 2982 2147 2982 2146 2983 2147 2983 2148 2983 2148 2984 2147 2984 2136 2984 2148 2985 2136 2985 2135 2985 1996 2986 2099 2986 2149 2986 2149 2987 2099 2987 2143 2987 2149 2988 2143 2988 2142 2988 2041 2989 2102 2989 2099 2989 2099 2990 2102 2990 2150 2990 2099 2991 2150 2991 2143 2991 2143 2992 2150 2992 2151 2992 2143 2993 2151 2993 2145 2993 2145 2994 2151 2994 2152 2994 2145 2995 2152 2995 2147 2995 2147 2996 2152 2996 2153 2996 2147 2997 2153 2997 2136 2997 2136 2998 2153 2998 2154 2998 2136 2999 2154 2999 2138 2999 2138 3000 2154 3000 2155 3000 2138 3001 2155 3001 2140 3001 2140 3002 2155 3002 2156 3002 2140 3003 2156 3003 2129 3003 2129 3004 2156 3004 2157 3004 2129 3005 2157 3005 2131 3005 2131 3006 2157 3006 2158 3006 2131 3007 2158 3007 2133 3007 2133 3008 2158 3008 2159 3008 2133 3009 2159 3009 2123 3009 2123 3010 2159 3010 2160 3010 2123 3011 2160 3011 2125 3011 2125 3012 2160 3012 2161 3012 2125 3013 2161 3013 2127 3013 2127 3014 2161 3014 2104 3014 2127 3015 2104 3015 2109 3015 2109 3016 2104 3016 2101 3016 2109 3017 2101 3017 2100 3017 2043 3018 2162 3018 2102 3018 2102 3019 2162 3019 2163 3019 2102 3020 2163 3020 2150 3020 2150 3021 2163 3021 2164 3021 2150 3022 2164 3022 2151 3022 2151 3023 2164 3023 2165 3023 2151 3024 2165 3024 2152 3024 2152 3025 2165 3025 2166 3025 2152 3026 2166 3026 2153 3026 2153 3027 2166 3027 2167 3027 2153 3028 2167 3028 2154 3028 2154 3029 2167 3029 2168 3029 2154 3030 2168 3030 2155 3030 2155 3031 2168 3031 2169 3031 2155 3032 2169 3032 2156 3032 2156 3033 2169 3033 2170 3033 2156 3034 2170 3034 2157 3034 2157 3035 2170 3035 2171 3035 2157 3036 2171 3036 2158 3036 2158 3037 2171 3037 2172 3037 2158 3038 2172 3038 2159 3038 2159 3039 2172 3039 2173 3039 2159 3040 2173 3040 2160 3040 2160 3041 2173 3041 2174 3041 2160 3042 2174 3042 2161 3042 2161 3043 2174 3043 2103 3043 2161 3044 2103 3044 2104 3044 2043 3045 2106 3045 2162 3045 2162 3046 2106 3046 2175 3046 2162 3047 2175 3047 2163 3047 2163 3048 2175 3048 2176 3048 2163 3049 2176 3049 2164 3049 2164 3050 2176 3050 2177 3050 2164 3051 2177 3051 2165 3051 2165 3052 2177 3052 2178 3052 2165 3053 2178 3053 2166 3053 2166 3054 2178 3054 2179 3054 2166 3055 2179 3055 2167 3055 2167 3056 2179 3056 2180 3056 2167 3057 2180 3057 2168 3057 2168 3058 2180 3058 2181 3058 2168 3059 2181 3059 2169 3059 2169 3060 2181 3060 2182 3060 2169 3061 2182 3061 2170 3061 2170 3062 2182 3062 2183 3062 2170 3063 2183 3063 2171 3063 2171 3064 2183 3064 2184 3064 2171 3065 2184 3065 2172 3065 2172 3066 2184 3066 2185 3066 2172 3067 2185 3067 2173 3067 2173 3068 2185 3068 2186 3068 2173 3069 2186 3069 2174 3069 2174 3070 2186 3070 2105 3070 2174 3071 2105 3071 2103 3071 2044 3072 2108 3072 2106 3072 2106 3073 2108 3073 2121 3073 2106 3074 2121 3074 2175 3074 2175 3075 2121 3075 2119 3075 2175 3076 2119 3076 2176 3076 2176 3077 2119 3077 2120 3077 2176 3078 2120 3078 2177 3078 2177 3079 2120 3079 2113 3079 2177 3080 2113 3080 2178 3080 2178 3081 2113 3081 2114 3081 2178 3082 2114 3082 2179 3082 2179 3083 2114 3083 2115 3083 2179 3084 2115 3084 2180 3084 2180 3085 2115 3085 2116 3085 2180 3086 2116 3086 2181 3086 2181 3087 2116 3087 2117 3087 2181 3088 2117 3088 2182 3088 2182 3089 2117 3089 2118 3089 2182 3090 2118 3090 2183 3090 2183 3091 2118 3091 2110 3091 2183 3092 2110 3092 2184 3092 2184 3093 2110 3093 2111 3093 2184 3094 2111 3094 2185 3094 2185 3095 2111 3095 2112 3095 2185 3096 2112 3096 2186 3096 2186 3097 2112 3097 2107 3097 2186 3098 2107 3098 2105 3098 1548 3099 1547 3099 1561 3099 1561 3100 1547 3100 2187 3100 1561 3101 2187 3101 1552 3101 1552 3102 2187 3102 2188 3102 1552 3103 2188 3103 1140 3103 1140 3104 2188 3104 1150 3104 2189 3105 1306 3105 2190 3105 2190 3106 1306 3106 1305 3106 2190 3107 1305 3107 2191 3107 2191 3108 1305 3108 1356 3108 2191 3109 1356 3109 2192 3109 2192 3110 1356 3110 1355 3110 2192 3111 1355 3111 2193 3111 2193 3112 1355 3112 1354 3112 2193 3113 1354 3113 2194 3113 2194 3114 1354 3114 1353 3114 2194 3115 1353 3115 2195 3115 2195 3116 1353 3116 1352 3116 2195 3117 1352 3117 2196 3117 2196 3118 1352 3118 1351 3118 2196 3119 1351 3119 2197 3119 2197 3120 1351 3120 1350 3120 2197 3121 1350 3121 2198 3121 2198 3122 1350 3122 1349 3122 2198 3123 1349 3123 2199 3123 2199 3124 1349 3124 1348 3124 2199 3125 1348 3125 2200 3125 2200 3126 1348 3126 1347 3126 2200 3127 1347 3127 2201 3127 2201 3128 1347 3128 1346 3128 2201 3129 1346 3129 2202 3129 2202 3130 1346 3130 1345 3130 2202 3131 1345 3131 2203 3131 2203 3132 1345 3132 1344 3132 2203 3133 1344 3133 2204 3133 2204 3134 1344 3134 1311 3134 2204 3135 1311 3135 2205 3135 2205 3136 1311 3136 1310 3136 2205 3137 1310 3137 2206 3137 2206 3138 1310 3138 1312 3138 2206 3139 1312 3139 2207 3139 2207 3140 1312 3140 1315 3140 2207 3141 1315 3141 2208 3141 2208 3142 1315 3142 1316 3142 2208 3143 1316 3143 2209 3143 2209 3144 1316 3144 1317 3144 2209 3145 1317 3145 2210 3145 2210 3146 1317 3146 1318 3146 2210 3147 1318 3147 2211 3147 2211 3148 1318 3148 1319 3148 2211 3149 1319 3149 2212 3149 2212 3150 1319 3150 1320 3150 2212 3151 1320 3151 2213 3151 2213 3152 1320 3152 1321 3152 2213 3153 1321 3153 2214 3153 2214 3154 1321 3154 1322 3154 2214 3155 1322 3155 2215 3155 2215 3156 1322 3156 1323 3156 2215 3157 1323 3157 2216 3157 2216 3158 1323 3158 1324 3158 2216 3159 1324 3159 2217 3159 2217 3160 1324 3160 1325 3160 2217 3161 1325 3161 2218 3161 2218 3162 1325 3162 1326 3162 2218 3163 1326 3163 2219 3163 2219 3164 1326 3164 1327 3164 2219 3165 1327 3165 2220 3165 2220 3166 1327 3166 1328 3166 2220 3167 1328 3167 2221 3167 2221 3168 1328 3168 1329 3168 2221 3169 1329 3169 2222 3169 2222 3170 1329 3170 1330 3170 2222 3171 1330 3171 2223 3171 2223 3172 1330 3172 1331 3172 2223 3173 1331 3173 2224 3173 2224 3174 1331 3174 1332 3174 2224 3175 1332 3175 2225 3175 2225 3176 1332 3176 1333 3176 2225 3177 1333 3177 2226 3177 2226 3178 1333 3178 1334 3178 2226 3179 1334 3179 2227 3179 2227 3180 1334 3180 1335 3180 2227 3181 1335 3181 2228 3181 2228 3182 1335 3182 1336 3182 2228 3183 1336 3183 2229 3183 2229 3184 1336 3184 1337 3184 2229 3185 1337 3185 2230 3185 2230 3186 1337 3186 1338 3186 2230 3187 1338 3187 2231 3187 2231 3188 1338 3188 1339 3188 2231 3189 1339 3189 2232 3189 2232 3190 1339 3190 1340 3190 2232 3191 1340 3191 2233 3191 2233 3192 1340 3192 1341 3192 2233 3193 1341 3193 2234 3193 2234 3194 1341 3194 1342 3194 2234 3195 1342 3195 2235 3195 2235 3196 1342 3196 1343 3196 2235 3197 1343 3197 2236 3197 2236 3198 1343 3198 1304 3198 2236 3199 1304 3199 2237 3199 2237 3200 1304 3200 1303 3200 2237 3201 1303 3201 2238 3201 2238 3202 1303 3202 1309 3202 2238 3203 1309 3203 2239 3203 2239 3204 1309 3204 1366 3204 2239 3205 1366 3205 2240 3205 2240 3206 1366 3206 1365 3206 2240 3207 1365 3207 2241 3207 2241 3208 1365 3208 1364 3208 2241 3209 1364 3209 2242 3209 2242 3210 1364 3210 1363 3210 2242 3211 1363 3211 2243 3211 2243 3212 1363 3212 1362 3212 2243 3213 1362 3213 2244 3213 2244 3214 1362 3214 1361 3214 2244 3215 1361 3215 2245 3215 2245 3216 1361 3216 1360 3216 2245 3217 1360 3217 2246 3217 2246 3218 1360 3218 1359 3218 2246 3219 1359 3219 2247 3219 2247 3220 1359 3220 1358 3220 2247 3221 1358 3221 2248 3221 2248 3222 1358 3222 1357 3222 2248 3223 1357 3223 2249 3223 2249 3224 1357 3224 1314 3224 2249 3225 1314 3225 2250 3225 2250 3226 1314 3226 1313 3226 2250 3227 1313 3227 2251 3227 2251 3228 1313 3228 1308 3228 2251 3229 1308 3229 2252 3229 2252 3230 1308 3230 1307 3230 2252 3231 1307 3231 2189 3231 2189 3232 1307 3232 1306 3232 2253 3233 2254 3233 2255 3233 2253 3234 2255 3234 1525 3234 2253 3235 1525 3235 1524 3235 2253 3236 1524 3236 1690 3236 2255 3237 2256 3237 1525 3237 1525 3238 2256 3238 1518 3238 2257 3239 1634 3239 2254 3239 2254 3240 1634 3240 2255 3240 1634 3241 1633 3241 2255 3241 2255 3242 1633 3242 2256 3242 1604 3243 1602 3243 2258 3243 1604 3244 2258 3244 2259 3244 1604 3245 2259 3245 2260 3245 1604 3246 2260 3246 2261 3246 1604 3247 2261 3247 2262 3247 1604 3248 2262 3248 2263 3248 2264 3249 2265 3249 2266 3249 2264 3250 2266 3250 2267 3250 2264 3251 2267 3251 2268 3251 2264 3252 2268 3252 2269 3252 2264 3253 2269 3253 1604 3253 2264 3254 1604 3254 2263 3254 2260 3255 2270 3255 2261 3255 2261 3256 2270 3256 2271 3256 2261 3257 2271 3257 2262 3257 2270 3258 2260 3258 2272 3258 2272 3259 2260 3259 2259 3259 2272 3260 2259 3260 2273 3260 2273 3261 2259 3261 2258 3261 2273 3262 2258 3262 2274 3262 2274 3263 2258 3263 1602 3263 2274 3264 1602 3264 1601 3264 2275 3265 2276 3265 2277 3265 2277 3266 2276 3266 2278 3266 2277 3267 2278 3267 2279 3267 2279 3268 2278 3268 2265 3268 2279 3269 2265 3269 2264 3269 1772 3270 1771 3270 2280 3270 2280 3271 1771 3271 1773 3271 2280 3272 1773 3272 2281 3272 2281 3273 1773 3273 2282 3273 2281 3274 2282 3274 2283 3274 2283 3275 2282 3275 2276 3275 2283 3276 2276 3276 2275 3276 2280 3277 2284 3277 1772 3277 1772 3278 2284 3278 1775 3278 2284 3279 1689 3279 1775 3279 1775 3280 1689 3280 1697 3280 1627 3281 2285 3281 1639 3281 1627 3282 1639 3282 1638 3282 1627 3283 1638 3283 1636 3283 1627 3284 1636 3284 1625 3284 1627 3285 1625 3285 1624 3285 1627 3286 1624 3286 1623 3286 1627 3287 1623 3287 1622 3287 1627 3288 1622 3288 1628 3288 2286 3289 1629 3289 2287 3289 1630 3290 1635 3290 2288 3290 2288 3291 1635 3291 1634 3291 2288 3292 1634 3292 2257 3292 1632 3293 1631 3293 2289 3293 2289 3294 1631 3294 1630 3294 2289 3295 1630 3295 2288 3295 1629 3296 1620 3296 2287 3296 2287 3297 1620 3297 1621 3297 2287 3298 1621 3298 2290 3298 2290 3299 1621 3299 1632 3299 2290 3300 1632 3300 2289 3300 1629 3301 2286 3301 1626 3301 1626 3302 2286 3302 2285 3302 1626 3303 2285 3303 1627 3303 2273 3304 2291 3304 2272 3304 2292 3305 2291 3305 2273 3305 2274 3306 2292 3306 2273 3306 2293 3307 2294 3307 2270 3307 2293 3308 2270 3308 2272 3308 2293 3309 2272 3309 2291 3309 2292 3310 2274 3310 2295 3310 2295 3311 2274 3311 1601 3311 2295 3312 1601 3312 1637 3312 2270 3313 2294 3313 2271 3313 2271 3314 2294 3314 2296 3314 2297 3315 2298 3315 2299 3315 2300 3316 2301 3316 2302 3316 2300 3317 2302 3317 2303 3317 2300 3318 2303 3318 2304 3318 2301 3319 2253 3319 2302 3319 2302 3320 2253 3320 1690 3320 2298 3321 2305 3321 2299 3321 2299 3322 2305 3322 2306 3322 2299 3323 2306 3323 2307 3323 2307 3324 2306 3324 2304 3324 2307 3325 2304 3325 2303 3325 2298 3326 2297 3326 2308 3326 2308 3327 2297 3327 2271 3327 2308 3328 2271 3328 2296 3328 1656 3329 1765 3329 1647 3329 1647 3330 1765 3330 1770 3330 2309 3331 1684 3331 2310 3331 2310 3332 1684 3332 1683 3332 2310 3333 1683 3333 2311 3333 2311 3334 1683 3334 1726 3334 2311 3335 1726 3335 2312 3335 2312 3336 1726 3336 1725 3336 2312 3337 1725 3337 2313 3337 2313 3338 1725 3338 1724 3338 2313 3339 1724 3339 2314 3339 2314 3340 1724 3340 1723 3340 2314 3341 1723 3341 2315 3341 2315 3342 1723 3342 1692 3342 2315 3343 1692 3343 2316 3343 2316 3344 1692 3344 1691 3344 2316 3345 1691 3345 2317 3345 2318 3346 2319 3346 1713 3346 1713 3347 1712 3347 2318 3347 2320 3348 2318 3348 1712 3348 1712 3349 1711 3349 2320 3349 2321 3350 2320 3350 1711 3350 1711 3351 1710 3351 2321 3351 2322 3352 2321 3352 1710 3352 1710 3353 1709 3353 2322 3353 2323 3354 2322 3354 1709 3354 1709 3355 1708 3355 2323 3355 2324 3356 2323 3356 1708 3356 1708 3357 1707 3357 2324 3357 2325 3358 2324 3358 1707 3358 1707 3359 1706 3359 2325 3359 2326 3360 2325 3360 1706 3360 1513 3361 1713 3361 2319 3361 1513 3362 2319 3362 2317 3362 1513 3363 2317 3363 1691 3363 2327 3364 1686 3364 2309 3364 2309 3365 1686 3365 1685 3365 2309 3366 1685 3366 1684 3366 1704 3367 2328 3367 1705 3367 1705 3368 2328 3368 2326 3368 1705 3369 2326 3369 1706 3369 2328 3370 1704 3370 2329 3370 2329 3371 1704 3371 1703 3371 2329 3372 1703 3372 2330 3372 2330 3373 1703 3373 1702 3373 2330 3374 1702 3374 2331 3374 2331 3375 1702 3375 1701 3375 2331 3376 1701 3376 2332 3376 2332 3377 1701 3377 1700 3377 2332 3378 1700 3378 2333 3378 2333 3379 1700 3379 1738 3379 2333 3380 1738 3380 2334 3380 2334 3381 1738 3381 1740 3381 2334 3382 1740 3382 2335 3382 2335 3383 1740 3383 1721 3383 2335 3384 1721 3384 2336 3384 2336 3385 1721 3385 1720 3385 2336 3386 1720 3386 2337 3386 2337 3387 1720 3387 1719 3387 2337 3388 1719 3388 2338 3388 2338 3389 1719 3389 1718 3389 2338 3390 1718 3390 2339 3390 2339 3391 1718 3391 1737 3391 2339 3392 1737 3392 2340 3392 2340 3393 1737 3393 1736 3393 2340 3394 1736 3394 2341 3394 2341 3395 1736 3395 1735 3395 2341 3396 1735 3396 2342 3396 2342 3397 1735 3397 1733 3397 2342 3398 1733 3398 2343 3398 2343 3399 1733 3399 1731 3399 2343 3400 1731 3400 2344 3400 2344 3401 1731 3401 1730 3401 2344 3402 1730 3402 2345 3402 2345 3403 1730 3403 1728 3403 2345 3404 1728 3404 2346 3404 2346 3405 1728 3405 1687 3405 2346 3406 1687 3406 2327 3406 2327 3407 1687 3407 1686 3407 2280 3408 2302 3408 2284 3408 2284 3409 2302 3409 1690 3409 2284 3410 1690 3410 1689 3410 2275 3411 2307 3411 2283 3411 2283 3412 2307 3412 2303 3412 2283 3413 2303 3413 2281 3413 2281 3414 2303 3414 2302 3414 2281 3415 2302 3415 2280 3415 2279 3416 2299 3416 2277 3416 2277 3417 2299 3417 2307 3417 2277 3418 2307 3418 2275 3418 2279 3419 2264 3419 2299 3419 2299 3420 2264 3420 2263 3420 2299 3421 2263 3421 2297 3421 2297 3422 2263 3422 2262 3422 2297 3423 2262 3423 2271 3423 2096 3424 2347 3424 2095 3424 2093 3425 2075 3425 2073 3425 2073 3426 2075 3426 2348 3426 2073 3427 2348 3427 2071 3427 2071 3428 2348 3428 2349 3428 2071 3429 2349 3429 2072 3429 2072 3430 2349 3430 2350 3430 2072 3431 2350 3431 2092 3431 2092 3432 2350 3432 2351 3432 2092 3433 2351 3433 2070 3433 2070 3434 2351 3434 2352 3434 2070 3435 2352 3435 2069 3435 2347 3436 2096 3436 2353 3436 2353 3437 2096 3437 2097 3437 2353 3438 2097 3438 2354 3438 2354 3439 2097 3439 2098 3439 2354 3440 2098 3440 2355 3440 2355 3441 2098 3441 2356 3441 2355 3442 2356 3442 2357 3442 2357 3443 2356 3443 2358 3443 2357 3444 2358 3444 2359 3444 2359 3445 2358 3445 2360 3445 2359 3446 2360 3446 2361 3446 2361 3447 2360 3447 2362 3447 2361 3448 2362 3448 2363 3448 2363 3449 2362 3449 2364 3449 2363 3450 2364 3450 2365 3450 2365 3451 2364 3451 2366 3451 2365 3452 2366 3452 2367 3452 2367 3453 2366 3453 2368 3453 2367 3454 2368 3454 2369 3454 2369 3455 2368 3455 2370 3455 2369 3456 2370 3456 2371 3456 2371 3457 2370 3457 2372 3457 2371 3458 2372 3458 2373 3458 2373 3459 2372 3459 2374 3459 2373 3460 2374 3460 2375 3460 2375 3461 2374 3461 2376 3461 2375 3462 2376 3462 2377 3462 2375 3463 2377 3463 2378 3463 2378 3464 2377 3464 2379 3464 2378 3465 2379 3465 2380 3465 2380 3466 2379 3466 2381 3466 2380 3467 2381 3467 2382 3467 2382 3468 2381 3468 2383 3468 2382 3469 2383 3469 2384 3469 2384 3470 2383 3470 2385 3470 2384 3471 2385 3471 2386 3471 2386 3472 2385 3472 2387 3472 2386 3473 2387 3473 2388 3473 2388 3474 2387 3474 2389 3474 2388 3475 2389 3475 2390 3475 2390 3476 2389 3476 2391 3476 2390 3477 2391 3477 2392 3477 2392 3478 2391 3478 2393 3478 2392 3479 2393 3479 2394 3479 2394 3480 2393 3480 2395 3480 2394 3481 2395 3481 2396 3481 2396 3482 2395 3482 2082 3482 2396 3483 2082 3483 2397 3483 2397 3484 2082 3484 2084 3484 2397 3485 2084 3485 2398 3485 2398 3486 2084 3486 2086 3486 2398 3487 2086 3487 2399 3487 2399 3488 2086 3488 2065 3488 2399 3489 2065 3489 2066 3489 2399 3490 2066 3490 2400 3490 2400 3491 2066 3491 2091 3491 2400 3492 2091 3492 2401 3492 2401 3493 2091 3493 2068 3493 2401 3494 2068 3494 2402 3494 2402 3495 2068 3495 2067 3495 2402 3496 2067 3496 2352 3496 2352 3497 2067 3497 2069 3497 2095 3498 2347 3498 2081 3498 2081 3499 2347 3499 2403 3499 2081 3500 2403 3500 2080 3500 2080 3501 2403 3501 2404 3501 2080 3502 2404 3502 2078 3502 2078 3503 2404 3503 2405 3503 2078 3504 2405 3504 2079 3504 2079 3505 2405 3505 2406 3505 2079 3506 2406 3506 2094 3506 2094 3507 2406 3507 2077 3507 2077 3508 2406 3508 2407 3508 2077 3509 2407 3509 2076 3509 2076 3510 2407 3510 2408 3510 2076 3511 2408 3511 2074 3511 2074 3512 2408 3512 2409 3512 2074 3513 2409 3513 2075 3513 2075 3514 2409 3514 2348 3514 2410 3515 2203 3515 2204 3515 2411 3516 2211 3516 2412 3516 2413 3517 2410 3517 2204 3517 2413 3518 2204 3518 2205 3518 2413 3519 2205 3519 2206 3519 2413 3520 2206 3520 2207 3520 2413 3521 2207 3521 2208 3521 2413 3522 2208 3522 2209 3522 2210 3523 2211 3523 2411 3523 2210 3524 2411 3524 2414 3524 2210 3525 2414 3525 2415 3525 2210 3526 2415 3526 2413 3526 2210 3527 2413 3527 2209 3527 2237 3528 2238 3528 2239 3528 2237 3529 2239 3529 2240 3529 2237 3530 2240 3530 2241 3530 2237 3531 2241 3531 2416 3531 2237 3532 2416 3532 2417 3532 2237 3533 2417 3533 2233 3533 2237 3534 2233 3534 2234 3534 2237 3535 2234 3535 2235 3535 2237 3536 2235 3536 2236 3536 2233 3537 2417 3537 2418 3537 2233 3538 2418 3538 2419 3538 2233 3539 2419 3539 2232 3539 2202 3540 2203 3540 2201 3540 2201 3541 2203 3541 2410 3541 2201 3542 2410 3542 2200 3542 2200 3543 2410 3543 2420 3543 2200 3544 2420 3544 2421 3544 2412 3545 2211 3545 2422 3545 2422 3546 2211 3546 2212 3546 2422 3547 2212 3547 2423 3547 2423 3548 2212 3548 2213 3548 2423 3549 2213 3549 2424 3549 2424 3550 2213 3550 2214 3550 2424 3551 2214 3551 2425 3551 2425 3552 2214 3552 2215 3552 2425 3553 2215 3553 2426 3553 2426 3554 2215 3554 2427 3554 2427 3555 2215 3555 2216 3555 2427 3556 2216 3556 2428 3556 2428 3557 2216 3557 2217 3557 2428 3558 2217 3558 2429 3558 2429 3559 2217 3559 2218 3559 2429 3560 2218 3560 2430 3560 2430 3561 2218 3561 2219 3561 2430 3562 2219 3562 2431 3562 2431 3563 2219 3563 2220 3563 2431 3564 2220 3564 2432 3564 2432 3565 2220 3565 2221 3565 2432 3566 2221 3566 2433 3566 2433 3567 2221 3567 2222 3567 2433 3568 2222 3568 2434 3568 2434 3569 2222 3569 2223 3569 2434 3570 2223 3570 2435 3570 2435 3571 2223 3571 2224 3571 2435 3572 2224 3572 2436 3572 2436 3573 2224 3573 2225 3573 2436 3574 2225 3574 2437 3574 2437 3575 2225 3575 2226 3575 2437 3576 2226 3576 2438 3576 2438 3577 2226 3577 2227 3577 2438 3578 2227 3578 2439 3578 2439 3579 2227 3579 2228 3579 2439 3580 2228 3580 2440 3580 2440 3581 2228 3581 2441 3581 2441 3582 2228 3582 2229 3582 2441 3583 2229 3583 2442 3583 2442 3584 2229 3584 2230 3584 2442 3585 2230 3585 2443 3585 2443 3586 2230 3586 2231 3586 2443 3587 2231 3587 2444 3587 2444 3588 2231 3588 2232 3588 2444 3589 2232 3589 2419 3589 2200 3590 2421 3590 2199 3590 2199 3591 2421 3591 2445 3591 2199 3592 2445 3592 2446 3592 2199 3593 2446 3593 2198 3593 2198 3594 2446 3594 2447 3594 2198 3595 2447 3595 2197 3595 2197 3596 2447 3596 2448 3596 2197 3597 2448 3597 2196 3597 2196 3598 2448 3598 2449 3598 2196 3599 2449 3599 2195 3599 2195 3600 2449 3600 2450 3600 2195 3601 2450 3601 2451 3601 2195 3602 2451 3602 2194 3602 2194 3603 2451 3603 2452 3603 2194 3604 2452 3604 2193 3604 2193 3605 2452 3605 2453 3605 2193 3606 2453 3606 2192 3606 2192 3607 2453 3607 2454 3607 2192 3608 2454 3608 2191 3608 2191 3609 2454 3609 2455 3609 2191 3610 2455 3610 2190 3610 2190 3611 2455 3611 2456 3611 2190 3612 2456 3612 2189 3612 2189 3613 2456 3613 2457 3613 2189 3614 2457 3614 2252 3614 2252 3615 2457 3615 2458 3615 2252 3616 2458 3616 2251 3616 2251 3617 2458 3617 2459 3617 2251 3618 2459 3618 2250 3618 2250 3619 2459 3619 2460 3619 2250 3620 2460 3620 2249 3620 2249 3621 2460 3621 2461 3621 2249 3622 2461 3622 2248 3622 2248 3623 2461 3623 2462 3623 2248 3624 2462 3624 2247 3624 2247 3625 2462 3625 2463 3625 2247 3626 2463 3626 2246 3626 2246 3627 2463 3627 2464 3627 2246 3628 2464 3628 2465 3628 2246 3629 2465 3629 2245 3629 2245 3630 2465 3630 2466 3630 2245 3631 2466 3631 2244 3631 2244 3632 2466 3632 2467 3632 2244 3633 2467 3633 2243 3633 2243 3634 2467 3634 2468 3634 2243 3635 2468 3635 2242 3635 2242 3636 2468 3636 2469 3636 2242 3637 2469 3637 2470 3637 2242 3638 2470 3638 2241 3638 2241 3639 2470 3639 2471 3639 2241 3640 2471 3640 2416 3640 2472 3641 2354 3641 2473 3641 2473 3642 2354 3642 2355 3642 2473 3643 2355 3643 2474 3643 2474 3644 2355 3644 2357 3644 2474 3645 2357 3645 2475 3645 2475 3646 2357 3646 2359 3646 2475 3647 2359 3647 2476 3647 2476 3648 2359 3648 2361 3648 2476 3649 2361 3649 2477 3649 2477 3650 2361 3650 2363 3650 2477 3651 2363 3651 2478 3651 2478 3652 2363 3652 2365 3652 2478 3653 2365 3653 2479 3653 2479 3654 2365 3654 2367 3654 2479 3655 2367 3655 2480 3655 2480 3656 2367 3656 2369 3656 2480 3657 2369 3657 2481 3657 2481 3658 2369 3658 2371 3658 2481 3659 2371 3659 2482 3659 2482 3660 2371 3660 2373 3660 2482 3661 2373 3661 2483 3661 2483 3662 2373 3662 2375 3662 2483 3663 2375 3663 2484 3663 2484 3664 2375 3664 2378 3664 2484 3665 2378 3665 2485 3665 2485 3666 2378 3666 2380 3666 2485 3667 2380 3667 2486 3667 2486 3668 2380 3668 2382 3668 2486 3669 2382 3669 2487 3669 2487 3670 2382 3670 2384 3670 2487 3671 2384 3671 2488 3671 2488 3672 2384 3672 2386 3672 2488 3673 2386 3673 2489 3673 2489 3674 2386 3674 2388 3674 2489 3675 2388 3675 2490 3675 2490 3676 2388 3676 2390 3676 2490 3677 2390 3677 2491 3677 2491 3678 2390 3678 2392 3678 2491 3679 2392 3679 2492 3679 2492 3680 2392 3680 2394 3680 2492 3681 2394 3681 2493 3681 2493 3682 2394 3682 2396 3682 2493 3683 2396 3683 2494 3683 2494 3684 2396 3684 2397 3684 2494 3685 2397 3685 2495 3685 2495 3686 2397 3686 2398 3686 2495 3687 2398 3687 2496 3687 2496 3688 2398 3688 2399 3688 2496 3689 2399 3689 2497 3689 2497 3690 2399 3690 2400 3690 2497 3691 2400 3691 2498 3691 2498 3692 2400 3692 2401 3692 2498 3693 2401 3693 2499 3693 2499 3694 2401 3694 2402 3694 2499 3695 2402 3695 2500 3695 2500 3696 2402 3696 2352 3696 2500 3697 2352 3697 2501 3697 2501 3698 2352 3698 2351 3698 2501 3699 2351 3699 2502 3699 2502 3700 2351 3700 2350 3700 2502 3701 2350 3701 2503 3701 2503 3702 2350 3702 2349 3702 2503 3703 2349 3703 2504 3703 2504 3704 2349 3704 2348 3704 2504 3705 2348 3705 2505 3705 2505 3706 2348 3706 2409 3706 2505 3707 2409 3707 2506 3707 2506 3708 2409 3708 2408 3708 2506 3709 2408 3709 2507 3709 2507 3710 2408 3710 2407 3710 2507 3711 2407 3711 2508 3711 2508 3712 2407 3712 2406 3712 2508 3713 2406 3713 2509 3713 2509 3714 2406 3714 2405 3714 2509 3715 2405 3715 2510 3715 2510 3716 2405 3716 2404 3716 2510 3717 2404 3717 2511 3717 2511 3718 2404 3718 2403 3718 2511 3719 2403 3719 2512 3719 2512 3720 2403 3720 2347 3720 2512 3721 2347 3721 2513 3721 2513 3722 2347 3722 2353 3722 2513 3723 2353 3723 2472 3723 2472 3724 2353 3724 2354 3724 2514 3725 2457 3725 2515 3725 2515 3726 2457 3726 2456 3726 2515 3727 2456 3727 2516 3727 2516 3728 2456 3728 2455 3728 2516 3729 2455 3729 2517 3729 2517 3730 2455 3730 2454 3730 2517 3731 2454 3731 2518 3731 2518 3732 2454 3732 2453 3732 2518 3733 2453 3733 2519 3733 2519 3734 2453 3734 2452 3734 2519 3735 2452 3735 2520 3735 2520 3736 2452 3736 2451 3736 2520 3737 2451 3737 2521 3737 2521 3738 2451 3738 2450 3738 2521 3739 2450 3739 2522 3739 2522 3740 2450 3740 2449 3740 2522 3741 2449 3741 2523 3741 2523 3742 2449 3742 2448 3742 2523 3743 2448 3743 2524 3743 2524 3744 2448 3744 2447 3744 2524 3745 2447 3745 2525 3745 2525 3746 2447 3746 2446 3746 2525 3747 2446 3747 2526 3747 2526 3748 2446 3748 2445 3748 2526 3749 2445 3749 2527 3749 2527 3750 2445 3750 2421 3750 2527 3751 2421 3751 2528 3751 2528 3752 2421 3752 2420 3752 2528 3753 2420 3753 2529 3753 2529 3754 2420 3754 2410 3754 2529 3755 2410 3755 2530 3755 2530 3756 2410 3756 2413 3756 2530 3757 2413 3757 2531 3757 2531 3758 2413 3758 2415 3758 2531 3759 2415 3759 2532 3759 2532 3760 2415 3760 2414 3760 2532 3761 2414 3761 2533 3761 2533 3762 2414 3762 2411 3762 2533 3763 2411 3763 2534 3763 2534 3764 2411 3764 2412 3764 2534 3765 2412 3765 2535 3765 2535 3766 2412 3766 2422 3766 2535 3767 2422 3767 2536 3767 2536 3768 2422 3768 2423 3768 2536 3769 2423 3769 2537 3769 2537 3770 2423 3770 2424 3770 2537 3771 2424 3771 2538 3771 2538 3772 2424 3772 2425 3772 2538 3773 2425 3773 2539 3773 2539 3774 2425 3774 2426 3774 2539 3775 2426 3775 2540 3775 2540 3776 2426 3776 2427 3776 2540 3777 2427 3777 2541 3777 2541 3778 2427 3778 2428 3778 2541 3779 2428 3779 2542 3779 2542 3780 2428 3780 2429 3780 2542 3781 2429 3781 2543 3781 2543 3782 2429 3782 2430 3782 2543 3783 2430 3783 2544 3783 2544 3784 2430 3784 2431 3784 2544 3785 2431 3785 2545 3785 2545 3786 2431 3786 2432 3786 2545 3787 2432 3787 2546 3787 2546 3788 2432 3788 2433 3788 2546 3789 2433 3789 2547 3789 2547 3790 2433 3790 2434 3790 2547 3791 2434 3791 2548 3791 2548 3792 2434 3792 2435 3792 2548 3793 2435 3793 2549 3793 2549 3794 2435 3794 2436 3794 2549 3795 2436 3795 2550 3795 2550 3796 2436 3796 2437 3796 2550 3797 2437 3797 2551 3797 2551 3798 2437 3798 2438 3798 2551 3799 2438 3799 2552 3799 2552 3800 2438 3800 2439 3800 2552 3801 2439 3801 2553 3801 2553 3802 2439 3802 2440 3802 2553 3803 2440 3803 2554 3803 2554 3804 2440 3804 2441 3804 2554 3805 2441 3805 2555 3805 2555 3806 2441 3806 2442 3806 2555 3807 2442 3807 2556 3807 2556 3808 2442 3808 2443 3808 2556 3809 2443 3809 2557 3809 2557 3810 2443 3810 2444 3810 2557 3811 2444 3811 2558 3811 2558 3812 2444 3812 2419 3812 2558 3813 2419 3813 2559 3813 2559 3814 2419 3814 2418 3814 2559 3815 2418 3815 2560 3815 2560 3816 2418 3816 2417 3816 2560 3817 2417 3817 2561 3817 2561 3818 2417 3818 2416 3818 2561 3819 2416 3819 2562 3819 2562 3820 2416 3820 2471 3820 2562 3821 2471 3821 2563 3821 2563 3822 2471 3822 2470 3822 2563 3823 2470 3823 2564 3823 2564 3824 2470 3824 2469 3824 2564 3825 2469 3825 2565 3825 2565 3826 2469 3826 2468 3826 2565 3827 2468 3827 2566 3827 2566 3828 2468 3828 2467 3828 2566 3829 2467 3829 2567 3829 2567 3830 2467 3830 2466 3830 2567 3831 2466 3831 2568 3831 2568 3832 2466 3832 2465 3832 2568 3833 2465 3833 2569 3833 2569 3834 2465 3834 2464 3834 2569 3835 2464 3835 2570 3835 2570 3836 2464 3836 2463 3836 2570 3837 2463 3837 2571 3837 2571 3838 2463 3838 2462 3838 2571 3839 2462 3839 2572 3839 2572 3840 2462 3840 2461 3840 2572 3841 2461 3841 2573 3841 2573 3842 2461 3842 2460 3842 2573 3843 2460 3843 2574 3843 2574 3844 2460 3844 2459 3844 2574 3845 2459 3845 2575 3845 2575 3846 2459 3846 2458 3846 2575 3847 2458 3847 2514 3847 2514 3848 2458 3848 2457 3848 2576 3849 2577 3849 2477 3849 2489 3850 2578 3850 2579 3850 2508 3851 2509 3851 2580 3851 2508 3852 2580 3852 2581 3852 2508 3853 2581 3853 2582 3853 2508 3854 2582 3854 2504 3854 2508 3855 2504 3855 2505 3855 2508 3856 2505 3856 2506 3856 2508 3857 2506 3857 2507 3857 2583 3858 2584 3858 2499 3858 2583 3859 2499 3859 2500 3859 2583 3860 2500 3860 2501 3860 2583 3861 2501 3861 2502 3861 2583 3862 2502 3862 2503 3862 2583 3863 2503 3863 2504 3863 2583 3864 2504 3864 2582 3864 2478 3865 2479 3865 2480 3865 2478 3866 2480 3866 2481 3866 2478 3867 2481 3867 2482 3867 2478 3868 2482 3868 2585 3868 2478 3869 2585 3869 2576 3869 2478 3870 2576 3870 2477 3870 2586 3871 2585 3871 2482 3871 2586 3872 2482 3872 2483 3872 2586 3873 2483 3873 2484 3873 2586 3874 2484 3874 2485 3874 2586 3875 2485 3875 2486 3875 2586 3876 2486 3876 2487 3876 2586 3877 2487 3877 2488 3877 2586 3878 2488 3878 2587 3878 2588 3879 2476 3879 2589 3879 2589 3880 2476 3880 2477 3880 2589 3881 2477 3881 2577 3881 2590 3882 2474 3882 2591 3882 2591 3883 2474 3883 2475 3883 2591 3884 2475 3884 2592 3884 2592 3885 2475 3885 2476 3885 2592 3886 2476 3886 2588 3886 2593 3887 2511 3887 2594 3887 2594 3888 2511 3888 2512 3888 2594 3889 2512 3889 2595 3889 2595 3890 2512 3890 2513 3890 2595 3891 2513 3891 2596 3891 2596 3892 2513 3892 2472 3892 2596 3893 2472 3893 2597 3893 2597 3894 2472 3894 2473 3894 2597 3895 2473 3895 2598 3895 2598 3896 2473 3896 2474 3896 2598 3897 2474 3897 2590 3897 2580 3898 2509 3898 2599 3898 2599 3899 2509 3899 2510 3899 2599 3900 2510 3900 2600 3900 2600 3901 2510 3901 2511 3901 2600 3902 2511 3902 2593 3902 2587 3903 2488 3903 2601 3903 2601 3904 2488 3904 2489 3904 2601 3905 2489 3905 2579 3905 2602 3906 2603 3906 2491 3906 2491 3907 2603 3907 2604 3907 2491 3908 2604 3908 2490 3908 2490 3909 2604 3909 2578 3909 2490 3910 2578 3910 2489 3910 2605 3911 2606 3911 2496 3911 2496 3912 2606 3912 2607 3912 2496 3913 2607 3913 2495 3913 2495 3914 2607 3914 2608 3914 2495 3915 2608 3915 2494 3915 2494 3916 2608 3916 2609 3916 2494 3917 2609 3917 2493 3917 2493 3918 2609 3918 2610 3918 2493 3919 2610 3919 2492 3919 2492 3920 2610 3920 2602 3920 2492 3921 2602 3921 2491 3921 2611 3922 2612 3922 2498 3922 2498 3923 2612 3923 2613 3923 2498 3924 2613 3924 2497 3924 2497 3925 2613 3925 2605 3925 2497 3926 2605 3926 2496 3926 2611 3927 2498 3927 2584 3927 2584 3928 2498 3928 2499 3928 2557 3929 2614 3929 2615 3929 2614 3930 2561 3930 2562 3930 2614 3931 2562 3931 2563 3931 2614 3932 2563 3932 2564 3932 2614 3933 2564 3933 2616 3933 2617 3934 2618 3934 2526 3934 2617 3935 2526 3935 2527 3935 2617 3936 2527 3936 2528 3936 2617 3937 2528 3937 2529 3937 2617 3938 2529 3938 2530 3938 2617 3939 2530 3939 2531 3939 2617 3940 2531 3940 2532 3940 2617 3941 2532 3941 2533 3941 2617 3942 2533 3942 2619 3942 2561 3943 2614 3943 2560 3943 2560 3944 2614 3944 2557 3944 2560 3945 2557 3945 2559 3945 2559 3946 2557 3946 2558 3946 2619 3947 2533 3947 2620 3947 2620 3948 2533 3948 2534 3948 2620 3949 2534 3949 2621 3949 2621 3950 2534 3950 2622 3950 2622 3951 2534 3951 2535 3951 2622 3952 2535 3952 2623 3952 2623 3953 2535 3953 2536 3953 2623 3954 2536 3954 2624 3954 2624 3955 2536 3955 2537 3955 2624 3956 2537 3956 2625 3956 2625 3957 2537 3957 2626 3957 2626 3958 2537 3958 2538 3958 2626 3959 2538 3959 2627 3959 2627 3960 2538 3960 2539 3960 2627 3961 2539 3961 2628 3961 2628 3962 2539 3962 2540 3962 2628 3963 2540 3963 2629 3963 2629 3964 2540 3964 2541 3964 2629 3965 2541 3965 2630 3965 2630 3966 2541 3966 2542 3966 2630 3967 2542 3967 2631 3967 2631 3968 2542 3968 2543 3968 2631 3969 2543 3969 2632 3969 2632 3970 2543 3970 2544 3970 2632 3971 2544 3971 2633 3971 2633 3972 2544 3972 2545 3972 2633 3973 2545 3973 2634 3973 2634 3974 2545 3974 2546 3974 2634 3975 2546 3975 2635 3975 2635 3976 2546 3976 2547 3976 2635 3977 2547 3977 2636 3977 2636 3978 2547 3978 2548 3978 2636 3979 2548 3979 2637 3979 2637 3980 2548 3980 2549 3980 2637 3981 2549 3981 2638 3981 2638 3982 2549 3982 2550 3982 2638 3983 2550 3983 2639 3983 2639 3984 2550 3984 2551 3984 2639 3985 2551 3985 2640 3985 2640 3986 2551 3986 2552 3986 2640 3987 2552 3987 2641 3987 2641 3988 2552 3988 2553 3988 2641 3989 2553 3989 2642 3989 2642 3990 2553 3990 2554 3990 2642 3991 2554 3991 2643 3991 2643 3992 2554 3992 2644 3992 2644 3993 2554 3993 2555 3993 2644 3994 2555 3994 2645 3994 2645 3995 2555 3995 2556 3995 2645 3996 2556 3996 2646 3996 2646 3997 2556 3997 2557 3997 2646 3998 2557 3998 2615 3998 2526 3999 2618 3999 2525 3999 2525 4000 2618 4000 2647 4000 2525 4001 2647 4001 2648 4001 2525 4002 2648 4002 2524 4002 2524 4003 2648 4003 2649 4003 2524 4004 2649 4004 2523 4004 2523 4005 2649 4005 2650 4005 2523 4006 2650 4006 2522 4006 2522 4007 2650 4007 2651 4007 2522 4008 2651 4008 2652 4008 2522 4009 2652 4009 2521 4009 2521 4010 2652 4010 2653 4010 2521 4011 2653 4011 2520 4011 2520 4012 2653 4012 2654 4012 2520 4013 2654 4013 2519 4013 2519 4014 2654 4014 2655 4014 2519 4015 2655 4015 2518 4015 2518 4016 2655 4016 2656 4016 2518 4017 2656 4017 2517 4017 2517 4018 2656 4018 2657 4018 2517 4019 2657 4019 2516 4019 2516 4020 2657 4020 2658 4020 2516 4021 2658 4021 2515 4021 2515 4022 2658 4022 2659 4022 2515 4023 2659 4023 2514 4023 2514 4024 2659 4024 2660 4024 2514 4025 2660 4025 2575 4025 2575 4026 2660 4026 2661 4026 2575 4027 2661 4027 2574 4027 2574 4028 2661 4028 2662 4028 2574 4029 2662 4029 2573 4029 2573 4030 2662 4030 2663 4030 2573 4031 2663 4031 2572 4031 2572 4032 2663 4032 2664 4032 2572 4033 2664 4033 2571 4033 2571 4034 2664 4034 2665 4034 2571 4035 2665 4035 2570 4035 2570 4036 2665 4036 2666 4036 2570 4037 2666 4037 2569 4037 2569 4038 2666 4038 2667 4038 2569 4039 2667 4039 2568 4039 2568 4040 2667 4040 2668 4040 2568 4041 2668 4041 2567 4041 2567 4042 2668 4042 2669 4042 2567 4043 2669 4043 2670 4043 2567 4044 2670 4044 2566 4044 2566 4045 2670 4045 2671 4045 2566 4046 2671 4046 2565 4046 2565 4047 2671 4047 2672 4047 2565 4048 2672 4048 2564 4048 2564 4049 2672 4049 2673 4049 2564 4050 2673 4050 2616 4050 2674 4051 2609 4051 2675 4051 2675 4052 2609 4052 2608 4052 2675 4053 2608 4053 2676 4053 2676 4054 2608 4054 2607 4054 2676 4055 2607 4055 2677 4055 2677 4056 2607 4056 2606 4056 2677 4057 2606 4057 2678 4057 2678 4058 2606 4058 2605 4058 2678 4059 2605 4059 2679 4059 2679 4060 2605 4060 2613 4060 2679 4061 2613 4061 2680 4061 2680 4062 2613 4062 2612 4062 2680 4063 2612 4063 2681 4063 2681 4064 2612 4064 2611 4064 2681 4065 2611 4065 2682 4065 2682 4066 2611 4066 2584 4066 2682 4067 2584 4067 2683 4067 2683 4068 2584 4068 2583 4068 2683 4069 2583 4069 2684 4069 2684 4070 2583 4070 2582 4070 2684 4071 2582 4071 2685 4071 2685 4072 2582 4072 2581 4072 2685 4073 2581 4073 2686 4073 2686 4074 2581 4074 2580 4074 2686 4075 2580 4075 2687 4075 2687 4076 2580 4076 2599 4076 2687 4077 2599 4077 2688 4077 2688 4078 2599 4078 2600 4078 2688 4079 2600 4079 2689 4079 2689 4080 2600 4080 2593 4080 2689 4081 2593 4081 2690 4081 2690 4082 2593 4082 2594 4082 2690 4083 2594 4083 2691 4083 2691 4084 2594 4084 2595 4084 2691 4085 2595 4085 2692 4085 2692 4086 2595 4086 2596 4086 2692 4087 2596 4087 2693 4087 2693 4088 2596 4088 2597 4088 2693 4089 2597 4089 2694 4089 2694 4090 2597 4090 2598 4090 2694 4091 2598 4091 2695 4091 2695 4092 2598 4092 2590 4092 2695 4093 2590 4093 2696 4093 2696 4094 2590 4094 2591 4094 2696 4095 2591 4095 2697 4095 2697 4096 2591 4096 2592 4096 2697 4097 2592 4097 2698 4097 2698 4098 2592 4098 2588 4098 2698 4099 2588 4099 2699 4099 2699 4100 2588 4100 2589 4100 2699 4101 2589 4101 2700 4101 2700 4102 2589 4102 2577 4102 2700 4103 2577 4103 2701 4103 2701 4104 2577 4104 2576 4104 2701 4105 2576 4105 2702 4105 2702 4106 2576 4106 2585 4106 2702 4107 2585 4107 2703 4107 2703 4108 2585 4108 2586 4108 2703 4109 2586 4109 2704 4109 2704 4110 2586 4110 2587 4110 2704 4111 2587 4111 2705 4111 2705 4112 2587 4112 2601 4112 2705 4113 2601 4113 2706 4113 2706 4114 2601 4114 2579 4114 2706 4115 2579 4115 2707 4115 2707 4116 2579 4116 2578 4116 2707 4117 2578 4117 2708 4117 2708 4118 2578 4118 2604 4118 2708 4119 2604 4119 2709 4119 2709 4120 2604 4120 2603 4120 2709 4121 2603 4121 2710 4121 2710 4122 2603 4122 2602 4122 2710 4123 2602 4123 2711 4123 2711 4124 2602 4124 2610 4124 2711 4125 2610 4125 2674 4125 2674 4126 2610 4126 2609 4126 2614 4127 2712 4127 2615 4127 2615 4128 2712 4128 2713 4128 2615 4129 2713 4129 2646 4129 2646 4130 2713 4130 2714 4130 2646 4131 2714 4131 2645 4131 2645 4132 2714 4132 2715 4132 2645 4133 2715 4133 2644 4133 2644 4134 2715 4134 2716 4134 2644 4135 2716 4135 2643 4135 2643 4136 2716 4136 2717 4136 2643 4137 2717 4137 2642 4137 2642 4138 2717 4138 2718 4138 2642 4139 2718 4139 2641 4139 2641 4140 2718 4140 2719 4140 2641 4141 2719 4141 2640 4141 2640 4142 2719 4142 2720 4142 2640 4143 2720 4143 2639 4143 2639 4144 2720 4144 2721 4144 2639 4145 2721 4145 2638 4145 2638 4146 2721 4146 2722 4146 2638 4147 2722 4147 2637 4147 2637 4148 2722 4148 2723 4148 2637 4149 2723 4149 2636 4149 2636 4150 2723 4150 2724 4150 2636 4151 2724 4151 2635 4151 2635 4152 2724 4152 2725 4152 2635 4153 2725 4153 2634 4153 2634 4154 2725 4154 2726 4154 2634 4155 2726 4155 2633 4155 2712 4156 2614 4156 2727 4156 2727 4157 2614 4157 2616 4157 2727 4158 2616 4158 2728 4158 2728 4159 2616 4159 2673 4159 2728 4160 2673 4160 2729 4160 2729 4161 2673 4161 2672 4161 2729 4162 2672 4162 2730 4162 2730 4163 2672 4163 2671 4163 2730 4164 2671 4164 2731 4164 2731 4165 2671 4165 2670 4165 2731 4166 2670 4166 2732 4166 2732 4167 2670 4167 2669 4167 2732 4168 2669 4168 2733 4168 2733 4169 2669 4169 2668 4169 2733 4170 2668 4170 2734 4170 2734 4171 2668 4171 2667 4171 2734 4172 2667 4172 2735 4172 2735 4173 2667 4173 2666 4173 2735 4174 2666 4174 2736 4174 2736 4175 2666 4175 2665 4175 2736 4176 2665 4176 2737 4176 2737 4177 2665 4177 2664 4177 2737 4178 2664 4178 2738 4178 2738 4179 2664 4179 2663 4179 2738 4180 2663 4180 2739 4180 2739 4181 2663 4181 2662 4181 2739 4182 2662 4182 2740 4182 2740 4183 2662 4183 2661 4183 2740 4184 2661 4184 2741 4184 2741 4185 2661 4185 2660 4185 2741 4186 2660 4186 2742 4186 2617 4187 2743 4187 2618 4187 2618 4188 2743 4188 2744 4188 2618 4189 2744 4189 2647 4189 2647 4190 2744 4190 2745 4190 2647 4191 2745 4191 2648 4191 2648 4192 2745 4192 2746 4192 2648 4193 2746 4193 2649 4193 2649 4194 2746 4194 2747 4194 2649 4195 2747 4195 2650 4195 2650 4196 2747 4196 2748 4196 2650 4197 2748 4197 2651 4197 2651 4198 2748 4198 2749 4198 2651 4199 2749 4199 2652 4199 2652 4200 2749 4200 2750 4200 2652 4201 2750 4201 2653 4201 2653 4202 2750 4202 2751 4202 2653 4203 2751 4203 2654 4203 2654 4204 2751 4204 2752 4204 2654 4205 2752 4205 2655 4205 2655 4206 2752 4206 2753 4206 2655 4207 2753 4207 2656 4207 2656 4208 2753 4208 2754 4208 2656 4209 2754 4209 2657 4209 2657 4210 2754 4210 2755 4210 2657 4211 2755 4211 2658 4211 2658 4212 2755 4212 2756 4212 2658 4213 2756 4213 2659 4213 2659 4214 2756 4214 2742 4214 2659 4215 2742 4215 2660 4215 2743 4216 2617 4216 2757 4216 2757 4217 2617 4217 2619 4217 2757 4218 2619 4218 2758 4218 2758 4219 2619 4219 2620 4219 2758 4220 2620 4220 2759 4220 2759 4221 2620 4221 2621 4221 2759 4222 2621 4222 2760 4222 2760 4223 2621 4223 2622 4223 2760 4224 2622 4224 2761 4224 2761 4225 2622 4225 2623 4225 2761 4226 2623 4226 2762 4226 2762 4227 2623 4227 2624 4227 2762 4228 2624 4228 2763 4228 2763 4229 2624 4229 2625 4229 2763 4230 2625 4230 2764 4230 2764 4231 2625 4231 2626 4231 2764 4232 2626 4232 2765 4232 2765 4233 2626 4233 2627 4233 2765 4234 2627 4234 2766 4234 2766 4235 2627 4235 2628 4235 2766 4236 2628 4236 2767 4236 2767 4237 2628 4237 2629 4237 2767 4238 2629 4238 2768 4238 2768 4239 2629 4239 2630 4239 2768 4240 2630 4240 2769 4240 2769 4241 2630 4241 2631 4241 2769 4242 2631 4242 2770 4242 2770 4243 2631 4243 2632 4243 2770 4244 2632 4244 2771 4244 2771 4245 2632 4245 2633 4245 2771 4246 2633 4246 2726 4246 2772 4247 2692 4247 2693 4247 2772 4248 2773 4248 2692 4248 2774 4249 2675 4249 2775 4249 2774 4250 2674 4250 2675 4250 2773 4251 2691 4251 2692 4251 2776 4252 2690 4252 2691 4252 2776 4253 2691 4253 2773 4253 2777 4254 2689 4254 2690 4254 2777 4255 2690 4255 2776 4255 2778 4256 2688 4256 2689 4256 2778 4257 2689 4257 2777 4257 2779 4258 2687 4258 2688 4258 2779 4259 2688 4259 2778 4259 2780 4260 2685 4260 2686 4260 2780 4261 2686 4261 2779 4261 2779 4262 2686 4262 2687 4262 2781 4263 2684 4263 2685 4263 2781 4264 2685 4264 2780 4264 2782 4265 2683 4265 2684 4265 2782 4266 2684 4266 2781 4266 2783 4267 2682 4267 2683 4267 2783 4268 2683 4268 2782 4268 2784 4269 2681 4269 2682 4269 2784 4270 2682 4270 2783 4270 2785 4271 2679 4271 2680 4271 2785 4272 2680 4272 2784 4272 2784 4273 2680 4273 2681 4273 2786 4274 2678 4274 2679 4274 2786 4275 2679 4275 2785 4275 2787 4276 2677 4276 2678 4276 2787 4277 2678 4277 2786 4277 2788 4278 2676 4278 2677 4278 2788 4279 2677 4279 2787 4279 2775 4280 2675 4280 2676 4280 2775 4281 2676 4281 2788 4281 2772 4282 2694 4282 2789 4282 2772 4283 2693 4283 2694 4283 2774 4284 2711 4284 2674 4284 2774 4285 2790 4285 2711 4285 2790 4286 2710 4286 2711 4286 2791 4287 2709 4287 2710 4287 2791 4288 2710 4288 2790 4288 2792 4289 2708 4289 2709 4289 2792 4290 2709 4290 2791 4290 2793 4291 2707 4291 2708 4291 2793 4292 2708 4292 2792 4292 2794 4293 2706 4293 2707 4293 2794 4294 2707 4294 2793 4294 2795 4295 2704 4295 2705 4295 2795 4296 2705 4296 2794 4296 2794 4297 2705 4297 2706 4297 2796 4298 2703 4298 2704 4298 2796 4299 2704 4299 2795 4299 2797 4300 2702 4300 2703 4300 2797 4301 2703 4301 2796 4301 2798 4302 2701 4302 2702 4302 2798 4303 2702 4303 2797 4303 2799 4304 2700 4304 2701 4304 2799 4305 2701 4305 2798 4305 2800 4306 2698 4306 2699 4306 2800 4307 2699 4307 2799 4307 2799 4308 2699 4308 2700 4308 2801 4309 2697 4309 2698 4309 2801 4310 2698 4310 2800 4310 2802 4311 2696 4311 2697 4311 2802 4312 2697 4312 2801 4312 2803 4313 2695 4313 2696 4313 2803 4314 2696 4314 2802 4314 2789 4315 2694 4315 2695 4315 2789 4316 2695 4316 2803 4316 2804 4317 2763 4317 2805 4317 2806 4318 2807 4318 2748 4318 2808 4319 2809 4319 2747 4319 2808 4320 2747 4320 2746 4320 2808 4321 2746 4321 2745 4321 2808 4322 2745 4322 2744 4322 2808 4323 2744 4323 2743 4323 2808 4324 2743 4324 2757 4324 2808 4325 2757 4325 2758 4325 2808 4326 2758 4326 2759 4326 2808 4327 2759 4327 2760 4327 2808 4328 2760 4328 2761 4328 2762 4329 2763 4329 2804 4329 2762 4330 2804 4330 2810 4330 2762 4331 2810 4331 2811 4331 2762 4332 2811 4332 2808 4332 2762 4333 2808 4333 2761 4333 2715 4334 2727 4334 2812 4334 2715 4335 2812 4335 2813 4335 2715 4336 2813 4336 2814 4336 2715 4337 2814 4337 2716 4337 2727 4338 2715 4338 2714 4338 2727 4339 2714 4339 2713 4339 2727 4340 2713 4340 2712 4340 2727 4341 2728 4341 2729 4341 2727 4342 2729 4342 2730 4342 2727 4343 2730 4343 2731 4343 2727 4344 2731 4344 2812 4344 2805 4345 2763 4345 2815 4345 2815 4346 2763 4346 2764 4346 2815 4347 2764 4347 2816 4347 2816 4348 2764 4348 2765 4348 2816 4349 2765 4349 2817 4349 2817 4350 2765 4350 2766 4350 2817 4351 2766 4351 2818 4351 2818 4352 2766 4352 2819 4352 2819 4353 2766 4353 2767 4353 2819 4354 2767 4354 2820 4354 2820 4355 2767 4355 2768 4355 2820 4356 2768 4356 2821 4356 2821 4357 2768 4357 2769 4357 2821 4358 2769 4358 2822 4358 2822 4359 2769 4359 2770 4359 2822 4360 2770 4360 2823 4360 2823 4361 2770 4361 2771 4361 2823 4362 2771 4362 2824 4362 2824 4363 2771 4363 2726 4363 2824 4364 2726 4364 2825 4364 2825 4365 2726 4365 2725 4365 2825 4366 2725 4366 2826 4366 2826 4367 2725 4367 2724 4367 2826 4368 2724 4368 2827 4368 2827 4369 2724 4369 2723 4369 2827 4370 2723 4370 2828 4370 2828 4371 2723 4371 2722 4371 2828 4372 2722 4372 2829 4372 2829 4373 2722 4373 2721 4373 2829 4374 2721 4374 2830 4374 2830 4375 2721 4375 2720 4375 2830 4376 2720 4376 2831 4376 2831 4377 2720 4377 2719 4377 2831 4378 2719 4378 2832 4378 2832 4379 2719 4379 2833 4379 2833 4380 2719 4380 2718 4380 2833 4381 2718 4381 2834 4381 2834 4382 2718 4382 2717 4382 2834 4383 2717 4383 2835 4383 2835 4384 2717 4384 2716 4384 2835 4385 2716 4385 2814 4385 2806 4386 2748 4386 2836 4386 2836 4387 2748 4387 2747 4387 2836 4388 2747 4388 2809 4388 2748 4389 2807 4389 2749 4389 2749 4390 2807 4390 2837 4390 2749 4391 2837 4391 2750 4391 2750 4392 2837 4392 2838 4392 2750 4393 2838 4393 2751 4393 2751 4394 2838 4394 2839 4394 2751 4395 2839 4395 2840 4395 2751 4396 2840 4396 2752 4396 2752 4397 2840 4397 2841 4397 2752 4398 2841 4398 2753 4398 2753 4399 2841 4399 2842 4399 2753 4400 2842 4400 2754 4400 2754 4401 2842 4401 2843 4401 2754 4402 2843 4402 2755 4402 2755 4403 2843 4403 2844 4403 2755 4404 2844 4404 2756 4404 2756 4405 2844 4405 2845 4405 2756 4406 2845 4406 2742 4406 2742 4407 2845 4407 2846 4407 2742 4408 2846 4408 2741 4408 2741 4409 2846 4409 2847 4409 2741 4410 2847 4410 2740 4410 2740 4411 2847 4411 2848 4411 2740 4412 2848 4412 2739 4412 2739 4413 2848 4413 2849 4413 2739 4414 2849 4414 2738 4414 2738 4415 2849 4415 2850 4415 2738 4416 2850 4416 2737 4416 2737 4417 2850 4417 2851 4417 2737 4418 2851 4418 2736 4418 2736 4419 2851 4419 2852 4419 2736 4420 2852 4420 2735 4420 2735 4421 2852 4421 2853 4421 2735 4422 2853 4422 2854 4422 2735 4423 2854 4423 2734 4423 2734 4424 2854 4424 2855 4424 2734 4425 2855 4425 2733 4425 2733 4426 2855 4426 2856 4426 2733 4427 2856 4427 2732 4427 2732 4428 2856 4428 2857 4428 2732 4429 2857 4429 2858 4429 2732 4430 2858 4430 2731 4430 2731 4431 2858 4431 2859 4431 2731 4432 2859 4432 2812 4432 2797 4433 2796 4433 2798 4433 2782 4434 2781 4434 2783 4434 2783 4435 2781 4435 2780 4435 2783 4436 2780 4436 2784 4436 2784 4437 2780 4437 2779 4437 2784 4438 2779 4438 2785 4438 2785 4439 2779 4439 2778 4439 2785 4440 2778 4440 2786 4440 2786 4441 2778 4441 2777 4441 2786 4442 2777 4442 2787 4442 2787 4443 2777 4443 2776 4443 2787 4444 2776 4444 2788 4444 2788 4445 2776 4445 2773 4445 2788 4446 2773 4446 2775 4446 2775 4447 2773 4447 2772 4447 2775 4448 2772 4448 2774 4448 2774 4449 2772 4449 2789 4449 2774 4450 2789 4450 2790 4450 2790 4451 2789 4451 2803 4451 2790 4452 2803 4452 2791 4452 2791 4453 2803 4453 2802 4453 2791 4454 2802 4454 2792 4454 2792 4455 2802 4455 2801 4455 2792 4456 2801 4456 2793 4456 2793 4457 2801 4457 2800 4457 2793 4458 2800 4458 2794 4458 2794 4459 2800 4459 2799 4459 2794 4460 2799 4460 2795 4460 2795 4461 2799 4461 2798 4461 2795 4462 2798 4462 2796 4462 2860 4463 2846 4463 2861 4463 2861 4464 2846 4464 2845 4464 2861 4465 2845 4465 2862 4465 2862 4466 2845 4466 2844 4466 2862 4467 2844 4467 2863 4467 2863 4468 2844 4468 2843 4468 2863 4469 2843 4469 2864 4469 2864 4470 2843 4470 2842 4470 2864 4471 2842 4471 2865 4471 2865 4472 2842 4472 2841 4472 2865 4473 2841 4473 2866 4473 2866 4474 2841 4474 2840 4474 2866 4475 2840 4475 2867 4475 2867 4476 2840 4476 2839 4476 2867 4477 2839 4477 2868 4477 2868 4478 2839 4478 2838 4478 2868 4479 2838 4479 2869 4479 2869 4480 2838 4480 2837 4480 2869 4481 2837 4481 2870 4481 2870 4482 2837 4482 2807 4482 2870 4483 2807 4483 2871 4483 2871 4484 2807 4484 2806 4484 2871 4485 2806 4485 2872 4485 2872 4486 2806 4486 2836 4486 2872 4487 2836 4487 2873 4487 2873 4488 2836 4488 2809 4488 2873 4489 2809 4489 2874 4489 2874 4490 2809 4490 2808 4490 2874 4491 2808 4491 2875 4491 2875 4492 2808 4492 2811 4492 2875 4493 2811 4493 2876 4493 2876 4494 2811 4494 2810 4494 2876 4495 2810 4495 2877 4495 2877 4496 2810 4496 2804 4496 2877 4497 2804 4497 2878 4497 2878 4498 2804 4498 2805 4498 2878 4499 2805 4499 2879 4499 2879 4500 2805 4500 2815 4500 2879 4501 2815 4501 2880 4501 2880 4502 2815 4502 2816 4502 2880 4503 2816 4503 2881 4503 2881 4504 2816 4504 2817 4504 2881 4505 2817 4505 2882 4505 2882 4506 2817 4506 2818 4506 2882 4507 2818 4507 2883 4507 2883 4508 2818 4508 2819 4508 2883 4509 2819 4509 2884 4509 2884 4510 2819 4510 2820 4510 2884 4511 2820 4511 2885 4511 2885 4512 2820 4512 2821 4512 2885 4513 2821 4513 2886 4513 2886 4514 2821 4514 2822 4514 2886 4515 2822 4515 2887 4515 2887 4516 2822 4516 2823 4516 2887 4517 2823 4517 2888 4517 2888 4518 2823 4518 2824 4518 2888 4519 2824 4519 2889 4519 2889 4520 2824 4520 2825 4520 2889 4521 2825 4521 2890 4521 2890 4522 2825 4522 2826 4522 2890 4523 2826 4523 2891 4523 2891 4524 2826 4524 2827 4524 2891 4525 2827 4525 2892 4525 2892 4526 2827 4526 2828 4526 2892 4527 2828 4527 2893 4527 2893 4528 2828 4528 2829 4528 2893 4529 2829 4529 2894 4529 2894 4530 2829 4530 2830 4530 2894 4531 2830 4531 2895 4531 2895 4532 2830 4532 2831 4532 2895 4533 2831 4533 2896 4533 2896 4534 2831 4534 2832 4534 2896 4535 2832 4535 2897 4535 2897 4536 2832 4536 2833 4536 2897 4537 2833 4537 2898 4537 2898 4538 2833 4538 2834 4538 2898 4539 2834 4539 2899 4539 2899 4540 2834 4540 2835 4540 2899 4541 2835 4541 2900 4541 2900 4542 2835 4542 2814 4542 2900 4543 2814 4543 2901 4543 2901 4544 2814 4544 2813 4544 2901 4545 2813 4545 2902 4545 2902 4546 2813 4546 2812 4546 2902 4547 2812 4547 2903 4547 2903 4548 2812 4548 2859 4548 2903 4549 2859 4549 2904 4549 2904 4550 2859 4550 2858 4550 2904 4551 2858 4551 2905 4551 2905 4552 2858 4552 2857 4552 2905 4553 2857 4553 2906 4553 2906 4554 2857 4554 2856 4554 2906 4555 2856 4555 2907 4555 2907 4556 2856 4556 2855 4556 2907 4557 2855 4557 2908 4557 2908 4558 2855 4558 2854 4558 2908 4559 2854 4559 2909 4559 2909 4560 2854 4560 2853 4560 2909 4561 2853 4561 2910 4561 2910 4562 2853 4562 2852 4562 2910 4563 2852 4563 2911 4563 2911 4564 2852 4564 2851 4564 2911 4565 2851 4565 2912 4565 2912 4566 2851 4566 2850 4566 2912 4567 2850 4567 2913 4567 2913 4568 2850 4568 2849 4568 2913 4569 2849 4569 2914 4569 2914 4570 2849 4570 2848 4570 2914 4571 2848 4571 2915 4571 2915 4572 2848 4572 2847 4572 2915 4573 2847 4573 2860 4573 2860 4574 2847 4574 2846 4574 2867 4575 2916 4575 2917 4575 2917 4576 2918 4576 2867 4576 2908 4577 2919 4577 2920 4577 2921 4578 2916 4578 2867 4578 2921 4579 2867 4579 2868 4579 2921 4580 2868 4580 2869 4580 2921 4581 2869 4581 2870 4581 2921 4582 2870 4582 2871 4582 2921 4583 2871 4583 2872 4583 2921 4584 2872 4584 2873 4584 2921 4585 2873 4585 2874 4585 2921 4586 2874 4586 2922 4586 2922 4587 2874 4587 2875 4587 2922 4588 2875 4588 2876 4588 2922 4589 2876 4589 2877 4589 2922 4590 2877 4590 2878 4590 2922 4591 2878 4591 2879 4591 2922 4592 2879 4592 2880 4592 2881 4593 2882 4593 2923 4593 2881 4594 2923 4594 2924 4594 2881 4595 2924 4595 2925 4595 2881 4596 2925 4596 2926 4596 2881 4597 2926 4597 2922 4597 2881 4598 2922 4598 2880 4598 2902 4599 2903 4599 2904 4599 2902 4600 2904 4600 2905 4600 2902 4601 2905 4601 2906 4601 2902 4602 2906 4602 2907 4602 2902 4603 2907 4603 2908 4603 2902 4604 2908 4604 2920 4604 2902 4605 2920 4605 2927 4605 2902 4606 2927 4606 2896 4606 2902 4607 2896 4607 2897 4607 2902 4608 2897 4608 2898 4608 2902 4609 2898 4609 2899 4609 2902 4610 2899 4610 2900 4610 2902 4611 2900 4611 2901 4611 2896 4612 2927 4612 2928 4612 2896 4613 2928 4613 2929 4613 2896 4614 2929 4614 2930 4614 2896 4615 2930 4615 2895 4615 2923 4616 2882 4616 2931 4616 2931 4617 2882 4617 2883 4617 2931 4618 2883 4618 2932 4618 2932 4619 2883 4619 2933 4619 2933 4620 2883 4620 2884 4620 2933 4621 2884 4621 2934 4621 2934 4622 2884 4622 2885 4622 2934 4623 2885 4623 2935 4623 2935 4624 2885 4624 2886 4624 2935 4625 2886 4625 2936 4625 2936 4626 2886 4626 2937 4626 2937 4627 2886 4627 2887 4627 2937 4628 2887 4628 2938 4628 2938 4629 2887 4629 2888 4629 2938 4630 2888 4630 2939 4630 2939 4631 2888 4631 2889 4631 2939 4632 2889 4632 2940 4632 2940 4633 2889 4633 2890 4633 2940 4634 2890 4634 2941 4634 2941 4635 2890 4635 2891 4635 2941 4636 2891 4636 2942 4636 2942 4637 2891 4637 2943 4637 2943 4638 2891 4638 2892 4638 2943 4639 2892 4639 2944 4639 2944 4640 2892 4640 2893 4640 2944 4641 2893 4641 2945 4641 2945 4642 2893 4642 2894 4642 2945 4643 2894 4643 2946 4643 2895 4644 2930 4644 2894 4644 2894 4645 2930 4645 2946 4645 2867 4646 2918 4646 2866 4646 2866 4647 2918 4647 2947 4647 2866 4648 2947 4648 2865 4648 2865 4649 2947 4649 2948 4649 2865 4650 2948 4650 2949 4650 2865 4651 2949 4651 2864 4651 2864 4652 2949 4652 2950 4652 2864 4653 2950 4653 2863 4653 2863 4654 2950 4654 2951 4654 2863 4655 2951 4655 2862 4655 2862 4656 2951 4656 2952 4656 2862 4657 2952 4657 2953 4657 2862 4658 2953 4658 2861 4658 2861 4659 2953 4659 2954 4659 2861 4660 2954 4660 2860 4660 2860 4661 2954 4661 2955 4661 2860 4662 2955 4662 2915 4662 2915 4663 2955 4663 2956 4663 2915 4664 2956 4664 2914 4664 2914 4665 2956 4665 2957 4665 2914 4666 2957 4666 2913 4666 2913 4667 2957 4667 2958 4667 2913 4668 2958 4668 2959 4668 2913 4669 2959 4669 2912 4669 2912 4670 2959 4670 2960 4670 2912 4671 2960 4671 2911 4671 2911 4672 2960 4672 2961 4672 2911 4673 2961 4673 2910 4673 2910 4674 2961 4674 2962 4674 2910 4675 2962 4675 2963 4675 2910 4676 2963 4676 2909 4676 2909 4677 2963 4677 2964 4677 2909 4678 2964 4678 2908 4678 2908 4679 2964 4679 2965 4679 2908 4680 2965 4680 2919 4680 2921 4681 2966 4681 2916 4681 2916 4682 2966 4682 2967 4682 2916 4683 2967 4683 2917 4683 2917 4684 2967 4684 2968 4684 2917 4685 2968 4685 2918 4685 2918 4686 2968 4686 2969 4686 2918 4687 2969 4687 2947 4687 2947 4688 2969 4688 2970 4688 2947 4689 2970 4689 2948 4689 2948 4690 2970 4690 2971 4690 2948 4691 2971 4691 2949 4691 2949 4692 2971 4692 2972 4692 2949 4693 2972 4693 2950 4693 2950 4694 2972 4694 2973 4694 2950 4695 2973 4695 2951 4695 2951 4696 2973 4696 2974 4696 2951 4697 2974 4697 2952 4697 2952 4698 2974 4698 2975 4698 2952 4699 2975 4699 2953 4699 2953 4700 2975 4700 2976 4700 2953 4701 2976 4701 2954 4701 2954 4702 2976 4702 2977 4702 2954 4703 2977 4703 2955 4703 2966 4704 2921 4704 2978 4704 2978 4705 2921 4705 2922 4705 2978 4706 2922 4706 2979 4706 2979 4707 2922 4707 2926 4707 2979 4708 2926 4708 2980 4708 2980 4709 2926 4709 2925 4709 2980 4710 2925 4710 2981 4710 2981 4711 2925 4711 2924 4711 2981 4712 2924 4712 2982 4712 2982 4713 2924 4713 2923 4713 2982 4714 2923 4714 2983 4714 2983 4715 2923 4715 2931 4715 2983 4716 2931 4716 2984 4716 2984 4717 2931 4717 2932 4717 2984 4718 2932 4718 2985 4718 2985 4719 2932 4719 2933 4719 2985 4720 2933 4720 2986 4720 2986 4721 2933 4721 2934 4721 2986 4722 2934 4722 2987 4722 2987 4723 2934 4723 2935 4723 2987 4724 2935 4724 2988 4724 2988 4725 2935 4725 2936 4725 2988 4726 2936 4726 2989 4726 2989 4727 2936 4727 2937 4727 2989 4728 2937 4728 2990 4728 2990 4729 2937 4729 2938 4729 2990 4730 2938 4730 2991 4730 2927 4731 2992 4731 2928 4731 2928 4732 2992 4732 2993 4732 2928 4733 2993 4733 2929 4733 2929 4734 2993 4734 2994 4734 2929 4735 2994 4735 2930 4735 2930 4736 2994 4736 2995 4736 2930 4737 2995 4737 2946 4737 2946 4738 2995 4738 2996 4738 2946 4739 2996 4739 2945 4739 2945 4740 2996 4740 2997 4740 2945 4741 2997 4741 2944 4741 2944 4742 2997 4742 2998 4742 2944 4743 2998 4743 2943 4743 2943 4744 2998 4744 2999 4744 2943 4745 2999 4745 2942 4745 2942 4746 2999 4746 3000 4746 2942 4747 3000 4747 2941 4747 2941 4748 3000 4748 3001 4748 2941 4749 3001 4749 2940 4749 2940 4750 3001 4750 3002 4750 2940 4751 3002 4751 2939 4751 2939 4752 3002 4752 2991 4752 2939 4753 2991 4753 2938 4753 2992 4754 2927 4754 3003 4754 3003 4755 2927 4755 2920 4755 3003 4756 2920 4756 3004 4756 3004 4757 2920 4757 2919 4757 3004 4758 2919 4758 3005 4758 3005 4759 2919 4759 2965 4759 3005 4760 2965 4760 3006 4760 3006 4761 2965 4761 2964 4761 3006 4762 2964 4762 3007 4762 3007 4763 2964 4763 2963 4763 3007 4764 2963 4764 3008 4764 3008 4765 2963 4765 2962 4765 3008 4766 2962 4766 3009 4766 3009 4767 2962 4767 2961 4767 3009 4768 2961 4768 3010 4768 3010 4769 2961 4769 2960 4769 3010 4770 2960 4770 3011 4770 3011 4771 2960 4771 2959 4771 3011 4772 2959 4772 3012 4772 3012 4773 2959 4773 2958 4773 3012 4774 2958 4774 3013 4774 3013 4775 2958 4775 2957 4775 3013 4776 2957 4776 3014 4776 3014 4777 2957 4777 2956 4777 3014 4778 2956 4778 3015 4778 3015 4779 2956 4779 2955 4779 3015 4780 2955 4780 2977 4780 2991 4781 2976 4781 2990 4781 2990 4782 2976 4782 2975 4782 2990 4783 2975 4783 2989 4783 2989 4784 2975 4784 2974 4784 2989 4785 2974 4785 2988 4785 2988 4786 2974 4786 2973 4786 2988 4787 2973 4787 2987 4787 2987 4788 2973 4788 2972 4788 2987 4789 2972 4789 2986 4789 2986 4790 2972 4790 2971 4790 2986 4791 2971 4791 2985 4791 2985 4792 2971 4792 2970 4792 2985 4793 2970 4793 2984 4793 2984 4794 2970 4794 2969 4794 2984 4795 2969 4795 2983 4795 2983 4796 2969 4796 2968 4796 2983 4797 2968 4797 2982 4797 2982 4798 2968 4798 2967 4798 2982 4799 2967 4799 2981 4799 2981 4800 2967 4800 2966 4800 2981 4801 2966 4801 2980 4801 2980 4802 2966 4802 2978 4802 2980 4803 2978 4803 2979 4803 2976 4804 2991 4804 2977 4804 2977 4805 2991 4805 3002 4805 2977 4806 3002 4806 3015 4806 3015 4807 3002 4807 3001 4807 3015 4808 3001 4808 3014 4808 3014 4809 3001 4809 3000 4809 3014 4810 3000 4810 3013 4810 3013 4811 3000 4811 2999 4811 3013 4812 2999 4812 3012 4812 3012 4813 2999 4813 2998 4813 3012 4814 2998 4814 3011 4814 3011 4815 2998 4815 2997 4815 3011 4816 2997 4816 3010 4816 3010 4817 2997 4817 2996 4817 3010 4818 2996 4818 3009 4818 3009 4819 2996 4819 2995 4819 3009 4820 2995 4820 3008 4820 3008 4821 2995 4821 2994 4821 3008 4822 2994 4822 3007 4822 3007 4823 2994 4823 2993 4823 3007 4824 2993 4824 3006 4824 3006 4825 2993 4825 2992 4825 3006 4826 2992 4826 3005 4826 3005 4827 2992 4827 3003 4827 3005 4828 3003 4828 3004 4828 3016 4829 3017 4829 3018 4829 3017 4830 3016 4830 3019 4830 3019 4831 3016 4831 3020 4831 3019 4832 3020 4832 3021 4832 3021 4833 3020 4833 3022 4833 3021 4834 3022 4834 3023 4834 3023 4835 3022 4835 3024 4835 3023 4836 3024 4836 3025 4836 3025 4837 3024 4837 3026 4837 3025 4838 3026 4838 3027 4838 3027 4839 3026 4839 3028 4839 3027 4840 3028 4840 3029 4840 3029 4841 3028 4841 3030 4841 3029 4842 3030 4842 3031 4842 3031 4843 3030 4843 3032 4843 3031 4844 3032 4844 3033 4844 3033 4845 3032 4845 3034 4845 3033 4846 3034 4846 3035 4846 3035 4847 3034 4847 3036 4847 3035 4848 3036 4848 3037 4848 3037 4849 3036 4849 3038 4849 3037 4850 3038 4850 3039 4850 3039 4851 3038 4851 3040 4851 3039 4852 3040 4852 3041 4852 3041 4853 3040 4853 3042 4853 3041 4854 3042 4854 3043 4854 3029 4855 3044 4855 3027 4855 3027 4856 3044 4856 3045 4856 3027 4857 3045 4857 3025 4857 3025 4858 3045 4858 3046 4858 3025 4859 3046 4859 3023 4859 3023 4860 3046 4860 3047 4860 3023 4861 3047 4861 3021 4861 3021 4862 3047 4862 3048 4862 3021 4863 3048 4863 3019 4863 3019 4864 3048 4864 3049 4864 3019 4865 3049 4865 3017 4865 3017 4866 3049 4866 3050 4866 3017 4867 3050 4867 3018 4867 3018 4868 3050 4868 3051 4868 3018 4869 3051 4869 3016 4869 3016 4870 3051 4870 3052 4870 3016 4871 3052 4871 3020 4871 3020 4872 3052 4872 3053 4872 3020 4873 3053 4873 3022 4873 3022 4874 3053 4874 3054 4874 3022 4875 3054 4875 3024 4875 3024 4876 3054 4876 3055 4876 3024 4877 3055 4877 3026 4877 3026 4878 3055 4878 3056 4878 3026 4879 3056 4879 3028 4879 3028 4880 3056 4880 3057 4880 3028 4881 3057 4881 3030 4881 3030 4882 3057 4882 3058 4882 3030 4883 3058 4883 3032 4883 3032 4884 3058 4884 3059 4884 3032 4885 3059 4885 3034 4885 3034 4886 3059 4886 3060 4886 3034 4887 3060 4887 3036 4887 3036 4888 3060 4888 3061 4888 3036 4889 3061 4889 3038 4889 3038 4890 3061 4890 3062 4890 3038 4891 3062 4891 3040 4891 3040 4892 3062 4892 3063 4892 3040 4893 3063 4893 3042 4893 3042 4894 3063 4894 3064 4894 3042 4895 3064 4895 3043 4895 3043 4896 3064 4896 3065 4896 3043 4897 3065 4897 3041 4897 3041 4898 3065 4898 3066 4898 3041 4899 3066 4899 3039 4899 3039 4900 3066 4900 3067 4900 3039 4901 3067 4901 3037 4901 3037 4902 3067 4902 3068 4902 3037 4903 3068 4903 3035 4903 3035 4904 3068 4904 3069 4904 3035 4905 3069 4905 3033 4905 3033 4906 3069 4906 3070 4906 3033 4907 3070 4907 3031 4907 3031 4908 3070 4908 3071 4908 3031 4909 3071 4909 3029 4909 3029 4910 3071 4910 3044 4910 2325 4911 3055 4911 3054 4911 3046 4912 3045 4912 2309 4912 2332 4913 2333 4913 2334 4913 2332 4914 2334 4914 2335 4914 2332 4915 2335 4915 2336 4915 2332 4916 2336 4916 2337 4916 2332 4917 2337 4917 2338 4917 2332 4918 2338 4918 3065 4918 2332 4919 3065 4919 3064 4919 2332 4920 3064 4920 3063 4920 2332 4921 3063 4921 2331 4921 3065 4922 2338 4922 2339 4922 3065 4923 2339 4923 2340 4923 3065 4924 2340 4924 2341 4924 3065 4925 2341 4925 2342 4925 3065 4926 2342 4926 2343 4926 3065 4927 2343 4927 3066 4927 3051 4928 3050 4928 2311 4928 3051 4929 2311 4929 2312 4929 3051 4930 2312 4930 2313 4930 3051 4931 2313 4931 2314 4931 3051 4932 2314 4932 2315 4932 3051 4933 2315 4933 2316 4933 3051 4934 2316 4934 2317 4934 3051 4935 2317 4935 2319 4935 3051 4936 2319 4936 2318 4936 3051 4937 2318 4937 2320 4937 3051 4938 2320 4938 2321 4938 3051 4939 2321 4939 2322 4939 3051 4940 2322 4940 2323 4940 2324 4941 2325 4941 3054 4941 2324 4942 3054 4942 3053 4942 2324 4943 3053 4943 3052 4943 2324 4944 3052 4944 3051 4944 2324 4945 3051 4945 2323 4945 3055 4946 2325 4946 3056 4946 3056 4947 2325 4947 2326 4947 3056 4948 2326 4948 3057 4948 3057 4949 2326 4949 3058 4949 3058 4950 2326 4950 2328 4950 3058 4951 2328 4951 3059 4951 3059 4952 2328 4952 2329 4952 3059 4953 2329 4953 3060 4953 3060 4954 2329 4954 2330 4954 3060 4955 2330 4955 3061 4955 3061 4956 2330 4956 3062 4956 3062 4957 2330 4957 2331 4957 3062 4958 2331 4958 3063 4958 3048 4959 2310 4959 3049 4959 3049 4960 2310 4960 2311 4960 3049 4961 2311 4961 3050 4961 3046 4962 2309 4962 3047 4962 3047 4963 2309 4963 2310 4963 3047 4964 2310 4964 3048 4964 2309 4965 3045 4965 2327 4965 2327 4966 3045 4966 3044 4966 2327 4967 3044 4967 2346 4967 2346 4968 3044 4968 3071 4968 2346 4969 3071 4969 2345 4969 2345 4970 3071 4970 3070 4970 2345 4971 3070 4971 3069 4971 2345 4972 3069 4972 2344 4972 2344 4973 3069 4973 3068 4973 2344 4974 3068 4974 3067 4974 3067 4975 3066 4975 2344 4975 2344 4976 3066 4976 2343 4976 1998 4977 2000 4977 2360 4977 2362 4978 2360 4978 2000 4978 2000 4979 2006 4979 2362 4979 2364 4980 2362 4980 2006 4980 2006 4981 2010 4981 2364 4981 2366 4982 2364 4982 2010 4982 2010 4983 2016 4983 2366 4983 2368 4984 2366 4984 2016 4984 2016 4985 2020 4985 2368 4985 2370 4986 2368 4986 2020 4986 2020 4987 2024 4987 2370 4987 2372 4988 2370 4988 2024 4988 2024 4989 2028 4989 2372 4989 2374 4990 2372 4990 2028 4990 2028 4991 1994 4991 2374 4991 2376 4992 2374 4992 1994 4992 1996 4993 2376 4993 1994 4993 2381 4994 2148 4994 2383 4994 2148 4995 2135 4995 2383 4995 2391 4996 2134 4996 2393 4996 2098 4997 1992 4997 2356 4997 2356 4998 1992 4998 1993 4998 2356 4999 1993 4999 2358 4999 2358 5000 1993 5000 1998 5000 2358 5001 1998 5001 2360 5001 2376 5002 1996 5002 2377 5002 2377 5003 1996 5003 2149 5003 2377 5004 2149 5004 2379 5004 2379 5005 2149 5005 2142 5005 2379 5006 2142 5006 2144 5006 2379 5007 2144 5007 2381 5007 2381 5008 2144 5008 2146 5008 2381 5009 2146 5009 2148 5009 2383 5010 2135 5010 2385 5010 2385 5011 2135 5011 2137 5011 2385 5012 2137 5012 2139 5012 2385 5013 2139 5013 2387 5013 2387 5014 2139 5014 2141 5014 2387 5015 2141 5015 2389 5015 2389 5016 2141 5016 2128 5016 2389 5017 2128 5017 2130 5017 2389 5018 2130 5018 2391 5018 2391 5019 2130 5019 2132 5019 2391 5020 2132 5020 2134 5020 2124 5021 2395 5021 2122 5021 2122 5022 2395 5022 2393 5022 2122 5023 2393 5023 2134 5023 2083 5024 2082 5024 2126 5024 2126 5025 2082 5025 2395 5025 2126 5026 2395 5026 2124 5026 3072 5027 3073 5027 3074 5027 3072 5028 3074 5028 3075 5028 3072 5029 3075 5029 3076 5029 3072 5030 3076 5030 3077 5030 3072 5031 3077 5031 3078 5031 3072 5032 3078 5032 3079 5032 3072 5033 3079 5033 3080 5033 3072 5034 3080 5034 3073 5034 1955 5035 1904 5035 1970 5035 1905 5036 1904 5036 1955 5036 1954 5037 1905 5037 1955 5037 1954 5038 1876 5038 1905 5038 1876 5039 1954 5039 1949 5039 1949 5040 1877 5040 1876 5040 1927 5041 1879 5041 1928 5041 1880 5042 1879 5042 1927 5042 1962 5043 1880 5043 1927 5043 1962 5044 1881 5044 1880 5044 1881 5045 1962 5045 1964 5045 1874 5046 1911 5046 1930 5046 1930 5047 1911 5047 1910 5047 1930 5048 1910 5048 1972 5048 1904 5049 1909 5049 1970 5049 1970 5050 1909 5050 1875 5050 1970 5051 1875 5051 1929 5051 1929 5052 1875 5052 1874 5052 1929 5053 1874 5053 1930 5053 1879 5054 1878 5054 1928 5054 1928 5055 1878 5055 1877 5055 1928 5056 1877 5056 1949 5056 1881 5057 1964 5057 1882 5057 1882 5058 1964 5058 1965 5058 1882 5059 1965 5059 1888 5059 1969 5060 1890 5060 1967 5060 1891 5061 1890 5061 1969 5061 1939 5062 1891 5062 1969 5062 1939 5063 1892 5063 1891 5063 1941 5064 1870 5064 1937 5064 1941 5065 1899 5065 1870 5065 1899 5066 1941 5066 1947 5066 1947 5067 1900 5067 1899 5067 1900 5068 1947 5068 1977 5068 1977 5069 1916 5069 1900 5069 1916 5070 1977 5070 1976 5070 1976 5071 1913 5071 1916 5071 1913 5072 1976 5072 1974 5072 1890 5073 1889 5073 1967 5073 1967 5074 1889 5074 1888 5074 1967 5075 1888 5075 1965 5075 1870 5076 1894 5076 1937 5076 1937 5077 1894 5077 1893 5077 1937 5078 1893 5078 1938 5078 1938 5079 1893 5079 1892 5079 1938 5080 1892 5080 1939 5080 1913 5081 1974 5081 1914 5081 1914 5082 1974 5082 1972 5082 1914 5083 1972 5083 1910 5083 3075 5084 1898 5084 3076 5084 3076 5085 1898 5085 1903 5085 3076 5086 1903 5086 3077 5086 1898 5087 3075 5087 1871 5087 1871 5088 3075 5088 3074 5088 1871 5089 3074 5089 1872 5089 1872 5090 3074 5090 3073 5090 1872 5091 3073 5091 1895 5091 3079 5092 1896 5092 3080 5092 3080 5093 1896 5093 1895 5093 3080 5094 1895 5094 3073 5094 1896 5095 3079 5095 1883 5095 1883 5096 3079 5096 3078 5096 1883 5097 3078 5097 1902 5097 1902 5098 3078 5098 3077 5098 1902 5099 3077 5099 1903 5099 1770 5100 1765 5100 1768 5100 1768 5101 1765 5101 1766 5101 1682 5102 2089 5102 1679 5102 1679 5103 2089 5103 1680 5103 1980 5104 1979 5104 2064 5104 1680 5105 2089 5105 1665 5105 1680 5106 1665 5106 1664 5106 1680 5107 1664 5107 1669 5107 1680 5108 1669 5108 1671 5108 1680 5109 1671 5109 1673 5109 1680 5110 1673 5110 1675 5110 1665 5111 2089 5111 1978 5111 1978 5112 2089 5112 2090 5112 1978 5113 2090 5113 1988 5113 1988 5114 2090 5114 1985 5114 1985 5115 2090 5115 2064 5115 1985 5116 2064 5116 1979 5116 1639 5117 2306 5117 2305 5117 1639 5118 2305 5118 2298 5118 1639 5119 2298 5119 2308 5119 1639 5120 2308 5120 2296 5120 1639 5121 2296 5121 2294 5121 1639 5122 2294 5122 2293 5122 1639 5123 2293 5123 2291 5123 1639 5124 2291 5124 2292 5124 1639 5125 2292 5125 2295 5125 1639 5126 2295 5126 1637 5126 2254 5127 2253 5127 2301 5127 2254 5128 2301 5128 2300 5128 2254 5129 2300 5129 2304 5129 2254 5130 2304 5130 2306 5130 2254 5131 2306 5131 1639 5131 2254 5132 1639 5132 2285 5132 2254 5133 2285 5133 2257 5133 2290 5134 2289 5134 2287 5134 2287 5135 2289 5135 2288 5135 2287 5136 2288 5136 2286 5136 2286 5137 2288 5137 2257 5137 2286 5138 2257 5138 2285 5138 1778 5139 2267 5139 2266 5139 2267 5140 1778 5140 1780 5140 1776 5141 1778 5141 2266 5141 1776 5142 2266 5142 2265 5142 1776 5143 2265 5143 1784 5143 2276 5144 2282 5144 1786 5144 1786 5145 2282 5145 1773 5145 1786 5146 1773 5146 1774 5146 2265 5147 2278 5147 1784 5147 1784 5148 2278 5148 2276 5148 1784 5149 2276 5149 1786 5149 2267 5150 1780 5150 2268 5150 2268 5151 1780 5151 1782 5151 2268 5152 1782 5152 2269 5152 2269 5153 1782 5153 1604 5153 1604 5154 1782 5154 1605 5154 1813 5155 1606 5155 1781 5155 1781 5156 1606 5156 1605 5156 1781 5157 1605 5157 1782 5157 1606 5158 1813 5158 1607 5158 1607 5159 1813 5159 1806 5159 1607 5160 1806 5160 1608 5160 1608 5161 1806 5161 1795 5161 1608 5162 1795 5162 1609 5162 1609 5163 1795 5163 1794 5163 1609 5164 1794 5164 1603 5164 3081 5165 3082 5165 3083 5165 3082 5166 3081 5166 3084 5166 3084 5167 3081 5167 3085 5167 3084 5168 3085 5168 3086 5168 3086 5169 3085 5169 3087 5169 3086 5170 3087 5170 3088 5170 3088 5171 3087 5171 3089 5171 3088 5172 3089 5172 3090 5172 3090 5173 3089 5173 3091 5173 3090 5174 3091 5174 3092 5174 3092 5175 3091 5175 3093 5175 3092 5176 3093 5176 3094 5176 3094 5177 3093 5177 3095 5177 3094 5178 3095 5178 3096 5178 3096 5179 3095 5179 3097 5179 3096 5180 3097 5180 3098 5180 3098 5181 3097 5181 3099 5181 3098 5182 3099 5182 3100 5182 3100 5183 3099 5183 3101 5183 3100 5184 3101 5184 3102 5184 3102 5185 3101 5185 3103 5185 3102 5186 3103 5186 3104 5186 3104 5187 3103 5187 3105 5187 3104 5188 3105 5188 3106 5188 3106 5189 3105 5189 3107 5189 3106 5190 3107 5190 3108 5190 3109 5191 3094 5191 3110 5191 3110 5192 3094 5192 3096 5192 3110 5193 3096 5193 3111 5193 3111 5194 3096 5194 3098 5194 3111 5195 3098 5195 3112 5195 3112 5196 3098 5196 3100 5196 3112 5197 3100 5197 3113 5197 3113 5198 3100 5198 3102 5198 3113 5199 3102 5199 3114 5199 3114 5200 3102 5200 3104 5200 3114 5201 3104 5201 3115 5201 3115 5202 3104 5202 3106 5202 3115 5203 3106 5203 3116 5203 3116 5204 3106 5204 3108 5204 3116 5205 3108 5205 3117 5205 3117 5206 3108 5206 3107 5206 3117 5207 3107 5207 3118 5207 3118 5208 3107 5208 3105 5208 3118 5209 3105 5209 3119 5209 3119 5210 3105 5210 3103 5210 3119 5211 3103 5211 3120 5211 3120 5212 3103 5212 3101 5212 3120 5213 3101 5213 3121 5213 3121 5214 3101 5214 3099 5214 3121 5215 3099 5215 3122 5215 3122 5216 3099 5216 3097 5216 3122 5217 3097 5217 3123 5217 3123 5218 3097 5218 3095 5218 3123 5219 3095 5219 3124 5219 3124 5220 3095 5220 3093 5220 3124 5221 3093 5221 3125 5221 3125 5222 3093 5222 3091 5222 3125 5223 3091 5223 3126 5223 3126 5224 3091 5224 3089 5224 3126 5225 3089 5225 3127 5225 3127 5226 3089 5226 3087 5226 3127 5227 3087 5227 3128 5227 3128 5228 3087 5228 3085 5228 3128 5229 3085 5229 3129 5229 3129 5230 3085 5230 3081 5230 3129 5231 3081 5231 3130 5231 3130 5232 3081 5232 3083 5232 3130 5233 3083 5233 3131 5233 3131 5234 3083 5234 3082 5234 3131 5235 3082 5235 3132 5235 3132 5236 3082 5236 3084 5236 3132 5237 3084 5237 3133 5237 3133 5238 3084 5238 3086 5238 3133 5239 3086 5239 3134 5239 3134 5240 3086 5240 3088 5240 3134 5241 3088 5241 3135 5241 3135 5242 3088 5242 3090 5242 3135 5243 3090 5243 3136 5243 3136 5244 3090 5244 3092 5244 3136 5245 3092 5245 3109 5245 3109 5246 3092 5246 3094 5246 3130 5247 3131 5247 1575 5247 3130 5248 1575 5248 1576 5248 3130 5249 1576 5249 1577 5249 3130 5250 1577 5250 1578 5250 3130 5251 1578 5251 1579 5251 3130 5252 1579 5252 1580 5252 3130 5253 1580 5253 1581 5253 3130 5254 1581 5254 1589 5254 3130 5255 1589 5255 1588 5255 3130 5256 1588 5256 1587 5256 3130 5257 1587 5257 1586 5257 3130 5258 1586 5258 1585 5258 3130 5259 1585 5259 1584 5259 3130 5260 1584 5260 3129 5260 1594 5261 1570 5261 3116 5261 1594 5262 3116 5262 3117 5262 1594 5263 3117 5263 3118 5263 1594 5264 3118 5264 3119 5264 1594 5265 3119 5265 1593 5265 1570 5266 1594 5266 1595 5266 1570 5267 1595 5267 1596 5267 1570 5268 1596 5268 1597 5268 1570 5269 1597 5269 1598 5269 1570 5270 1598 5270 1599 5270 1564 5271 1563 5271 3113 5271 1564 5272 3113 5272 3114 5272 1564 5273 3114 5273 3115 5273 1564 5274 3115 5274 3116 5274 1570 5275 1569 5275 1568 5275 1570 5276 1568 5276 1567 5276 1570 5277 1567 5277 1566 5277 1570 5278 1566 5278 1565 5278 1570 5279 1565 5279 1564 5279 1570 5280 1564 5280 3116 5280 3129 5281 1584 5281 3128 5281 3128 5282 1584 5282 1583 5282 3128 5283 1583 5283 3127 5283 3127 5284 1583 5284 3126 5284 3126 5285 1583 5285 1582 5285 3126 5286 1582 5286 3125 5286 3125 5287 1582 5287 3124 5287 3124 5288 1582 5288 1590 5288 3124 5289 1590 5289 3123 5289 3123 5290 1590 5290 1591 5290 3123 5291 1591 5291 3122 5291 3122 5292 1591 5292 3121 5292 3121 5293 1591 5293 1592 5293 3121 5294 1592 5294 3120 5294 3120 5295 1592 5295 1593 5295 3120 5296 1593 5296 3119 5296 1575 5297 3131 5297 1574 5297 1574 5298 3131 5298 3132 5298 1574 5299 3132 5299 3133 5299 1574 5300 3133 5300 1573 5300 1573 5301 3133 5301 3134 5301 1573 5302 3134 5302 3135 5302 1573 5303 3135 5303 1572 5303 1572 5304 3135 5304 3136 5304 1572 5305 3136 5305 1571 5305 1571 5306 3136 5306 3109 5306 1571 5307 3109 5307 3110 5307 1571 5308 3110 5308 1562 5308 1562 5309 3110 5309 3111 5309 1562 5310 3111 5310 1563 5310 1563 5311 3111 5311 3112 5311 1563 5312 3112 5312 3113 5312 1518 5313 2256 5313 1519 5313 1519 5314 2256 5314 1633 5314 3137 5315 3138 5315 3139 5315 3139 5316 3138 5316 3140 5316 3139 5317 3140 5317 3141 5317 3141 5318 3140 5318 3142 5318 3141 5319 3142 5319 3143 5319 3143 5320 3142 5320 3144 5320 3143 5321 3144 5321 3145 5321 3145 5322 3144 5322 3146 5322 3145 5323 3146 5323 3147 5323 3147 5324 3146 5324 3148 5324 3147 5325 3148 5325 3149 5325 3149 5326 3148 5326 3150 5326 3149 5327 3150 5327 3151 5327 3151 5328 3150 5328 3152 5328 3151 5329 3152 5329 3153 5329 3153 5330 3152 5330 3154 5330 3153 5331 3154 5331 3155 5331 3155 5332 3154 5332 3156 5332 3155 5333 3156 5333 3157 5333 3157 5334 3156 5334 3158 5334 3157 5335 3158 5335 3159 5335 3159 5336 3158 5336 3160 5336 3159 5337 3160 5337 3161 5337 3161 5338 3160 5338 3162 5338 3161 5339 3162 5339 3163 5339 3163 5340 3162 5340 3164 5340 3163 5341 3164 5341 3165 5341 3165 5342 3164 5342 3166 5342 3165 5343 3166 5343 3167 5343 3167 5344 3166 5344 3168 5344 3167 5345 3168 5345 3169 5345 3169 5346 3168 5346 3170 5346 3169 5347 3170 5347 3171 5347 3171 5348 3170 5348 3172 5348 3171 5349 3172 5349 3173 5349 3173 5350 3172 5350 3174 5350 3138 5351 1426 5351 3140 5351 3140 5352 1426 5352 1425 5352 3140 5353 1425 5353 3142 5353 3142 5354 1425 5354 1429 5354 3142 5355 1429 5355 3144 5355 3144 5356 1429 5356 1428 5356 3144 5357 1428 5357 3146 5357 3146 5358 1428 5358 1427 5358 3146 5359 1427 5359 3148 5359 3148 5360 1427 5360 1438 5360 3148 5361 1438 5361 3150 5361 3150 5362 1438 5362 1437 5362 3150 5363 1437 5363 3152 5363 3152 5364 1437 5364 1436 5364 3152 5365 1436 5365 3154 5365 3154 5366 1436 5366 1435 5366 3154 5367 1435 5367 3156 5367 1426 5368 3138 5368 1407 5368 1407 5369 3138 5369 3137 5369 1407 5370 3137 5370 1406 5370 1406 5371 3137 5371 3139 5371 1406 5372 3139 5372 1409 5372 1409 5373 3139 5373 3141 5373 1409 5374 3141 5374 1408 5374 1408 5375 3141 5375 3143 5375 1408 5376 3143 5376 1412 5376 1412 5377 3143 5377 3145 5377 1412 5378 3145 5378 1411 5378 1411 5379 3145 5379 3147 5379 1411 5380 3147 5380 1410 5380 1410 5381 3147 5381 3149 5381 1410 5382 3149 5382 1419 5382 1419 5383 3149 5383 3151 5383 1419 5384 3151 5384 1418 5384 1418 5385 3151 5385 3153 5385 1418 5386 3153 5386 1417 5386 1417 5387 3153 5387 3155 5387 1417 5388 3155 5388 1416 5388 3159 5389 1414 5389 3157 5389 1413 5390 1414 5390 3159 5390 3161 5391 1413 5391 3159 5391 1424 5392 1413 5392 3161 5392 3163 5393 1424 5393 3161 5393 1423 5394 1424 5394 3163 5394 3165 5395 1423 5395 3163 5395 1422 5396 1423 5396 3165 5396 3167 5397 1422 5397 3165 5397 1421 5398 1422 5398 3167 5398 3169 5399 1421 5399 3167 5399 1420 5400 1421 5400 3169 5400 3171 5401 1420 5401 3169 5401 1403 5402 1420 5402 3171 5402 3173 5403 1403 5403 3171 5403 1404 5404 1403 5404 3173 5404 3174 5405 1404 5405 3173 5405 3174 5406 1405 5406 1404 5406 1405 5407 3174 5407 3172 5407 3172 5408 1439 5408 1405 5408 1439 5409 3172 5409 3170 5409 3170 5410 1440 5410 1439 5410 1440 5411 3170 5411 3168 5411 3168 5412 1441 5412 1440 5412 1441 5413 3168 5413 3166 5413 3166 5414 1430 5414 1441 5414 1430 5415 3166 5415 3164 5415 3164 5416 1431 5416 1430 5416 1431 5417 3164 5417 3162 5417 3162 5418 1432 5418 1431 5418 1432 5419 3162 5419 3160 5419 3160 5420 1433 5420 1432 5420 1433 5421 3160 5421 3158 5421 1414 5422 1415 5422 3157 5422 3157 5423 1415 5423 1416 5423 3157 5424 1416 5424 3155 5424 1433 5425 3158 5425 1434 5425 1434 5426 3158 5426 3156 5426 1434 5427 3156 5427 1435 5427 1370 5428 3175 5428 3176 5428 1381 5429 3175 5429 1370 5429 3177 5430 3175 5430 1381 5430 1373 5431 3178 5431 1374 5431 1374 5432 3178 5432 3179 5432 1374 5433 3179 5433 1375 5433 1370 5434 3176 5434 1371 5434 1371 5435 3176 5435 3180 5435 1371 5436 3180 5436 1372 5436 1372 5437 3180 5437 3178 5437 1372 5438 3178 5438 1373 5438 1381 5439 1380 5439 3177 5439 3177 5440 1380 5440 1379 5440 3177 5441 1379 5441 3181 5441 3181 5442 1379 5442 1378 5442 3181 5443 1378 5443 3182 5443 1369 5444 3183 5444 1382 5444 1382 5445 3183 5445 3184 5445 1382 5446 3184 5446 1377 5446 1377 5447 3184 5447 3182 5447 1377 5448 3182 5448 1378 5448 3183 5449 1369 5449 3185 5449 3185 5450 1369 5450 1368 5450 3185 5451 1368 5451 3186 5451 3186 5452 1368 5452 1367 5452 3186 5453 1367 5453 3187 5453 3187 5454 1367 5454 1376 5454 3187 5455 1376 5455 3188 5455 3188 5456 1376 5456 1375 5456 3188 5457 1375 5457 3179 5457 3189 5458 3190 5458 3185 5458 3177 5459 3191 5459 3175 5459 3191 5460 3192 5460 3175 5460 3175 5461 3192 5461 3193 5461 3175 5462 3193 5462 3176 5462 3176 5463 3193 5463 3194 5463 3176 5464 3194 5464 3195 5464 3187 5465 3196 5465 3186 5465 3186 5466 3196 5466 3197 5466 3186 5467 3197 5467 3185 5467 3185 5468 3197 5468 3198 5468 3185 5469 3198 5469 3189 5469 3191 5470 3177 5470 3199 5470 3199 5471 3177 5471 3181 5471 3199 5472 3181 5472 3200 5472 3200 5473 3181 5473 3182 5473 3200 5474 3182 5474 3201 5474 3201 5475 3182 5475 3184 5475 3201 5476 3184 5476 3190 5476 3190 5477 3184 5477 3183 5477 3190 5478 3183 5478 3185 5478 3196 5479 3187 5479 3202 5479 3202 5480 3187 5480 3188 5480 3202 5481 3188 5481 3203 5481 3203 5482 3188 5482 3179 5482 3203 5483 3179 5483 3204 5483 3204 5484 3179 5484 3178 5484 3204 5485 3178 5485 3195 5485 3195 5486 3178 5486 3180 5486 3195 5487 3180 5487 3176 5487 3193 5488 3205 5488 3194 5488 3194 5489 3205 5489 3206 5489 3194 5490 3206 5490 3195 5490 3195 5491 3206 5491 3207 5491 3195 5492 3207 5492 3204 5492 3204 5493 3207 5493 3208 5493 3204 5494 3208 5494 3203 5494 3205 5495 3193 5495 3209 5495 3209 5496 3193 5496 3192 5496 3209 5497 3192 5497 3210 5497 3210 5498 3192 5498 3191 5498 3210 5499 3191 5499 3211 5499 3211 5500 3191 5500 3199 5500 3211 5501 3199 5501 3212 5501 3212 5502 3199 5502 3200 5502 3212 5503 3200 5503 3213 5503 3198 5504 3214 5504 3189 5504 3189 5505 3214 5505 3215 5505 3189 5506 3215 5506 3190 5506 3190 5507 3215 5507 3216 5507 3190 5508 3216 5508 3201 5508 3201 5509 3216 5509 3213 5509 3201 5510 3213 5510 3200 5510 3214 5511 3198 5511 3217 5511 3217 5512 3198 5512 3197 5512 3217 5513 3197 5513 3218 5513 3218 5514 3197 5514 3196 5514 3218 5515 3196 5515 3219 5515 3219 5516 3196 5516 3202 5516 3219 5517 3202 5517 3220 5517 3220 5518 3202 5518 3203 5518 3220 5519 3203 5519 3208 5519 1284 5520 3210 5520 1282 5520 1282 5521 3210 5521 3211 5521 1282 5522 3211 5522 1280 5522 1280 5523 3211 5523 3212 5523 1280 5524 3212 5524 1278 5524 1278 5525 3212 5525 3213 5525 1278 5526 3213 5526 1276 5526 3210 5527 1284 5527 3209 5527 3209 5528 1284 5528 1294 5528 3209 5529 1294 5529 3205 5529 3205 5530 1294 5530 1293 5530 3205 5531 1293 5531 3206 5531 3206 5532 1293 5532 1291 5532 3206 5533 1291 5533 3207 5533 3207 5534 1291 5534 1289 5534 3207 5535 1289 5535 3208 5535 1264 5536 3218 5536 1287 5536 1287 5537 3218 5537 3219 5537 1287 5538 3219 5538 1268 5538 1268 5539 3219 5539 3220 5539 1268 5540 3220 5540 1269 5540 1269 5541 3220 5541 3208 5541 1269 5542 3208 5542 1289 5542 3218 5543 1264 5543 3217 5543 3217 5544 1264 5544 1275 5544 3217 5545 1275 5545 3214 5545 3214 5546 1275 5546 1265 5546 3214 5547 1265 5547 3215 5547 3215 5548 1265 5548 1267 5548 3215 5549 1267 5549 3216 5549 3216 5550 1267 5550 1276 5550 3216 5551 1276 5551 3213 5551 3221 5552 3222 5552 3223 5552 3221 5553 3223 5553 3224 5553 3221 5554 3224 5554 3225 5554 3221 5555 3225 5555 3226 5555 3221 5556 3226 5556 3227 5556 3221 5557 3227 5557 3228 5557 3221 5558 3228 5558 3229 5558 3221 5559 3229 5559 3230 5559 3221 5560 3230 5560 3231 5560 3221 5561 3231 5561 3232 5561 3221 5562 3232 5562 3233 5562 3221 5563 3233 5563 3222 5563 3234 5564 3235 5564 3236 5564 3234 5565 3236 5565 3237 5565 3234 5566 3237 5566 3238 5566 3234 5567 3238 5567 3239 5567 3234 5568 3239 5568 3240 5568 3234 5569 3240 5569 3241 5569 3234 5570 3241 5570 3242 5570 3234 5571 3242 5571 3243 5571 3234 5572 3243 5572 3244 5572 3234 5573 3244 5573 3245 5573 3234 5574 3245 5574 3246 5574 3234 5575 3246 5575 3235 5575 3225 5576 3247 5576 3226 5576 3226 5577 3247 5577 3248 5577 3226 5578 3248 5578 3227 5578 3227 5579 3248 5579 3249 5579 3227 5580 3249 5580 3228 5580 3247 5581 3225 5581 3250 5581 3250 5582 3225 5582 3224 5582 3250 5583 3224 5583 3251 5583 3251 5584 3224 5584 3223 5584 3251 5585 3223 5585 3252 5585 3252 5586 3223 5586 3222 5586 3252 5587 3222 5587 3253 5587 3231 5588 3254 5588 3232 5588 3232 5589 3254 5589 3255 5589 3232 5590 3255 5590 3233 5590 3233 5591 3255 5591 3253 5591 3233 5592 3253 5592 3222 5592 3254 5593 3231 5593 3256 5593 3256 5594 3231 5594 3230 5594 3256 5595 3230 5595 3257 5595 3257 5596 3230 5596 3229 5596 3257 5597 3229 5597 3258 5597 3258 5598 3229 5598 3228 5598 3258 5599 3228 5599 3249 5599 3238 5600 3259 5600 3239 5600 3239 5601 3259 5601 3260 5601 3239 5602 3260 5602 3240 5602 3240 5603 3260 5603 3261 5603 3240 5604 3261 5604 3241 5604 3259 5605 3238 5605 3262 5605 3262 5606 3238 5606 3237 5606 3262 5607 3237 5607 3263 5607 3263 5608 3237 5608 3236 5608 3263 5609 3236 5609 3264 5609 3264 5610 3236 5610 3235 5610 3264 5611 3235 5611 3265 5611 3244 5612 3266 5612 3245 5612 3245 5613 3266 5613 3267 5613 3245 5614 3267 5614 3246 5614 3246 5615 3267 5615 3265 5615 3246 5616 3265 5616 3235 5616 3266 5617 3244 5617 3268 5617 3268 5618 3244 5618 3243 5618 3268 5619 3243 5619 3269 5619 3269 5620 3243 5620 3242 5620 3269 5621 3242 5621 3270 5621 3270 5622 3242 5622 3241 5622 3270 5623 3241 5623 3261 5623 1255 5624 1253 5624 1544 5624 1544 5625 1253 5625 3271 5625 1544 5626 3271 5626 1543 5626 1543 5627 3271 5627 3272 5627 1543 5628 3272 5628 1542 5628 1542 5629 3272 5629 1546 5629 1447 5630 1151 5630 3254 5630 1447 5631 3254 5631 3256 5631 1447 5632 3256 5632 1460 5632 1447 5633 1460 5633 1450 5633 3262 5634 1546 5634 3272 5634 3262 5635 3272 5635 3271 5635 3262 5636 3271 5636 1253 5636 1151 5637 1150 5637 3266 5637 1151 5638 3266 5638 3268 5638 1151 5639 3268 5639 3250 5639 1151 5640 3250 5640 3251 5640 1151 5641 3251 5641 3252 5641 1151 5642 3252 5642 3253 5642 1151 5643 3253 5643 3255 5643 1151 5644 3255 5644 3254 5644 1150 5645 3262 5645 3263 5645 1150 5646 3263 5646 3264 5646 1150 5647 3264 5647 3265 5647 1150 5648 3265 5648 3267 5648 1150 5649 3267 5649 3266 5649 3256 5650 3257 5650 1464 5650 3256 5651 1464 5651 1466 5651 3256 5652 1466 5652 1475 5652 3256 5653 1475 5653 1461 5653 3256 5654 1461 5654 1459 5654 3256 5655 1459 5655 1460 5655 1176 5656 1464 5656 3257 5656 1176 5657 3257 5657 3258 5657 1176 5658 3258 5658 3249 5658 1176 5659 3249 5659 3248 5659 1176 5660 3248 5660 3247 5660 1176 5661 3247 5661 3250 5661 1176 5662 3250 5662 3268 5662 1176 5663 3268 5663 3269 5663 1176 5664 3269 5664 1253 5664 1253 5665 3269 5665 3270 5665 1253 5666 3270 5666 3261 5666 1253 5667 3261 5667 3260 5667 1253 5668 3260 5668 3259 5668 1253 5669 3259 5669 3262 5669 1546 5670 3262 5670 1547 5670 1547 5671 3262 5671 1150 5671 1547 5672 1150 5672 2187 5672 2187 5673 1150 5673 2188 5673 1698 5674 2057 5674 2040 5674 1698 5675 2040 5675 2038 5675 1698 5676 2038 5676 2037 5676 1698 5677 2037 5677 2060 5677 1698 5678 2060 5678 2059 5678 1698 5679 2059 5679 2061 5679 2057 5680 1698 5680 1515 5680 2057 5681 1515 5681 1514 5681 2057 5682 1514 5682 1517 5682 2057 5683 1517 5683 1516 5683 2057 5684 1516 5684 1523 5684 2057 5685 2056 5685 2032 5685 2057 5686 2032 5686 2029 5686 2057 5687 2029 5687 2025 5687 2057 5688 2025 5688 2021 5688 2057 5689 2021 5689 2017 5689 2057 5690 2017 5690 2013 5690 2057 5691 2013 5691 2011 5691 2057 5692 2011 5692 2007 5692 2057 5693 2007 5693 2002 5693 2057 5694 2002 5694 2001 5694 2057 5695 2001 5695 2040 5695 1051 5696 1050 5696 1536 5696 1536 5697 1050 5697 1068 5697 1536 5698 1068 5698 2056 5698 2056 5699 1068 5699 2032 5699 1864 5700 1655 5700 1086 5700 1655 5701 1085 5701 1086 5701 1869 5702 1866 5702 1867 5702 1079 5703 1084 5703 1657 5703 1657 5704 1084 5704 1085 5704 1657 5705 1085 5705 1655 5705 1655 5706 1864 5706 1919 5706 1919 5707 1864 5707 1869 5707 1864 5708 1865 5708 1869 5708 1869 5709 1865 5709 1866 5709 3273 5710 1971 5710 3274 5710 3274 5711 1971 5711 1973 5711 3274 5712 1973 5712 3275 5712 3275 5713 1973 5713 1975 5713 3275 5714 1975 5714 3276 5714 3276 5715 1975 5715 1946 5715 3276 5716 1946 5716 3277 5716 3277 5717 1946 5717 1945 5717 3277 5718 1945 5718 3278 5718 3278 5719 1945 5719 1944 5719 3278 5720 1944 5720 3279 5720 3279 5721 1944 5721 1943 5721 3279 5722 1943 5722 3280 5722 3280 5723 1943 5723 1942 5723 3280 5724 1942 5724 3281 5724 3281 5725 1942 5725 1936 5725 3281 5726 1936 5726 3282 5726 3282 5727 1936 5727 1935 5727 3282 5728 1935 5728 3283 5728 3283 5729 1935 5729 1934 5729 3283 5730 1934 5730 3284 5730 3284 5731 1934 5731 1933 5731 3284 5732 1933 5732 3285 5732 3285 5733 1933 5733 1932 5733 3285 5734 1932 5734 3286 5734 3286 5735 1932 5735 1940 5735 3286 5736 1940 5736 3287 5736 3287 5737 1940 5737 1968 5737 3287 5738 1968 5738 3288 5738 3288 5739 1968 5739 1966 5739 3288 5740 1966 5740 3289 5740 3289 5741 1966 5741 1963 5741 3289 5742 1963 5742 3290 5742 3290 5743 1963 5743 1926 5743 3290 5744 1926 5744 3291 5744 3291 5745 1926 5745 1948 5745 3291 5746 1948 5746 3292 5746 3292 5747 1948 5747 1953 5747 3292 5748 1953 5748 3293 5748 3293 5749 1953 5749 1952 5749 3293 5750 1952 5750 3294 5750 3294 5751 1952 5751 1951 5751 3294 5752 1951 5752 3295 5752 3295 5753 1951 5753 1950 5753 3295 5754 1950 5754 3296 5754 3296 5755 1950 5755 1961 5755 3296 5756 1961 5756 3297 5756 3297 5757 1961 5757 1960 5757 3297 5758 1960 5758 3298 5758 3298 5759 1960 5759 1959 5759 3298 5760 1959 5760 3299 5760 3299 5761 1959 5761 1958 5761 3299 5762 1958 5762 3300 5762 3300 5763 1958 5763 1957 5763 3300 5764 1957 5764 3301 5764 3301 5765 1957 5765 1956 5765 3301 5766 1956 5766 3302 5766 3302 5767 1956 5767 1931 5767 3302 5768 1931 5768 3273 5768 3273 5769 1931 5769 1971 5769 3303 5770 3304 5770 1901 5770 1897 5771 1901 5771 3304 5771 3304 5772 3305 5772 1897 5772 1884 5773 1897 5773 3305 5773 3305 5774 3306 5774 1884 5774 1885 5775 1884 5775 3306 5775 3306 5776 3307 5776 1885 5776 1886 5777 1885 5777 3307 5777 3307 5778 3308 5778 1886 5778 1887 5779 1886 5779 3308 5779 3308 5780 3309 5780 1887 5780 1868 5781 1887 5781 3309 5781 1919 5782 3310 5782 1920 5782 3310 5783 3311 5783 1920 5783 1921 5784 1920 5784 3311 5784 3311 5785 3312 5785 1921 5785 1921 5786 3312 5786 1922 5786 1922 5787 3312 5787 3313 5787 1922 5788 3313 5788 1923 5788 1923 5789 3313 5789 3314 5789 1923 5790 3314 5790 1924 5790 1924 5791 3314 5791 3315 5791 3316 5792 3310 5792 1919 5792 3316 5793 1919 5793 1869 5793 3316 5794 1869 5794 1868 5794 3316 5795 1868 5795 3309 5795 1912 5796 3317 5796 1915 5796 1915 5797 3317 5797 3303 5797 1915 5798 3303 5798 1901 5798 1917 5799 1918 5799 3315 5799 3315 5800 1918 5800 1925 5800 3315 5801 1925 5801 1924 5801 948 5802 3297 5802 3298 5802 1917 5803 3315 5803 3287 5803 1917 5804 3287 5804 3288 5804 1917 5805 3288 5805 3289 5805 1917 5806 3289 5806 3290 5806 1917 5807 3290 5807 1826 5807 1917 5808 1826 5808 1825 5808 1826 5809 3290 5809 3291 5809 1826 5810 3291 5810 3292 5810 1826 5811 3292 5811 3293 5811 1826 5812 3293 5812 947 5812 947 5813 3293 5813 3294 5813 947 5814 3294 5814 3295 5814 947 5815 3295 5815 3296 5815 947 5816 3296 5816 3297 5816 947 5817 3297 5817 948 5817 3309 5818 3308 5818 3316 5818 3316 5819 3308 5819 3280 5819 3316 5820 3280 5820 3310 5820 3310 5821 3280 5821 3281 5821 3310 5822 3281 5822 3311 5822 3311 5823 3281 5823 3282 5823 3311 5824 3282 5824 3283 5824 3287 5825 3315 5825 3286 5825 3286 5826 3315 5826 3314 5826 3286 5827 3314 5827 3285 5827 3285 5828 3314 5828 3313 5828 3285 5829 3313 5829 3284 5829 3284 5830 3313 5830 3312 5830 3284 5831 3312 5831 3283 5831 3283 5832 3312 5832 3311 5832 948 5833 3298 5833 3318 5833 3318 5834 3298 5834 3299 5834 3318 5835 3299 5835 3319 5835 3319 5836 3299 5836 3300 5836 3319 5837 3300 5837 3320 5837 3320 5838 3300 5838 3301 5838 3320 5839 3301 5839 3321 5839 3321 5840 3301 5840 3302 5840 3321 5841 3302 5841 3317 5841 3317 5842 3302 5842 3273 5842 3317 5843 3273 5843 3303 5843 3303 5844 3273 5844 3274 5844 3303 5845 3274 5845 3304 5845 3304 5846 3274 5846 3275 5846 3304 5847 3275 5847 3305 5847 3305 5848 3275 5848 3276 5848 3305 5849 3276 5849 3306 5849 3306 5850 3276 5850 3277 5850 3306 5851 3277 5851 3307 5851 3307 5852 3277 5852 3278 5852 3307 5853 3278 5853 3279 5853 3279 5854 3280 5854 3307 5854 3307 5855 3280 5855 3308 5855 949 5856 948 5856 1908 5856 1908 5857 948 5857 3318 5857 1908 5858 3318 5858 1907 5858 1907 5859 3318 5859 3319 5859 1907 5860 3319 5860 1906 5860 1906 5861 3319 5861 3320 5861 1906 5862 3320 5862 1873 5862 1873 5863 3320 5863 3321 5863 1873 5864 3321 5864 1912 5864 1912 5865 3321 5865 3317 5865 3322 5866 1861 5866 3323 5866 3323 5867 1861 5867 1862 5867 3323 5868 1862 5868 3324 5868 3324 5869 1862 5869 1863 5869 3324 5870 1863 5870 3325 5870 3325 5871 1863 5871 1846 5871 3325 5872 1846 5872 3326 5872 3326 5873 1846 5873 1845 5873 3326 5874 1845 5874 3327 5874 3327 5875 1845 5875 1844 5875 3327 5876 1844 5876 3328 5876 3328 5877 1844 5877 1843 5877 3328 5878 1843 5878 3329 5878 3329 5879 1843 5879 1842 5879 3329 5880 1842 5880 3330 5880 3330 5881 1842 5881 1840 5881 3330 5882 1840 5882 3331 5882 3331 5883 1840 5883 1839 5883 3331 5884 1839 5884 3332 5884 3332 5885 1839 5885 1838 5885 3332 5886 1838 5886 3333 5886 3333 5887 1838 5887 1837 5887 3333 5888 1837 5888 3334 5888 3334 5889 1837 5889 1836 5889 3334 5890 1836 5890 3335 5890 3335 5891 1836 5891 1841 5891 3335 5892 1841 5892 3336 5892 3336 5893 1841 5893 1860 5893 3336 5894 1860 5894 3337 5894 3337 5895 1860 5895 1859 5895 3337 5896 1859 5896 3338 5896 3338 5897 1859 5897 1858 5897 3338 5898 1858 5898 3339 5898 3339 5899 1858 5899 1834 5899 3339 5900 1834 5900 3340 5900 3340 5901 1834 5901 1847 5901 3340 5902 1847 5902 3341 5902 3341 5903 1847 5903 1851 5903 3341 5904 1851 5904 3342 5904 3342 5905 1851 5905 1850 5905 3342 5906 1850 5906 3343 5906 3343 5907 1850 5907 1849 5907 3343 5908 1849 5908 3344 5908 3344 5909 1849 5909 1848 5909 3344 5910 1848 5910 3345 5910 3345 5911 1848 5911 1857 5911 3345 5912 1857 5912 3346 5912 3346 5913 1857 5913 1856 5913 3346 5914 1856 5914 3347 5914 3347 5915 1856 5915 1855 5915 3347 5916 1855 5916 3348 5916 3348 5917 1855 5917 1854 5917 3348 5918 1854 5918 3349 5918 3349 5919 1854 5919 1853 5919 3349 5920 1853 5920 3350 5920 3350 5921 1853 5921 1852 5921 3350 5922 1852 5922 3351 5922 3351 5923 1852 5923 1835 5923 3351 5924 1835 5924 3322 5924 3322 5925 1835 5925 1861 5925 892 5926 1817 5926 1824 5926 892 5927 1824 5927 3350 5927 892 5928 3350 5928 3351 5928 892 5929 3351 5929 3322 5929 892 5930 3322 5930 3323 5930 892 5931 3323 5931 894 5931 1824 5932 933 5932 3347 5932 1824 5933 3347 5933 3348 5933 1824 5934 3348 5934 3349 5934 1824 5935 3349 5935 3350 5935 933 5936 931 5936 3343 5936 933 5937 3343 5937 3344 5937 933 5938 3344 5938 3345 5938 933 5939 3345 5939 3346 5939 933 5940 3346 5940 3347 5940 905 5941 902 5941 907 5941 907 5942 902 5942 3329 5942 907 5943 3329 5943 909 5943 909 5944 3329 5944 3330 5944 909 5945 3330 5945 911 5945 911 5946 3330 5946 3331 5946 911 5947 3331 5947 3332 5947 911 5948 3332 5948 913 5948 913 5949 3332 5949 3333 5949 913 5950 3333 5950 915 5950 915 5951 3333 5951 3334 5951 915 5952 3334 5952 917 5952 917 5953 3334 5953 3335 5953 917 5954 3335 5954 919 5954 919 5955 3335 5955 3336 5955 919 5956 3336 5956 921 5956 921 5957 3336 5957 3337 5957 921 5958 3337 5958 923 5958 923 5959 3337 5959 3338 5959 923 5960 3338 5960 925 5960 925 5961 3338 5961 3339 5961 925 5962 3339 5962 927 5962 927 5963 3339 5963 3340 5963 927 5964 3340 5964 929 5964 929 5965 3340 5965 3341 5965 929 5966 3341 5966 931 5966 931 5967 3341 5967 3342 5967 931 5968 3342 5968 3343 5968 894 5969 3323 5969 896 5969 896 5970 3323 5970 3324 5970 896 5971 3324 5971 898 5971 898 5972 3324 5972 3325 5972 898 5973 3325 5973 900 5973 900 5974 3325 5974 3326 5974 900 5975 3326 5975 901 5975 901 5976 3326 5976 3327 5976 901 5977 3327 5977 3328 5977 3328 5978 3329 5978 901 5978 901 5979 3329 5979 902 5979 1648 5980 1644 5980 1649 5980 1649 5981 1644 5981 1643 5981 1790 5982 1796 5982 1748 5982 1790 5983 1748 5983 1747 5983 1790 5984 1747 5984 1754 5984 1790 5985 1754 5985 1755 5985 1790 5986 1755 5986 1792 5986 1750 5987 1800 5987 1751 5987 1751 5988 1800 5988 1802 5988 1751 5989 1802 5989 3352 5989 1796 5990 1798 5990 1748 5990 1748 5991 1798 5991 1749 5991 1798 5992 1800 5992 1749 5992 1749 5993 1800 5993 1750 5993 1755 5994 1752 5994 1792 5994 1792 5995 1752 5995 1753 5995 1792 5996 1753 5996 1794 5996 3353 5997 3352 5997 3354 5997 3354 5998 3352 5998 1802 5998 1802 5999 1801 5999 3354 5999 1801 6000 1681 6000 3354 6000 1801 6001 1809 6001 1681 6001 1681 6002 1809 6002 1693 6002 1693 6003 1809 6003 1816 6003 1693 6004 1816 6004 1694 6004 1694 6005 1816 6005 1788 6005 1694 6006 1788 6006 1695 6006 1695 6007 1788 6007 1774 6007 1695 6008 1774 6008 1696 6008 1640 6009 1651 6009 1641 6009 1641 6010 1651 6010 1650 6010 1641 6011 1650 6011 1642 6011 1642 6012 1650 6012 1649 6012 1642 6013 1649 6013 1643 6013 1651 6014 1640 6014 1652 6014 1652 6015 1640 6015 3355 6015 1652 6016 3355 6016 3356 6016 3356 6017 3355 6017 3357 6017 3356 6018 3357 6018 3358 6018 3358 6019 3357 6019 3359 6019 3358 6020 3359 6020 3360 6020 3360 6021 3359 6021 3361 6021 3360 6022 3361 6022 3362 6022 1769 6023 1767 6023 878 6023 878 6024 1767 6024 879 6024 3353 6025 884 6025 3352 6025 3352 6026 884 6026 883 6026 3352 6027 883 6027 1751 6027 886 6028 885 6028 1681 6028 1681 6029 885 6029 3354 6029 885 6030 884 6030 3354 6030 3354 6031 884 6031 3353 6031 864 6032 3357 6032 3355 6032 863 6033 3357 6033 864 6033 860 6034 3362 6034 3361 6034 3362 6035 860 6035 859 6035 859 6036 3360 6036 3362 6036 3360 6037 859 6037 858 6037 858 6038 3358 6038 3360 6038 3358 6039 858 6039 857 6039 3356 6040 3358 6040 857 6040 3356 6041 857 6041 856 6041 3356 6042 856 6042 855 6042 3356 6043 855 6043 1652 6043 864 6044 3355 6044 865 6044 865 6045 3355 6045 1640 6045 865 6046 1640 6046 880 6046 860 6047 3361 6047 861 6047 861 6048 3361 6048 3359 6048 861 6049 3359 6049 862 6049 862 6050 3359 6050 3357 6050 862 6051 3357 6051 863 6051 1534 6052 1491 6052 1538 6052 1538 6053 1491 6053 569 6053 551 6054 556 6054 838 6054 1480 6055 838 6055 556 6055 1480 6056 556 6056 565 6056 1480 6057 565 6057 548 6057 1480 6058 548 6058 560 6058 1480 6059 560 6059 562 6059 1480 6060 562 6060 1477 6060 1491 6061 1477 6061 569 6061 569 6062 1477 6062 568 6062 1477 6063 562 6063 568 6063 568 6064 562 6064 547 6064 1177 6065 3363 6065 1178 6065 3364 6066 3363 6066 1177 6066 1172 6067 3364 6067 1177 6067 3365 6068 3366 6068 1180 6068 1180 6069 3366 6069 3367 6069 1180 6070 3367 6070 1181 6070 3368 6071 3369 6071 1179 6071 1179 6072 3369 6072 3365 6072 1179 6073 3365 6073 1180 6073 3363 6074 3370 6074 1178 6074 1178 6075 3370 6075 3368 6075 1178 6076 3368 6076 1179 6076 3364 6077 1172 6077 3371 6077 3371 6078 1172 6078 1171 6078 3371 6079 1171 6079 1252 6079 3367 6080 3372 6080 1181 6080 1181 6081 3372 6081 1182 6081 3373 6082 1192 6082 1191 6082 3373 6083 1191 6083 3374 6083 3375 6084 1200 6084 1188 6084 3375 6085 1188 6085 3376 6085 3376 6086 1188 6086 1187 6086 3376 6087 1187 6087 3377 6087 3378 6088 1184 6088 1183 6088 1213 6089 1193 6089 3379 6089 3379 6090 1193 6090 1192 6090 3379 6091 1192 6091 3373 6091 3374 6092 1191 6092 3380 6092 3380 6093 1191 6093 1190 6093 3380 6094 1190 6094 3381 6094 3381 6095 1190 6095 1189 6095 3381 6096 1189 6096 3382 6096 3382 6097 1189 6097 1201 6097 3382 6098 1201 6098 3383 6098 3383 6099 1201 6099 3384 6099 3384 6100 1201 6100 1202 6100 3384 6101 1202 6101 3385 6101 3385 6102 1202 6102 3386 6102 3386 6103 1202 6103 1203 6103 3386 6104 1203 6104 3387 6104 3387 6105 1203 6105 3388 6105 3388 6106 1203 6106 1199 6106 3388 6107 1199 6107 3389 6107 3389 6108 1199 6108 1200 6108 3389 6109 1200 6109 3375 6109 3377 6110 1187 6110 3390 6110 3390 6111 1187 6111 1186 6111 3390 6112 1186 6112 3391 6112 3391 6113 1186 6113 1185 6113 3391 6114 1185 6114 3392 6114 3392 6115 1185 6115 3393 6115 3393 6116 1185 6116 1184 6116 3393 6117 1184 6117 3378 6117 1182 6118 3372 6118 1183 6118 1183 6119 3372 6119 3394 6119 1183 6120 3394 6120 3378 6120 3395 6121 1277 6121 3396 6121 3396 6122 1277 6122 1266 6122 3396 6123 1266 6123 3397 6123 3397 6124 1266 6124 1263 6124 3397 6125 1263 6125 3398 6125 3398 6126 1263 6126 1262 6126 3398 6127 1262 6127 3399 6127 3399 6128 1262 6128 1274 6128 3399 6129 1274 6129 3400 6129 3400 6130 1274 6130 1273 6130 3400 6131 1273 6131 3401 6131 3401 6132 1273 6132 1272 6132 3401 6133 1272 6133 3402 6133 3402 6134 1272 6134 1271 6134 3402 6135 1271 6135 3403 6135 3403 6136 1271 6136 1270 6136 3403 6137 1270 6137 3404 6137 3404 6138 1270 6138 1288 6138 1290 6139 1292 6139 3405 6139 3406 6140 3405 6140 1292 6140 1292 6141 1295 6141 3406 6141 3407 6142 3406 6142 1295 6142 1295 6143 1296 6143 3407 6143 1285 6144 1283 6144 3408 6144 3409 6145 3408 6145 1283 6145 1283 6146 1281 6146 3409 6146 3410 6147 3409 6147 1281 6147 3404 6148 1288 6148 3411 6148 3411 6149 1288 6149 1290 6149 3411 6150 1290 6150 3405 6150 3407 6151 1296 6151 3412 6151 3412 6152 1296 6152 1286 6152 3412 6153 1286 6153 3413 6153 3413 6154 1286 6154 1285 6154 3413 6155 1285 6155 3408 6155 1277 6156 3395 6156 1279 6156 1279 6157 3395 6157 3410 6157 1279 6158 3410 6158 1281 6158 3365 6159 3369 6159 1259 6159 3376 6160 679 6160 3375 6160 679 6161 3389 6161 3375 6161 587 6162 3383 6162 3384 6162 1245 6163 3380 6163 1250 6163 1220 6164 3414 6164 3373 6164 1254 6165 1259 6165 3369 6165 1254 6166 3369 6166 3368 6166 1254 6167 3368 6167 3370 6167 1254 6168 3370 6168 3363 6168 1254 6169 3363 6169 3364 6169 1254 6170 3364 6170 3371 6170 1254 6171 3371 6171 1252 6171 675 6172 679 6172 3376 6172 675 6173 3376 6173 3377 6173 675 6174 3377 6174 3390 6174 675 6175 3390 6175 3391 6175 675 6176 3391 6176 3392 6176 675 6177 3392 6177 676 6177 681 6178 587 6178 3384 6178 681 6179 3384 6179 3385 6179 681 6180 3385 6180 3386 6180 681 6181 3386 6181 3387 6181 681 6182 3387 6182 3388 6182 681 6183 3388 6183 3389 6183 681 6184 3389 6184 679 6184 3365 6185 1259 6185 3366 6185 3366 6186 1259 6186 1261 6186 3366 6187 1261 6187 1256 6187 3366 6188 1256 6188 3367 6188 3367 6189 1256 6189 1260 6189 3367 6190 1260 6190 3372 6190 3372 6191 1260 6191 706 6191 3372 6192 706 6192 3394 6192 3392 6193 3393 6193 676 6193 676 6194 3393 6194 3378 6194 676 6195 3378 6195 706 6195 706 6196 3378 6196 3394 6196 1250 6197 3380 6197 584 6197 584 6198 3380 6198 3381 6198 584 6199 3381 6199 587 6199 587 6200 3381 6200 3382 6200 587 6201 3382 6201 3383 6201 1220 6202 1244 6202 1219 6202 1219 6203 1244 6203 1249 6203 3373 6204 3374 6204 1220 6204 1220 6205 3374 6205 3380 6205 1220 6206 3380 6206 1244 6206 1244 6207 3380 6207 1245 6207 3415 6208 1213 6208 3414 6208 3414 6209 1213 6209 3379 6209 3414 6210 3379 6210 3373 6210 3416 6211 1214 6211 3415 6211 3415 6212 1214 6212 1215 6212 3415 6213 1215 6213 1213 6213 1234 6214 1228 6214 3395 6214 1221 6215 1240 6215 3397 6215 1221 6216 3397 6216 3398 6216 1221 6217 3398 6217 3399 6217 1221 6218 3399 6218 1220 6218 3416 6219 3415 6219 3400 6219 3416 6220 3400 6220 3401 6220 3416 6221 3401 6221 3402 6221 3416 6222 3402 6222 3403 6222 3416 6223 3403 6223 3404 6223 3416 6224 3404 6224 3411 6224 3416 6225 3411 6225 97 6225 97 6226 3411 6226 3405 6226 97 6227 3405 6227 3406 6227 97 6228 3406 6228 3407 6228 97 6229 3407 6229 3412 6229 97 6230 3412 6230 98 6230 3409 6231 3410 6231 1232 6231 3409 6232 1232 6232 1227 6232 3409 6233 1227 6233 1225 6233 3409 6234 1225 6234 103 6234 3409 6235 103 6235 3408 6235 3408 6236 103 6236 3413 6236 3413 6237 103 6237 98 6237 3413 6238 98 6238 3412 6238 3415 6239 3414 6239 3400 6239 3400 6240 3414 6240 1220 6240 3400 6241 1220 6241 3399 6241 1240 6242 1238 6242 3397 6242 3397 6243 1238 6243 1236 6243 3397 6244 1236 6244 3396 6244 3396 6245 1236 6245 1234 6245 3396 6246 1234 6246 3395 6246 1232 6247 3410 6247 1230 6247 1230 6248 3410 6248 3395 6248 1230 6249 3395 6249 1228 6249 94 6250 99 6250 95 6250 94 6251 1205 6251 99 6251 97 6252 96 6252 1209 6252 97 6253 1209 6253 1208 6253 97 6254 1208 6254 1211 6254 97 6255 1211 6255 1210 6255 97 6256 1210 6256 1212 6256 97 6257 1212 6257 1214 6257 97 6258 1214 6258 3416 6258 100 6259 1207 6259 96 6259 96 6260 1207 6260 1206 6260 96 6261 1206 6261 1209 6261 99 6262 1205 6262 100 6262 100 6263 1205 6263 1204 6263 100 6264 1204 6264 1207 6264 3417 6265 3418 6265 3419 6265 3419 6266 3418 6266 3420 6266 3419 6267 3420 6267 3421 6267 3421 6268 3420 6268 3422 6268 3421 6269 3422 6269 3423 6269 3423 6270 3422 6270 3424 6270 3423 6271 3424 6271 3425 6271 3425 6272 3424 6272 3426 6272 3425 6273 3426 6273 3427 6273 3427 6274 3426 6274 3428 6274 3427 6275 3428 6275 3429 6275 3429 6276 3428 6276 3430 6276 3429 6277 3430 6277 3431 6277 3431 6278 3430 6278 3432 6278 3431 6279 3432 6279 3433 6279 3433 6280 3432 6280 3434 6280 3435 6281 3436 6281 3437 6281 3436 6282 3435 6282 3438 6282 3438 6283 3435 6283 3439 6283 3438 6284 3439 6284 3440 6284 3440 6285 3439 6285 3441 6285 3440 6286 3441 6286 3442 6286 3442 6287 3441 6287 3443 6287 3442 6288 3443 6288 3444 6288 3444 6289 3443 6289 3445 6289 3444 6290 3445 6290 3446 6290 3446 6291 3445 6291 3447 6291 3446 6292 3447 6292 3448 6292 3448 6293 3447 6293 3449 6293 3448 6294 3449 6294 3450 6294 3450 6295 3449 6295 3451 6295 3450 6296 3451 6296 3452 6296 3452 6297 3451 6297 3453 6297 3452 6298 3453 6298 3454 6298 3454 6299 3453 6299 3455 6299 3454 6300 3455 6300 3456 6300 3456 6301 3455 6301 3457 6301 3456 6302 3457 6302 3458 6302 3458 6303 3457 6303 3459 6303 3458 6304 3459 6304 3460 6304 3460 6305 3459 6305 3461 6305 3460 6306 3461 6306 3462 6306 3462 6307 3461 6307 3463 6307 3462 6308 3463 6308 3464 6308 3464 6309 3463 6309 3465 6309 3464 6310 3465 6310 3466 6310 3425 6311 3467 6311 3423 6311 3423 6312 3467 6312 3468 6312 3423 6313 3468 6313 3421 6313 3421 6314 3468 6314 3469 6314 3421 6315 3469 6315 3419 6315 3419 6316 3469 6316 3470 6316 3419 6317 3470 6317 3417 6317 3417 6318 3470 6318 3471 6318 3417 6319 3471 6319 3418 6319 3418 6320 3471 6320 3472 6320 3418 6321 3472 6321 3420 6321 3420 6322 3472 6322 3473 6322 3420 6323 3473 6323 3422 6323 3422 6324 3473 6324 3474 6324 3422 6325 3474 6325 3424 6325 3424 6326 3474 6326 3475 6326 3424 6327 3475 6327 3426 6327 3426 6328 3475 6328 3476 6328 3426 6329 3476 6329 3428 6329 3428 6330 3476 6330 3477 6330 3428 6331 3477 6331 3430 6331 3430 6332 3477 6332 3478 6332 3430 6333 3478 6333 3432 6333 3432 6334 3478 6334 3479 6334 3432 6335 3479 6335 3434 6335 3434 6336 3479 6336 3480 6336 3434 6337 3480 6337 3433 6337 3433 6338 3480 6338 3481 6338 3433 6339 3481 6339 3431 6339 3431 6340 3481 6340 3482 6340 3431 6341 3482 6341 3429 6341 3429 6342 3482 6342 3483 6342 3429 6343 3483 6343 3427 6343 3427 6344 3483 6344 3484 6344 3427 6345 3484 6345 3425 6345 3425 6346 3484 6346 3467 6346 3466 6347 3485 6347 3464 6347 3464 6348 3485 6348 3486 6348 3464 6349 3486 6349 3462 6349 3462 6350 3486 6350 3487 6350 3462 6351 3487 6351 3460 6351 3460 6352 3487 6352 3488 6352 3460 6353 3488 6353 3458 6353 3458 6354 3488 6354 3489 6354 3458 6355 3489 6355 3456 6355 3456 6356 3489 6356 3490 6356 3456 6357 3490 6357 3454 6357 3454 6358 3490 6358 3491 6358 3454 6359 3491 6359 3452 6359 3452 6360 3491 6360 3492 6360 3452 6361 3492 6361 3450 6361 3485 6362 3466 6362 3493 6362 3493 6363 3466 6363 3465 6363 3493 6364 3465 6364 3494 6364 3494 6365 3465 6365 3463 6365 3494 6366 3463 6366 3495 6366 3495 6367 3463 6367 3461 6367 3495 6368 3461 6368 3496 6368 3496 6369 3461 6369 3459 6369 3496 6370 3459 6370 3497 6370 3497 6371 3459 6371 3457 6371 3497 6372 3457 6372 3498 6372 3498 6373 3457 6373 3455 6373 3498 6374 3455 6374 3499 6374 3499 6375 3455 6375 3453 6375 3499 6376 3453 6376 3500 6376 3500 6377 3453 6377 3451 6377 3500 6378 3451 6378 3501 6378 3437 6379 3502 6379 3435 6379 3435 6380 3502 6380 3503 6380 3435 6381 3503 6381 3439 6381 3439 6382 3503 6382 3504 6382 3439 6383 3504 6383 3441 6383 3441 6384 3504 6384 3505 6384 3441 6385 3505 6385 3443 6385 3443 6386 3505 6386 3506 6386 3443 6387 3506 6387 3445 6387 3445 6388 3506 6388 3507 6388 3445 6389 3507 6389 3447 6389 3447 6390 3507 6390 3508 6390 3447 6391 3508 6391 3449 6391 3449 6392 3508 6392 3501 6392 3449 6393 3501 6393 3451 6393 3502 6394 3437 6394 3509 6394 3509 6395 3437 6395 3436 6395 3509 6396 3436 6396 3510 6396 3510 6397 3436 6397 3438 6397 3510 6398 3438 6398 3511 6398 3511 6399 3438 6399 3440 6399 3511 6400 3440 6400 3512 6400 3512 6401 3440 6401 3442 6401 3512 6402 3442 6402 3513 6402 3513 6403 3442 6403 3444 6403 3513 6404 3444 6404 3514 6404 3514 6405 3444 6405 3446 6405 3514 6406 3446 6406 3515 6406 3515 6407 3446 6407 3448 6407 3515 6408 3448 6408 3516 6408 3516 6409 3448 6409 3450 6409 3516 6410 3450 6410 3492 6410 1164 6411 1097 6411 1165 6411 1164 6412 1094 6412 1097 6412 1162 6413 1159 6413 1137 6413 453 6414 1170 6414 3517 6414 453 6415 3517 6415 717 6415 453 6416 717 6416 658 6416 453 6417 658 6417 439 6417 3517 6418 3518 6418 3519 6418 3517 6419 3519 6419 3520 6419 3517 6420 3520 6420 3521 6420 3517 6421 3521 6421 717 6421 456 6422 447 6422 665 6422 456 6423 665 6423 704 6423 456 6424 704 6424 1142 6424 456 6425 1142 6425 1144 6425 456 6426 1144 6426 1146 6426 456 6427 1146 6427 1158 6427 3522 6428 3517 6428 1170 6428 3522 6429 1170 6429 1169 6429 3522 6430 1169 6430 1168 6430 3522 6431 1168 6431 1167 6431 3522 6432 1167 6432 3523 6432 665 6433 447 6433 666 6433 666 6434 447 6434 445 6434 666 6435 445 6435 720 6435 720 6436 445 6436 444 6436 720 6437 444 6437 663 6437 663 6438 444 6438 442 6438 663 6439 442 6439 661 6439 661 6440 442 6440 440 6440 661 6441 440 6441 658 6441 658 6442 440 6442 439 6442 1162 6443 1137 6443 1155 6443 1155 6444 1137 6444 1139 6444 1155 6445 1139 6445 1163 6445 1163 6446 1139 6446 1141 6446 1163 6447 1141 6447 1149 6447 1137 6448 1159 6448 1148 6448 1148 6449 1159 6449 1161 6449 1148 6450 1161 6450 1156 6450 1158 6451 1146 6451 1156 6451 1156 6452 1146 6452 1148 6452 3523 6453 1167 6453 1097 6453 1097 6454 1167 6454 1166 6454 1097 6455 1166 6455 1165 6455 3524 6456 3525 6456 3526 6456 3526 6457 3525 6457 3527 6457 3526 6458 3527 6458 3528 6458 3528 6459 3527 6459 3529 6459 3528 6460 3529 6460 3530 6460 3530 6461 3529 6461 3531 6461 3530 6462 3531 6462 3532 6462 3532 6463 3531 6463 3533 6463 3532 6464 3533 6464 3534 6464 3534 6465 3533 6465 3535 6465 3534 6466 3535 6466 3536 6466 3536 6467 3535 6467 3537 6467 3536 6468 3537 6468 3538 6468 3538 6469 3537 6469 3539 6469 3538 6470 3539 6470 3540 6470 3540 6471 3539 6471 3541 6471 3540 6472 3541 6472 3542 6472 3542 6473 3541 6473 3543 6473 3542 6474 3543 6474 3544 6474 3544 6475 3543 6475 3545 6475 3544 6476 3545 6476 3546 6476 3546 6477 3545 6477 3547 6477 3546 6478 3547 6478 3548 6478 3548 6479 3547 6479 3549 6479 3548 6480 3549 6480 3550 6480 3550 6481 3549 6481 3551 6481 3550 6482 3551 6482 3552 6482 3552 6483 3551 6483 3553 6483 3552 6484 3553 6484 3554 6484 3554 6485 3553 6485 3555 6485 3554 6486 3555 6486 3556 6486 3556 6487 3555 6487 3557 6487 3556 6488 3557 6488 3558 6488 3558 6489 3557 6489 3559 6489 3558 6490 3559 6490 3560 6490 3560 6491 3559 6491 3561 6491 3560 6492 3561 6492 3562 6492 3562 6493 3561 6493 3563 6493 3562 6494 3563 6494 3564 6494 3564 6495 3563 6495 3565 6495 3566 6496 3567 6496 3568 6496 3569 6497 3570 6497 3571 6497 3571 6498 3570 6498 3572 6498 3571 6499 3572 6499 3573 6499 3573 6500 3572 6500 3574 6500 3573 6501 3574 6501 3575 6501 3575 6502 3574 6502 3576 6502 3575 6503 3576 6503 3577 6503 3577 6504 3576 6504 3568 6504 3577 6505 3568 6505 3567 6505 3578 6506 3579 6506 3580 6506 3580 6507 3579 6507 3481 6507 3580 6508 3481 6508 3581 6508 3581 6509 3481 6509 3480 6509 3581 6510 3480 6510 3582 6510 3582 6511 3480 6511 3583 6511 3584 6512 3585 6512 3471 6512 3471 6513 3585 6513 3586 6513 3471 6514 3586 6514 3472 6514 3472 6515 3586 6515 3587 6515 3472 6516 3587 6516 3588 6516 3588 6517 3587 6517 3589 6517 3472 6518 3588 6518 3473 6518 3473 6519 3588 6519 3590 6519 3473 6520 3590 6520 3474 6520 3474 6521 3590 6521 3475 6521 3475 6522 3590 6522 3591 6522 3475 6523 3591 6523 3476 6523 3476 6524 3591 6524 3592 6524 3476 6525 3592 6525 3477 6525 3477 6526 3592 6526 3593 6526 3477 6527 3593 6527 3478 6527 3478 6528 3593 6528 3594 6528 3478 6529 3594 6529 3479 6529 3479 6530 3594 6530 3583 6530 3479 6531 3583 6531 3480 6531 3584 6532 3471 6532 3595 6532 3595 6533 3471 6533 3470 6533 3595 6534 3470 6534 3469 6534 3595 6535 3469 6535 3596 6535 3596 6536 3469 6536 3468 6536 3596 6537 3468 6537 3597 6537 3597 6538 3468 6538 3467 6538 3597 6539 3467 6539 3598 6539 3598 6540 3467 6540 3484 6540 3598 6541 3484 6541 3599 6541 3599 6542 3484 6542 3483 6542 3599 6543 3483 6543 3579 6543 3579 6544 3483 6544 3482 6544 3579 6545 3482 6545 3481 6545 3600 6546 3493 6546 3494 6546 3601 6547 3485 6547 3493 6547 3509 6548 3510 6548 3602 6548 3509 6549 3602 6549 3603 6549 3509 6550 3603 6550 3604 6550 3509 6551 3604 6551 3605 6551 3509 6552 3605 6552 3606 6552 3509 6553 3606 6553 3607 6553 3509 6554 3607 6554 3608 6554 3509 6555 3608 6555 3609 6555 3509 6556 3609 6556 3610 6556 3509 6557 3610 6557 3502 6557 3611 6558 3612 6558 3613 6558 3611 6559 3613 6559 3614 6559 3611 6560 3614 6560 3601 6560 3611 6561 3601 6561 3493 6561 3611 6562 3493 6562 3600 6562 3611 6563 3600 6563 3615 6563 3611 6564 3615 6564 3616 6564 3611 6565 3616 6565 3617 6565 3502 6566 3610 6566 3503 6566 3503 6567 3610 6567 3618 6567 3503 6568 3618 6568 3504 6568 3504 6569 3618 6569 3505 6569 3505 6570 3618 6570 3619 6570 3505 6571 3619 6571 3506 6571 3506 6572 3619 6572 3620 6572 3506 6573 3620 6573 3507 6573 3507 6574 3620 6574 3508 6574 3508 6575 3620 6575 3621 6575 3508 6576 3621 6576 3501 6576 3501 6577 3621 6577 3622 6577 3501 6578 3622 6578 3500 6578 3500 6579 3622 6579 3623 6579 3500 6580 3623 6580 3499 6580 3499 6581 3623 6581 3624 6581 3499 6582 3624 6582 3498 6582 3498 6583 3624 6583 3625 6583 3498 6584 3625 6584 3497 6584 3497 6585 3625 6585 3496 6585 3496 6586 3625 6586 3626 6586 3496 6587 3626 6587 3495 6587 3495 6588 3626 6588 3600 6588 3495 6589 3600 6589 3494 6589 3602 6590 3510 6590 3627 6590 3627 6591 3510 6591 3511 6591 3627 6592 3511 6592 3512 6592 3627 6593 3512 6593 3628 6593 3628 6594 3512 6594 3513 6594 3628 6595 3513 6595 3629 6595 3629 6596 3513 6596 3514 6596 3629 6597 3514 6597 3515 6597 3629 6598 3515 6598 3630 6598 3630 6599 3515 6599 3516 6599 3630 6600 3516 6600 3631 6600 3631 6601 3516 6601 3492 6601 3631 6602 3492 6602 3632 6602 3632 6603 3492 6603 3491 6603 3632 6604 3491 6604 3633 6604 3633 6605 3491 6605 3490 6605 3633 6606 3490 6606 3634 6606 3634 6607 3490 6607 3489 6607 3634 6608 3489 6608 3488 6608 3634 6609 3488 6609 3635 6609 3635 6610 3488 6610 3487 6610 3635 6611 3487 6611 3601 6611 3601 6612 3487 6612 3486 6612 3601 6613 3486 6613 3485 6613 3636 6614 3637 6614 3522 6614 3520 6615 3638 6615 3521 6615 3521 6616 3638 6616 718 6616 3521 6617 718 6617 717 6617 3518 6618 3639 6618 3519 6618 3519 6619 3639 6619 3638 6619 3519 6620 3638 6620 3520 6620 3522 6621 3637 6621 3517 6621 3517 6622 3637 6622 3639 6622 3517 6623 3639 6623 3518 6623 3522 6624 3523 6624 3636 6624 3636 6625 3523 6625 1097 6625 3636 6626 1097 6626 1096 6626 3525 6627 3640 6627 3527 6627 3527 6628 3640 6628 3641 6628 3527 6629 3641 6629 3529 6629 3529 6630 3641 6630 3642 6630 3529 6631 3642 6631 3531 6631 3531 6632 3642 6632 3643 6632 3531 6633 3643 6633 3533 6633 3533 6634 3643 6634 3644 6634 3533 6635 3644 6635 3535 6635 3535 6636 3644 6636 3645 6636 3535 6637 3645 6637 3537 6637 3537 6638 3645 6638 3646 6638 3537 6639 3646 6639 3539 6639 3539 6640 3646 6640 3647 6640 3539 6641 3647 6641 3541 6641 3541 6642 3647 6642 3648 6642 3541 6643 3648 6643 3543 6643 3543 6644 3648 6644 3649 6644 3543 6645 3649 6645 3545 6645 3640 6646 3525 6646 3650 6646 3650 6647 3525 6647 3524 6647 3650 6648 3524 6648 3651 6648 3651 6649 3524 6649 3526 6649 3651 6650 3526 6650 3652 6650 3652 6651 3526 6651 3528 6651 3652 6652 3528 6652 3653 6652 3653 6653 3528 6653 3530 6653 3653 6654 3530 6654 3654 6654 3654 6655 3530 6655 3532 6655 3654 6656 3532 6656 3655 6656 3655 6657 3532 6657 3534 6657 3655 6658 3534 6658 3656 6658 3656 6659 3534 6659 3536 6659 3656 6660 3536 6660 3657 6660 3657 6661 3536 6661 3538 6661 3657 6662 3538 6662 3658 6662 3658 6663 3538 6663 3540 6663 3658 6664 3540 6664 3659 6664 3659 6665 3540 6665 3542 6665 3659 6666 3542 6666 3660 6666 3660 6667 3542 6667 3544 6667 3660 6668 3544 6668 3661 6668 3564 6669 3662 6669 3562 6669 3562 6670 3662 6670 3663 6670 3562 6671 3663 6671 3560 6671 3560 6672 3663 6672 3664 6672 3560 6673 3664 6673 3558 6673 3558 6674 3664 6674 3665 6674 3558 6675 3665 6675 3556 6675 3556 6676 3665 6676 3666 6676 3556 6677 3666 6677 3554 6677 3554 6678 3666 6678 3667 6678 3554 6679 3667 6679 3552 6679 3552 6680 3667 6680 3668 6680 3552 6681 3668 6681 3550 6681 3550 6682 3668 6682 3669 6682 3550 6683 3669 6683 3548 6683 3548 6684 3669 6684 3670 6684 3548 6685 3670 6685 3546 6685 3546 6686 3670 6686 3661 6686 3546 6687 3661 6687 3544 6687 3662 6688 3564 6688 3671 6688 3671 6689 3564 6689 3565 6689 3671 6690 3565 6690 3672 6690 3672 6691 3565 6691 3563 6691 3672 6692 3563 6692 3673 6692 3673 6693 3563 6693 3561 6693 3673 6694 3561 6694 3674 6694 3674 6695 3561 6695 3559 6695 3674 6696 3559 6696 3675 6696 3675 6697 3559 6697 3557 6697 3675 6698 3557 6698 3676 6698 3676 6699 3557 6699 3555 6699 3676 6700 3555 6700 3677 6700 3677 6701 3555 6701 3553 6701 3677 6702 3553 6702 3678 6702 3678 6703 3553 6703 3551 6703 3678 6704 3551 6704 3679 6704 3679 6705 3551 6705 3549 6705 3679 6706 3549 6706 3680 6706 3680 6707 3549 6707 3547 6707 3680 6708 3547 6708 3681 6708 3681 6709 3547 6709 3545 6709 3681 6710 3545 6710 3649 6710 3566 6711 3682 6711 3567 6711 3567 6712 3682 6712 3683 6712 3567 6713 3683 6713 3577 6713 3577 6714 3683 6714 3684 6714 3577 6715 3684 6715 3575 6715 3682 6716 3566 6716 3685 6716 3685 6717 3566 6717 3568 6717 3685 6718 3568 6718 3686 6718 3686 6719 3568 6719 3576 6719 3686 6720 3576 6720 3687 6720 3687 6721 3576 6721 3574 6721 3687 6722 3574 6722 3688 6722 3569 6723 3689 6723 3570 6723 3570 6724 3689 6724 3690 6724 3570 6725 3690 6725 3572 6725 3572 6726 3690 6726 3688 6726 3572 6727 3688 6727 3574 6727 3689 6728 3569 6728 3691 6728 3691 6729 3569 6729 3571 6729 3691 6730 3571 6730 3692 6730 3692 6731 3571 6731 3573 6731 3692 6732 3573 6732 3693 6732 3693 6733 3573 6733 3575 6733 3693 6734 3575 6734 3684 6734 3597 6735 3694 6735 3596 6735 3596 6736 3694 6736 3695 6736 3596 6737 3695 6737 3595 6737 3595 6738 3695 6738 3696 6738 3595 6739 3696 6739 3584 6739 3584 6740 3696 6740 3697 6740 3584 6741 3697 6741 3585 6741 3585 6742 3697 6742 3698 6742 3585 6743 3698 6743 3586 6743 3586 6744 3698 6744 3699 6744 3586 6745 3699 6745 3587 6745 3587 6746 3699 6746 3700 6746 3587 6747 3700 6747 3589 6747 3589 6748 3700 6748 3701 6748 3589 6749 3701 6749 3588 6749 3588 6750 3701 6750 3702 6750 3588 6751 3702 6751 3590 6751 3590 6752 3702 6752 3703 6752 3590 6753 3703 6753 3591 6753 3591 6754 3703 6754 3704 6754 3591 6755 3704 6755 3592 6755 3592 6756 3704 6756 3705 6756 3592 6757 3705 6757 3593 6757 3593 6758 3705 6758 3706 6758 3593 6759 3706 6759 3594 6759 3594 6760 3706 6760 3707 6760 3594 6761 3707 6761 3583 6761 3583 6762 3707 6762 3708 6762 3583 6763 3708 6763 3582 6763 3582 6764 3708 6764 3709 6764 3582 6765 3709 6765 3581 6765 3581 6766 3709 6766 3710 6766 3581 6767 3710 6767 3580 6767 3580 6768 3710 6768 3711 6768 3580 6769 3711 6769 3578 6769 3578 6770 3711 6770 3712 6770 3578 6771 3712 6771 3579 6771 3579 6772 3712 6772 3713 6772 3579 6773 3713 6773 3599 6773 3599 6774 3713 6774 3714 6774 3599 6775 3714 6775 3598 6775 3598 6776 3714 6776 3715 6776 3598 6777 3715 6777 3597 6777 3597 6778 3715 6778 3694 6778 3631 6779 3716 6779 3630 6779 3630 6780 3716 6780 3717 6780 3630 6781 3717 6781 3629 6781 3629 6782 3717 6782 3718 6782 3629 6783 3718 6783 3628 6783 3628 6784 3718 6784 3719 6784 3628 6785 3719 6785 3627 6785 3627 6786 3719 6786 3720 6786 3627 6787 3720 6787 3602 6787 3602 6788 3720 6788 3721 6788 3602 6789 3721 6789 3603 6789 3603 6790 3721 6790 3722 6790 3603 6791 3722 6791 3604 6791 3604 6792 3722 6792 3723 6792 3604 6793 3723 6793 3605 6793 3605 6794 3723 6794 3724 6794 3605 6795 3724 6795 3606 6795 3606 6796 3724 6796 3725 6796 3606 6797 3725 6797 3607 6797 3607 6798 3725 6798 3726 6798 3607 6799 3726 6799 3608 6799 3608 6800 3726 6800 3727 6800 3608 6801 3727 6801 3609 6801 3609 6802 3727 6802 3728 6802 3609 6803 3728 6803 3610 6803 3610 6804 3728 6804 3729 6804 3610 6805 3729 6805 3618 6805 3618 6806 3729 6806 3730 6806 3618 6807 3730 6807 3619 6807 3619 6808 3730 6808 3731 6808 3619 6809 3731 6809 3620 6809 3620 6810 3731 6810 3732 6810 3620 6811 3732 6811 3621 6811 3621 6812 3732 6812 3733 6812 3621 6813 3733 6813 3622 6813 3622 6814 3733 6814 3734 6814 3622 6815 3734 6815 3623 6815 3623 6816 3734 6816 3735 6816 3623 6817 3735 6817 3624 6817 3624 6818 3735 6818 3736 6818 3624 6819 3736 6819 3625 6819 3625 6820 3736 6820 3737 6820 3625 6821 3737 6821 3626 6821 3626 6822 3737 6822 3738 6822 3626 6823 3738 6823 3600 6823 3600 6824 3738 6824 3739 6824 3600 6825 3739 6825 3615 6825 3615 6826 3739 6826 3740 6826 3615 6827 3740 6827 3616 6827 3616 6828 3740 6828 3741 6828 3616 6829 3741 6829 3617 6829 3617 6830 3741 6830 3742 6830 3617 6831 3742 6831 3611 6831 3611 6832 3742 6832 3743 6832 3611 6833 3743 6833 3612 6833 3612 6834 3743 6834 3744 6834 3612 6835 3744 6835 3613 6835 3613 6836 3744 6836 3745 6836 3613 6837 3745 6837 3614 6837 3614 6838 3745 6838 3746 6838 3614 6839 3746 6839 3601 6839 3601 6840 3746 6840 3747 6840 3601 6841 3747 6841 3635 6841 3635 6842 3747 6842 3748 6842 3635 6843 3748 6843 3634 6843 3634 6844 3748 6844 3749 6844 3634 6845 3749 6845 3633 6845 3633 6846 3749 6846 3750 6846 3633 6847 3750 6847 3632 6847 3632 6848 3750 6848 3751 6848 3632 6849 3751 6849 3631 6849 3631 6850 3751 6850 3716 6850 3752 6851 3753 6851 3754 6851 3754 6852 3753 6852 3755 6852 3754 6853 3755 6853 3756 6853 3756 6854 3755 6854 3757 6854 3756 6855 3757 6855 3758 6855 3758 6856 3757 6856 3759 6856 3758 6857 3759 6857 3760 6857 3760 6858 3759 6858 3761 6858 3760 6859 3761 6859 3762 6859 3762 6860 3761 6860 3763 6860 3762 6861 3763 6861 3764 6861 3764 6862 3763 6862 3765 6862 3766 6863 3767 6863 3765 6863 3765 6864 3767 6864 3764 6864 3767 6865 3766 6865 3768 6865 3768 6866 3766 6866 3769 6866 3768 6867 3769 6867 3770 6867 3770 6868 3769 6868 3771 6868 3770 6869 3771 6869 3772 6869 3772 6870 3771 6870 3773 6870 3772 6871 3773 6871 3774 6871 3774 6872 3773 6872 3775 6872 3774 6873 3775 6873 3776 6873 3776 6874 3775 6874 3777 6874 3776 6875 3777 6875 1106 6875 1106 6876 3777 6876 1109 6876 3753 6877 3752 6877 3778 6877 3778 6878 3752 6878 3779 6878 3780 6879 3781 6879 3782 6879 3780 6880 3782 6880 3783 6880 3780 6881 3783 6881 3784 6881 3780 6882 3784 6882 3785 6882 3780 6883 3785 6883 3786 6883 3780 6884 3786 6884 3787 6884 3780 6885 3787 6885 3788 6885 3780 6886 3788 6886 3789 6886 3780 6887 3789 6887 3790 6887 3780 6888 3790 6888 3791 6888 3780 6889 3791 6889 3792 6889 3780 6890 3792 6890 3781 6890 3793 6891 3794 6891 3795 6891 3793 6892 3795 6892 3796 6892 3793 6893 3796 6893 3797 6893 3793 6894 3797 6894 3798 6894 3793 6895 3798 6895 3799 6895 3793 6896 3799 6896 3800 6896 3793 6897 3800 6897 3801 6897 3793 6898 3801 6898 3802 6898 3793 6899 3802 6899 3803 6899 3793 6900 3803 6900 3804 6900 3793 6901 3804 6901 3805 6901 3793 6902 3805 6902 3794 6902 1096 6903 3806 6903 3636 6903 1096 6904 3807 6904 3806 6904 718 6905 3638 6905 719 6905 719 6906 3638 6906 3808 6906 3639 6907 3809 6907 3808 6907 3639 6908 3808 6908 3638 6908 3637 6909 3810 6909 3811 6909 3637 6910 3811 6910 3639 6910 3639 6911 3811 6911 3809 6911 3636 6912 3806 6912 3810 6912 3636 6913 3810 6913 3637 6913 688 6914 692 6914 3812 6914 688 6915 3812 6915 3813 6915 688 6916 3813 6916 1098 6916 3807 6917 3814 6917 3806 6917 3806 6918 3814 6918 3815 6918 3806 6919 3815 6919 3810 6919 3810 6920 3815 6920 3816 6920 3810 6921 3816 6921 3811 6921 3811 6922 3816 6922 3813 6922 3811 6923 3813 6923 3809 6923 3809 6924 3813 6924 3812 6924 3809 6925 3812 6925 3808 6925 3808 6926 3812 6926 692 6926 3808 6927 692 6927 719 6927 3814 6928 1102 6928 3815 6928 3815 6929 1102 6929 1101 6929 3815 6930 1101 6930 3816 6930 3816 6931 1101 6931 1100 6931 3816 6932 1100 6932 3813 6932 3813 6933 1100 6933 1098 6933 478 6934 1042 6934 3817 6934 1044 6935 652 6935 3818 6935 1044 6936 3818 6936 1042 6936 3817 6937 654 6937 3819 6937 650 6938 652 6938 1044 6938 687 6939 3819 6939 654 6939 653 6940 3818 6940 652 6940 687 6941 1099 6941 3819 6941 3819 6942 1099 6942 3820 6942 3819 6943 3820 6943 3817 6943 3817 6944 3820 6944 3821 6944 3817 6945 3821 6945 478 6945 653 6946 654 6946 3818 6946 3818 6947 654 6947 3817 6947 3818 6948 3817 6948 1042 6948 3822 6949 3823 6949 3824 6949 3824 6950 3823 6950 3825 6950 3824 6951 3825 6951 3826 6951 3826 6952 3825 6952 3827 6952 3826 6953 3827 6953 3828 6953 3828 6954 3827 6954 3829 6954 3828 6955 3829 6955 3830 6955 3830 6956 3829 6956 3831 6956 3830 6957 3831 6957 3832 6957 3832 6958 3831 6958 3833 6958 3832 6959 3833 6959 3779 6959 3779 6960 3833 6960 3778 6960 3646 6961 3645 6961 3691 6961 3640 6962 3650 6962 3685 6962 3690 6963 3642 6963 3688 6963 3645 6964 3644 6964 3691 6964 3647 6965 3691 6965 3648 6965 3646 6966 3691 6966 3647 6966 3822 6967 3779 6967 3671 6967 3822 6968 3671 6968 3672 6968 3822 6969 3672 6969 3673 6969 3764 6970 3767 6970 3685 6970 3764 6971 3685 6971 3650 6971 3764 6972 3650 6972 3651 6972 3764 6973 3651 6973 3754 6973 1106 6974 1105 6974 3684 6974 1106 6975 3684 6975 3683 6975 1106 6976 3683 6976 3682 6976 1106 6977 3682 6977 3685 6977 1106 6978 3685 6978 3776 6978 3754 6979 3756 6979 3758 6979 3754 6980 3758 6980 3760 6980 3754 6981 3760 6981 3762 6981 3754 6982 3762 6982 3764 6982 3779 6983 3822 6983 3824 6983 3779 6984 3824 6984 3826 6984 3779 6985 3826 6985 3828 6985 3779 6986 3828 6986 3830 6986 3779 6987 3830 6987 3832 6987 1121 6988 3822 6988 3673 6988 1121 6989 3673 6989 3674 6989 1121 6990 3674 6990 3675 6990 1121 6991 3675 6991 3676 6991 1121 6992 3676 6992 3677 6992 1121 6993 3677 6993 3678 6993 1121 6994 3678 6994 3679 6994 3679 6995 1105 6995 1111 6995 3679 6996 1111 6996 1113 6996 3679 6997 1113 6997 1115 6997 3679 6998 1115 6998 1117 6998 3679 6999 1117 6999 1119 6999 3679 7000 1119 7000 1121 7000 3779 7001 3660 7001 3661 7001 3779 7002 3661 7002 3670 7002 3779 7003 3670 7003 3669 7003 3779 7004 3669 7004 3668 7004 3779 7005 3668 7005 3667 7005 3779 7006 3667 7006 3666 7006 3779 7007 3666 7007 3665 7007 3779 7008 3665 7008 3664 7008 3779 7009 3664 7009 3663 7009 3779 7010 3663 7010 3662 7010 3779 7011 3662 7011 3671 7011 3752 7012 3754 7012 3651 7012 3752 7013 3651 7013 3652 7013 3752 7014 3652 7014 3653 7014 3752 7015 3653 7015 3654 7015 3752 7016 3654 7016 3655 7016 3752 7017 3655 7017 3656 7017 3752 7018 3656 7018 3657 7018 3752 7019 3657 7019 3658 7019 3752 7020 3658 7020 3659 7020 3752 7021 3659 7021 3660 7021 3752 7022 3660 7022 3779 7022 3641 7023 3640 7023 3685 7023 3641 7024 3685 7024 3686 7024 3641 7025 3686 7025 3687 7025 3641 7026 3687 7026 3688 7026 3641 7027 3688 7027 3642 7027 3643 7028 3642 7028 3690 7028 3643 7029 3690 7029 3689 7029 3643 7030 3689 7030 3691 7030 3643 7031 3691 7031 3644 7031 3685 7032 3767 7032 3768 7032 3685 7033 3768 7033 3770 7033 3685 7034 3770 7034 3772 7034 3685 7035 3772 7035 3774 7035 3685 7036 3774 7036 3776 7036 1105 7037 3679 7037 3680 7037 1105 7038 3680 7038 3681 7038 1105 7039 3681 7039 3649 7039 1105 7040 3649 7040 3648 7040 1105 7041 3648 7041 3691 7041 1105 7042 3691 7042 3692 7042 1105 7043 3692 7043 3693 7043 1105 7044 3693 7044 3684 7044 3834 7045 1122 7045 3835 7045 3835 7046 1122 7046 1120 7046 3835 7047 1120 7047 3836 7047 3836 7048 1120 7048 1118 7048 3836 7049 1118 7049 3837 7049 3837 7050 1118 7050 1116 7050 3837 7051 1116 7051 3838 7051 3838 7052 1116 7052 1114 7052 3838 7053 1114 7053 3839 7053 3839 7054 1114 7054 1112 7054 3839 7055 1112 7055 3840 7055 3840 7056 1112 7056 1107 7056 3840 7057 1107 7057 1108 7057 3841 7058 3745 7058 3744 7058 3842 7059 3843 7059 3844 7059 3845 7060 3846 7060 3847 7060 3848 7061 3849 7061 3769 7061 3848 7062 3769 7062 3766 7062 3848 7063 3766 7063 3726 7063 3848 7064 3726 7064 3725 7064 3850 7065 3703 7065 3702 7065 3850 7066 3702 7066 3701 7066 3850 7067 3701 7067 3700 7067 3850 7068 3700 7068 3851 7068 3852 7069 3853 7069 3854 7069 3852 7070 3854 7070 3833 7070 3852 7071 3833 7071 3831 7071 3852 7072 3831 7072 3829 7072 3852 7073 3829 7073 3827 7073 3852 7074 3827 7074 3825 7074 3852 7075 3825 7075 3823 7075 3855 7076 3856 7076 3857 7076 3855 7077 3857 7077 3858 7077 3855 7078 3858 7078 3859 7078 3855 7079 3859 7079 3860 7079 3855 7080 3860 7080 3861 7080 3855 7081 3861 7081 3862 7081 3855 7082 3862 7082 3863 7082 3855 7083 3863 7083 3864 7083 3865 7084 3866 7084 3867 7084 3865 7085 3867 7085 3868 7085 3865 7086 3868 7086 3869 7086 3865 7087 3869 7087 3751 7087 3865 7088 3751 7088 3750 7088 3865 7089 3750 7089 3749 7089 3865 7090 3749 7090 3748 7090 3865 7091 3748 7091 3747 7091 3865 7092 3747 7092 3746 7092 3865 7093 3746 7093 3745 7093 3865 7094 3745 7094 3841 7094 3711 7095 3870 7095 3871 7095 3711 7096 3871 7096 3872 7096 3711 7097 3872 7097 3873 7097 3711 7098 3873 7098 3874 7098 3873 7099 3875 7099 3876 7099 3873 7100 3876 7100 3877 7100 3873 7101 3877 7101 3878 7101 3873 7102 3878 7102 3874 7102 3879 7103 3880 7103 3881 7103 3879 7104 3881 7104 3882 7104 3879 7105 3882 7105 3883 7105 3879 7106 3883 7106 3884 7106 3879 7107 3884 7107 3885 7107 3879 7108 3885 7108 3886 7108 3710 7109 3725 7109 3724 7109 3710 7110 3724 7110 3723 7110 3710 7111 3723 7111 3722 7111 3710 7112 3722 7112 3721 7112 3710 7113 3721 7113 3720 7113 3710 7114 3720 7114 3719 7114 3710 7115 3719 7115 3718 7115 3710 7116 3718 7116 3717 7116 3710 7117 3717 7117 3716 7117 3699 7118 3698 7118 3887 7118 3699 7119 3887 7119 3888 7119 3699 7120 3888 7120 3889 7120 3699 7121 3889 7121 3890 7121 3699 7122 3890 7122 3891 7122 3699 7123 3891 7123 3892 7123 3699 7124 3892 7124 3893 7124 3699 7125 3893 7125 3894 7125 3699 7126 3894 7126 3851 7126 3699 7127 3851 7127 3700 7127 3849 7128 3895 7128 1109 7128 3849 7129 1109 7129 3777 7129 3849 7130 3777 7130 3775 7130 3849 7131 3775 7131 3773 7131 3849 7132 3773 7132 3771 7132 3849 7133 3771 7133 3769 7133 1110 7134 1109 7134 3895 7134 1110 7135 3895 7135 3896 7135 1110 7136 3896 7136 3897 7136 1110 7137 3897 7137 3898 7137 3725 7138 3710 7138 3709 7138 3725 7139 3709 7139 3708 7139 3725 7140 3708 7140 3707 7140 3725 7141 3707 7141 3706 7141 3725 7142 3706 7142 3705 7142 3725 7143 3705 7143 3704 7143 3725 7144 3704 7144 3703 7144 3725 7145 3703 7145 3850 7145 3725 7146 3850 7146 3899 7146 3725 7147 3899 7147 3900 7147 3725 7148 3900 7148 3901 7148 3725 7149 3901 7149 3902 7149 3725 7150 3902 7150 3903 7150 3725 7151 3903 7151 3904 7151 3725 7152 3904 7152 3905 7152 3725 7153 3905 7153 3906 7153 3725 7154 3906 7154 3907 7154 3725 7155 3907 7155 3908 7155 3725 7156 3908 7156 3909 7156 3725 7157 3909 7157 3910 7157 3725 7158 3910 7158 3911 7158 3725 7159 3911 7159 3912 7159 3725 7160 3912 7160 3913 7160 3725 7161 3913 7161 3914 7161 3725 7162 3914 7162 3915 7162 3725 7163 3915 7163 3848 7163 3766 7164 3765 7164 3730 7164 3766 7165 3730 7165 3729 7165 3766 7166 3729 7166 3728 7166 3766 7167 3728 7167 3727 7167 3766 7168 3727 7168 3726 7168 3778 7169 3833 7169 3854 7169 3778 7170 3854 7170 3743 7170 3778 7171 3743 7171 3742 7171 3778 7172 3742 7172 3741 7172 3778 7173 3741 7173 3740 7173 3778 7174 3740 7174 3739 7174 3778 7175 3739 7175 3738 7175 3778 7176 3738 7176 3737 7176 3778 7177 3737 7177 3736 7177 3778 7178 3736 7178 3735 7178 3778 7179 3735 7179 3734 7179 3778 7180 3734 7180 3733 7180 3778 7181 3733 7181 3753 7181 3916 7182 3917 7182 3918 7182 3916 7183 3918 7183 3919 7183 3916 7184 3919 7184 3920 7184 3916 7185 3920 7185 3921 7185 3743 7186 3854 7186 3922 7186 3743 7187 3922 7187 3917 7187 3743 7188 3917 7188 3916 7188 3743 7189 3916 7189 3923 7189 3743 7190 3923 7190 3841 7190 3743 7191 3841 7191 3744 7191 3916 7192 3924 7192 3925 7192 3916 7193 3925 7193 3926 7193 3916 7194 3926 7194 3927 7194 3916 7195 3927 7195 3923 7195 3928 7196 3929 7196 3930 7196 3928 7197 3930 7197 3931 7197 3928 7198 3931 7198 3932 7198 3928 7199 3932 7199 3933 7199 3870 7200 3928 7200 3933 7200 3870 7201 3933 7201 3934 7201 3870 7202 3934 7202 3935 7202 3870 7203 3935 7203 3871 7203 3856 7204 3845 7204 3847 7204 3856 7205 3847 7205 3936 7205 3856 7206 3936 7206 3857 7206 3880 7207 3842 7207 3844 7207 3880 7208 3844 7208 3937 7208 3880 7209 3937 7209 3938 7209 3880 7210 3938 7210 3881 7210 3874 7211 3695 7211 3694 7211 3874 7212 3694 7212 3715 7212 3874 7213 3715 7213 3714 7213 3874 7214 3714 7214 3713 7214 3874 7215 3713 7215 3712 7215 3874 7216 3712 7216 3711 7216 3887 7217 3698 7217 3697 7217 3887 7218 3697 7218 3696 7218 3887 7219 3696 7219 3695 7219 3887 7220 3695 7220 3874 7220 3870 7221 3711 7221 3869 7221 3869 7222 3711 7222 3710 7222 3869 7223 3710 7223 3751 7223 3751 7224 3710 7224 3716 7224 3879 7225 3886 7225 3939 7225 3939 7226 3886 7226 3940 7226 3939 7227 3940 7227 3941 7227 3941 7228 3940 7228 3942 7228 3941 7229 3942 7229 3864 7229 3864 7230 3942 7230 3943 7230 3864 7231 3943 7231 3855 7231 3855 7232 3943 7232 3944 7232 3855 7233 3944 7233 3875 7233 3875 7234 3944 7234 3876 7234 3730 7235 3765 7235 3731 7235 3731 7236 3765 7236 3763 7236 3731 7237 3763 7237 3761 7237 3731 7238 3761 7238 3732 7238 3732 7239 3761 7239 3759 7239 3732 7240 3759 7240 3757 7240 3732 7241 3757 7241 3733 7241 3733 7242 3757 7242 3755 7242 3733 7243 3755 7243 3753 7243 3930 7244 3929 7244 3945 7244 3945 7245 3929 7245 3946 7245 3945 7246 3946 7246 3947 7246 3947 7247 3946 7247 3948 7247 3784 7248 3949 7248 3785 7248 3785 7249 3949 7249 3950 7249 3785 7250 3950 7250 3786 7250 3786 7251 3950 7251 3951 7251 3786 7252 3951 7252 3787 7252 3949 7253 3784 7253 3952 7253 3952 7254 3784 7254 3783 7254 3952 7255 3783 7255 3953 7255 3953 7256 3783 7256 3782 7256 3953 7257 3782 7257 3954 7257 3954 7258 3782 7258 3781 7258 3954 7259 3781 7259 3955 7259 3790 7260 3956 7260 3791 7260 3791 7261 3956 7261 3957 7261 3791 7262 3957 7262 3792 7262 3792 7263 3957 7263 3955 7263 3792 7264 3955 7264 3781 7264 3956 7265 3790 7265 3958 7265 3958 7266 3790 7266 3789 7266 3958 7267 3789 7267 3959 7267 3959 7268 3789 7268 3788 7268 3959 7269 3788 7269 3960 7269 3960 7270 3788 7270 3787 7270 3960 7271 3787 7271 3951 7271 3797 7272 3961 7272 3798 7272 3798 7273 3961 7273 3962 7273 3798 7274 3962 7274 3799 7274 3799 7275 3962 7275 3963 7275 3799 7276 3963 7276 3800 7276 3961 7277 3797 7277 3964 7277 3964 7278 3797 7278 3796 7278 3964 7279 3796 7279 3965 7279 3965 7280 3796 7280 3795 7280 3965 7281 3795 7281 3966 7281 3966 7282 3795 7282 3794 7282 3966 7283 3794 7283 3967 7283 3803 7284 3968 7284 3804 7284 3804 7285 3968 7285 3969 7285 3804 7286 3969 7286 3805 7286 3805 7287 3969 7287 3967 7287 3805 7288 3967 7288 3794 7288 3968 7289 3803 7289 3970 7289 3970 7290 3803 7290 3802 7290 3970 7291 3802 7291 3971 7291 3971 7292 3802 7292 3801 7292 3971 7293 3801 7293 3972 7293 3972 7294 3801 7294 3800 7294 3972 7295 3800 7295 3963 7295 1096 7296 1095 7296 3807 7296 3807 7297 1095 7297 3973 7297 3807 7298 3973 7298 3814 7298 3814 7299 3973 7299 3974 7299 3814 7300 3974 7300 1102 7300 1102 7301 3974 7301 1103 7301 479 7302 478 7302 3975 7302 3975 7303 478 7303 3821 7303 3975 7304 3821 7304 3976 7304 3976 7305 3821 7305 3820 7305 3976 7306 3820 7306 1104 7306 1104 7307 3820 7307 1099 7307 3929 7308 3977 7308 3946 7308 3977 7309 3929 7309 3978 7309 3978 7310 3929 7310 3928 7310 3978 7311 3928 7311 3979 7311 3979 7312 3928 7312 3870 7312 3979 7313 3870 7313 3980 7313 3865 7314 3981 7314 3866 7314 3866 7315 3981 7315 3982 7315 3866 7316 3982 7316 3867 7316 3867 7317 3982 7317 3983 7317 3867 7318 3983 7318 3868 7318 3868 7319 3983 7319 3984 7319 3868 7320 3984 7320 3869 7320 3869 7321 3984 7321 3985 7321 3869 7322 3985 7322 3870 7322 3870 7323 3985 7323 3980 7323 3841 7324 3981 7324 3865 7324 3981 7325 3841 7325 3986 7325 3986 7326 3841 7326 3923 7326 3986 7327 3923 7327 3987 7327 3987 7328 3923 7328 3927 7328 3987 7329 3927 7329 3988 7329 3918 7330 3989 7330 3919 7330 3919 7331 3989 7331 3990 7331 3919 7332 3990 7332 3920 7332 3920 7333 3990 7333 3991 7333 3920 7334 3991 7334 3921 7334 3921 7335 3991 7335 3992 7335 3921 7336 3992 7336 3916 7336 3916 7337 3992 7337 3993 7337 3916 7338 3993 7338 3924 7338 3924 7339 3993 7339 3994 7339 3924 7340 3994 7340 3925 7340 3925 7341 3994 7341 3995 7341 3925 7342 3995 7342 3926 7342 3926 7343 3995 7343 3996 7343 3926 7344 3996 7344 3927 7344 3927 7345 3996 7345 3988 7345 3917 7346 3989 7346 3918 7346 3989 7347 3917 7347 3997 7347 3997 7348 3917 7348 3922 7348 3997 7349 3922 7349 3998 7349 3998 7350 3922 7350 3854 7350 3998 7351 3854 7351 3999 7351 1132 7352 1134 7352 4000 7352 1132 7353 4000 7353 4001 7353 1132 7354 4001 7354 3853 7354 1132 7355 3853 7355 3852 7355 1127 7356 4002 7356 1125 7356 1125 7357 4002 7357 4003 7357 1125 7358 4003 7358 1136 7358 1136 7359 4003 7359 4004 7359 1136 7360 4004 7360 1134 7360 1134 7361 4004 7361 4000 7361 3999 7362 3854 7362 4001 7362 4001 7363 3854 7363 3853 7363 1128 7364 4005 7364 1129 7364 1129 7365 4005 7365 4002 7365 1129 7366 4002 7366 1127 7366 4005 7367 1128 7367 4006 7367 4006 7368 1128 7368 1126 7368 4006 7369 1126 7369 4007 7369 4007 7370 1126 7370 1124 7370 4007 7371 1124 7371 4008 7371 4008 7372 1124 7372 4009 7372 4009 7373 1124 7373 1123 7373 4009 7374 1123 7374 4010 7374 4010 7375 1123 7375 1135 7375 4010 7376 1135 7376 4011 7376 4011 7377 1135 7377 1133 7377 4011 7378 1133 7378 4012 7378 4012 7379 1133 7379 1131 7379 4012 7380 1131 7380 4013 7380 4013 7381 1131 7381 1130 7381 3823 7382 3822 7382 3834 7382 3823 7383 3834 7383 1130 7383 3823 7384 1130 7384 1132 7384 3823 7385 1132 7385 3852 7385 1122 7386 3834 7386 1121 7386 1121 7387 3834 7387 3822 7387 4014 7388 4013 7388 3834 7388 3834 7389 4013 7389 1130 7389 3840 7390 4015 7390 3839 7390 3839 7391 4015 7391 4016 7391 3839 7392 4016 7392 3838 7392 3838 7393 4016 7393 4017 7393 3838 7394 4017 7394 3837 7394 3837 7395 4017 7395 4018 7395 3837 7396 4018 7396 3836 7396 3836 7397 4018 7397 4019 7397 3836 7398 4019 7398 3835 7398 3835 7399 4019 7399 4020 7399 3835 7400 4020 7400 3834 7400 3834 7401 4020 7401 4014 7401 1108 7402 1110 7402 3840 7402 3840 7403 1110 7403 4015 7403 1110 7404 3898 7404 4015 7404 4015 7405 3898 7405 4021 7405 3849 7406 4022 7406 3895 7406 3895 7407 4022 7407 4023 7407 3895 7408 4023 7408 3896 7408 3896 7409 4023 7409 4024 7409 3896 7410 4024 7410 3897 7410 3897 7411 4024 7411 4025 7411 3897 7412 4025 7412 3898 7412 3898 7413 4025 7413 4021 7413 4022 7414 3849 7414 4026 7414 4026 7415 3849 7415 3848 7415 3914 7416 4027 7416 3915 7416 3915 7417 4027 7417 4028 7417 3915 7418 4028 7418 3848 7418 3848 7419 4028 7419 4026 7419 3909 7420 4029 7420 3910 7420 3910 7421 4029 7421 4030 7421 3910 7422 4030 7422 3911 7422 3911 7423 4030 7423 4031 7423 3911 7424 4031 7424 3912 7424 3912 7425 4031 7425 4032 7425 3912 7426 4032 7426 3913 7426 3913 7427 4032 7427 4033 7427 3913 7428 4033 7428 3914 7428 3914 7429 4033 7429 4027 7429 3904 7430 4034 7430 3905 7430 3905 7431 4034 7431 4035 7431 3905 7432 4035 7432 3906 7432 3906 7433 4035 7433 4036 7433 3906 7434 4036 7434 3907 7434 3907 7435 4036 7435 4037 7435 3907 7436 4037 7436 3908 7436 3908 7437 4037 7437 4038 7437 3908 7438 4038 7438 3909 7438 3909 7439 4038 7439 4029 7439 4034 7440 3904 7440 4039 7440 4039 7441 3904 7441 3903 7441 3850 7442 4040 7442 3899 7442 3899 7443 4040 7443 4041 7443 3899 7444 4041 7444 3900 7444 3900 7445 4041 7445 4042 7445 3900 7446 4042 7446 3901 7446 3901 7447 4042 7447 4043 7447 3901 7448 4043 7448 3902 7448 3902 7449 4043 7449 4044 7449 3902 7450 4044 7450 3903 7450 3903 7451 4044 7451 4039 7451 4045 7452 3893 7452 4046 7452 3893 7453 4045 7453 3894 7453 3894 7454 4045 7454 4047 7454 3894 7455 4047 7455 3851 7455 3851 7456 4047 7456 4040 7456 3851 7457 4040 7457 3850 7457 4046 7458 3893 7458 4048 7458 4048 7459 3893 7459 3892 7459 3887 7460 4049 7460 3888 7460 3888 7461 4049 7461 4050 7461 3888 7462 4050 7462 3889 7462 3889 7463 4050 7463 4051 7463 3889 7464 4051 7464 3890 7464 3890 7465 4051 7465 4052 7465 3890 7466 4052 7466 3891 7466 3891 7467 4052 7467 4053 7467 3891 7468 4053 7468 3892 7468 3892 7469 4053 7469 4048 7469 4049 7470 3887 7470 4054 7470 4054 7471 3887 7471 3874 7471 4055 7472 3876 7472 4056 7472 3876 7473 4055 7473 3877 7473 3877 7474 4055 7474 4057 7474 3877 7475 4057 7475 3878 7475 3878 7476 4057 7476 4054 7476 3878 7477 4054 7477 3874 7477 3940 7478 4058 7478 3942 7478 3942 7479 4058 7479 4059 7479 3942 7480 4059 7480 3943 7480 3943 7481 4059 7481 4060 7481 3943 7482 4060 7482 3944 7482 3944 7483 4060 7483 4061 7483 3944 7484 4061 7484 3876 7484 3876 7485 4061 7485 4056 7485 3886 7486 4058 7486 3940 7486 4058 7487 3886 7487 4062 7487 4062 7488 3886 7488 3885 7488 4062 7489 3885 7489 4063 7489 4063 7490 3885 7490 3884 7490 4063 7491 3884 7491 4064 7491 3842 7492 4065 7492 3843 7492 3843 7493 4065 7493 4066 7493 3843 7494 4066 7494 3844 7494 3844 7495 4066 7495 4067 7495 3844 7496 4067 7496 3937 7496 3937 7497 4067 7497 4068 7497 3937 7498 4068 7498 3938 7498 3938 7499 4068 7499 4069 7499 3938 7500 4069 7500 3881 7500 3881 7501 4069 7501 4070 7501 3881 7502 4070 7502 3882 7502 3882 7503 4070 7503 4071 7503 3882 7504 4071 7504 3883 7504 3883 7505 4071 7505 4072 7505 3883 7506 4072 7506 3884 7506 3884 7507 4072 7507 4064 7507 3880 7508 4065 7508 3842 7508 4065 7509 3880 7509 4073 7509 4073 7510 3880 7510 3879 7510 4073 7511 3879 7511 4074 7511 4074 7512 3879 7512 3939 7512 4074 7513 3939 7513 4075 7513 4075 7514 3939 7514 4076 7514 4076 7515 3939 7515 3941 7515 4077 7516 4076 7516 3864 7516 3864 7517 4076 7517 3941 7517 3863 7518 4077 7518 3864 7518 4077 7519 3863 7519 4078 7519 4078 7520 3863 7520 3862 7520 4078 7521 3862 7521 4079 7521 4079 7522 3862 7522 3861 7522 4079 7523 3861 7523 4080 7523 3845 7524 4081 7524 3846 7524 3846 7525 4081 7525 4082 7525 3846 7526 4082 7526 3847 7526 3847 7527 4082 7527 4083 7527 3847 7528 4083 7528 3936 7528 3936 7529 4083 7529 4084 7529 3936 7530 4084 7530 3857 7530 3857 7531 4084 7531 4085 7531 3857 7532 4085 7532 3858 7532 3858 7533 4085 7533 4086 7533 3858 7534 4086 7534 3859 7534 3859 7535 4086 7535 4087 7535 3859 7536 4087 7536 3860 7536 3860 7537 4087 7537 4088 7537 3860 7538 4088 7538 3861 7538 3861 7539 4088 7539 4080 7539 3856 7540 4081 7540 3845 7540 4081 7541 3856 7541 4089 7541 4089 7542 3856 7542 3855 7542 4089 7543 3855 7543 4090 7543 4090 7544 3855 7544 3875 7544 4090 7545 3875 7545 4091 7545 4091 7546 3875 7546 4092 7546 4092 7547 3875 7547 3873 7547 3873 7548 3872 7548 4092 7548 4092 7549 3872 7549 4093 7549 3872 7550 3871 7550 4093 7550 4093 7551 3871 7551 4094 7551 3871 7552 3935 7552 4094 7552 4094 7553 3935 7553 4095 7553 3935 7554 3934 7554 4095 7554 4095 7555 3934 7555 4096 7555 3946 7556 3977 7556 3948 7556 3948 7557 3977 7557 4097 7557 3948 7558 4097 7558 3947 7558 3947 7559 4097 7559 4098 7559 3947 7560 4098 7560 3945 7560 3945 7561 4098 7561 4099 7561 3945 7562 4099 7562 3930 7562 3930 7563 4099 7563 4100 7563 3930 7564 4100 7564 3931 7564 3931 7565 4100 7565 4101 7565 3931 7566 4101 7566 3932 7566 3932 7567 4101 7567 4102 7567 3932 7568 4102 7568 3933 7568 3933 7569 4102 7569 4103 7569 3933 7570 4103 7570 3934 7570 3934 7571 4103 7571 4096 7571 1057 7572 1056 7572 497 7572 497 7573 1056 7573 492 7573 1052 7574 496 7574 1053 7574 1053 7575 496 7575 498 7575 1053 7576 498 7576 1091 7576 3956 7577 3958 7577 3964 7577 3959 7578 3964 7578 3958 7578 3952 7579 1103 7579 3974 7579 3952 7580 3974 7580 3973 7580 3952 7581 3973 7581 1095 7581 479 7582 3952 7582 3953 7582 479 7583 3953 7583 3954 7583 479 7584 3954 7584 3955 7584 479 7585 3955 7585 3957 7585 479 7586 3957 7586 3956 7586 479 7587 3956 7587 3964 7587 479 7588 3964 7588 3965 7588 479 7589 3965 7589 3966 7589 479 7590 3966 7590 3967 7590 477 7591 479 7591 3967 7591 477 7592 3967 7592 3969 7592 477 7593 3969 7593 3968 7593 477 7594 3968 7594 3970 7594 477 7595 3970 7595 1015 7595 477 7596 1015 7596 1014 7596 1095 7597 3963 7597 3962 7597 1095 7598 3962 7598 3961 7598 1095 7599 3961 7599 3964 7599 1095 7600 3964 7600 3959 7600 1095 7601 3959 7601 3960 7601 1095 7602 3960 7602 3951 7602 1095 7603 3951 7603 3950 7603 1095 7604 3950 7604 3949 7604 1095 7605 3949 7605 3952 7605 1040 7606 1039 7606 1038 7606 1040 7607 1038 7607 3970 7607 1040 7608 3970 7608 3971 7608 1040 7609 3971 7609 3972 7609 1040 7610 3972 7610 3963 7610 1040 7611 3963 7611 1095 7611 1103 7612 3952 7612 1104 7612 1104 7613 3952 7613 479 7613 1104 7614 479 7614 3976 7614 3976 7615 479 7615 3975 7615 1038 7616 1037 7616 3970 7616 3970 7617 1037 7617 1016 7617 3970 7618 1016 7618 1015 7618 802 7619 969 7619 957 7619 802 7620 957 7620 815 7620 802 7621 815 7621 813 7621 802 7622 813 7622 809 7622 802 7623 809 7623 803 7623 957 7624 969 7624 968 7624 957 7625 968 7625 965 7625 957 7626 965 7626 963 7626 957 7627 963 7627 961 7627 957 7628 961 7628 959 7628 4104 7629 4105 7629 4106 7629 3993 7630 3992 7630 3994 7630 4107 7631 3978 7631 3979 7631 4107 7632 3979 7632 3980 7632 4107 7633 3980 7633 3985 7633 4107 7634 3985 7634 4108 7634 4109 7635 4110 7635 4111 7635 4109 7636 4111 7636 4053 7636 4109 7637 4053 7637 4052 7637 4109 7638 4052 7638 4112 7638 4113 7639 4114 7639 4034 7639 4113 7640 4034 7640 4039 7640 4113 7641 4039 7641 4044 7641 4113 7642 4044 7642 4043 7642 4113 7643 4043 7643 4115 7643 4114 7644 4116 7644 4036 7644 4114 7645 4036 7645 4035 7645 4114 7646 4035 7646 4034 7646 4117 7647 4118 7647 4012 7647 4117 7648 4012 7648 4020 7648 4117 7649 4020 7649 4019 7649 4117 7650 4019 7650 4119 7650 4120 7651 4121 7651 4047 7651 4120 7652 4047 7652 4045 7652 4120 7653 4045 7653 4046 7653 4120 7654 4046 7654 4048 7654 4120 7655 4048 7655 4053 7655 4120 7656 4053 7656 4111 7656 4083 7657 4082 7657 4122 7657 4083 7658 4122 7658 4123 7658 4083 7659 4123 7659 4124 7659 4083 7660 4124 7660 4125 7660 4083 7661 4125 7661 4126 7661 4083 7662 4126 7662 4084 7662 4122 7663 4082 7663 4081 7663 4122 7664 4081 7664 4089 7664 4122 7665 4089 7665 4127 7665 4002 7666 4128 7666 4003 7666 4003 7667 4128 7667 4129 7667 4003 7668 4129 7668 4004 7668 4004 7669 4129 7669 4130 7669 4004 7670 4130 7670 4000 7670 4008 7671 4131 7671 4007 7671 4007 7672 4131 7672 4132 7672 4007 7673 4132 7673 4006 7673 4133 7674 4134 7674 4010 7674 4010 7675 4134 7675 4135 7675 4010 7676 4135 7676 4009 7676 4009 7677 4135 7677 4131 7677 4009 7678 4131 7678 4008 7678 4010 7679 4011 7679 4133 7679 4133 7680 4011 7680 4136 7680 4011 7681 4012 7681 4136 7681 4136 7682 4012 7682 4118 7682 4020 7683 4012 7683 4014 7683 4014 7684 4012 7684 4013 7684 4137 7685 4018 7685 4138 7685 4138 7686 4018 7686 4017 7686 4138 7687 4017 7687 4139 7687 4139 7688 4017 7688 4016 7688 4139 7689 4016 7689 4140 7689 4140 7690 4016 7690 4015 7690 4140 7691 4015 7691 4141 7691 4141 7692 4015 7692 4021 7692 4141 7693 4021 7693 4142 7693 4142 7694 4021 7694 4025 7694 4142 7695 4025 7695 4143 7695 4143 7696 4025 7696 4024 7696 4143 7697 4024 7697 4144 7697 4144 7698 4024 7698 4023 7698 4144 7699 4023 7699 4145 7699 4145 7700 4023 7700 4022 7700 4145 7701 4022 7701 4146 7701 4146 7702 4022 7702 4026 7702 4146 7703 4026 7703 4147 7703 4147 7704 4026 7704 4028 7704 4147 7705 4028 7705 4148 7705 4148 7706 4028 7706 4027 7706 4148 7707 4027 7707 4149 7707 4149 7708 4027 7708 4033 7708 4149 7709 4033 7709 4150 7709 4150 7710 4033 7710 4032 7710 4150 7711 4032 7711 4151 7711 4151 7712 4032 7712 4031 7712 4151 7713 4031 7713 4152 7713 4152 7714 4031 7714 4030 7714 4152 7715 4030 7715 4153 7715 4153 7716 4030 7716 4029 7716 4153 7717 4029 7717 4154 7717 4154 7718 4029 7718 4038 7718 4154 7719 4038 7719 4155 7719 4155 7720 4038 7720 4037 7720 4155 7721 4037 7721 4156 7721 4156 7722 4037 7722 4036 7722 4156 7723 4036 7723 4116 7723 4019 7724 4018 7724 4119 7724 4119 7725 4018 7725 4137 7725 4132 7726 4106 7726 4006 7726 4006 7727 4106 7727 4105 7727 4006 7728 4105 7728 4157 7728 4006 7729 4157 7729 4005 7729 4005 7730 4157 7730 4128 7730 4005 7731 4128 7731 4002 7731 4158 7732 4159 7732 4160 7732 4160 7733 4159 7733 4161 7733 4159 7734 3978 7734 4161 7734 4161 7735 3978 7735 4107 7735 4162 7736 4163 7736 3982 7736 3982 7737 4163 7737 4164 7737 3982 7738 4164 7738 3983 7738 3983 7739 4164 7739 4165 7739 3983 7740 4165 7740 3984 7740 3984 7741 4165 7741 4108 7741 3984 7742 4108 7742 3985 7742 4166 7743 4167 7743 3995 7743 3995 7744 4167 7744 4168 7744 3995 7745 4168 7745 3996 7745 3996 7746 4168 7746 4169 7746 3996 7747 4169 7747 3988 7747 3988 7748 4169 7748 4170 7748 3988 7749 4170 7749 3987 7749 3987 7750 4170 7750 4171 7750 3987 7751 4171 7751 3986 7751 3986 7752 4171 7752 4172 7752 3986 7753 4172 7753 3981 7753 3981 7754 4172 7754 4162 7754 3981 7755 4162 7755 3982 7755 4130 7756 4173 7756 4000 7756 4000 7757 4173 7757 4174 7757 4000 7758 4174 7758 4001 7758 4001 7759 4174 7759 4175 7759 4001 7760 4175 7760 3999 7760 3999 7761 4175 7761 4176 7761 3999 7762 4176 7762 3998 7762 3998 7763 4176 7763 4177 7763 3998 7764 4177 7764 3997 7764 3997 7765 4177 7765 4178 7765 3997 7766 4178 7766 3989 7766 3989 7767 4178 7767 4179 7767 3989 7768 4179 7768 3990 7768 3990 7769 4179 7769 4180 7769 3990 7770 4180 7770 3991 7770 3991 7771 4180 7771 4181 7771 3991 7772 4181 7772 3992 7772 3995 7773 3994 7773 4166 7773 4166 7774 3994 7774 3992 7774 4166 7775 3992 7775 4181 7775 4041 7776 4182 7776 4042 7776 4042 7777 4182 7777 4115 7777 4042 7778 4115 7778 4043 7778 4182 7779 4041 7779 4183 7779 4183 7780 4041 7780 4040 7780 4183 7781 4040 7781 4184 7781 4184 7782 4040 7782 4047 7782 4184 7783 4047 7783 4121 7783 4185 7784 4186 7784 4050 7784 4050 7785 4186 7785 4187 7785 4050 7786 4187 7786 4051 7786 4051 7787 4187 7787 4112 7787 4051 7788 4112 7788 4052 7788 4188 7789 4189 7789 4070 7789 4070 7790 4189 7790 4190 7790 4070 7791 4190 7791 4071 7791 4071 7792 4190 7792 4191 7792 4071 7793 4191 7793 4072 7793 4072 7794 4191 7794 4192 7794 4072 7795 4192 7795 4064 7795 4064 7796 4192 7796 4193 7796 4064 7797 4193 7797 4063 7797 4063 7798 4193 7798 4194 7798 4063 7799 4194 7799 4062 7799 4062 7800 4194 7800 4195 7800 4062 7801 4195 7801 4058 7801 4058 7802 4195 7802 4196 7802 4058 7803 4196 7803 4059 7803 4059 7804 4196 7804 4197 7804 4059 7805 4197 7805 4060 7805 4060 7806 4197 7806 4198 7806 4060 7807 4198 7807 4061 7807 4061 7808 4198 7808 4199 7808 4061 7809 4199 7809 4056 7809 4056 7810 4199 7810 4200 7810 4056 7811 4200 7811 4055 7811 4055 7812 4200 7812 4201 7812 4055 7813 4201 7813 4057 7813 4057 7814 4201 7814 4202 7814 4057 7815 4202 7815 4054 7815 4054 7816 4202 7816 4203 7816 4054 7817 4203 7817 4049 7817 4049 7818 4203 7818 4185 7818 4049 7819 4185 7819 4050 7819 4204 7820 4205 7820 4067 7820 4067 7821 4205 7821 4206 7821 4067 7822 4206 7822 4068 7822 4068 7823 4206 7823 4207 7823 4068 7824 4207 7824 4069 7824 4069 7825 4207 7825 4188 7825 4069 7826 4188 7826 4070 7826 4080 7827 4208 7827 4079 7827 4079 7828 4208 7828 4209 7828 4079 7829 4209 7829 4078 7829 4078 7830 4209 7830 4210 7830 4078 7831 4210 7831 4077 7831 4077 7832 4210 7832 4211 7832 4077 7833 4211 7833 4076 7833 4076 7834 4211 7834 4212 7834 4076 7835 4212 7835 4075 7835 4075 7836 4212 7836 4213 7836 4075 7837 4213 7837 4074 7837 4074 7838 4213 7838 4214 7838 4074 7839 4214 7839 4073 7839 4073 7840 4214 7840 4215 7840 4073 7841 4215 7841 4065 7841 4065 7842 4215 7842 4216 7842 4065 7843 4216 7843 4066 7843 4066 7844 4216 7844 4204 7844 4066 7845 4204 7845 4067 7845 4217 7846 4218 7846 4088 7846 4088 7847 4218 7847 4208 7847 4088 7848 4208 7848 4080 7848 4126 7849 4219 7849 4084 7849 4084 7850 4219 7850 4220 7850 4084 7851 4220 7851 4085 7851 4085 7852 4220 7852 4221 7852 4085 7853 4221 7853 4086 7853 4086 7854 4221 7854 4222 7854 4086 7855 4222 7855 4087 7855 4087 7856 4222 7856 4217 7856 4087 7857 4217 7857 4088 7857 4091 7858 4223 7858 4090 7858 4090 7859 4223 7859 4127 7859 4090 7860 4127 7860 4089 7860 4224 7861 4225 7861 4100 7861 4100 7862 4225 7862 4226 7862 4100 7863 4226 7863 4101 7863 4101 7864 4226 7864 4227 7864 4101 7865 4227 7865 4102 7865 4102 7866 4227 7866 4228 7866 4102 7867 4228 7867 4103 7867 4103 7868 4228 7868 4229 7868 4103 7869 4229 7869 4096 7869 4096 7870 4229 7870 4230 7870 4096 7871 4230 7871 4095 7871 4095 7872 4230 7872 4231 7872 4095 7873 4231 7873 4094 7873 4094 7874 4231 7874 4232 7874 4094 7875 4232 7875 4093 7875 4093 7876 4232 7876 4233 7876 4093 7877 4233 7877 4092 7877 4092 7878 4233 7878 4223 7878 4092 7879 4223 7879 4091 7879 4234 7880 4235 7880 4099 7880 4099 7881 4235 7881 4224 7881 4099 7882 4224 7882 4100 7882 4234 7883 4099 7883 3977 7883 3977 7884 4099 7884 4098 7884 3977 7885 4098 7885 4097 7885 3978 7886 4159 7886 3977 7886 3977 7887 4159 7887 4234 7887 1091 7888 498 7888 500 7888 1091 7889 500 7889 501 7889 1091 7890 501 7890 512 7890 1091 7891 512 7891 510 7891 1091 7892 510 7892 508 7892 1091 7893 508 7893 506 7893 1091 7894 506 7894 4236 7894 1091 7895 4236 7895 4237 7895 1091 7896 4237 7896 513 7896 1091 7897 513 7897 515 7897 1091 7898 515 7898 4238 7898 1091 7899 4238 7899 1090 7899 827 7900 1065 7900 534 7900 827 7901 534 7901 532 7901 827 7902 532 7902 530 7902 827 7903 530 7903 528 7903 827 7904 528 7904 526 7904 827 7905 526 7905 4239 7905 827 7906 4239 7906 4240 7906 827 7907 4240 7907 535 7907 827 7908 535 7908 537 7908 827 7909 537 7909 4241 7909 827 7910 4241 7910 4242 7910 827 7911 4242 7911 828 7911 1090 7912 4238 7912 1092 7912 1092 7913 4238 7913 4243 7913 1092 7914 4243 7914 524 7914 524 7915 4243 7915 4244 7915 1092 7916 524 7916 1093 7916 1093 7917 524 7917 522 7917 1093 7918 522 7918 520 7918 1093 7919 520 7919 1089 7919 1089 7920 520 7920 518 7920 1089 7921 518 7921 1065 7921 1065 7922 518 7922 534 7922 503 7923 493 7923 4245 7923 486 7924 4246 7924 1056 7924 486 7925 1056 7925 1058 7925 486 7926 1058 7926 1060 7926 486 7927 1060 7927 487 7927 4246 7928 4245 7928 1056 7928 1056 7929 4245 7929 493 7929 1056 7930 493 7930 492 7930 497 7931 1055 7931 1057 7931 474 7932 4247 7932 644 7932 474 7933 644 7933 643 7933 474 7934 643 7934 647 7934 474 7935 647 7935 649 7935 474 7936 649 7936 702 7936 474 7937 702 7937 1043 7937 474 7938 1043 7938 1041 7938 474 7939 1041 7939 476 7939 686 7940 1055 7940 497 7940 686 7941 497 7941 496 7941 686 7942 496 7942 1052 7942 686 7943 1052 7943 1054 7943 686 7944 1054 7944 1049 7944 686 7945 1049 7945 1046 7945 4247 7946 4248 7946 644 7946 644 7947 4248 7947 489 7947 644 7948 489 7948 715 7948 489 7949 491 7949 715 7949 715 7950 491 7950 483 7950 715 7951 483 7951 641 7951 641 7952 483 7952 481 7952 641 7953 481 7953 638 7953 638 7954 481 7954 488 7954 638 7955 488 7955 686 7955 686 7956 488 7956 1059 7956 686 7957 1059 7957 1055 7957 461 7958 1029 7958 451 7958 461 7959 451 7959 449 7959 461 7960 449 7960 4249 7960 461 7961 4249 7961 4250 7961 461 7962 4250 7962 459 7962 473 7963 471 7963 1034 7963 473 7964 1034 7964 1024 7964 473 7965 1024 7965 1023 7965 473 7966 1023 7966 1029 7966 473 7967 1029 7967 461 7967 1034 7968 471 7968 1037 7968 1037 7969 471 7969 1016 7969 4251 7970 4252 7970 4253 7970 351 7971 4254 7971 350 7971 4255 7972 4256 7972 4257 7972 4256 7973 4255 7973 4258 7973 4258 7974 4255 7974 357 7974 4258 7975 357 7975 4259 7975 4259 7976 357 7976 359 7976 4259 7977 359 7977 4260 7977 4260 7978 359 7978 4261 7978 4261 7979 359 7979 350 7979 4261 7980 350 7980 4253 7980 4253 7981 350 7981 4254 7981 4253 7982 4254 7982 4251 7982 1004 7983 906 7983 908 7983 1004 7984 908 7984 910 7984 1004 7985 910 7985 912 7985 1004 7986 912 7986 914 7986 1004 7987 914 7987 1006 7987 806 7988 4253 7988 4252 7988 806 7989 4252 7989 837 7989 806 7990 837 7990 843 7990 806 7991 843 7991 841 7991 806 7992 841 7992 845 7992 806 7993 845 7993 847 7993 806 7994 847 7994 849 7994 806 7995 849 7995 851 7995 806 7996 851 7996 853 7996 806 7997 853 7997 936 7997 806 7998 936 7998 969 7998 806 7999 969 7999 802 7999 889 8000 994 8000 996 8000 889 8001 996 8001 998 8001 889 8002 998 8002 1000 8002 889 8003 1000 8003 1002 8003 889 8004 1002 8004 992 8004 853 8005 889 8005 992 8005 853 8006 992 8006 990 8006 853 8007 990 8007 988 8007 853 8008 988 8008 986 8008 853 8009 986 8009 984 8009 853 8010 984 8010 982 8010 853 8011 982 8011 936 8011 4252 8012 553 8012 837 8012 837 8013 553 8013 552 8013 906 8014 1004 8014 904 8014 904 8015 1004 8015 994 8015 904 8016 994 8016 903 8016 903 8017 994 8017 889 8017 926 8018 928 8018 970 8018 970 8019 928 8019 930 8019 970 8020 930 8020 982 8020 982 8021 930 8021 936 8021 926 8022 970 8022 924 8022 924 8023 970 8023 972 8023 924 8024 972 8024 974 8024 924 8025 974 8025 922 8025 922 8026 974 8026 976 8026 922 8027 976 8027 978 8027 922 8028 978 8028 920 8028 920 8029 978 8029 980 8029 920 8030 980 8030 918 8030 918 8031 980 8031 1012 8031 918 8032 1012 8032 1010 8032 918 8033 1010 8033 916 8033 916 8034 1010 8034 1008 8034 916 8035 1008 8035 914 8035 914 8036 1008 8036 1006 8036 4262 8037 558 8037 557 8037 4262 8038 557 8038 545 8038 4262 8039 545 8039 561 8039 4262 8040 561 8040 550 8040 4262 8041 550 8041 549 8041 4262 8042 549 8042 564 8042 4262 8043 564 8043 563 8043 4262 8044 563 8044 555 8044 4262 8045 555 8045 554 8045 4262 8046 554 8046 553 8046 4262 8047 553 8047 4252 8047 4262 8048 4252 8048 4251 8048 354 8049 4263 8049 351 8049 351 8050 4263 8050 4254 8050 4263 8051 4262 8051 4254 8051 4254 8052 4262 8052 4251 8052 727 8053 726 8053 257 8053 257 8054 726 8054 235 8054 4159 8055 4264 8055 4234 8055 4234 8056 4264 8056 4265 8056 4234 8057 4265 8057 4235 8057 4235 8058 4265 8058 4266 8058 4235 8059 4266 8059 4224 8059 4224 8060 4266 8060 4267 8060 4224 8061 4267 8061 4225 8061 4225 8062 4267 8062 4268 8062 4225 8063 4268 8063 4226 8063 4226 8064 4268 8064 4269 8064 4226 8065 4269 8065 4227 8065 4227 8066 4269 8066 4270 8066 4227 8067 4270 8067 4228 8067 4228 8068 4270 8068 4271 8068 4228 8069 4271 8069 4229 8069 4229 8070 4271 8070 4272 8070 4160 8071 4273 8071 4158 8071 4158 8072 4273 8072 4264 8072 4158 8073 4264 8073 4159 8073 4273 8074 4160 8074 4274 8074 4274 8075 4160 8075 4161 8075 4274 8076 4161 8076 4275 8076 4275 8077 4161 8077 4107 8077 4275 8078 4107 8078 4276 8078 4162 8079 4277 8079 4163 8079 4163 8080 4277 8080 4278 8080 4163 8081 4278 8081 4164 8081 4164 8082 4278 8082 4279 8082 4164 8083 4279 8083 4165 8083 4165 8084 4279 8084 4280 8084 4165 8085 4280 8085 4108 8085 4108 8086 4280 8086 4281 8086 4108 8087 4281 8087 4107 8087 4107 8088 4281 8088 4276 8088 4171 8089 4282 8089 4172 8089 4172 8090 4282 8090 4277 8090 4172 8091 4277 8091 4162 8091 4282 8092 4171 8092 4283 8092 4283 8093 4171 8093 4170 8093 4283 8094 4170 8094 4284 8094 4284 8095 4170 8095 4169 8095 4284 8096 4169 8096 4285 8096 4178 8097 4286 8097 4179 8097 4179 8098 4286 8098 4287 8098 4179 8099 4287 8099 4180 8099 4180 8100 4287 8100 4288 8100 4180 8101 4288 8101 4181 8101 4181 8102 4288 8102 4289 8102 4181 8103 4289 8103 4166 8103 4166 8104 4289 8104 4290 8104 4166 8105 4290 8105 4167 8105 4167 8106 4290 8106 4291 8106 4167 8107 4291 8107 4168 8107 4168 8108 4291 8108 4292 8108 4168 8109 4292 8109 4169 8109 4169 8110 4292 8110 4285 8110 4176 8111 4293 8111 4177 8111 4177 8112 4293 8112 4286 8112 4177 8113 4286 8113 4178 8113 4293 8114 4176 8114 4294 8114 4294 8115 4176 8115 4175 8115 4294 8116 4175 8116 4295 8116 4295 8117 4175 8117 4174 8117 4295 8118 4174 8118 4296 8118 4157 8119 4297 8119 4128 8119 4128 8120 4297 8120 4298 8120 4128 8121 4298 8121 4129 8121 4129 8122 4298 8122 4299 8122 4129 8123 4299 8123 4130 8123 4130 8124 4299 8124 4300 8124 4130 8125 4300 8125 4173 8125 4173 8126 4300 8126 4301 8126 4173 8127 4301 8127 4174 8127 4174 8128 4301 8128 4296 8128 4104 8129 4302 8129 4105 8129 4105 8130 4302 8130 4297 8130 4105 8131 4297 8131 4157 8131 4302 8132 4104 8132 4303 8132 4303 8133 4104 8133 4106 8133 4303 8134 4106 8134 4304 8134 4304 8135 4106 8135 4132 8135 4304 8136 4132 8136 4305 8136 4305 8137 4132 8137 4131 8137 4305 8138 4131 8138 4306 8138 4118 8139 4307 8139 4136 8139 4136 8140 4307 8140 4308 8140 4136 8141 4308 8141 4133 8141 4133 8142 4308 8142 4309 8142 4133 8143 4309 8143 4134 8143 4134 8144 4309 8144 4310 8144 4134 8145 4310 8145 4135 8145 4135 8146 4310 8146 4311 8146 4135 8147 4311 8147 4131 8147 4131 8148 4311 8148 4306 8148 4307 8149 4118 8149 4312 8149 4312 8150 4118 8150 4117 8150 4141 8151 4313 8151 4140 8151 4140 8152 4313 8152 4314 8152 4140 8153 4314 8153 4139 8153 4139 8154 4314 8154 4315 8154 4139 8155 4315 8155 4138 8155 4138 8156 4315 8156 4316 8156 4138 8157 4316 8157 4137 8157 4137 8158 4316 8158 4317 8158 4137 8159 4317 8159 4119 8159 4119 8160 4317 8160 4318 8160 4119 8161 4318 8161 4117 8161 4117 8162 4318 8162 4312 8162 4313 8163 4141 8163 4319 8163 4319 8164 4141 8164 4142 8164 4146 8165 4320 8165 4145 8165 4145 8166 4320 8166 4321 8166 4145 8167 4321 8167 4144 8167 4144 8168 4321 8168 4322 8168 4144 8169 4322 8169 4143 8169 4143 8170 4322 8170 4323 8170 4143 8171 4323 8171 4142 8171 4142 8172 4323 8172 4319 8172 4320 8173 4146 8173 4324 8173 4324 8174 4146 8174 4147 8174 4149 8175 4325 8175 4148 8175 4148 8176 4325 8176 4326 8176 4148 8177 4326 8177 4147 8177 4147 8178 4326 8178 4324 8178 4154 8179 4327 8179 4153 8179 4153 8180 4327 8180 4328 8180 4153 8181 4328 8181 4152 8181 4152 8182 4328 8182 4329 8182 4152 8183 4329 8183 4151 8183 4151 8184 4329 8184 4330 8184 4151 8185 4330 8185 4150 8185 4150 8186 4330 8186 4331 8186 4150 8187 4331 8187 4149 8187 4149 8188 4331 8188 4325 8188 4114 8189 4332 8189 4116 8189 4116 8190 4332 8190 4333 8190 4116 8191 4333 8191 4156 8191 4156 8192 4333 8192 4334 8192 4156 8193 4334 8193 4155 8193 4155 8194 4334 8194 4335 8194 4155 8195 4335 8195 4154 8195 4154 8196 4335 8196 4327 8196 4332 8197 4114 8197 4336 8197 4336 8198 4114 8198 4113 8198 4121 8199 4337 8199 4184 8199 4184 8200 4337 8200 4338 8200 4184 8201 4338 8201 4183 8201 4183 8202 4338 8202 4339 8202 4183 8203 4339 8203 4182 8203 4182 8204 4339 8204 4340 8204 4182 8205 4340 8205 4115 8205 4115 8206 4340 8206 4341 8206 4115 8207 4341 8207 4113 8207 4113 8208 4341 8208 4336 8208 4120 8209 4337 8209 4121 8209 4337 8210 4120 8210 4342 8210 4342 8211 4120 8211 4111 8211 4342 8212 4111 8212 4343 8212 4343 8213 4111 8213 4110 8213 4343 8214 4110 8214 4344 8214 4344 8215 4110 8215 4345 8215 4345 8216 4110 8216 4109 8216 4203 8217 4346 8217 4185 8217 4185 8218 4346 8218 4347 8218 4185 8219 4347 8219 4186 8219 4186 8220 4347 8220 4348 8220 4186 8221 4348 8221 4187 8221 4187 8222 4348 8222 4349 8222 4187 8223 4349 8223 4112 8223 4112 8224 4349 8224 4350 8224 4112 8225 4350 8225 4109 8225 4109 8226 4350 8226 4345 8226 4346 8227 4203 8227 4351 8227 4351 8228 4203 8228 4202 8228 4201 8229 4351 8229 4202 8229 4351 8230 4201 8230 4352 8230 4352 8231 4201 8231 4200 8231 4352 8232 4200 8232 4353 8232 4353 8233 4200 8233 4199 8233 4353 8234 4199 8234 4354 8234 4195 8235 4355 8235 4196 8235 4196 8236 4355 8236 4356 8236 4196 8237 4356 8237 4197 8237 4197 8238 4356 8238 4357 8238 4197 8239 4357 8239 4198 8239 4198 8240 4357 8240 4358 8240 4198 8241 4358 8241 4199 8241 4199 8242 4358 8242 4354 8242 4193 8243 4359 8243 4194 8243 4194 8244 4359 8244 4355 8244 4194 8245 4355 8245 4195 8245 4359 8246 4193 8246 4360 8246 4360 8247 4193 8247 4192 8247 4360 8248 4192 8248 4361 8248 4361 8249 4192 8249 4191 8249 4361 8250 4191 8250 4362 8250 4216 8251 4363 8251 4204 8251 4204 8252 4363 8252 4364 8252 4204 8253 4364 8253 4205 8253 4205 8254 4364 8254 4365 8254 4205 8255 4365 8255 4206 8255 4206 8256 4365 8256 4366 8256 4206 8257 4366 8257 4207 8257 4207 8258 4366 8258 4367 8258 4207 8259 4367 8259 4188 8259 4188 8260 4367 8260 4368 8260 4188 8261 4368 8261 4189 8261 4189 8262 4368 8262 4369 8262 4189 8263 4369 8263 4190 8263 4190 8264 4369 8264 4370 8264 4190 8265 4370 8265 4191 8265 4191 8266 4370 8266 4362 8266 4214 8267 4371 8267 4215 8267 4215 8268 4371 8268 4363 8268 4215 8269 4363 8269 4216 8269 4371 8270 4214 8270 4372 8270 4372 8271 4214 8271 4213 8271 4372 8272 4213 8272 4373 8272 4373 8273 4213 8273 4212 8273 4373 8274 4212 8274 4374 8274 4374 8275 4212 8275 4375 8275 4375 8276 4212 8276 4211 8276 4376 8277 4375 8277 4210 8277 4210 8278 4375 8278 4211 8278 4209 8279 4376 8279 4210 8279 4376 8280 4209 8280 4377 8280 4377 8281 4209 8281 4208 8281 4377 8282 4208 8282 4378 8282 4378 8283 4208 8283 4218 8283 4378 8284 4218 8284 4379 8284 4124 8285 4380 8285 4125 8285 4125 8286 4380 8286 4381 8286 4125 8287 4381 8287 4126 8287 4126 8288 4381 8288 4382 8288 4126 8289 4382 8289 4219 8289 4219 8290 4382 8290 4383 8290 4219 8291 4383 8291 4220 8291 4220 8292 4383 8292 4384 8292 4220 8293 4384 8293 4221 8293 4221 8294 4384 8294 4385 8294 4221 8295 4385 8295 4222 8295 4222 8296 4385 8296 4386 8296 4222 8297 4386 8297 4217 8297 4217 8298 4386 8298 4387 8298 4217 8299 4387 8299 4218 8299 4218 8300 4387 8300 4379 8300 4122 8301 4388 8301 4123 8301 4123 8302 4388 8302 4380 8302 4123 8303 4380 8303 4124 8303 4388 8304 4122 8304 4389 8304 4389 8305 4122 8305 4127 8305 4389 8306 4127 8306 4390 8306 4390 8307 4127 8307 4223 8307 4390 8308 4223 8308 4391 8308 4391 8309 4223 8309 4392 8309 4392 8310 4223 8310 4233 8310 4233 8311 4232 8311 4392 8311 4392 8312 4232 8312 4393 8312 4232 8313 4231 8313 4393 8313 4393 8314 4231 8314 4394 8314 4231 8315 4230 8315 4394 8315 4394 8316 4230 8316 4395 8316 4230 8317 4229 8317 4395 8317 4395 8318 4229 8318 4272 8318 4396 8319 811 8319 4397 8319 4396 8320 821 8320 811 8320 821 8321 4396 8321 4398 8321 4398 8322 822 8322 821 8322 818 8323 807 8323 808 8323 811 8324 826 8324 4397 8324 4397 8325 826 8325 828 8325 4397 8326 828 8326 4399 8326 817 8327 824 8327 544 8327 544 8328 824 8328 822 8328 544 8329 822 8329 4398 8329 818 8330 817 8330 807 8330 807 8331 817 8331 544 8331 807 8332 544 8332 543 8332 4400 8333 537 8333 538 8333 537 8334 4400 8334 4241 8334 4241 8335 4400 8335 4401 8335 4241 8336 4401 8336 4242 8336 4242 8337 4401 8337 4399 8337 4242 8338 4399 8338 828 8338 4402 8339 526 8339 525 8339 526 8340 4402 8340 4239 8340 4239 8341 4402 8341 4403 8341 4239 8342 4403 8342 4240 8342 4240 8343 4403 8343 536 8343 4240 8344 536 8344 535 8344 4404 8345 4238 8345 4405 8345 4238 8346 4404 8346 4243 8346 4243 8347 4404 8347 4406 8347 4243 8348 4406 8348 4244 8348 4244 8349 4406 8349 523 8349 4244 8350 523 8350 524 8350 4238 8351 515 8351 4405 8351 4405 8352 515 8352 516 8352 4407 8353 506 8353 505 8353 506 8354 4407 8354 4236 8354 4236 8355 4407 8355 4408 8355 4236 8356 4408 8356 4237 8356 4237 8357 4408 8357 514 8357 4237 8358 514 8358 513 8358 4409 8359 486 8359 485 8359 486 8360 4409 8360 4246 8360 4246 8361 4409 8361 4410 8361 4246 8362 4410 8362 4245 8362 4245 8363 4410 8363 504 8363 4245 8364 504 8364 503 8364 4248 8365 490 8365 489 8365 490 8366 4248 8366 4411 8366 4411 8367 4248 8367 4247 8367 4411 8368 4247 8368 4412 8368 4412 8369 4247 8369 474 8369 4412 8370 474 8370 475 8370 4250 8371 460 8371 459 8371 460 8372 4250 8372 4413 8372 4413 8373 4250 8373 4249 8373 4413 8374 4249 8374 4414 8374 4414 8375 4249 8375 449 8375 4414 8376 449 8376 448 8376 4415 8377 361 8377 360 8377 361 8378 4415 8378 4416 8378 4416 8379 4415 8379 4417 8379 4416 8380 4417 8380 4418 8380 4418 8381 4417 8381 386 8381 4418 8382 386 8382 387 8382 4419 8383 355 8383 356 8383 355 8384 4419 8384 4420 8384 4420 8385 4419 8385 4421 8385 4420 8386 4421 8386 4422 8386 4422 8387 4421 8387 376 8387 4422 8388 376 8388 377 8388 804 8389 4260 8389 4261 8389 4260 8390 804 8390 539 8390 4258 8391 4259 8391 4423 8391 4424 8392 4258 8392 4423 8392 4256 8393 4258 8393 4424 8393 4425 8394 4256 8394 4424 8394 4257 8395 4256 8395 4425 8395 4426 8396 4257 8396 4425 8396 4255 8397 4257 8397 4426 8397 541 8398 4423 8398 4259 8398 541 8399 4259 8399 4260 8399 541 8400 4260 8400 539 8400 804 8401 4261 8401 805 8401 805 8402 4261 8402 4253 8402 805 8403 4253 8403 806 8403 4426 8404 4427 8404 4255 8404 4255 8405 4427 8405 358 8405 4255 8406 358 8406 357 8406 4428 8407 732 8407 4429 8407 4429 8408 732 8408 734 8408 4429 8409 734 8409 4430 8409 4430 8410 734 8410 777 8410 4430 8411 777 8411 4431 8411 4431 8412 777 8412 779 8412 4431 8413 779 8413 4432 8413 4432 8414 779 8414 781 8414 4432 8415 781 8415 4433 8415 4433 8416 781 8416 783 8416 4433 8417 783 8417 4434 8417 4434 8418 783 8418 785 8418 4434 8419 785 8419 4435 8419 4435 8420 785 8420 787 8420 4435 8421 787 8421 4436 8421 4436 8422 787 8422 789 8422 4436 8423 789 8423 4437 8423 732 8424 4428 8424 730 8424 730 8425 4428 8425 4438 8425 730 8426 4438 8426 772 8426 772 8427 4438 8427 4439 8427 772 8428 4439 8428 770 8428 770 8429 4439 8429 4440 8429 770 8430 4440 8430 768 8430 768 8431 4440 8431 4441 8431 768 8432 4441 8432 766 8432 766 8433 4441 8433 4442 8433 766 8434 4442 8434 764 8434 764 8435 4442 8435 4443 8435 764 8436 4443 8436 762 8436 762 8437 4443 8437 4444 8437 762 8438 4444 8438 760 8438 760 8439 4444 8439 4445 8439 760 8440 4445 8440 758 8440 758 8441 4445 8441 4446 8441 758 8442 4446 8442 756 8442 4447 8443 741 8443 4448 8443 4448 8444 741 8444 743 8444 4448 8445 743 8445 4449 8445 4449 8446 743 8446 745 8446 4449 8447 745 8447 4450 8447 4450 8448 745 8448 746 8448 4450 8449 746 8449 4451 8449 4451 8450 746 8450 748 8450 4451 8451 748 8451 4452 8451 4452 8452 748 8452 750 8452 4452 8453 750 8453 4453 8453 4453 8454 750 8454 752 8454 4453 8455 752 8455 4454 8455 4454 8456 752 8456 754 8456 4454 8457 754 8457 4455 8457 4455 8458 754 8458 756 8458 4455 8459 756 8459 4446 8459 741 8460 4447 8460 737 8460 737 8461 4447 8461 4456 8461 737 8462 4456 8462 776 8462 776 8463 4456 8463 4457 8463 776 8464 4457 8464 774 8464 774 8465 4457 8465 4458 8465 774 8466 4458 8466 801 8466 801 8467 4458 8467 4459 8467 801 8468 4459 8468 799 8468 799 8469 4459 8469 4460 8469 799 8470 4460 8470 797 8470 797 8471 4460 8471 4461 8471 797 8472 4461 8472 795 8472 795 8473 4461 8473 4462 8473 795 8474 4462 8474 793 8474 793 8475 4462 8475 4463 8475 793 8476 4463 8476 791 8476 791 8477 4463 8477 4437 8477 791 8478 4437 8478 789 8478 4263 8479 354 8479 4262 8479 235 8480 726 8480 369 8480 235 8481 369 8481 367 8481 235 8482 367 8482 365 8482 235 8483 365 8483 363 8483 235 8484 363 8484 361 8484 235 8485 361 8485 4416 8485 235 8486 4416 8486 4418 8486 235 8487 4418 8487 387 8487 235 8488 387 8488 385 8488 235 8489 385 8489 383 8489 235 8490 383 8490 381 8490 235 8491 381 8491 379 8491 235 8492 379 8492 236 8492 558 8493 4262 8493 354 8493 558 8494 354 8494 353 8494 558 8495 353 8495 355 8495 558 8496 355 8496 4420 8496 558 8497 4420 8497 4422 8497 558 8498 4422 8498 377 8498 558 8499 377 8499 375 8499 558 8500 375 8500 559 8500 559 8501 375 8501 373 8501 559 8502 373 8502 371 8502 559 8503 371 8503 369 8503 559 8504 369 8504 726 8504 559 8505 726 8505 724 8505 559 8506 724 8506 722 8506 559 8507 722 8507 566 8507 236 8508 379 8508 247 8508 247 8509 379 8509 241 8509 247 8510 241 8510 245 8510 245 8511 241 8511 239 8511 245 8512 239 8512 243 8512 566 8513 722 8513 575 8513 575 8514 722 8514 710 8514 575 8515 710 8515 577 8515 577 8516 710 8516 603 8516 577 8517 603 8517 612 8517 612 8518 603 8518 602 8518 612 8519 602 8519 610 8519 610 8520 602 8520 606 8520 610 8521 606 8521 608 8521 527 8522 4389 8522 525 8522 4389 8523 4402 8523 525 8523 4289 8524 364 8524 366 8524 4424 8525 542 8525 4425 8525 542 8526 4424 8526 4423 8526 542 8527 4423 8527 541 8527 4427 8528 4426 8528 4276 8528 536 8529 4403 8529 4391 8529 4303 8530 4304 8530 4302 8530 238 8531 240 8531 4297 8531 4332 8532 4336 8532 425 8532 4332 8533 425 8533 414 8533 4332 8534 414 8534 416 8534 4332 8535 416 8535 418 8535 4332 8536 418 8536 4333 8536 4336 8537 4341 8537 437 8537 4336 8538 437 8538 441 8538 4336 8539 441 8539 425 8539 4345 8540 4350 8540 470 8540 4345 8541 470 8541 472 8541 4345 8542 472 8542 4343 8542 4345 8543 4343 8543 4344 8543 448 8544 450 8544 4339 8544 448 8545 4339 8545 4338 8545 448 8546 4338 8546 4337 8546 448 8547 4337 8547 4414 8547 4265 8548 4264 8548 4275 8548 4265 8549 4275 8549 4276 8549 4265 8550 4276 8550 4426 8550 4265 8551 4426 8551 4425 8551 4265 8552 4425 8552 542 8552 4265 8553 542 8553 4266 8553 4342 8554 4343 8554 472 8554 4342 8555 472 8555 462 8555 4342 8556 462 8556 460 8556 4342 8557 460 8557 4413 8557 4342 8558 4413 8558 4414 8558 4342 8559 4414 8559 4337 8559 529 8560 531 8560 4382 8560 529 8561 4382 8561 4381 8561 529 8562 4381 8562 4380 8562 529 8563 4380 8563 4388 8563 529 8564 4388 8564 4389 8564 529 8565 4389 8565 527 8565 4464 8566 4465 8566 4308 8566 4464 8567 4308 8567 4307 8567 4464 8568 4307 8568 4312 8568 4464 8569 4312 8569 77 8569 4464 8570 77 8570 86 8570 4464 8571 86 8571 4466 8571 4301 8572 4300 8572 382 8572 382 8573 4300 8573 4299 8573 382 8574 4299 8574 380 8574 380 8575 4299 8575 4298 8575 380 8576 4298 8576 378 8576 4289 8577 4288 8577 364 8577 364 8578 4288 8578 4287 8578 364 8579 4287 8579 362 8579 362 8580 4287 8580 4286 8580 362 8581 4286 8581 360 8581 360 8582 4286 8582 4293 8582 360 8583 4293 8583 4415 8583 4415 8584 4293 8584 4294 8584 4415 8585 4294 8585 4417 8585 4417 8586 4294 8586 4295 8586 4417 8587 4295 8587 386 8587 386 8588 4295 8588 4296 8588 386 8589 4296 8589 384 8589 384 8590 4296 8590 4301 8590 384 8591 4301 8591 382 8591 368 8592 370 8592 366 8592 366 8593 370 8593 4290 8593 366 8594 4290 8594 4289 8594 4273 8595 4274 8595 4264 8595 4264 8596 4274 8596 4275 8596 4277 8597 352 8597 4278 8597 4278 8598 352 8598 349 8598 4278 8599 349 8599 4279 8599 4279 8600 349 8600 348 8600 4279 8601 348 8601 4280 8601 4280 8602 348 8602 358 8602 4280 8603 358 8603 4281 8603 4281 8604 358 8604 4427 8604 4281 8605 4427 8605 4276 8605 4284 8606 4419 8606 4283 8606 4283 8607 4419 8607 356 8607 4283 8608 356 8608 4282 8608 4282 8609 356 8609 352 8609 4282 8610 352 8610 4277 8610 4419 8611 4284 8611 4421 8611 4421 8612 4284 8612 4285 8612 4421 8613 4285 8613 376 8613 376 8614 4285 8614 4292 8614 376 8615 4292 8615 374 8615 374 8616 4292 8616 4291 8616 374 8617 4291 8617 372 8617 372 8618 4291 8618 4290 8618 372 8619 4290 8619 370 8619 450 8620 438 8620 4339 8620 4339 8621 438 8621 4340 8621 438 8622 437 8622 4340 8622 4340 8623 437 8623 4341 8623 4347 8624 466 8624 4348 8624 4348 8625 466 8625 465 8625 4348 8626 465 8626 4349 8626 4349 8627 465 8627 470 8627 4349 8628 470 8628 4350 8628 4368 8629 499 8629 4369 8629 4369 8630 499 8630 495 8630 4369 8631 495 8631 4370 8631 4370 8632 495 8632 494 8632 4370 8633 494 8633 4362 8633 4362 8634 494 8634 504 8634 4362 8635 504 8635 4361 8635 4361 8636 504 8636 4410 8636 4361 8637 4410 8637 4360 8637 4360 8638 4410 8638 4409 8638 4360 8639 4409 8639 4359 8639 4359 8640 4409 8640 485 8640 4359 8641 485 8641 4355 8641 4355 8642 485 8642 480 8642 4355 8643 480 8643 4356 8643 4356 8644 480 8644 482 8644 4356 8645 482 8645 4357 8645 4357 8646 482 8646 484 8646 4357 8647 484 8647 4358 8647 4358 8648 484 8648 490 8648 4358 8649 490 8649 4354 8649 4354 8650 490 8650 4411 8650 4354 8651 4411 8651 4353 8651 4353 8652 4411 8652 4412 8652 4353 8653 4412 8653 4352 8653 4352 8654 4412 8654 475 8654 4352 8655 475 8655 4351 8655 4351 8656 475 8656 469 8656 4351 8657 469 8657 4346 8657 4346 8658 469 8658 466 8658 4346 8659 466 8659 4347 8659 4364 8660 509 8660 4365 8660 4365 8661 509 8661 511 8661 4365 8662 511 8662 4366 8662 4366 8663 511 8663 502 8663 4366 8664 502 8664 4367 8664 4367 8665 502 8665 499 8665 4367 8666 499 8666 4368 8666 523 8667 4406 8667 4378 8667 4378 8668 4406 8668 4404 8668 4378 8669 4404 8669 4377 8669 4377 8670 4404 8670 4405 8670 4377 8671 4405 8671 4376 8671 4376 8672 4405 8672 516 8672 4376 8673 516 8673 4375 8673 4375 8674 516 8674 514 8674 4375 8675 514 8675 4374 8675 4374 8676 514 8676 4408 8676 4374 8677 4408 8677 4373 8677 4373 8678 4408 8678 4407 8678 4373 8679 4407 8679 4372 8679 4372 8680 4407 8680 505 8680 4372 8681 505 8681 4371 8681 4371 8682 505 8682 507 8682 4371 8683 507 8683 4363 8683 4363 8684 507 8684 509 8684 4363 8685 509 8685 4364 8685 4387 8686 521 8686 4379 8686 4379 8687 521 8687 523 8687 4379 8688 523 8688 4378 8688 4382 8689 531 8689 4383 8689 4383 8690 531 8690 533 8690 4383 8691 533 8691 4384 8691 4384 8692 533 8692 517 8692 4384 8693 517 8693 4385 8693 4385 8694 517 8694 519 8694 4385 8695 519 8695 4386 8695 4386 8696 519 8696 521 8696 4386 8697 521 8697 4387 8697 4389 8698 4390 8698 4402 8698 4402 8699 4390 8699 4391 8699 4402 8700 4391 8700 4403 8700 4400 8701 538 8701 4392 8701 4392 8702 538 8702 536 8702 4392 8703 536 8703 4391 8703 4272 8704 4397 8704 4395 8704 4395 8705 4397 8705 4399 8705 4395 8706 4399 8706 4394 8706 4394 8707 4399 8707 4401 8707 4394 8708 4401 8708 4393 8708 4393 8709 4401 8709 4400 8709 4393 8710 4400 8710 4392 8710 4270 8711 4396 8711 4271 8711 4271 8712 4396 8712 4397 8712 4271 8713 4397 8713 4272 8713 4266 8714 542 8714 4267 8714 4267 8715 542 8715 544 8715 4267 8716 544 8716 4268 8716 4268 8717 544 8717 4398 8717 4268 8718 4398 8718 4269 8718 4269 8719 4398 8719 4396 8719 4269 8720 4396 8720 4270 8720 4305 8721 238 8721 4304 8721 4304 8722 238 8722 4297 8722 4304 8723 4297 8723 4302 8723 378 8724 4298 8724 242 8724 242 8725 4298 8725 4297 8725 242 8726 4297 8726 240 8726 4317 8727 4316 8727 72 8727 72 8728 4316 8728 4315 8728 72 8729 4315 8729 76 8729 76 8730 4315 8730 4314 8730 76 8731 4314 8731 74 8731 74 8732 4314 8732 4313 8732 74 8733 4313 8733 81 8733 81 8734 4313 8734 4319 8734 81 8735 4319 8735 389 8735 389 8736 4319 8736 4323 8736 389 8737 4323 8737 396 8737 396 8738 4323 8738 4322 8738 396 8739 4322 8739 394 8739 394 8740 4322 8740 4321 8740 394 8741 4321 8741 392 8741 392 8742 4321 8742 4320 8742 392 8743 4320 8743 390 8743 390 8744 4320 8744 4324 8744 390 8745 4324 8745 399 8745 399 8746 4324 8746 4326 8746 399 8747 4326 8747 402 8747 402 8748 4326 8748 4325 8748 402 8749 4325 8749 400 8749 400 8750 4325 8750 4331 8750 400 8751 4331 8751 412 8751 412 8752 4331 8752 4330 8752 412 8753 4330 8753 410 8753 410 8754 4330 8754 4329 8754 410 8755 4329 8755 408 8755 408 8756 4329 8756 4328 8756 408 8757 4328 8757 406 8757 406 8758 4328 8758 4327 8758 406 8759 4327 8759 404 8759 404 8760 4327 8760 4335 8760 404 8761 4335 8761 422 8761 422 8762 4335 8762 4334 8762 422 8763 4334 8763 420 8763 420 8764 4334 8764 4333 8764 420 8765 4333 8765 418 8765 72 8766 71 8766 4317 8766 4317 8767 71 8767 4318 8767 71 8768 77 8768 4318 8768 4318 8769 77 8769 4312 8769 246 8770 244 8770 4306 8770 4306 8771 244 8771 238 8771 4306 8772 238 8772 4305 8772 4309 8773 4467 8773 4310 8773 4310 8774 4467 8774 4468 8774 4310 8775 4468 8775 4311 8775 4311 8776 4468 8776 246 8776 4311 8777 246 8777 4306 8777 4465 8778 4467 8778 4308 8778 4308 8779 4467 8779 4309 8779 307 8780 4469 8780 347 8780 347 8781 4469 8781 4470 8781 347 8782 4470 8782 345 8782 343 8783 175 8783 341 8783 341 8784 175 8784 171 8784 341 8785 171 8785 339 8785 339 8786 171 8786 167 8786 339 8787 167 8787 337 8787 337 8788 167 8788 164 8788 337 8789 164 8789 335 8789 335 8790 164 8790 161 8790 335 8791 161 8791 332 8791 332 8792 161 8792 157 8792 332 8793 157 8793 333 8793 333 8794 157 8794 155 8794 333 8795 155 8795 330 8795 330 8796 155 8796 152 8796 330 8797 152 8797 328 8797 328 8798 152 8798 149 8798 328 8799 149 8799 326 8799 326 8800 149 8800 146 8800 326 8801 146 8801 324 8801 324 8802 146 8802 143 8802 324 8803 143 8803 322 8803 322 8804 143 8804 140 8804 322 8805 140 8805 320 8805 320 8806 140 8806 137 8806 320 8807 137 8807 318 8807 318 8808 137 8808 134 8808 318 8809 134 8809 316 8809 316 8810 134 8810 131 8810 316 8811 131 8811 314 8811 314 8812 131 8812 128 8812 177 8813 175 8813 343 8813 177 8814 343 8814 345 8814 177 8815 345 8815 4470 8815 177 8816 4470 8816 4471 8816 304 8817 303 8817 307 8817 307 8818 303 8818 4472 8818 307 8819 4472 8819 4469 8819 126 8820 301 8820 124 8820 124 8821 301 8821 310 8821 124 8822 310 8822 128 8822 128 8823 310 8823 312 8823 128 8824 312 8824 314 8824 4456 8825 4447 8825 216 8825 4470 8826 4461 8826 4460 8826 237 8827 217 8827 216 8827 237 8828 216 8828 4447 8828 237 8829 4447 8829 4448 8829 237 8830 4448 8830 4449 8830 237 8831 4449 8831 4450 8831 237 8832 4450 8832 4451 8832 237 8833 4451 8833 4452 8833 237 8834 4452 8834 4453 8834 237 8835 4453 8835 258 8835 237 8836 258 8836 254 8836 270 8837 268 8837 4440 8837 270 8838 4440 8838 4439 8838 270 8839 4439 8839 4438 8839 270 8840 4438 8840 4428 8840 270 8841 4428 8841 282 8841 270 8842 282 8842 280 8842 270 8843 280 8843 278 8843 270 8844 278 8844 276 8844 270 8845 276 8845 274 8845 270 8846 274 8846 272 8846 4428 8847 4429 8847 290 8847 4428 8848 290 8848 288 8848 4428 8849 288 8849 286 8849 4428 8850 286 8850 284 8850 4428 8851 284 8851 282 8851 258 8852 4453 8852 4454 8852 258 8853 4454 8853 4455 8853 258 8854 4455 8854 4446 8854 258 8855 4446 8855 4445 8855 258 8856 4445 8856 4444 8856 258 8857 4444 8857 4443 8857 258 8858 4443 8858 4442 8858 258 8859 4442 8859 267 8859 4471 8860 4470 8860 4460 8860 4471 8861 4460 8861 4459 8861 4471 8862 4459 8862 4458 8862 4471 8863 4458 8863 4457 8863 4471 8864 4457 8864 4456 8864 4471 8865 4456 8865 216 8865 4440 8866 268 8866 4441 8866 4441 8867 268 8867 267 8867 4441 8868 267 8868 4442 8868 4433 8869 4434 8869 296 8869 296 8870 4434 8870 4435 8870 296 8871 4435 8871 298 8871 298 8872 4435 8872 4436 8872 298 8873 4436 8873 300 8873 300 8874 4436 8874 4437 8874 300 8875 4437 8875 303 8875 303 8876 4437 8876 4463 8876 303 8877 4463 8877 4472 8877 4472 8878 4463 8878 4462 8878 4472 8879 4462 8879 4469 8879 4469 8880 4462 8880 4461 8880 4469 8881 4461 8881 4470 8881 4430 8882 4431 8882 292 8882 292 8883 4431 8883 4432 8883 292 8884 4432 8884 294 8884 294 8885 4432 8885 4433 8885 294 8886 4433 8886 296 8886 4429 8887 4430 8887 290 8887 290 8888 4430 8888 292 8888 85 8889 4473 8889 86 8889 86 8890 4473 8890 4466 8890 4474 8891 4465 8891 4464 8891 224 8892 223 8892 227 8892 224 8893 227 8893 4467 8893 224 8894 4467 8894 4465 8894 224 8895 4465 8895 4474 8895 247 8896 246 8896 236 8896 236 8897 246 8897 4468 8897 236 8898 4468 8898 234 8898 227 8899 234 8899 4467 8899 4467 8900 234 8900 4468 8900 4466 8901 4473 8901 4464 8901 4464 8902 4473 8902 4475 8902 4464 8903 4475 8903 4474 8903 216 8904 211 8904 122 8904 211 8905 210 8905 4476 8905 211 8906 4476 8906 212 8906 211 8907 212 8907 122 8907 4471 8908 216 8908 122 8908 4471 8909 122 8909 123 8909 4471 8910 123 8910 166 8910 4471 8911 166 8911 170 8911 4471 8912 170 8912 174 8912 4471 8913 174 8913 176 8913 4471 8914 176 8914 177 8914 220 8915 222 8915 4474 8915 224 8916 4474 8916 222 8916 206 8917 205 8917 4473 8917 206 8918 4473 8918 85 8918 206 8919 85 8919 87 8919 206 8920 87 8920 4477 8920 4477 8921 87 8921 4478 8921 4478 8922 87 8922 73 8922 4478 8923 73 8923 70 8923 220 8924 4474 8924 205 8924 205 8925 4474 8925 4475 8925 205 8926 4475 8926 4473 8926 4479 8927 4477 8927 4480 8927 4477 8928 4479 8928 206 8928 210 8929 208 8929 4481 8929 210 8930 4481 8930 4482 8930 210 8931 4482 8931 4476 8931 4477 8932 4478 8932 4480 8932 4480 8933 4478 8933 70 8933 4480 8934 70 8934 78 8934 202 8935 204 8935 4483 8935 4483 8936 204 8936 206 8936 4483 8937 206 8937 4479 8937 208 8938 202 8938 4481 8938 4481 8939 202 8939 4483 8939 119 8940 212 8940 185 8940 185 8941 212 8941 4476 8941 185 8942 4476 8942 4482 8942 55 8943 4482 8943 69 8943 55 8944 185 8944 4482 8944 78 8945 79 8945 4480 8945 4484 8946 4485 8946 4486 8946 4486 8947 4485 8947 4479 8947 4486 8948 4479 8948 84 8948 84 8949 4479 8949 4480 8949 84 8950 4480 8950 79 8950 4479 8951 4485 8951 4483 8951 4483 8952 4485 8952 4487 8952 4483 8953 4487 8953 4481 8953 4481 8954 4487 8954 69 8954 4481 8955 69 8955 4482 8955 12 8956 4486 8956 13 8956 13 8957 4486 8957 84 8957 13 8958 84 8958 14 8958 4486 8959 12 8959 4484 8959 4484 8960 12 8960 11 8960 4484 8961 11 8961 4485 8961 4485 8962 11 8962 24 8962 4485 8963 24 8963 4487 8963 4487 8964 24 8964 23 8964 4487 8965 23 8965 69 8965 4488 8966 4489 8966 4490 8966 4490 8967 4489 8967 4491 8967 4490 8968 4491 8968 4492 8968 4492 8969 4491 8969 4493 8969 4492 8970 4493 8970 4494 8970 4494 8971 4493 8971 4495 8971 4494 8972 4495 8972 43 8972 43 8973 4495 8973 52 8973 43 8974 52 8974 44 8974 44 8975 52 8975 51 8975 44 8976 51 8976 45 8976 45 8977 51 8977 50 8977 45 8978 50 8978 46 8978 46 8979 50 8979 49 8979 46 8980 49 8980 47 8980 47 8981 49 8981 48 8981 0 8982 52 8982 1 8982 1 8983 52 8983 4495 8983 1 8984 4495 8984 32 8984 32 8985 4495 8985 4493 8985 32 8986 4493 8986 33 8986 33 8987 4493 8987 4491 8987 33 8988 4491 8988 34 8988 34 8989 4491 8989 4489 8989 34 8990 4489 8990 35 8990 35 8991 4489 8991 4488 8991 35 8992 4488 8992 42 8992 42 8993 4488 8993 4490 8993 42 8994 4490 8994 40 8994 40 8995 4490 8995 4492 8995 40 8996 4492 8996 21 8996 21 8997 4492 8997 4494 8997 21 8998 4494 8998 9 8998 9 8999 4494 8999 43 8999</p>
                </triangles>
            </mesh>
        </geometry>
    </library_geometries>
    <library_visual_scenes>
        <visual_scene id="VisualSceneNode" name="VisualScene">
            <node id="node" name="node">
                <instance_geometry url="#shape0-lib"/>
            </node>
        </visual_scene>
    </library_visual_scenes>
    <scene>
        <instance_visual_scene url="#VisualSceneNode"/>
    </scene>
</COLLADA>
