<?xml version="1.0" encoding="UTF-8"?>
<COLLADA xmlns="http://www.collada.org/2005/11/COLLADASchema" version="1.4.1">
    <asset>
        <contributor>
            <author>VCGLab</author>
            <authoring_tool>VCGLib | MeshLab</authoring_tool>
        </contributor>
        <created>Fri May 8 15:34:47 2026 GMT</created>
        <modified>Fri May 8 15:34:47 2026 GMT</modified>
        <up_axis>Y_UP</up_axis>
    </asset>
    <library_geometries>
        <geometry id="shape0-lib" name="shape0">
            <mesh>
                <source id="shape0-lib-positions" name="position">
                    <float_array id="shape0-lib-positions-array" count="10401">0.0999363 -0.105 -0.156533 0.0970295 -0.122862 -0.153448 0.0990245 -0.12432 -0.155534 0.100912 -0.127212 -0.157637 0.0897789 -0.142309 -0.146866 0.0921154 -0.163 -0.148833 0.0925569 -0.143967 -0.14922 0.0921154 -0.105 -0.148833 0.0834153 -0.105 -0.142142 0.0862189 -0.131178 -0.144117 0.0870745 -0.128167 -0.144752 0.0886315 -0.12551 -0.145949 0.091255 -0.123206 -0.148093 0.094164 -0.122306 -0.150673 0.106762 -0.105 -0.165128 0.101812 -0.130124 -0.158688 0.102115 -0.133295 -0.15905 0.106762 -0.1333 -0.165128 0.0999363 -0.163 -0.156533 0.106762 -0.163 -0.165128 0.101775 -0.136646 -0.158644 0.100839 -0.13954 -0.157553 0.0988645 -0.14243 -0.155362 0.0968193 -0.143822 -0.153236 0.0945343 -0.144295 -0.151018 0.0864405 -0.136508 -0.14428 0.0860524 -0.133295 -0.143995 0.0834153 -0.163 -0.142142 0.0834153 -0.1333 -0.142142 0.0739655 -0.163 -0.13656 0.0739655 -0.105 -0.13656 0.11249 -0.1333 -0.17449 0.11249 -0.163 -0.17449 0.117036 -0.1333 -0.18448 0.117036 -0.163 -0.18448 0.120333 -0.1333 -0.194949 0.120333 -0.163 -0.194949 0.122331 -0.1333 -0.205741 0.122331 -0.163 -0.205741 0.123 -0.163 -0.216696 0.123 -0.105 -0.216696 0.122331 -0.105 -0.205741 0.120333 -0.105 -0.194949 0.117036 -0.105 -0.18448 0.11249 -0.105 -0.17449 0.0875701 -0.139457 -0.145127 0.104658 -0.137057 -0.155114 0.103217 -0.140365 -0.15386 0.101008 -0.142821 -0.15194 0.0982987 -0.144127 -0.149585 0.0954155 -0.144127 -0.147079 0.0927062 -0.142821 -0.144724 0.0904975 -0.140365 -0.142804 0.0890559 -0.137057 -0.141551 0.105159 -0.133295 -0.155549 0.0885553 -0.133295 -0.141115 -0.0739655 -0.105 -0.13656 -0.0739655 -0.163 -0.13656 -0.0599806 -0.105 -0.130225 -0.0599806 -0.163 -0.130225 -0.0454603 -0.105 -0.125238 -0.0454603 -0.163 -0.125238 -0.0305342 -0.105 -0.121644 -0.0305342 -0.163 -0.121644 -0.0153355 -0.105 -0.119475 -0.0153355 -0.163 -0.119475 0 -0.105 -0.11875 0 -0.163 -0.11875 0.0153355 -0.105 -0.119475 0.0153355 -0.163 -0.119475 0.0305342 -0.105 -0.121644 0.0305342 -0.163 -0.121644 0.0454603 -0.105 -0.125238 0.0454603 -0.163 -0.125238 0.0599806 -0.105 -0.130225 0.0599806 -0.163 -0.130225 0.122328 -0.164237 -0.20734 0.0820896 -0.164237 -0.141578 0.106256 -0.172117 -0.201212 0.106015 -0.173032 -0.216932 0.108632 -0.172117 -0.209815 0.0702158 -0.173504 -0.167092 0.0646348 -0.174758 -0.175427 0.0697787 -0.17474 -0.178746 0.076935 -0.173504 -0.172019 0.0747651 -0.174697 -0.182325 0.0831903 -0.173504 -0.177754 0.0795688 -0.174626 -0.186146 0.0888411 -0.173504 -0.184228 0.097854 -0.173504 -0.198958 0.0937624 -0.173504 -0.191339 0.0920158 -0.174247 -0.198129 0.0973196 -0.173943 -0.204407 0.101047 -0.173504 -0.206936 0.102029 -0.17354 -0.210779 0.089945 -0.164237 -0.147338 0.0972582 -0.164237 -0.154043 0.103864 -0.164237 -0.161612 0.109618 -0.164237 -0.169925 0.114401 -0.164237 -0.178832 0.118134 -0.164237 -0.18816 0.120776 -0.164237 -0.197724 0.110028 -0.172117 -0.218464 0.109833 -0.172279 -0.223693 0.0861153 -0.17447 -0.19203 0.0593601 -0.174752 -0.172381 0.0627832 -0.17365 -0.163986 0.06575 -0.172443 -0.156709 0.0738354 -0.172117 -0.159315 0.0682603 -0.171132 -0.150552 0.0761792 -0.170958 -0.154279 0.0703141 -0.169715 -0.145515 0.0781387 -0.169719 -0.150068 0.0723427 -0.167663 -0.14054 0.0803963 -0.167666 -0.145217 0.0730527 -0.166567 -0.138798 0.0811865 -0.16657 -0.143519 0.0735598 -0.165425 -0.137554 0.0817509 -0.165426 -0.142306 0.0738641 -0.164236 -0.136808 0.119805 -0.167666 -0.209622 0.120053 -0.167856 -0.219122 0.120982 -0.16657 -0.208557 0.121342 -0.166718 -0.218061 0.121823 -0.165426 -0.207796 0.122263 -0.16553 -0.217303 0.122816 -0.16429 -0.216847 0.113521 -0.170958 -0.215305 0.111211 -0.171897 -0.226403 0.116441 -0.169719 -0.212664 0.116368 -0.169978 -0.222156 0.102898 -0.172117 -0.192823 0.0985958 -0.172117 -0.184812 0.0934208 -0.172117 -0.177334 0.0874787 -0.172117 -0.170526 0.0809009 -0.172117 -0.164495 0.089574 -0.165426 -0.148042 0.096857 -0.165426 -0.154719 0.103436 -0.165426 -0.162257 0.109166 -0.165426 -0.170536 0.11393 -0.165426 -0.179406 0.117647 -0.165426 -0.188696 0.120278 -0.165426 -0.19822 0.0889555 -0.16657 -0.149215 0.0961882 -0.16657 -0.155846 0.102722 -0.16657 -0.163332 0.108412 -0.16657 -0.171554 0.113143 -0.16657 -0.180363 0.116834 -0.16657 -0.189588 0.119447 -0.16657 -0.199046 0.0880897 -0.167666 -0.150857 0.0952521 -0.167666 -0.157424 0.101722 -0.167666 -0.164837 0.107357 -0.167666 -0.172979 0.112042 -0.167666 -0.181702 0.115697 -0.167666 -0.190838 0.118285 -0.167666 -0.200204 0.0856161 -0.169719 -0.15555 0.0925772 -0.169719 -0.161932 0.0988656 -0.169719 -0.169137 0.104342 -0.169719 -0.177051 0.108896 -0.169719 -0.185529 0.112448 -0.169719 -0.194408 0.114963 -0.169719 -0.203511 0.083469 -0.170958 -0.159623 0.0902556 -0.170958 -0.165845 0.0963863 -0.170958 -0.17287 0.101726 -0.170958 -0.180585 0.106165 -0.170958 -0.18885 0.109628 -0.170958 -0.197506 0.11208 -0.170958 -0.206381 0.115 -0.170565 -0.234871 0.0830328 -0.176857 -0.373345 0.0937098 -0.175543 -0.380466 0.0921723 -0.175761 -0.364197 0.116605 -0.169869 -0.308848 0.116061 -0.170116 -0.395373 0.118559 -0.168847 -0.397038 0.120158 -0.167775 -0.30857 0.115 -0.170565 -0.327629 0.109272 -0.172461 -0.339864 0.108319 -0.172717 -0.390209 0.113008 -0.17131 -0.393336 0.115 -0.170565 -0.28125 0.123 -0.163 -0.4 0.122722 -0.164577 -0.399815 0.12285 -0.164165 -0.30836 0.122402 -0.165289 -0.308395 0.121488 -0.166561 -0.308466 0.0974151 -0.17497 -0.357972 0.102731 -0.174001 -0.386482 0.105198 -0.173475 -0.346897 0.12189 -0.166077 -0.39926 0.120502 -0.1675 -0.398334 0.11356 0.1685 -0.0742722 0.11356 -0.105 -0.0742722 0.117579 0.1685 -0.0794709 0.117579 -0.105 -0.0794709 0.120555 0.1685 -0.0853291 0.120555 -0.105 -0.0853291 0.122383 0.1685 -0.0916403 0.122383 -0.105 -0.0916403 0.123 0.1685 -0.098182 0.123 -0.105 -0.098182 -0.122256 -0.103 -0.205145 -0.120333 -0.163 -0.194949 -0.120035 -0.103 -0.193785 -0.117036 -0.163 -0.18448 -0.116375 -0.103 -0.182804 -0.11249 -0.163 -0.17449 -0.111335 -0.103 -0.172383 -0.106762 -0.163 -0.165128 -0.105 -0.103 -0.162696 -0.0984096 -0.105 -0.154877 -0.0999363 -0.163 -0.156533 -0.0921154 -0.163 -0.148833 -0.105 -0.105 -0.162696 -0.123 -0.103 -0.216696 -0.123 -0.163 -0.216696 -0.122331 -0.163 -0.205741 -0.0834153 -0.163 -0.142142 -0.0827916 -0.105 -0.141724 -0.0909748 -0.105 -0.147856 0.105 -0.0650173 -0.0658037 0.105 -0.0650173 0 0.101649 -0.0701402 -0.062824 0.0985539 -0.074427 0 0.0948976 -0.079036 -0.0573145 0.0650173 -0.105 0 0.0650173 -0.105 -0.0392449 0.074427 -0.0985539 0 0.0737374 -0.0990709 -0.0435947 0.0832019 -0.0912671 0 0.0837578 -0.0907573 -0.0494852 0.0912671 -0.0832019 0 0.0895266 -0.085072 -0.0533575 0.109865 0.179773 -0.213606 0.103692 0.181954 -0.211121 0.109964 0.179773 -0.212241 0.0612146 0.1915 -0.203534 0.0814708 0.18749 -0.207152 0.0611169 0.1915 -0.204907 0.103578 0.181954 -0.212567 0.115109 0.177417 -0.214473 0.115198 0.177418 -0.213175 0.118146 0.175597 -0.214975 0.118228 0.175597 -0.213717 0.120491 0.17366 -0.215363 0.0909632 0.185377 -0.208847 0.0974689 0.183711 -0.211557 0.0908219 0.185377 -0.210458 0.081309 0.18749 -0.208885 0.0746681 0.188848 -0.207788 0.061009 0.1915 -0.20553 0.123 0.1685 -0.214569 0.122928 0.1685 -0.215765 0.122841 0.169866 -0.21454 0.122769 0.169866 -0.215739 0.122374 0.17118 -0.214457 0.122301 0.17118 -0.215662 0.120569 0.17366 -0.214135 0.118 0.114689 -0.223229 0.0318302 0.0525 -0.272979 0.0370471 0.0562822 -0.270151 0.0423547 0.0601665 -0.267663 0.0495129 0.0654676 -0.264974 0.0566572 0.0708392 -0.263156 0.0636338 0.0761795 -0.262393 0.0674291 0.0791338 -0.262505 0.0710607 0.0820022 -0.263055 0.0741101 0.0844502 -0.263939 0.0787409 0.0882649 -0.266321 0.0824831 0.0914881 -0.269749 0.0852627 0.094056 -0.274155 0.0867628 0.095609 -0.278321 0.0875666 0.0966342 -0.282618 0.0992815 0.117813 -0.411966 0.122928 0.117813 -0.215765 0.122196 0.117501 -0.218497 0.12156 0.117124 -0.219738 0.119962 0.116072 -0.221747 0.0878144 0.0972502 -0.287151 0.0874523 0.0975 -0.292827 0.0734683 0.0975 -0.408855 0.0992815 0.1685 -0.411966 0 -0.103 -0.523 0 -0.163 -0.523 -0.0137716 -0.103 -0.522227 -0.0137716 -0.163 -0.522227 -0.0273701 -0.103 -0.519916 -0.0273701 -0.163 -0.519916 -0.0406243 -0.103 -0.516098 -0.0406243 -0.163 -0.516098 -0.0533677 -0.103 -0.510819 -0.0533677 -0.163 -0.510819 -0.0654399 -0.103 -0.504147 -0.0654399 -0.163 -0.504147 -0.0766893 -0.103 -0.496165 -0.0766893 -0.163 -0.496165 -0.0869741 -0.103 -0.486974 -0.0869741 -0.163 -0.486974 -0.0961653 -0.103 -0.476689 -0.0961653 -0.163 -0.476689 -0.104147 -0.103 -0.46544 -0.104147 -0.163 -0.46544 -0.110819 -0.103 -0.453368 -0.110819 -0.163 -0.453368 -0.116098 -0.103 -0.440624 -0.116098 -0.163 -0.440624 -0.119916 -0.103 -0.42737 -0.119916 -0.163 -0.42737 -0.122227 -0.103 -0.413772 -0.122227 -0.163 -0.413772 -0.123 -0.103 -0.4 -0.123 -0.163 -0.4 0.057 -0.0925803 -0.258447 0.0910813 -0.103 -0.238771 0.0910813 -0.103 -0.340491 0.0832331 -0.100601 -0.334804 0.0760316 -0.0983989 -0.330649 0.0685426 -0.0961093 -0.327215 0.0628013 -0.094354 -0.325116 0.057 -0.0925803 -0.323423 0.122528 -0.164674 -0.406007 0.122227 -0.163 -0.413772 -0.121613 -0.166262 -0.404822 -0.120502 -0.1675 -0.398334 -0.12189 -0.166077 -0.39926 0.00778128 -0.178179 -0.429764 0.00793653 -0.177201 -0.450199 0.0157552 -0.177201 -0.44902 -0.0148388 -0.178216 -0.427625 -0.00918984 -0.17824 -0.428034 -0.0106701 -0.17836 -0.424663 -0.011 -0.178455 -0.421998 0.0601013 -0.178258 -0.389711 0.0564613 -0.178374 -0.39165 0.0600313 -0.178216 -0.391775 0.0219158 -0.178216 -0.425596 0.028605 -0.178216 -0.422858 0.0223763 -0.178927 -0.403214 0.0158672 -0.178965 -0.404231 0.0148388 -0.178216 -0.427625 0.0104426 -0.178577 -0.418532 0.0109913 -0.178439 -0.422426 -0.00870042 -0.178693 -0.415259 -0.0108747 -0.178986 -0.404772 -0.0104716 -0.178574 -0.418621 0.0103962 -0.178328 -0.425583 0.00929598 -0.178246 -0.42787 0.122024 -0.164674 -0.412521 0.119916 -0.163 -0.42737 0.120257 -0.164674 -0.424085 0.118105 -0.164674 -0.433003 0.116098 -0.163 -0.440624 0.115103 -0.164674 -0.442253 0.110819 -0.163 -0.453368 0.111139 -0.164674 -0.451752 0.0961653 -0.163 -0.476689 0.0981488 -0.164674 -0.473402 0.0924347 -0.164674 -0.480461 0.0869741 -0.163 -0.486974 0.0859888 -0.164674 -0.4873 0.0766893 -0.163 -0.496165 0.0697076 -0.164674 -0.50075 0.0654399 -0.163 -0.504147 0.059705 -0.164674 -0.506969 0.0533677 -0.163 -0.510819 0.0543876 -0.164674 -0.509763 0.0488761 -0.164674 -0.512321 0.0406243 -0.163 -0.516098 0.0396923 -0.164674 -0.515878 0.0273701 -0.163 -0.519916 0.0202546 -0.164674 -0.520793 0.0137716 -0.163 -0.522227 0.0101797 -0.164674 -0.522054 -0.0101797 -0.164674 -0.522054 -0.0202546 -0.164674 -0.520793 -0.0301236 -0.164674 -0.518721 -0.0396923 -0.164674 -0.515878 -0.0488761 -0.164674 -0.512321 -0.059705 -0.164674 -0.506969 -0.0697076 -0.164674 -0.50075 -0.0788056 -0.164674 -0.49382 -0.0859888 -0.164674 -0.4873 -0.0924347 -0.164674 -0.480461 -0.10839 -0.164674 -0.457266 -0.111139 -0.164674 -0.451752 -0.118105 -0.164674 -0.433003 -0.121296 -0.164674 -0.418205 -0.122024 -0.164674 -0.412521 0.121613 -0.166262 -0.404822 0.119692 -0.167715 -0.409582 0.121193 -0.166262 -0.410731 0.117983 -0.169087 -0.402862 0.117477 -0.169087 -0.409262 0.115746 -0.167715 -0.430706 0.117855 -0.167715 -0.421966 0.115259 -0.169087 -0.422692 0.112677 -0.169087 -0.432269 0.112805 -0.167715 -0.439771 0.109053 -0.169087 -0.442198 0.0772318 -0.167715 -0.490308 0.0771217 -0.169087 -0.486254 0.0724893 -0.169087 -0.490046 0.0683154 -0.167715 -0.497099 0.0658895 -0.169087 -0.494819 0.0585127 -0.167715 -0.503195 0.0513255 -0.169087 -0.503168 0.0479 -0.167715 -0.508439 0.0165765 -0.167715 -0.517244 0.0247173 -0.167715 -0.515825 0.0214237 -0.169087 -0.512941 0.0107789 -0.169087 -0.514407 0.00831805 -0.167715 -0.518104 -0.0107789 -0.169087 -0.514407 -0.0214237 -0.169087 -0.512941 -0.0165765 -0.167715 -0.517244 -0.0585127 -0.167715 -0.503195 -0.0479 -0.167715 -0.508439 -0.0513255 -0.169087 -0.503168 -0.0588251 -0.169087 -0.499213 -0.0683154 -0.167715 -0.497099 -0.0724893 -0.169087 -0.490046 -0.0772318 -0.167715 -0.490308 -0.0771217 -0.169087 -0.486254 -0.112805 -0.167715 -0.439771 -0.109053 -0.169087 -0.442198 -0.112677 -0.169087 -0.432269 -0.115746 -0.167715 -0.430706 -0.115259 -0.169087 -0.422692 -0.117855 -0.167715 -0.421966 0.0375268 -0.174945 -0.473105 0.0324975 -0.174945 -0.475039 0.0372779 -0.173442 -0.486746 0.0890067 -0.176156 -0.382757 0.088492 -0.176156 -0.388375 0.0970307 -0.174945 -0.393282 0.0930578 -0.174945 -0.412368 0.09519 -0.174945 -0.404458 0.0864221 -0.176156 -0.399384 0.0839302 -0.176156 -0.407539 0.0900644 -0.174945 -0.420567 0.0804067 -0.176156 -0.415975 0.0860909 -0.174945 -0.428955 0.0757067 -0.176156 -0.424542 0.0810268 -0.174945 -0.437396 0.0598675 -0.174945 -0.460084 0.0672895 -0.174945 -0.453694 0.0595307 -0.176156 -0.443818 0.0515463 -0.174945 -0.465883 0.0534994 -0.176156 -0.448768 0.0195729 -0.176156 -0.464426 0.00987681 -0.176156 -0.466052 0.014782 -0.174945 -0.479484 0.00742311 -0.174945 -0.480327 0 -0.176156 -0.466601 0 -0.174945 -0.48061 -0.014782 -0.174945 -0.479484 -0.00742311 -0.174945 -0.480327 -0.00987681 -0.176156 -0.466052 -0.0195729 -0.176156 -0.464426 -0.0220141 -0.174945 -0.478094 -0.0273195 -0.174945 -0.476707 -0.0289186 -0.176156 -0.461781 -0.0324975 -0.174945 -0.475039 -0.0375268 -0.174945 -0.473105 -0.0377643 -0.176156 -0.458209 -0.0423887 -0.174945 -0.470921 -0.045988 -0.176156 -0.453827 -0.0515463 -0.174945 -0.465883 -0.0534994 -0.176156 -0.448768 -0.0598675 -0.174945 -0.460084 -0.0595307 -0.176156 -0.443818 -0.0810268 -0.174945 -0.437396 -0.0728748 -0.176156 -0.428814 -0.0757067 -0.176156 -0.424542 -0.0860909 -0.174945 -0.428955 -0.0804067 -0.176156 -0.415975 -0.0900644 -0.174945 -0.420567 -0.0839302 -0.176156 -0.407539 -0.0930578 -0.174945 -0.412368 -0.0864221 -0.176156 -0.399384 0.0377643 -0.176156 -0.458209 0.0351069 -0.177201 -0.442431 0.0306014 -0.177201 -0.444475 0.0289186 -0.176156 -0.461781 0.0233439 -0.177201 -0.447094 -0.00793653 -0.177201 -0.450199 -0.0157552 -0.177201 -0.44902 -0.0233439 -0.177201 -0.447094 -0.0306014 -0.177201 -0.444475 -0.0394154 -0.177201 -0.440146 -0.0437013 -0.177201 -0.437519 0.0771156 -0.177201 -0.390617 0.0667251 -0.177994 -0.385767 0.0748921 -0.177201 -0.397894 0.0675541 -0.177201 -0.413065 0.071748 -0.177201 -0.405421 0 -0.177201 -0.450596 0.00519444 -0.178111 -0.431685 0.00213125 -0.178072 -0.432781 0 -0.178064 -0.432989 -0.00335968 -0.178083 -0.432463 -0.00650835 -0.17814 -0.430857 -0.0219158 -0.178216 -0.425596 -0.0675541 -0.177201 -0.413065 -0.0559378 -0.178216 -0.398995 -0.0600313 -0.178216 -0.391775 0 -0.164674 -0.522477 -0.0830328 -0.176857 -0.373345 -0.0937098 -0.175543 -0.380466 -0.0890067 -0.176156 -0.382757 -0.088492 -0.176156 -0.388375 -0.0788855 -0.177201 -0.381398 -0.0783089 -0.177289 -0.377394 0.0784315 -0.177279 -0.377294 0.0788855 -0.177201 -0.381398 -0.00679086 -0.178996 -0.405064 -0.00634628 -0.178772 -0.413004 -0.0041873 -0.178814 -0.411817 -0.00215801 -0.178836 -0.411203 0 -0.178843 -0.410989 0 -0.179003 -0.40525 0.105182 -0.173442 -0.393994 0.11154 -0.171744 -0.398401 0.115096 -0.170462 -0.400864 0.121296 -0.164674 -0.418205 0.120448 -0.166262 -0.416884 0.119333 -0.166262 -0.42327 0.117198 -0.166262 -0.43212 0.11422 -0.166262 -0.441299 0.110286 -0.166262 -0.450725 0.10839 -0.164674 -0.457266 0.107547 -0.166262 -0.456218 0.105269 -0.164674 -0.462801 0.104436 -0.166262 -0.461731 0.101896 -0.164674 -0.468121 0.1011 -0.166262 -0.466989 0.0973954 -0.166262 -0.472209 0.0917251 -0.166262 -0.479214 0.0853287 -0.166262 -0.485999 0.0788056 -0.164674 -0.49382 0.0782007 -0.166262 -0.49247 0.0691724 -0.166262 -0.499346 0.0592467 -0.166262 -0.505518 0.0539701 -0.166262 -0.50829 0.0485008 -0.166262 -0.510829 0.0393876 -0.166262 -0.514359 0.0301236 -0.164674 -0.518721 0.0298923 -0.166262 -0.51718 0.0200991 -0.166262 -0.519236 0.0101016 -0.166262 -0.520487 0 -0.166262 -0.520907 -0.0101016 -0.166262 -0.520487 -0.0200991 -0.166262 -0.519236 -0.0298923 -0.166262 -0.51718 -0.0393876 -0.166262 -0.514359 -0.0485008 -0.166262 -0.510829 -0.0543876 -0.164674 -0.509763 -0.0539701 -0.166262 -0.50829 -0.0592467 -0.166262 -0.505518 -0.0691724 -0.166262 -0.499346 -0.0782007 -0.166262 -0.49247 -0.0853287 -0.166262 -0.485999 -0.0917251 -0.166262 -0.479214 -0.0981488 -0.164674 -0.473402 -0.0973954 -0.166262 -0.472209 -0.101896 -0.164674 -0.468121 -0.1011 -0.166262 -0.466989 -0.105269 -0.164674 -0.462801 -0.104436 -0.166262 -0.461731 -0.107547 -0.166262 -0.456218 -0.110286 -0.166262 -0.450725 -0.115103 -0.164674 -0.442253 -0.11422 -0.166262 -0.441299 -0.117198 -0.166262 -0.43212 -0.120257 -0.164674 -0.424085 -0.119333 -0.166262 -0.42327 -0.120448 -0.166262 -0.416884 -0.121193 -0.166262 -0.410731 -0.122528 -0.164674 -0.406007 -0.122722 -0.164577 -0.399815 -0.119692 -0.167715 -0.409582 -0.118559 -0.168847 -0.397038 -0.117983 -0.169087 -0.402862 -0.116061 -0.170116 -0.395373 -0.113008 -0.17131 -0.393336 -0.115096 -0.170462 -0.400864 -0.108319 -0.172717 -0.390209 -0.11154 -0.171744 -0.398401 -0.102731 -0.174001 -0.386482 -0.105182 -0.173442 -0.393994 -0.0970307 -0.174945 -0.393282 -0.0731102 -0.177655 -0.381404 -0.0781582 -0.177201 -0.385921 -0.0686343 -0.177903 -0.384523 -0.0771156 -0.177201 -0.390617 -0.0638341 -0.178118 -0.387557 -0.0748921 -0.177201 -0.397894 -0.071748 -0.177201 -0.405421 0.0559378 -0.178216 -0.398995 0.052837 -0.178474 -0.393429 0.05332 -0.178216 -0.402724 0.0490732 -0.178564 -0.395126 0.0503489 -0.178216 -0.406386 0.0440907 -0.178664 -0.397146 0.0472865 -0.178216 -0.409671 0.0388988 -0.17875 -0.398991 0.0439133 -0.178216 -0.412827 0.0404008 -0.178216 -0.415688 0.0336631 -0.17882 -0.400593 0.036614 -0.178216 -0.418363 0.0280953 -0.178879 -0.402025 0.0327229 -0.178216 -0.420728 0.0394154 -0.177201 -0.440146 0.045988 -0.176156 -0.453827 0.0423887 -0.174945 -0.470921 0.00820066 -0.178993 -0.404979 0.00411125 -0.179 -0.405182 0.00610596 -0.178778 -0.412839 0.00899069 -0.178679 -0.415651 0.00318766 -0.178827 -0.411461 -0.0149284 -0.17897 -0.404348 -0.0189934 -0.178949 -0.403787 -0.0230066 -0.178922 -0.403097 -0.028605 -0.178216 -0.422858 -0.0351069 -0.177201 -0.442431 -0.0327229 -0.178216 -0.420728 -0.0283774 -0.178877 -0.401959 -0.036614 -0.178216 -0.418363 -0.0336101 -0.178821 -0.400608 -0.0404008 -0.178216 -0.415688 -0.0439133 -0.178216 -0.412827 -0.039205 -0.178745 -0.398889 -0.0472865 -0.178216 -0.409671 -0.0445878 -0.178655 -0.396956 -0.0503489 -0.178216 -0.406386 -0.05332 -0.178216 -0.402724 -0.0495498 -0.178554 -0.39492 -0.0545602 -0.178429 -0.392602 -0.0587964 -0.178302 -0.390424 0.104147 -0.163 -0.46544 0.118955 -0.167715 -0.415658 0.10892 -0.167715 -0.44908 0.106196 -0.167715 -0.45454 0.103101 -0.167715 -0.460018 0.0998248 -0.167715 -0.465177 0.0961887 -0.167715 -0.470298 0.0905887 -0.167715 -0.477216 0.0842716 -0.167715 -0.483918 0.0418077 -0.169087 -0.507254 0.0423057 -0.167715 -0.510704 0.0365518 -0.167715 -0.512702 0.0306939 -0.167715 -0.514409 0 -0.167715 -0.518393 -0.00831805 -0.167715 -0.518104 -0.0247173 -0.167715 -0.515825 -0.0306939 -0.167715 -0.514409 -0.0365518 -0.167715 -0.512702 -0.0423057 -0.167715 -0.510704 -0.0842716 -0.167715 -0.483918 -0.0905887 -0.167715 -0.477216 -0.0961887 -0.167715 -0.470298 -0.0998248 -0.167715 -0.465177 -0.103101 -0.167715 -0.460018 -0.106196 -0.167715 -0.45454 -0.10892 -0.167715 -0.44908 -0.118955 -0.167715 -0.415658 0.116589 -0.169087 -0.415845 0.113726 -0.170462 -0.413536 0.11459 -0.170462 -0.407191 0.1102 -0.171744 -0.410691 0.111032 -0.171744 -0.404636 0.103897 -0.173442 -0.4056 0.104673 -0.173442 -0.400062 0.0962952 -0.174945 -0.398759 0.087657 -0.176156 -0.393768 0.0781582 -0.177201 -0.385921 0.0733209 -0.177642 -0.38125 0.112443 -0.170462 -0.420134 0.108973 -0.171744 -0.416981 0.102771 -0.173442 -0.411346 0.0814761 -0.169087 -0.482309 0.0876918 -0.169087 -0.475925 0.0932315 -0.169087 -0.46932 0.0981096 -0.169087 -0.462574 0.101348 -0.169087 -0.457469 0.104241 -0.169087 -0.452354 0.0588251 -0.169087 -0.499213 0.031806 -0.169087 -0.510537 0 -0.169087 -0.514899 -0.031806 -0.169087 -0.510537 -0.0418077 -0.169087 -0.507254 -0.0658895 -0.169087 -0.494819 -0.0814761 -0.169087 -0.482309 -0.0876918 -0.169087 -0.475925 -0.0932315 -0.169087 -0.46932 -0.0981096 -0.169087 -0.462574 -0.101348 -0.169087 -0.457469 -0.104241 -0.169087 -0.452354 -0.116589 -0.169087 -0.415845 -0.117477 -0.169087 -0.409262 0.109924 -0.170462 -0.429477 0.106388 -0.170462 -0.439162 0.101695 -0.170462 -0.449071 0.0988721 -0.170462 -0.45406 0.0957126 -0.170462 -0.459041 0.0909537 -0.170462 -0.465622 0.0855493 -0.170462 -0.472066 0.0794855 -0.170462 -0.478294 0.0752375 -0.170462 -0.482143 0.0707183 -0.170462 -0.485842 0.0642797 -0.170462 -0.490498 0.0573878 -0.170462 -0.494785 0.0500715 -0.170462 -0.498643 0.0407862 -0.170462 -0.50263 0.0310289 -0.170462 -0.505833 0.0209003 -0.170462 -0.508177 0.0105155 -0.170462 -0.509607 0 -0.170462 -0.510088 -0.0105155 -0.170462 -0.509607 -0.0209003 -0.170462 -0.508177 -0.0310289 -0.170462 -0.505833 -0.0407862 -0.170462 -0.50263 -0.0500715 -0.170462 -0.498643 -0.0573878 -0.170462 -0.494785 -0.0642797 -0.170462 -0.490498 -0.0707183 -0.170462 -0.485842 -0.0752375 -0.170462 -0.482143 -0.0794855 -0.170462 -0.478294 -0.0855493 -0.170462 -0.472066 -0.0909537 -0.170462 -0.465622 -0.0957126 -0.170462 -0.459041 -0.0988721 -0.170462 -0.45406 -0.101695 -0.170462 -0.449071 -0.106388 -0.170462 -0.439162 -0.109924 -0.170462 -0.429477 -0.112443 -0.170462 -0.420134 -0.113726 -0.170462 -0.413536 -0.11459 -0.170462 -0.407191 0.106532 -0.171744 -0.426036 0.103106 -0.171744 -0.435423 0.0985567 -0.171744 -0.445026 0.0958214 -0.171744 -0.449861 0.0927593 -0.171744 -0.454688 0.0881472 -0.171744 -0.461066 0.0829096 -0.171744 -0.467311 0.0770329 -0.171744 -0.473347 0.0685362 -0.171744 -0.480662 0.0638338 -0.171744 -0.484123 0.0588742 -0.171744 -0.487384 0.0538106 -0.171744 -0.490344 0.0485265 -0.171744 -0.493068 0.0457645 -0.173442 -0.483102 0.0508149 -0.173442 -0.480496 0.0395278 -0.171744 -0.496932 0.0300715 -0.171744 -0.500036 0.0202554 -0.171744 -0.502308 0.0101911 -0.171744 -0.503694 0 -0.171744 -0.50416 -0.0101911 -0.171744 -0.503694 -0.0202554 -0.171744 -0.502308 -0.0300715 -0.171744 -0.500036 -0.0395278 -0.171744 -0.496932 -0.0485265 -0.171744 -0.493068 -0.0538106 -0.171744 -0.490344 -0.0588742 -0.171744 -0.487384 -0.0638338 -0.171744 -0.484123 -0.0685362 -0.171744 -0.480662 -0.0646352 -0.173442 -0.471402 -0.0556514 -0.173442 -0.477662 -0.0770329 -0.171744 -0.473347 -0.0829096 -0.171744 -0.467311 -0.0881472 -0.171744 -0.461066 -0.0927593 -0.171744 -0.454688 -0.0958214 -0.171744 -0.449861 -0.0985567 -0.171744 -0.445026 -0.103106 -0.171744 -0.435423 -0.106532 -0.171744 -0.426036 -0.108973 -0.171744 -0.416981 -0.1102 -0.171744 -0.410691 -0.111032 -0.171744 -0.404636 0.100469 -0.173442 -0.419885 0.097237 -0.173442 -0.428738 0.0929471 -0.173442 -0.437794 0.0874797 -0.173442 -0.446907 0.0841769 -0.173442 -0.451553 0.0805258 -0.173442 -0.456135 0.0767477 -0.173442 -0.460377 0.0726483 -0.173442 -0.464503 0.0711921 -0.174945 -0.44976 0.0649331 -0.176156 -0.438544 0.0554478 -0.177201 -0.428093 0.0589878 -0.177201 -0.424425 0.0646352 -0.173442 -0.471402 0.0556514 -0.173442 -0.477662 0.0283599 -0.173442 -0.489673 0.0191025 -0.173442 -0.491816 0.00961101 -0.173442 -0.493123 0 -0.173442 -0.493562 -0.00961101 -0.173442 -0.493123 -0.0191025 -0.173442 -0.491816 -0.0283599 -0.173442 -0.489673 -0.0372779 -0.173442 -0.486746 -0.0457645 -0.173442 -0.483102 -0.0508149 -0.173442 -0.480496 -0.0726483 -0.173442 -0.464503 -0.0767477 -0.173442 -0.460377 -0.0805258 -0.173442 -0.456135 -0.0841769 -0.173442 -0.451553 -0.0874797 -0.173442 -0.446907 -0.0747797 -0.174945 -0.445713 -0.0697041 -0.176156 -0.43304 -0.0621979 -0.177201 -0.420648 -0.0929471 -0.173442 -0.437794 -0.097237 -0.173442 -0.428738 -0.100469 -0.173442 -0.419885 -0.102771 -0.173442 -0.411346 -0.103897 -0.173442 -0.4056 -0.104673 -0.173442 -0.400062 0.0747797 -0.174945 -0.445713 0.0621979 -0.177201 -0.420648 0.0697041 -0.176156 -0.43304 0.0273195 -0.174945 -0.476707 0.0220141 -0.174945 -0.478094 -0.0672895 -0.174945 -0.453694 -0.0711921 -0.174945 -0.44976 -0.09519 -0.174945 -0.404458 -0.0962952 -0.174945 -0.398759 0.0728748 -0.176156 -0.428814 -0.0649331 -0.176156 -0.438544 -0.087657 -0.176156 -0.393768 0.0517436 -0.177201 -0.431472 0.0477382 -0.177201 -0.434683 0.0437013 -0.177201 -0.437519 -0.0477382 -0.177201 -0.434683 -0.0517436 -0.177201 -0.431472 -0.0554478 -0.177201 -0.428093 -0.0589878 -0.177201 -0.424425 0.105 0.0650173 -0.0658037 0.105 0.0650173 0 -0.105 -0.0650173 -0.08 -0.105 -0.0650173 0 -0.105 0.0650173 -0.08 -0.105 0.0650173 0 -0.0966292 0.0769093 -0.059704 -0.0912671 0.0832019 0 -0.0936399 0.0805222 -0.0566062 -0.0903319 0.0842163 -0.0539283 -0.0985539 0.074427 0 -0.0991174 0.0736749 -0.0629961 -0.100488 0.071795 -0.0652264 -0.102602 0.0687392 -0.0696849 -0.104088 0.0664682 -0.0744773 -0.104609 0.0656445 -0.0772003 -0.104916 0.0651521 -0.08 -0.0846262 0.089948 -0.0500445 -0.0832019 0.0912671 0 -0.0785056 0.0953369 -0.0462721 -0.074427 0.0985539 0 -0.0757035 0.0975768 -0.0446721 -0.0650173 0.105 0 -0.0650173 0.105 -0.0392449 0.0650173 0.105 0 0.0650173 0.105 -0.0392449 0.0526039 0.105 -0.0341679 0.0397992 0.105 -0.0301794 0.0266984 0.105 -0.0273091 0.013399 0.105 -0.0255784 0 0.105 -0.025 -0.013399 0.105 -0.0255784 -0.0266984 0.105 -0.0273091 -0.0397992 0.105 -0.0301794 -0.0526039 0.105 -0.0341679 0.074427 0.0985539 0 0.0832019 0.0912671 0 0.0797087 0.0943333 -0.0469831 0.087468 0.0871872 -0.0519325 0.0912671 0.0832019 0 0.0938316 0.0802987 -0.0565005 0.0712978 0.100841 -0.0423085 0.0997077 0.072874 -0.0611745 0.0985539 0.074427 0 -0.104916 -0.0651521 -0.08 0.0610036 0.1915 -0.205555 0.0517408 0.1915 -0.249922 0.0984761 0.17178 -0.411876 0.101088 0.172299 -0.387556 0.096152 0.174705 -0.411618 0.103358 0.175357 -0.343628 0.102104 0.173386 -0.372294 0.0974953 0.173285 -0.411767 0.0925851 0.177228 -0.411222 0.100712 0.177873 -0.33033 0.102991 0.176613 -0.330742 0.0945225 0.176003 -0.411437 0.0878494 0.179477 -0.410695 0.0992878 0.179187 -0.317136 0.0197538 0.1915 -0.403129 0.02858 0.1915 -0.360854 0.0372973 0.189442 -0.405078 0.0575432 0.189121 -0.29847 0.0399978 0.1915 -0.306166 0.0884417 0.182743 -0.315129 0.0816562 0.181606 -0.410007 0.0744291 0.183493 -0.409204 0.0739251 0.186001 -0.312442 0.0608182 0.187989 -0.323114 0.0990773 0.170187 -0.411943 0.0958051 0.180509 -0.316492 0.0665822 0.185124 -0.408332 0.0814892 0.184435 -0.313842 0.0580449 0.186593 -0.407384 0.0458267 0.188357 -0.406026 0.012873 0.1915 -0.415306 0.0329708 0.188356 -0.4324 0.0298442 0.188356 -0.435301 0.0153895 0.1915 -0.412777 0.045063 0.188356 -0.410287 0.0188859 0.1915 -0.406589 0.0970233 0.1685 -0.424217 0.0975195 0.170167 -0.421211 0.0646417 0.1685 -0.476299 0.0713887 0.170166 -0.46974 0.073627 0.1685 -0.467669 0.0932592 0.1685 -0.436093 0.0951106 0.170167 -0.430231 0.0439167 0.188356 -0.414421 0.0424026 0.188356 -0.418406 0.0814695 0.1685 -0.457989 0.0830968 0.170166 -0.455271 0.0880476 0.1685 -0.447409 0.0775933 0.170166 -0.462764 0.035805 0.188356 -0.429238 0.0383317 0.188356 -0.425836 0.0174126 0.1915 -0.409839 0.040536 0.188356 -0.422218 0.0513957 0.186593 -0.427976 0.0537551 0.186593 -0.423119 0.0589838 0.185123 -0.431999 0.0616874 0.185123 -0.426413 0.0659582 0.183492 -0.435697 0.0689783 0.183492 -0.42944 0.0715683 0.181872 -0.438672 0.0748423 0.181873 -0.431875 0.0765036 0.180075 -0.441288 0.0800012 0.180075 -0.434017 0.0794279 0.17874 -0.442839 0.0830588 0.178741 -0.435286 0.0819729 0.177306 -0.444188 0.0857196 0.177306 -0.436391 0.0852658 0.174705 -0.445934 0.0891619 0.174705 -0.43782 0.0864723 0.173267 -0.446574 0.0904231 0.173267 -0.438344 0.0873486 0.171742 -0.447039 0.0913392 0.171743 -0.438724 0.0878702 0.170167 -0.447315 0.0918845 0.170167 -0.438951 0.0377979 0.186592 -0.444672 0.0417849 0.186592 -0.440967 0.0433554 0.185123 -0.45122 0.0479435 0.185123 -0.446953 0.0484635 0.183491 -0.457238 0.0536042 0.183492 -0.452455 0.0531685 0.181605 -0.462781 0.0581593 0.181871 -0.456882 0.0572004 0.179476 -0.467531 0.0621663 0.180073 -0.460776 0.064538 0.178739 -0.463082 0.0602828 0.177227 -0.471163 0.0666021 0.177305 -0.465088 0.0626044 0.174704 -0.473898 0.0692748 0.174704 -0.467685 0.0634789 0.173284 -0.474928 0.0702542 0.173266 -0.468637 0.0641174 0.17178 -0.475681 0.0709655 0.171742 -0.469329 0.0645088 0.170186 -0.476142 0.057098 0.186593 -0.412793 0.0655072 0.185124 -0.414545 0.0732364 0.183493 -0.416154 0.0794518 0.181874 -0.417448 0.0849201 0.180077 -0.418587 0.0881624 0.178741 -0.419262 0.090984 0.177306 -0.41985 0.0946333 0.174705 -0.42061 0.0959702 0.173267 -0.420888 0.0969412 0.171743 -0.421091 0.055662 0.186593 -0.418049 0.0638687 0.185124 -0.420583 0.0714119 0.183492 -0.422913 0.0774783 0.181873 -0.424786 0.0828152 0.180076 -0.426434 0.0859791 0.178741 -0.427411 0.0887324 0.177306 -0.428261 0.0922939 0.174705 -0.429361 0.0935986 0.173267 -0.429764 0.0945463 0.171743 -0.430057 0.048602 0.186592 -0.432589 0.0557782 0.185123 -0.437308 0.0623741 0.183492 -0.441645 0.0676802 0.181872 -0.445134 0.0723482 0.180074 -0.448203 0.0751132 0.17874 -0.450021 0.0775195 0.177305 -0.451603 0.0806337 0.174704 -0.453651 0.0817748 0.173267 -0.454401 0.0826036 0.171742 -0.454946 0.0453923 0.186592 -0.436929 0.0520913 0.185123 -0.442304 0.0582486 0.183492 -0.447244 0.0632026 0.181872 -0.451218 0.0675605 0.180074 -0.454715 0.070141 0.178739 -0.456785 0.0723869 0.177305 -0.458587 0.075294 0.174704 -0.460919 0.0763592 0.173267 -0.461774 0.0771329 0.171742 -0.462394 -0.00030409 0.1915 -0.419998 0.00264687 0.188356 -0.446149 -0.00168228 0.188356 -0.446193 0.00325409 0.1915 -0.419736 0.055281 0.1685 -0.483331 0.0570635 0.170166 -0.481876 0.0451625 0.1685 -0.489221 0.0491626 0.170166 -0.486851 0.0264636 0.188356 -0.437902 0.034425 0.1685 -0.493888 0.0408673 0.170166 -0.491048 0.0190995 0.188356 -0.442097 0.00994997 0.1915 -0.417352 0.0228739 0.188356 -0.440171 0.0116879 0.1685 -0.499315 0.0141944 0.170167 -0.498785 0.0232155 0.1685 -0.497268 0 0.1685 -0.5 0.00490088 0.170167 -0.499679 0.00691418 0.188356 -0.445706 0.0289052 0.186592 -0.450881 0.033484 0.186592 -0.447991 0.0331195 0.185123 -0.458364 0.0383894 0.185123 -0.45504 0.036993 0.183491 -0.465242 0.0428981 0.183491 -0.46152 0.0401101 0.181871 -0.470776 0.0465269 0.181871 -0.466735 0.0428521 0.180073 -0.475645 0.049719 0.180072 -0.471322 0.0444749 0.178739 -0.478527 0.0516074 0.178738 -0.474036 0.0458873 0.177305 -0.481035 0.053251 0.177305 -0.476398 0.0477161 0.174704 -0.484282 0.0553798 0.174704 -0.479457 0.0483864 0.173266 -0.485472 0.05616 0.173266 -0.480578 0.0488731 0.171741 -0.486336 0.0567265 0.171741 -0.481392 0.00670791 0.1915 -0.418842 0.015165 0.188356 -0.443669 0.0190815 0.186592 -0.455319 0.0240936 0.186592 -0.453328 0.021818 0.185123 -0.46346 0.0275832 0.185123 -0.461175 0.0243333 0.183492 -0.470942 0.0307905 0.183491 -0.468388 0.0263569 0.181872 -0.476962 0.0333713 0.181871 -0.474191 0.028137 0.180074 -0.482258 0.0356415 0.180073 -0.479297 0.0291912 0.178739 -0.485394 0.0369855 0.178739 -0.482319 0.0301087 0.177305 -0.488123 0.0381553 0.177305 -0.484949 0.0312963 0.174704 -0.491656 0.0396696 0.174704 -0.488355 0.0317314 0.173267 -0.49295 0.0402245 0.173266 -0.489603 0.0320475 0.171742 -0.49389 0.0406276 0.171742 -0.490509 0.0322356 0.170166 -0.49445 0.0233253 0.170166 -0.497035 0.0231905 0.171742 -0.496461 0.0229641 0.173267 -0.495495 0.0226523 0.174704 -0.494165 0.0218015 0.177305 -0.490537 0.0211441 0.17874 -0.487733 0.0203886 0.180074 -0.484511 0.0191133 0.181872 -0.479072 0.0176637 0.183492 -0.47289 0.0158616 0.185123 -0.465204 0.013901 0.186592 -0.456842 0.0110951 0.188356 -0.444876 0.00858446 0.186592 -0.457884 0.00975153 0.185123 -0.466393 0.0108242 0.183492 -0.474214 0.0116871 0.181872 -0.480505 0.0124462 0.180075 -0.486039 0.012896 0.17874 -0.489318 0.0132873 0.177305 -0.492172 0.0137938 0.174704 -0.495865 0.0139794 0.173267 -0.497218 0.0141142 0.171742 -0.4982 -0.00232813 0.186593 -0.458468 0.003164 0.186593 -0.45843 -0.0027794 0.185123 -0.467046 0.00352533 0.185123 -0.467011 -0.00319418 0.183492 -0.474929 0.00385745 0.183492 -0.474899 -0.00357621 0.181606 -0.482191 0.00412458 0.181873 -0.481243 -0.00390359 0.179476 -0.488413 0.00435959 0.180075 -0.486824 0.00449886 0.17874 -0.490132 -0.0041539 0.177227 -0.493171 0.00462005 0.177306 -0.49301 -0.00434244 0.174705 -0.496754 0.00477686 0.174705 -0.496734 -0.00441344 0.173285 -0.498104 0.00483431 0.173267 -0.498098 -0.00446529 0.17178 -0.499089 0.00487604 0.171742 -0.499089 -0.00449707 0.170187 -0.499693 -0.00450786 0.1685 -0.499898 -0.0133324 0.1915 -0.414908 -0.029141 0.188358 -0.435865 -0.0323198 0.188358 -0.433023 -0.010473 0.1915 -0.417042 -0.00599661 0.188356 -0.445833 -0.00385266 0.1915 -0.419628 -0.0168942 0.1685 -0.498563 -0.0138557 0.170167 -0.498833 -0.0712509 0.1685 -0.470166 -0.0642033 0.170168 -0.476406 -0.0619735 0.1685 -0.478481 -0.0290183 0.1685 -0.495697 -0.0230309 0.170167 -0.497106 -0.01022 0.188357 -0.445079 -0.0143286 0.188357 -0.443945 -0.0517342 0.1685 -0.485578 -0.0488988 0.170168 -0.486999 -0.0406921 0.1685 -0.491346 -0.0567824 0.170168 -0.482071 -0.0257287 0.188358 -0.438391 -0.0221067 0.188357 -0.440588 -0.00727771 0.1915 -0.418629 -0.0182988 0.188357 -0.442444 -0.0234172 0.186594 -0.453622 -0.0183754 0.186594 -0.455554 -0.0269936 0.185125 -0.461432 -0.0212029 0.185124 -0.463664 -0.0302808 0.183494 -0.46861 -0.0238019 0.183493 -0.471119 -0.0329237 0.181875 -0.474382 -0.0258917 0.181874 -0.477114 -0.035249 0.180079 -0.47946 -0.0277302 0.180078 -0.482388 -0.0366285 0.178743 -0.482472 -0.0288207 0.178742 -0.485516 -0.0378289 0.177307 -0.485094 -0.0297696 0.177307 -0.488237 -0.0393809 0.174706 -0.488483 -0.0309967 0.174705 -0.491757 -0.0399494 0.173268 -0.489725 -0.0314462 0.173268 -0.493047 -0.0403624 0.171744 -0.490627 -0.0317727 0.171744 -0.493983 -0.0406084 0.170167 -0.491164 -0.0319671 0.170167 -0.494541 -0.0412183 0.186596 -0.441513 -0.0371852 0.186595 -0.445166 -0.047436 0.185127 -0.447445 -0.042806 0.185126 -0.451665 -0.0531509 0.183496 -0.452898 -0.0479723 0.183495 -0.457639 -0.0584132 0.18161 -0.457918 -0.052124 0.181877 -0.462439 -0.0629231 0.179481 -0.462221 -0.0557771 0.180082 -0.466663 -0.0579469 0.178745 -0.469172 -0.0663731 0.177231 -0.465513 -0.059835 0.177308 -0.471355 -0.0689716 0.174707 -0.467992 -0.0622742 0.174707 -0.474175 -0.0699499 0.173287 -0.468925 -0.0631675 0.17327 -0.475208 -0.0706643 0.171782 -0.469607 -0.0638164 0.171746 -0.475958 -0.0711021 0.170187 -0.470024 -0.00779969 0.186593 -0.457993 -0.00905955 0.185124 -0.466489 -0.0102175 0.183493 -0.474298 -0.0111488 0.181873 -0.480579 -0.0119681 0.180076 -0.486104 -0.0124538 0.178741 -0.489379 -0.0128765 0.177306 -0.49223 -0.0134232 0.174705 -0.495917 -0.0136235 0.173267 -0.497268 -0.013769 0.171743 -0.498249 -0.0131591 0.186593 -0.457016 -0.0152128 0.185124 -0.465356 -0.0171005 0.183493 -0.473022 -0.0186184 0.181874 -0.479186 -0.0199538 0.180077 -0.48461 -0.0207457 0.178742 -0.487825 -0.0214348 0.177306 -0.490624 -0.022326 0.174705 -0.494243 -0.0226525 0.173268 -0.495569 -0.0228897 0.171743 -0.496532 -0.0282536 0.186594 -0.451236 -0.0325486 0.185125 -0.458676 -0.0364962 0.183494 -0.465514 -0.0396697 0.181876 -0.471012 -0.0424618 0.18008 -0.475848 -0.0441189 0.178744 -0.478719 -0.0455609 0.177308 -0.481217 -0.0474247 0.174706 -0.484445 -0.0481074 0.173269 -0.485628 -0.0486033 0.171744 -0.486487 -0.0328533 0.186595 -0.448412 -0.0378314 0.185126 -0.455415 -0.0424071 0.183495 -0.461851 -0.0460848 0.181877 -0.467024 -0.0493206 0.180081 -0.471575 -0.0512418 0.178744 -0.474278 -0.0529135 0.177308 -0.476629 -0.0550739 0.174706 -0.479668 -0.0558651 0.173269 -0.480781 -0.0564399 0.171745 -0.481589 -0.0794224 0.1685 -0.460763 -0.0773774 0.170169 -0.463029 -0.0999557 0.1685 -0.402975 -0.0990324 0.170171 -0.412344 -0.0988101 0.1685 -0.415381 -0.0198398 0.1915 -0.402527 -0.0456553 0.188361 -0.406976 -0.0375131 0.189446 -0.402626 -0.0190776 0.1915 -0.406012 -0.0863612 0.1685 -0.450416 -0.0829286 0.170169 -0.455522 -0.035223 0.188359 -0.429901 -0.0400845 0.188359 -0.422965 -0.0157709 0.1915 -0.412304 -0.0378157 0.188359 -0.426541 -0.0961309 0.1685 -0.427547 -0.0950176 0.17017 -0.430519 -0.0919597 0.1685 -0.439286 -0.0974455 0.170171 -0.421545 -0.0177037 0.1915 -0.409305 -0.0420161 0.18836 -0.419197 -0.0435973 0.18836 -0.415261 -0.0448148 0.188361 -0.411179 -0.0461055 0.188362 -0.402674 -0.0481659 0.186597 -0.43319 -0.0448944 0.186596 -0.437501 -0.0553979 0.185128 -0.437836 -0.0516521 0.185127 -0.442812 -0.0620451 0.183497 -0.442106 -0.0578634 0.183497 -0.447693 -0.0673837 0.181881 -0.445536 -0.0628529 0.18188 -0.451614 -0.0720815 0.180086 -0.448554 -0.0672433 0.180085 -0.455065 -0.0748765 0.178749 -0.450349 -0.0698541 0.178748 -0.457117 -0.0773083 0.17731 -0.451912 -0.0721256 0.17731 -0.458902 -0.0804467 0.174708 -0.453928 -0.0750582 0.174708 -0.461206 -0.0815956 0.173271 -0.454666 -0.0761319 0.173271 -0.46205 -0.0824304 0.171748 -0.455202 -0.076912 0.171747 -0.462663 -0.0534317 0.186598 -0.423789 -0.0510169 0.186597 -0.428609 -0.0614082 0.185129 -0.426997 -0.0586557 0.185129 -0.432552 -0.0687396 0.183499 -0.429946 -0.0656769 0.183498 -0.436177 -0.0746258 0.181883 -0.432314 -0.0713148 0.181882 -0.439087 -0.0798057 0.180089 -0.434397 -0.0762761 0.180088 -0.441649 -0.0828904 0.178751 -0.435638 -0.0792293 0.17875 -0.443173 -0.085574 0.177311 -0.436718 -0.0817987 0.177311 -0.4445 -0.0890355 0.174709 -0.43811 -0.0851136 0.174709 -0.446211 -0.0903024 0.173273 -0.43862 -0.086327 0.173272 -0.446837 -0.0912231 0.171749 -0.43899 -0.0872088 0.171748 -0.447293 -0.0917728 0.17017 -0.439211 -0.0877351 0.17017 -0.447564 -0.0568898 0.186599 -0.413558 -0.0553946 0.186598 -0.418762 -0.065327 0.185131 -0.415219 -0.0636378 0.18513 -0.421208 -0.073082 0.1835 -0.416747 -0.0712144 0.1835 -0.423456 -0.0793065 0.181885 -0.417973 -0.0772965 0.181884 -0.425261 -0.0847844 0.180092 -0.419051 -0.082649 0.180091 -0.426849 -0.0880489 0.178753 -0.419694 -0.0858376 0.178752 -0.427795 -0.0908888 0.177313 -0.420254 -0.0886116 0.177312 -0.428618 -0.0945502 0.17471 -0.420975 -0.0921889 0.17471 -0.42968 -0.09589 0.173274 -0.421239 -0.093498 0.173273 -0.430068 -0.0968638 0.17175 -0.42143 -0.0944494 0.17175 -0.430351 -0.0584141 0.1866 -0.402743 -0.0579016 0.1866 -0.408208 -0.0670145 0.185132 -0.402791 -0.0664584 0.185131 -0.409068 -0.0749195 0.183502 -0.402835 -0.0743234 0.183501 -0.409859 -0.0821958 0.181617 -0.402876 -0.0806353 0.181886 -0.410494 -0.0884321 0.179489 -0.402911 -0.0861904 0.180093 -0.411053 -0.0895019 0.178754 -0.411386 -0.093207 0.177237 -0.402938 -0.0923827 0.177314 -0.411676 -0.0951603 0.176011 -0.402948 -0.0960961 0.174711 -0.412049 -0.096803 0.174711 -0.402958 -0.0981563 0.17329 -0.402965 -0.0974548 0.173274 -0.412186 -0.0991444 0.171784 -0.402971 -0.0984423 0.171751 -0.412285 -0.09975 0.170189 -0.402974 -0.103933 0.17257 -0.232642 -0.102691 0.173741 -0.243831 -0.103368 0.172108 -0.256532 -0.104517 0.17127 -0.233199 -0.0858103 0.181076 -0.326699 -0.0501085 0.189047 -0.31815 -0.0418265 0.1915 -0.278245 -0.0353914 0.1915 -0.31462 -0.0293851 0.1915 -0.348571 -0.103202 0.170357 -0.284972 -0.103135 0.173818 -0.231879 -0.0995842 0.176102 -0.259267 -0.0959494 0.177722 -0.281221 -0.0970348 0.176289 -0.314819 -0.0934029 0.178053 -0.328517 -0.0712932 0.187557 -0.217351 -0.0732085 0.18762 -0.203301 -0.0628287 0.18891 -0.23374 -0.0676541 0.187577 -0.243963 -0.101854 0.17216 -0.30214 -0.104418 0.170342 -0.245288 -0.104874 0.169914 -0.23354 -0.0949295 0.180056 -0.224044 -0.0955687 0.179187 -0.237824 -0.0988807 0.177739 -0.227817 -0.0981685 0.177669 -0.240017 -0.101285 0.175847 -0.230113 -0.10038 0.176064 -0.241882 -0.101638 0.174926 -0.242943 -0.0986556 0.175128 -0.315328 -0.089907 0.17959 -0.32768 -0.090217 0.182186 -0.219544 -0.0925221 0.180668 -0.235255 -0.0891383 0.182074 -0.232401 -0.0916013 0.180712 -0.247838 -0.0880579 0.182116 -0.24522 -0.0893965 0.180725 -0.277832 -0.0854694 0.182129 -0.275801 -0.0812601 0.182471 -0.325609 -0.0577043 0.1915 -0.188495 -0.0523157 0.1915 -0.218954 -0.104996 0.1685 -0.233656 -0.100539 0.173841 -0.301616 -0.102053 0.173771 -0.260982 -0.100928 0.17496 -0.260201 -0.0975139 0.17771 -0.252207 -0.0947915 0.17923 -0.250196 -0.0929322 0.179243 -0.279661 -0.0855508 0.183924 -0.215088 -0.0842426 0.183821 -0.228272 -0.0829315 0.18386 -0.241433 -0.0797877 0.183871 -0.272863 -0.0746769 0.184186 -0.324033 -0.0804741 0.185561 -0.210239 -0.0789162 0.185472 -0.22378 -0.077354 0.185505 -0.237312 -0.0736062 0.185515 -0.269666 -0.0675146 0.185786 -0.322318 -0.0572641 0.187781 -0.319863 -0.0733065 0.187654 -0.202348 -0.0578571 0.1915 -0.186775 -0.100946 0.1762 -0.229532 -0.0962953 0.179397 -0.224948 -0.0988121 0.177858 -0.227373 -0.104879 0.16993 -0.233278 -0.104522 0.171299 -0.232926 -0.104522 0.171295 -0.232963 -0.104521 0.171287 -0.233018 -0.103143 0.173846 -0.231674 -0.100948 0.176218 -0.22945 -0.096298 0.179413 -0.22486 -0.0805374 0.185591 -0.209685 -0.0902566 0.182225 -0.219144 -0.0962986 0.179421 -0.22481 -0.0902676 0.182261 -0.218858 -0.0902679 0.182265 -0.218796 -0.0949366 0.180152 -0.223411 -0.0988574 0.177848 -0.227286 -0.0988136 0.177876 -0.227276 -0.101283 0.175932 -0.229683 -0.100948 0.176228 -0.229399 -0.103145 0.173872 -0.231524 -0.103145 0.173868 -0.231566 -0.0578572 0.1915 -0.186754 -0.0733128 0.187665 -0.202036 -0.0805554 0.185622 -0.209243 -0.085616 0.183993 -0.214267 -0.0856018 0.183959 -0.214613 -0.104523 0.171301 -0.232886 -0.104879 0.169931 -0.233238 -0.105 0.1685 -0.233358 -0.103941 0.172614 -0.232311 -0.103941 0.172611 -0.232352 -0.103941 0.172605 -0.232391 -0.10394 0.172594 -0.232451 -0.103144 0.173861 -0.231609 -0.0856163 0.183997 -0.214198 -0.0805556 0.185623 -0.209195 0.0299979 0.0678909 -0.277171 0.0316554 0.075 -0.280042 0.0472339 0.0968164 -0.307024 0.051141 0.0975 -0.313792 0.0434456 0.0947862 -0.300463 0.0366783 0.086972 -0.288741 0.039891 0.0914712 -0.294306 0.033905 0.0814255 -0.283938 0.028641 0.0525 -0.274821 0.0289828 0.0603142 -0.275413 0.0371328 -0.0775291 -0.289529 0.057 -0.0787009 -0.281273 0.0403032 -0.0797478 -0.29502 0.057 -0.0763834 -0.275575 0.0319135 -0.0692047 -0.280489 0.057 -0.0706949 -0.267472 0.0342887 -0.0739549 -0.284603 0.057 -0.0665708 -0.263837 0.0301265 -0.0635165 -0.277393 0.057 -0.0609172 -0.260603 0.057 -0.0800619 -0.28719 0.057 -0.0805 -0.293088 0.043641 -0.0805 -0.300801 0.057 -0.0741858 -0.271829 0.057 -0.0505 -0.258447 0.057 -0.053636 -0.258637 0.028641 -0.0505 -0.274821 0.057 -0.0572977 -0.259349 0.0290171 -0.0571756 -0.275472 -0.0999557 0.117813 -0.402975 -0.0739672 0.0975 -0.402202 -0.0773907 0.0975 -0.287187 -0.0774768 0.0973266 -0.276836 -0.0774254 0.0969847 -0.263854 -0.0778166 0.0970241 -0.252405 -0.0992262 0.113512 -0.242421 -0.100834 0.114745 -0.24148 -0.102918 0.116326 -0.239466 -0.104032 0.117153 -0.237652 -0.104723 0.117648 -0.235694 -0.104996 0.117813 -0.233656 -0.0473403 0.0798066 -0.266616 -0.0478424 0.0814255 -0.269007 -0.0456364 0.0779537 -0.267411 -0.0406199 0.0718196 -0.26975 -0.0238949 0.0525 -0.277026 -0.02201 0.0603142 -0.278039 -0.0195661 0.0525 -0.2775 -0.0195661 0.0603142 -0.278184 -0.0263229 0.0968164 -0.314285 -0.0297062 0.0975 -0.321704 -0.0195661 0.0975 -0.3225 -0.0767241 0.0968164 -0.259283 -0.0722461 0.0957978 -0.255002 -0.032985 0.0968164 -0.313089 -0.039598 0.0975 -0.319336 -0.0394592 0.0968164 -0.311114 -0.0489993 0.0975 -0.315454 -0.0267613 0.0603142 -0.276892 -0.0244196 0.0603142 -0.277606 -0.0514846 0.0968164 -0.304949 -0.0576799 0.0975 -0.310153 -0.0568673 0.0968164 -0.300846 -0.0654272 0.0975 -0.303563 -0.0617275 0.0968164 -0.296135 -0.0720515 0.0975 -0.295844 -0.0311108 0.0603142 -0.274662 -0.0363123 0.0678909 -0.272845 -0.0343819 0.0678909 -0.274717 -0.0322439 0.0678909 -0.276347 -0.0360144 0.0653021 -0.271898 -0.0406998 0.075 -0.272694 -0.042347 0.075 -0.270091 -0.0543287 0.0862652 -0.263357 -0.0543524 0.086972 -0.267054 -0.0761131 0.0968164 -0.266024 -0.0581196 0.0890649 -0.26159 -0.0615913 0.0914712 -0.263835 -0.0691511 0.0947862 -0.259047 -0.0668591 0.09387 -0.257515 -0.0696161 0.0968164 -0.285163 -0.072534 0.0968164 -0.279055 -0.0280185 0.0525 -0.275626 -0.0290021 0.0603142 -0.275906 -0.0621093 0.0915296 -0.259729 -0.068621 0.0947862 -0.264895 -0.0659971 0.0968164 -0.290882 -0.0561414 0.0947862 -0.291016 -0.0598453 0.0947862 -0.286459 -0.0509001 0.0914712 -0.286213 -0.0540732 0.0914712 -0.28231 -0.0461628 0.086972 -0.281872 -0.0488562 0.086972 -0.278559 -0.0420735 0.0814255 -0.278125 -0.0443528 0.0814255 -0.275321 -0.0387564 0.075 -0.275085 -0.0747098 0.0968164 -0.272646 -0.0655161 0.0947862 -0.276199 -0.0674036 0.0947862 -0.270639 -0.0589314 0.0914712 -0.273519 -0.0605484 0.0914712 -0.268756 -0.0529799 0.086972 -0.271098 -0.0195661 0.0968164 -0.314686 -0.0195661 0.0947862 -0.307109 -0.0254277 0.0947862 -0.306762 -0.0195661 0.0914712 -0.3 -0.0245877 0.0914712 -0.299702 -0.0195661 0.086972 -0.293575 -0.0238285 0.086972 -0.293322 -0.0195661 0.0814255 -0.288028 -0.0231731 0.0814255 -0.287814 -0.0195661 0.075 -0.283529 -0.0226416 0.075 -0.283347 -0.0195661 0.0678909 -0.280214 -0.0222499 0.0678909 -0.280055 -0.0312071 0.0947862 -0.305724 -0.0295389 0.0914712 -0.298813 -0.0280312 0.086972 -0.292567 -0.0267297 0.0814255 -0.287176 -0.0256739 0.075 -0.282802 -0.024896 0.0678909 -0.27958 -0.0368235 0.0947862 -0.304011 -0.0343505 0.0914712 -0.297346 -0.0321153 0.086972 -0.291321 -0.0301858 0.0814255 -0.286121 -0.0286207 0.075 -0.281903 -0.0274675 0.0678909 -0.278795 -0.0456546 0.0968164 -0.308388 -0.0421981 0.0947862 -0.301646 -0.0389549 0.0914712 -0.29532 -0.0360235 0.086972 -0.289602 -0.0334932 0.0814255 -0.284666 -0.0314406 0.075 -0.280662 -0.0299283 0.0678909 -0.277712 -0.0472556 0.0947862 -0.298663 -0.0432876 0.0914712 -0.292764 -0.0397012 0.086972 -0.287432 -0.0366054 0.0814255 -0.28283 -0.0340942 0.075 -0.279097 -0.0519252 0.0947862 -0.295103 -0.047288 0.0914712 -0.289714 -0.0430969 0.086972 -0.284844 -0.039479 0.0814255 -0.280639 -0.0365442 0.075 -0.277229 -0.0629848 0.0947862 -0.281497 -0.0567628 0.0914712 -0.278059 -0.0511392 0.086972 -0.27495 -0.0462847 0.0814255 -0.272267 -0.057 -0.0805001 -0.341399 -0.057 -0.0805001 -0.343866 -0.057 -0.0829292 -0.339517 -0.057 -0.0925803 -0.323423 -0.057 -0.0925803 -0.262112 -0.057 -0.0805 -0.295213 -0.057 -0.0505 -0.262112 -0.057 -0.0550409 -0.262493 -0.057 -0.0596018 -0.263672 -0.057 -0.0640184 -0.265663 -0.057 -0.0662727 -0.267056 -0.057 -0.0709551 -0.270999 -0.057 -0.074825 -0.27584 -0.057 -0.0769413 -0.279576 -0.057 -0.0785682 -0.283527 -0.057 -0.0797351 -0.287786 -0.057 -0.0803651 -0.292078 -0.0307845 -0.0692047 -0.281558 -0.0327921 -0.0739549 -0.285863 -0.029274 -0.0635165 -0.278319 -0.0283363 -0.0571756 -0.276308 -0.0378758 -0.0797478 -0.296765 -0.040697 -0.0805 -0.302815 -0.035196 -0.0775291 -0.291018 -0.0280185 -0.0505 -0.275626 -0.0195661 -0.0505 -0.2775 -0.0238949 -0.0505 -0.277026 -0.0509691 -0.0805001 -0.461662 -0.058975 -0.0805001 -0.454055 -0.0490145 -0.0805 -0.334573 -0.0402197 -0.0805 -0.328828 -0.0419921 -0.0805001 -0.468093 0.0796976 -0.0805001 -0.393049 0.0798955 -0.0805001 -0.40409 0.077981 -0.0805001 -0.38214 0.078571 -0.0805001 -0.415054 0.0747786 -0.0805001 -0.371572 0.0757493 -0.0805001 -0.425731 0.0701512 -0.0805001 -0.361544 0.0714843 -0.0805001 -0.435917 0.0641872 -0.0805001 -0.35225 0.0658571 -0.0805001 -0.445419 0.057 -0.0805001 -0.343866 0.058975 -0.0805001 -0.454055 0.0509691 -0.0805001 -0.461662 0.057 -0.0805 -0.341399 0.0490145 -0.0805 -0.334573 0.0402197 -0.0805 -0.328828 0.0419921 -0.0805001 -0.468093 0.0307607 -0.0805 -0.324258 0.0322148 -0.0805001 -0.473227 0.0207938 -0.0805 -0.320939 0.0218238 -0.0805001 -0.476966 0.0104834 -0.0805 -0.318925 0.0110169 -0.0805001 -0.479238 0 -0.0805 -0.31825 0 -0.0805001 -0.48 -0.0104834 -0.0805 -0.318925 -0.0110169 -0.0805001 -0.479238 -0.0207938 -0.0805 -0.320939 -0.0218238 -0.0805001 -0.476966 -0.0307607 -0.0805 -0.324258 -0.0322148 -0.0805001 -0.473227 -0.0641872 -0.0805001 -0.35225 -0.0658571 -0.0805001 -0.445419 -0.0701512 -0.0805001 -0.361544 -0.0714843 -0.0805001 -0.435917 -0.0747786 -0.0805001 -0.371572 -0.0757493 -0.0805001 -0.425731 -0.077981 -0.0805001 -0.38214 -0.078571 -0.0805001 -0.415054 -0.0796976 -0.0805001 -0.393049 -0.0798955 -0.0805001 -0.40409 0.0238174 -0.0505 -0.276819 0.0213497 -0.0571756 -0.278075 0.018641 -0.0505 -0.2775 0.018641 -0.0797478 -0.300824 0.024296 -0.0797478 -0.300454 0.018641 -0.0805 -0.3075 0.0273234 -0.0805 -0.30674 0.035742 -0.0805 -0.304485 0.0352205 -0.0797478 -0.297527 0.0265825 -0.0571756 -0.276673 0.0298542 -0.0797478 -0.299348 0.018641 -0.0571756 -0.278252 0.0216393 -0.0635165 -0.280274 0.018641 -0.0635165 -0.280471 0.0221058 -0.0692047 -0.283818 0.018641 -0.0692047 -0.284045 0.0227259 -0.0739549 -0.288528 0.018641 -0.0739549 -0.288795 0.0234683 -0.0775291 -0.294167 0.018641 -0.0775291 -0.294484 0.0274316 -0.0635165 -0.278722 0.0287994 -0.0692047 -0.282024 0.0306172 -0.0739549 -0.286413 0.032794 -0.0775291 -0.291668 0.0240121 -0.0571756 -0.277545 0.0245863 -0.0635165 -0.279688 0.0255114 -0.0692047 -0.283141 0.0267408 -0.0739549 -0.287729 0.0282131 -0.0775291 -0.293223 0.0419006 0.0968164 -0.309742 0.0435154 0.0975 -0.317552 0.0271252 0.0975 -0.321944 0.0246186 0.0968164 -0.314373 0.018641 0.0975 -0.3225 0.018641 0.0603142 -0.278184 0.020803 0.0603142 -0.27807 0.018641 0.0525 -0.2775 0.0238174 0.0525 -0.276819 0.0363124 0.0968164 -0.311887 0.0354642 0.0975 -0.320285 0.0305306 0.0968164 -0.313436 0.0229414 0.0603142 -0.277732 0.0250326 0.0603142 -0.277171 0.0270538 0.0603142 -0.276395 0.018641 0.0968164 -0.314686 0.0238266 0.0947862 -0.306837 0.018641 0.0947862 -0.307109 0.0230835 0.0914712 -0.299767 0.018641 0.0914712 -0.3 0.0224118 0.086972 -0.293377 0.018641 0.086972 -0.293575 0.0218321 0.0814255 -0.287861 0.018641 0.0814255 -0.288028 0.0213618 0.075 -0.283386 0.018641 0.075 -0.283529 0.0210153 0.0678909 -0.280089 0.018641 0.0678909 -0.280214 0.0388189 0.0947862 -0.30282 0.0359273 0.0914712 -0.296326 0.0333139 0.086972 -0.290456 0.0310579 0.0814255 -0.285389 0.0292279 0.075 -0.281279 0.0278796 0.0678909 -0.27825 0.0339711 0.0947862 -0.304681 0.0317742 0.0914712 -0.29792 0.0297887 0.086972 -0.291809 0.0280747 0.0814255 -0.286534 0.0266844 0.075 -0.282255 0.02566 0.0678909 -0.279102 0.0289553 0.0947862 -0.306025 0.0274773 0.0914712 -0.299071 0.0261413 0.086972 -0.292786 0.0249881 0.0814255 -0.287361 0.0240527 0.075 -0.28296 0.0233635 0.0678909 -0.279718 -0.0195661 -0.0739549 -0.288795 -0.0195661 -0.0775291 -0.294484 -0.0195661 -0.0797478 -0.300824 -0.0195661 -0.0805 -0.3075 -0.0195661 -0.0692047 -0.284045 -0.0195661 -0.0635165 -0.280471 -0.0195661 -0.0571756 -0.278252 -0.0262367 -0.0571756 -0.277151 -0.0334923 -0.0797478 -0.298525 -0.0339063 -0.0805 -0.3054 -0.0268127 -0.0805 -0.306972 -0.0242827 -0.0797478 -0.300567 -0.0218253 -0.0571756 -0.278129 -0.0289432 -0.0797478 -0.299797 -0.0269499 -0.0635165 -0.279252 -0.0280987 -0.0692047 -0.282636 -0.0296257 -0.0739549 -0.287134 -0.0314541 -0.0775291 -0.292521 -0.0220669 -0.0635165 -0.280334 -0.022456 -0.0692047 -0.283887 -0.0229731 -0.0739549 -0.288609 -0.0235924 -0.0775291 -0.294264 -0.0240577 -0.0571756 -0.27776 -0.0245379 -0.0635165 -0.279926 -0.0253115 -0.0692047 -0.283416 -0.0263397 -0.0739549 -0.288054 -0.0275708 -0.0775291 -0.293607 -0.0989024 0.117813 -0.414775 -0.0729351 0.0975 -0.412509 0 0.117813 -0.5 0 0.0975 -0.474 -0.0118264 0.117813 -0.499298 0.012061 0.117813 -0.49927 0.0971136 0.117813 -0.423853 0.0714163 0.0975 -0.419383 0.0935278 0.117813 -0.435391 0.0678636 0.0975 -0.429505 0.0885765 0.117813 -0.446413 0.0628848 0.0975 -0.439006 0.0823319 0.117813 -0.456758 0.0565847 0.0975 -0.447688 0.0748854 0.117813 -0.466274 0.0490956 0.0975 -0.455368 0.0663454 0.117813 -0.474822 0.0405749 0.0975 -0.461884 0.0568369 0.117813 -0.482277 0.0464985 0.117813 -0.488532 0.0312015 0.0975 -0.4671 0.0354812 0.117813 -0.493494 0.0211725 0.0975 -0.470906 0.0239459 0.117813 -0.497091 0.0106987 0.0975 -0.473223 -0.0103331 0.0975 -0.473275 -0.0204638 0.0975 -0.471114 -0.0234868 0.117813 -0.497203 -0.0348176 0.117813 -0.493743 -0.0301934 0.0975 -0.46756 -0.0456597 0.117813 -0.488967 -0.0393315 0.0975 -0.462682 -0.0558609 0.117813 -0.482943 -0.0476989 0.0975 -0.456576 -0.0652781 0.117813 -0.475755 -0.0551316 0.0975 -0.449361 -0.073779 0.117813 -0.467503 -0.0614841 0.0975 -0.441179 -0.0812444 0.117813 -0.458304 -0.0666318 0.0975 -0.43219 -0.0875695 0.117813 -0.448287 -0.0704739 0.0975 -0.42257 -0.0926655 0.117813 -0.437591 -0.0964609 0.117813 -0.426368 0.0626016 -0.164236 -0.131584 -0.0626016 -0.164236 -0.131584 -0.0738641 -0.164236 -0.136808 -0.0682603 -0.171132 -0.150552 -0.0581013 -0.170953 -0.144983 -0.0703141 -0.169715 -0.145515 -0.06575 -0.172443 -0.156709 -0.0515744 -0.173498 -0.157691 -0.0563173 -0.172111 -0.150295 -0.0627832 -0.17365 -0.163986 -0.0500972 -0.174724 -0.16782 -0.0593601 -0.174752 -0.172381 -0.0341962 -0.17469 -0.162059 -0.0231031 -0.174674 -0.159421 -0.0297379 -0.173498 -0.150978 0.0199539 -0.173498 -0.149198 0.0243681 -0.174676 -0.159668 0.0297379 -0.173498 -0.150978 0.0348482 -0.174691 -0.162247 0.0524216 -0.17473 -0.168876 -0.0507889 -0.164236 -0.127176 -0.038515 -0.164236 -0.12366 -0.0258821 -0.164236 -0.121101 -0.0130035 -0.164236 -0.119545 0.0130035 -0.164236 -0.119545 0.0258821 -0.164236 -0.121101 0.038515 -0.164236 -0.12366 0.0507889 -0.164236 -0.127176 -0.0456904 -0.172111 -0.146329 -0.0392959 -0.173498 -0.153433 -0.0346486 -0.172111 -0.143166 -0.0232839 -0.172111 -0.140864 -0.0199539 -0.173498 -0.149198 0.0232839 -0.172111 -0.140864 0.0346486 -0.172111 -0.143166 0.0392959 -0.173498 -0.153433 0.0456904 -0.172111 -0.146329 0 -0.164236 -0.119023 0.059593 -0.169715 -0.140542 0.0581013 -0.170953 -0.144983 0.0563173 -0.172111 -0.150295 0.0515744 -0.173498 -0.157691 -0.0455092 -0.173498 -0.155427 -0.0404644 -0.174701 -0.164038 -0.0182245 -0.174669 -0.158597 -0.0100159 -0.173498 -0.148118 -0.00738835 -0.174663 -0.15747 0 -0.173498 -0.147756 0 -0.174661 -0.15725 0.0100159 -0.173498 -0.148118 0.00680671 -0.174662 -0.157437 0.0135994 -0.174666 -0.157998 0.0452604 -0.174712 -0.165805 0.0455092 -0.173498 -0.155427 -0.0735598 -0.165425 -0.137554 -0.0623437 -0.165425 -0.132352 -0.0505797 -0.165425 -0.127962 -0.0383563 -0.165425 -0.124461 -0.0257754 -0.165425 -0.121912 -0.0129499 -0.165425 -0.120362 0 -0.165425 -0.119843 0.0129499 -0.165425 -0.120362 0.0257754 -0.165425 -0.121912 0.0383563 -0.165425 -0.124461 0.0505797 -0.165425 -0.127962 0.0623437 -0.165425 -0.132352 -0.0730527 -0.166567 -0.138798 -0.0619139 -0.166567 -0.133632 -0.050231 -0.166567 -0.129272 -0.0380919 -0.166567 -0.125795 -0.0255977 -0.166567 -0.123263 -0.0128606 -0.166567 -0.121725 0 -0.166567 -0.121209 0.0128606 -0.166567 -0.121725 0.0255977 -0.166567 -0.123263 0.0380919 -0.166567 -0.125795 0.050231 -0.166567 -0.129272 0.0619139 -0.166567 -0.133632 -0.0723427 -0.167663 -0.14054 -0.0613122 -0.167663 -0.135423 -0.0497428 -0.167663 -0.131106 -0.0377217 -0.167663 -0.127662 -0.025349 -0.167663 -0.125155 -0.0127356 -0.167663 -0.123632 0 -0.167663 -0.123121 0.0127356 -0.167663 -0.123632 0.025349 -0.167663 -0.125155 0.0377217 -0.167663 -0.127662 0.0497428 -0.167663 -0.131106 0.0613122 -0.167663 -0.135423 -0.059593 -0.169715 -0.140542 -0.048348 -0.169715 -0.136346 -0.0366639 -0.169715 -0.132999 -0.0246382 -0.169715 -0.130562 -0.0123785 -0.169715 -0.129081 0 -0.169715 -0.128585 0.0123785 -0.169715 -0.129081 0.0246382 -0.169715 -0.130562 0.0366639 -0.169715 -0.132999 0.048348 -0.169715 -0.136346 0.0471378 -0.170953 -0.140892 0.0357462 -0.170953 -0.137628 0.0240215 -0.170953 -0.135253 0.0120687 -0.170953 -0.133809 0 -0.170953 -0.133325 -0.0120687 -0.170953 -0.133809 -0.0240215 -0.170953 -0.135253 -0.0357462 -0.170953 -0.137628 -0.0471378 -0.170953 -0.140892 0.0116981 -0.172111 -0.139464 0 -0.172111 -0.138995 -0.0116981 -0.172111 -0.139464 0.111972 -0.186403 -0.227974 0.115 -0.186311 -0.234871 0.115 -0.1863 -0.234871 0.0268735 -0.186529 -0.160197 0.0349463 -0.18653 -0.162276 0.040603 -0.186532 -0.164086 0.0411602 -0.186532 -0.164281 0.106824 -0.186482 -0.218284 0.105274 -0.186496 -0.215727 0.102726 -0.186513 -0.211799 0.0961223 -0.186537 -0.202914 0.0905619 -0.186545 -0.196547 0.0846709 -0.186548 -0.190658 0.0776047 -0.186547 -0.184536 0.0767293 -0.186547 -0.18384 0.0700999 -0.186545 -0.178966 0.0622623 -0.186541 -0.174015 0.0540684 -0.186537 -0.169659 0.0507294 -0.186536 -0.168102 0.0186538 -0.186528 -0.158661 0.00937807 -0.186527 -0.157605 6.279e-05 -0.186528 -0.15725 0 -0.186528 -0.15725 0.115 -0.186895 -0.281249 0.115 -0.186757 -0.304719 0.115 -0.18674 -0.25778 0.115 -0.186313 -0.327629 -0.106827 -0.186482 -0.344211 -0.105235 -0.173466 -0.346837 -0.105274 -0.186495 -0.346773 -0.110557 -0.172094 -0.337404 -0.111972 -0.186403 -0.334526 -0.115 -0.186311 -0.327629 -0.115 -0.186301 -0.327629 -0.115 -0.170565 -0.327629 -0.102718 -0.186512 -0.350712 -0.0974567 -0.174964 -0.357919 -0.0972232 -0.186533 -0.358215 -0.0913569 -0.186542 -0.365095 -0.0925925 -0.175702 -0.363728 -0.0850014 -0.186544 -0.371532 -0.0776045 -0.186543 -0.377964 -0.0767458 -0.186543 -0.378646 -0.0700997 -0.18654 -0.383534 -0.0622609 -0.186536 -0.388486 -0.0540684 -0.186532 -0.392841 -0.0507609 -0.18653 -0.394384 -0.0411603 -0.186526 -0.398219 -0.0406356 -0.186526 -0.398403 -0.0349918 -0.186524 -0.40021 -0.0268948 -0.186522 -0.402298 -0.0186522 -0.18652 -0.403839 -0.00937831 -0.186519 -0.404895 -6.24e-05 -0.18652 -0.40525 -4.804e-05 -0.18652 -0.40525 0 -0.18652 -0.40525 0.0093269 -0.186521 -0.404899 0.0185739 -0.186523 -0.403851 0.0274329 -0.186527 -0.402177 0.0277708 -0.186527 -0.4021 0.0367982 -0.186531 -0.399664 0.0455531 -0.186536 -0.39658 0.0540384 -0.186542 -0.392856 0.0602253 -0.186546 -0.389643 0.0662585 -0.186551 -0.386063 0.0693919 -0.186553 -0.384016 0.0766595 -0.186558 -0.378715 0.0846491 -0.186561 -0.371862 0.0916248 -0.18656 -0.364802 0.0972561 -0.186552 -0.358174 0.104058 -0.186524 -0.348688 0.107677 -0.186492 -0.342745 0.11197 -0.18642 -0.33453 0.115 -0.186324 -0.327629 -0.122328 -0.164236 -0.207339 -0.122816 -0.16429 -0.216847 -0.122263 -0.16553 -0.217303 -0.121824 -0.165426 -0.207796 -0.121342 -0.166718 -0.218061 -0.120983 -0.166569 -0.208556 -0.120053 -0.167856 -0.219122 -0.119807 -0.167665 -0.20962 -0.116368 -0.169978 -0.222156 -0.116445 -0.169717 -0.21266 -0.111211 -0.171897 -0.226403 -0.113528 -0.170955 -0.215298 -0.10106 -0.173501 -0.206921 -0.100749 -0.173666 -0.208962 -0.0974969 -0.17393 -0.204632 -0.0978672 -0.173501 -0.198942 -0.0939998 -0.174147 -0.20038 -0.120776 -0.164236 -0.197724 -0.118134 -0.164236 -0.18816 -0.114402 -0.164236 -0.178832 -0.109618 -0.164236 -0.169925 -0.103865 -0.164236 -0.161612 -0.0972583 -0.164236 -0.154043 -0.0899451 -0.164236 -0.147337 -0.0820897 -0.164236 -0.141578 -0.0662898 -0.174755 -0.176457 -0.0702253 -0.173501 -0.167072 -0.0738427 -0.172114 -0.159299 -0.0761841 -0.170955 -0.154268 -0.0781417 -0.169717 -0.150062 -0.0803977 -0.167665 -0.145214 -0.0811873 -0.166569 -0.143517 -0.0817513 -0.165426 -0.142305 -0.108318 -0.172622 -0.220892 -0.110039 -0.172114 -0.218454 -0.112087 -0.170955 -0.206374 -0.108642 -0.172114 -0.209804 -0.109636 -0.170955 -0.197499 -0.106266 -0.172114 -0.201201 -0.106172 -0.170955 -0.188842 -0.102908 -0.172114 -0.192811 -0.101732 -0.170955 -0.180576 -0.0986056 -0.172114 -0.184798 -0.0963925 -0.170955 -0.17286 -0.09343 -0.172114 -0.17732 -0.0902615 -0.170955 -0.165836 -0.0874874 -0.172114 -0.170511 -0.0834744 -0.170955 -0.159613 -0.0809089 -0.172114 -0.16448 -0.105151 -0.17316 -0.21553 -0.093775 -0.173501 -0.191322 -0.0888531 -0.173501 -0.18421 -0.0832015 -0.173501 -0.177735 -0.0769453 -0.173501 -0.171999 -0.0904701 -0.174315 -0.196449 -0.0867661 -0.17445 -0.192663 -0.0826799 -0.174561 -0.188838 -0.0785519 -0.174643 -0.185304 -0.0729356 -0.174716 -0.180968 -0.0895743 -0.165426 -0.148041 -0.0968573 -0.165426 -0.154719 -0.103436 -0.165426 -0.162256 -0.109166 -0.165426 -0.170536 -0.11393 -0.165426 -0.179406 -0.117647 -0.165426 -0.188695 -0.120278 -0.165426 -0.198219 -0.0889564 -0.166569 -0.149213 -0.0961891 -0.166569 -0.155845 -0.102723 -0.166569 -0.163331 -0.108413 -0.166569 -0.171553 -0.113144 -0.166569 -0.180362 -0.116835 -0.166569 -0.189587 -0.119448 -0.166569 -0.199045 -0.0880912 -0.167665 -0.150854 -0.0952536 -0.167665 -0.157421 -0.101724 -0.167665 -0.164835 -0.107359 -0.167665 -0.172977 -0.112044 -0.167665 -0.1817 -0.115699 -0.167665 -0.190835 -0.118286 -0.167665 -0.200202 -0.0856193 -0.169717 -0.155544 -0.0925807 -0.169717 -0.161927 -0.0988694 -0.169717 -0.169132 -0.104346 -0.169717 -0.177045 -0.1089 -0.169717 -0.185524 -0.112453 -0.169717 -0.194403 -0.114967 -0.169717 -0.203507 -0.115 -0.170565 -0.234871 -0.115 -0.170565 -0.28125 -0.116605 -0.169869 -0.308848 -0.120158 -0.167775 -0.30857 -0.12285 -0.164165 -0.30836 -0.122402 -0.165289 -0.308395 -0.121488 -0.166561 -0.308466 0.00707066 -0.182 -0.430415 0.00376222 -0.182 -0.432326 0.00952628 -0.182 -0.427489 0.0108329 -0.182 -0.423899 0.0108329 -0.182 -0.420079 0.00952628 -0.182 -0.416489 0.00707066 -0.182 -0.413562 0.00376222 -0.182 -0.411652 0 -0.182 -0.432989 0 -0.182 -0.410989 -0.00707066 -0.182 -0.413562 -0.00952628 -0.182 -0.416489 -0.0108329 -0.182 -0.420079 -0.00952628 -0.182 -0.427489 -0.0108329 -0.182 -0.423899 -0.00707066 -0.182 -0.430415 -0.00376222 -0.182 -0.432326 -0.00376222 -0.182 -0.411652 -0.045536 -0.186547 -0.165914 -0.0540361 -0.186553 -0.169643 -0.115 -0.186333 -0.234871 -0.111967 -0.186432 -0.227964 -0.115 -0.186322 -0.234871 -0.00924124 -0.18653 -0.157595 -0.0185743 -0.186532 -0.158649 -0.0274711 -0.186536 -0.160331 -0.0277706 -0.186536 -0.1604 -0.036802 -0.186541 -0.162837 -0.0607891 -0.186558 -0.173173 -0.0662582 -0.186563 -0.176437 -0.0694119 -0.186566 -0.178498 -0.0738794 -0.186569 -0.181662 -0.0793777 -0.186573 -0.185986 -0.084636 -0.186575 -0.190626 -0.0893519 -0.186575 -0.195272 -0.097256 -0.186566 -0.204326 -0.102781 -0.186546 -0.21188 -0.107678 -0.186505 -0.219757 6.272e-05 -0.188255 -0.157558 -0.00927237 -0.188257 -0.157905 -0.0185272 -0.188259 -0.158953 -0.027701 -0.188262 -0.160699 -0.0271493 -0.191009 -0.163094 -0.0267725 -0.191506 -0.164732 -0.0181576 -0.191007 -0.161385 -0.015989 -0.191501 -0.162775 -0.00908709 -0.191005 -0.16036 -0.00800428 -0.191499 -0.161971 6.186e-05 -0.191004 -0.160021 3.637e-05 -0.191498 -0.161705 6.123e-05 -0.191498 -0.161705 6.24e-05 -0.189865 -0.158527 -0.00919945 -0.189866 -0.158871 -0.0183817 -0.189868 -0.15991 -0.0274838 -0.18987 -0.161641 0.0101244 -0.191497 -0.162134 0.0208195 -0.191498 -0.163531 0.0182046 -0.191003 -0.161396 0.0293124 -0.191004 -0.163617 0.0299713 -0.191499 -0.165521 0.0389346 -0.191502 -0.168218 0.0396815 -0.191502 -0.168478 0.04024 -0.191006 -0.166892 0.0410576 -0.188259 -0.164571 0.0299084 -0.188256 -0.161227 0.00937762 -0.188255 -0.157914 0.0185747 -0.188255 -0.158961 0.0091909 -0.191003 -0.16037 0.0407359 -0.189868 -0.165483 0.0296739 -0.189866 -0.162167 0.0184292 -0.189865 -0.159919 0.00930418 -0.189865 -0.15888 0.0774128 -0.18827 -0.184775 0.0699255 -0.188268 -0.179218 0.0620982 -0.188266 -0.174274 0.0539354 -0.188263 -0.169936 0.0475928 -0.188261 -0.16708 0.074829 -0.191515 -0.187994 0.0758789 -0.191016 -0.186686 0.0674396 -0.191513 -0.182523 0.0685383 -0.191014 -0.18124 0.0606823 -0.19151 -0.178235 0.0608648 -0.191012 -0.176396 0.0536094 -0.191507 -0.174387 0.0528629 -0.19101 -0.172147 0.0438351 -0.191503 -0.170025 0.0466457 -0.191008 -0.169349 0.0768096 -0.189877 -0.185526 0.06938 -0.189875 -0.180013 0.0616132 -0.189873 -0.175108 0.0535135 -0.189871 -0.170805 0.0472202 -0.189869 -0.167972 0.105017 -0.188223 -0.215896 0.103762 -0.188232 -0.21392 0.0969854 -0.188258 -0.204478 0.084458 -0.18827 -0.190878 0.0909806 -0.188267 -0.197447 0.101506 -0.191466 -0.218098 0.102933 -0.190971 -0.217207 0.0990505 -0.191483 -0.2143 0.101704 -0.190979 -0.215267 0.0937519 -0.191503 -0.207047 0.0950659 -0.191004 -0.206003 0.0881465 -0.191512 -0.200462 0.0891804 -0.191012 -0.199108 0.0820063 -0.191515 -0.194235 0.0827861 -0.191015 -0.192668 0.104199 -0.189833 -0.216413 0.102954 -0.18984 -0.214451 0.0962311 -0.189865 -0.205078 0.090273 -0.189873 -0.198101 0.0838007 -0.189876 -0.191582 0.11484 -0.187557 -0.234895 0.111709 -0.188136 -0.228144 0.113836 -0.189514 -0.23508 0.107956 -0.191375 -0.229967 0.110494 -0.191299 -0.235727 0.109481 -0.190888 -0.229235 0.112088 -0.190859 -0.235415 0.110835 -0.18975 -0.228578 0.108547 -0.188189 -0.221944 0.103435 -0.191448 -0.221324 0.106388 -0.190939 -0.223145 0.107699 -0.189801 -0.22242 0.114709 -0.188419 -0.257773 0.113797 -0.189992 -0.257759 0.112384 -0.191134 -0.257738 0.110768 -0.19168 -0.257716 0.110782 -0.191694 -0.304781 0.110512 -0.191311 -0.326777 0.112393 -0.191146 -0.30476 0.111717 -0.191027 -0.327013 0.113563 -0.18983 -0.327369 0.114512 -0.188471 -0.327546 0.11471 -0.188433 -0.304726 0.113802 -0.190003 -0.30474 0.11088 -0.191817 -0.281247 0.110827 -0.191752 -0.298681 0.112461 -0.191248 -0.281248 0.114718 -0.188551 -0.281249 0.113834 -0.190104 -0.281249 0.110853 -0.191785 -0.270177 -6.231e-05 -0.188249 -0.404941 0.00927266 -0.18825 -0.404594 0.0185274 -0.188252 -0.403546 0.0277011 -0.188254 -0.4018 0.0271481 -0.191003 -0.399399 0.0267707 -0.191497 -0.397758 0.0181571 -0.191001 -0.401108 0.0159824 -0.191493 -0.399717 0.0090871 -0.190999 -0.402133 0.00799802 -0.191492 -0.40052 -6.131e-05 -0.190998 -0.402473 -4.224e-05 -0.191491 -0.400787 -6.059e-05 -0.191491 -0.400787 -6.192e-05 -0.18986 -0.40397 0.00919964 -0.189861 -0.403626 0.0183817 -0.189862 -0.402587 0.0274834 -0.189864 -0.400856 -0.0410574 -0.188254 -0.397929 -0.0388427 -0.188253 -0.398685 -0.0276556 -0.188251 -0.401811 -0.00937729 -0.188249 -0.404586 -0.0185745 -0.188249 -0.403539 -0.0396792 -0.191496 -0.394016 -0.0402384 -0.191002 -0.395605 -0.0389374 -0.191496 -0.394274 -0.0380676 -0.191002 -0.396345 -0.0281761 -0.191493 -0.397422 -0.00919006 -0.190998 -0.402124 -0.0101256 -0.19149 -0.400357 -0.0182035 -0.190999 -0.401099 -0.0179485 -0.191491 -0.399432 -0.0271033 -0.191 -0.399406 -0.0407351 -0.189864 -0.397015 -0.0385377 -0.189863 -0.397765 -0.0274383 -0.189861 -0.400865 -0.0184285 -0.18986 -0.402579 -0.00930364 -0.18986 -0.403618 -0.0774124 -0.188267 -0.377725 -0.069925 -0.188265 -0.383282 -0.0620979 -0.188262 -0.388226 -0.053935 -0.188258 -0.392564 -0.0475922 -0.188256 -0.39542 -0.0748261 -0.191511 -0.374503 -0.0758768 -0.191013 -0.375812 -0.0674353 -0.191509 -0.379975 -0.0685361 -0.191011 -0.381257 -0.0606775 -0.191506 -0.384262 -0.0608627 -0.191009 -0.386101 -0.0536043 -0.191502 -0.388109 -0.0528608 -0.191006 -0.39035 -0.0438298 -0.191498 -0.39247 -0.0466435 -0.191004 -0.393147 -0.0768085 -0.189874 -0.376973 -0.0693788 -0.189872 -0.382486 -0.0616121 -0.18987 -0.38739 -0.0535124 -0.189867 -0.391693 -0.0472189 -0.189866 -0.394526 -0.105017 -0.188222 -0.346604 -0.103761 -0.188231 -0.348581 -0.0969851 -0.188257 -0.358022 -0.0909803 -0.188265 -0.365052 -0.0844577 -0.188268 -0.371621 -0.101505 -0.191465 -0.344402 -0.102933 -0.19097 -0.345293 -0.0990493 -0.191481 -0.3482 -0.101703 -0.190978 -0.347233 -0.09375 -0.191501 -0.355453 -0.0950646 -0.191002 -0.356496 -0.088144 -0.19151 -0.362037 -0.0891788 -0.191011 -0.363391 -0.0820032 -0.191512 -0.368263 -0.0827842 -0.191013 -0.369831 -0.104199 -0.189832 -0.346087 -0.102953 -0.18984 -0.348049 -0.0962304 -0.189863 -0.357421 -0.0902722 -0.189872 -0.364399 -0.0837997 -0.189874 -0.370917 -0.114532 -0.188416 -0.32755 -0.110835 -0.18975 -0.333922 -0.113221 -0.190134 -0.327303 -0.112315 -0.190747 -0.327129 -0.106387 -0.190938 -0.339355 -0.103435 -0.191448 -0.341175 -0.109482 -0.190887 -0.333266 -0.107956 -0.191375 -0.332534 -0.110495 -0.1913 -0.326773 -0.108546 -0.188189 -0.340556 -0.111709 -0.188136 -0.334356 -0.107699 -0.1898 -0.340081 -0.11471 -0.188424 -0.304727 -0.113799 -0.189995 -0.304742 -0.115 -0.186746 -0.30472 -0.110775 -0.191684 -0.304785 -0.112388 -0.191138 -0.304763 -0.115 -0.186908 -0.281251 -0.115 -0.186773 -0.257781 0.107461 -0.190936 -0.337365 0.111699 -0.188149 -0.334381 0.10878 -0.189798 -0.338065 0.107961 -0.191391 -0.332563 0.103833 -0.191461 -0.340515 0.0970182 -0.188272 -0.357982 0.103805 -0.188247 -0.348517 0.107415 -0.188217 -0.342584 0.0937937 -0.191518 -0.355426 0.0951056 -0.191016 -0.356465 0.100368 -0.191492 -0.346234 0.101755 -0.190992 -0.347176 0.0962668 -0.189876 -0.357385 0.103 -0.189853 -0.347988 0.066094 -0.188273 -0.385805 0.0680604 -0.188275 -0.384536 0.0774538 -0.188279 -0.377694 0.0844409 -0.188281 -0.371639 0.0909646 -0.18828 -0.365071 0.0638875 -0.191518 -0.382319 0.0647838 -0.191018 -0.383736 0.0665457 -0.19152 -0.380591 0.0667119 -0.191019 -0.382493 0.0746843 -0.191525 -0.374635 0.0759227 -0.191023 -0.375789 0.0816322 -0.191527 -0.368633 0.0827741 -0.191025 -0.369855 0.087123 -0.191527 -0.363162 0.089171 -0.191023 -0.363417 0.0655786 -0.189879 -0.384992 0.06753 -0.18988 -0.383733 0.0768518 -0.189884 -0.376945 0.0837857 -0.189885 -0.370938 0.0902597 -0.189884 -0.364421 0.0344807 -0.188257 -0.400039 0.0454397 -0.188262 -0.396295 0.053904 -0.188266 -0.39258 0.0600755 -0.18827 -0.389375 0.0354722 -0.191501 -0.395414 0.033793 -0.191005 -0.397675 0.0444031 -0.191506 -0.392252 0.044535 -0.191009 -0.394009 0.0521007 -0.19151 -0.38886 0.0528326 -0.191013 -0.390371 0.0611891 -0.191516 -0.383972 0.058883 -0.191015 -0.387233 0.03421 -0.189866 -0.399109 0.0450838 -0.18987 -0.395396 0.0534825 -0.189874 -0.391712 0.0596064 -0.189876 -0.388533 -0.0991378 -0.191511 -0.214373 -0.0978876 -0.191018 -0.20968 -0.10298 -0.190993 -0.217239 -0.103846 -0.191473 -0.221979 -0.107469 -0.190944 -0.225131 -0.107974 -0.191401 -0.229932 -0.101734 -0.189868 -0.212587 -0.106586 -0.189833 -0.220401 -0.110834 -0.189767 -0.22855 -0.110525 -0.191319 -0.23572 -0.112089 -0.190881 -0.235414 -0.113812 -0.189565 -0.235084 -0.11482 -0.187652 -0.234898 -0.1117 -0.188158 -0.228119 -0.0970188 -0.188283 -0.204517 -0.102525 -0.188265 -0.212047 -0.107416 -0.188227 -0.219915 -0.0962703 -0.189885 -0.205111 -0.0951133 -0.191025 -0.206029 -0.093805 -0.191531 -0.207065 -0.0660941 -0.188283 -0.176694 -0.0680606 -0.188284 -0.177963 -0.0774541 -0.18829 -0.184805 -0.0844412 -0.188292 -0.19086 -0.0909652 -0.188291 -0.197428 -0.0638938 -0.191529 -0.18017 -0.064788 -0.191026 -0.178756 -0.0665573 -0.191531 -0.181901 -0.0667164 -0.191027 -0.18 -0.074694 -0.191537 -0.187855 -0.075928 -0.191032 -0.186703 -0.0816413 -0.191539 -0.193856 -0.0827803 -0.191033 -0.192637 -0.0871335 -0.191539 -0.199328 -0.089178 -0.191032 -0.199076 -0.0655804 -0.189887 -0.177504 -0.0675319 -0.189888 -0.178763 -0.0768542 -0.189892 -0.185551 -0.0837885 -0.189893 -0.191558 -0.0902629 -0.189892 -0.198076 -0.0344805 -0.188265 -0.16246 -0.0454396 -0.18827 -0.166204 -0.053904 -0.188275 -0.169919 -0.0600756 -0.188279 -0.173124 -0.0354748 -0.19151 -0.167075 -0.0337945 -0.191011 -0.164818 -0.0444115 -0.191515 -0.170239 -0.0445373 -0.191016 -0.168484 -0.0521052 -0.19152 -0.173629 -0.0528356 -0.19102 -0.172121 -0.0611985 -0.191527 -0.178519 -0.0588866 -0.191023 -0.17526 -0.0342105 -0.189873 -0.163387 -0.0450847 -0.189877 -0.167101 -0.0534837 -0.189881 -0.170785 -0.0596079 -0.189884 -0.173963 -0.110798 -0.191707 -0.257719 -0.112404 -0.191156 -0.25774 -0.113807 -0.190013 -0.25776 -0.114712 -0.188445 -0.257774 -0.110794 -0.191709 -0.302615 -0.114719 -0.188561 -0.281251 -0.113838 -0.190113 -0.281252 -0.112469 -0.191256 -0.281253 -0.110893 -0.191828 -0.281254 -0.110839 -0.191761 -0.263236 -0.0357233 -0.194397 -0.363012 0.104623 -0.192483 -0.253749 0.100914 -0.19325 -0.271324 -0.100933 -0.193297 -0.271327 -0.10464 -0.192544 -0.253759 -0.105626 -0.191913 -0.23652 -0.0992201 -0.192371 -0.230034 -0.0827529 -0.193238 -0.217657 -0.091608 -0.192816 -0.223701 -0.0613741 -0.193969 -0.207052 -0.0357233 -0.194479 -0.19948 -0.00730906 -0.194698 -0.196008 -0.0217366 -0.194628 -0.197181 0.00726913 -0.194687 -0.196006 0.0216975 -0.194594 -0.197177 0.0356858 -0.194425 -0.199472 0.0489728 -0.194186 -0.202801 0.0613415 -0.193887 -0.20704 0.0726284 -0.193537 -0.212039 0.0827269 -0.193149 -0.217641 0.0915854 -0.192733 -0.223684 0.0992009 -0.192301 -0.230016 0.10561 -0.191861 -0.236502 -0.105626 -0.191862 -0.325976 -0.0992201 -0.192301 -0.332461 -0.091608 -0.192731 -0.338793 -0.0827529 -0.193143 -0.344837 -0.0726578 -0.193527 -0.350439 -0.0613741 -0.193871 -0.35544 -0.0490081 -0.194164 -0.359681 -0.0217366 -0.19456 -0.36531 0.00726913 -0.194652 -0.366485 0.0356858 -0.194426 -0.36302 0.0489728 -0.194202 -0.359691 0.0613415 -0.193915 -0.355453 0.0726284 -0.193575 -0.350454 0.0827269 -0.193191 -0.344853 0.0915854 -0.192776 -0.338811 0.10561 -0.191891 -0.325993 -0.0968192 -0.193304 -0.313256 -0.10464 -0.192492 -0.308736 -0.0873367 -0.194088 -0.317615 -0.0633334 -0.195474 -0.325292 -0.0761585 -0.194821 -0.321677 -0.0490081 -0.19602 -0.328307 -0.0334344 -0.196433 -0.33058 -0.0169625 -0.196693 -0.331996 -0.00730906 -0.194646 -0.366484 -2.002e-05 -0.196784 -0.332478 0.0333965 -0.196452 -0.330585 0.016923 -0.196702 -0.331998 0.0216975 -0.194578 -0.365315 0.0489728 -0.196045 -0.328313 0.0633014 -0.195504 -0.3253 0.0761302 -0.194853 -0.321686 0.0873124 -0.19412 -0.317625 0.0992009 -0.19234 -0.332478 0.0967989 -0.193332 -0.313266 0.104623 -0.192513 -0.308747 -0.100933 -0.193272 -0.291168 -0.0873367 -0.194687 -0.29337 -0.0699451 -0.195957 -0.295348 -0.0490081 -0.196973 -0.296933 -0.0252855 -0.197632 -0.297964 -2.002e-05 -0.197859 -0.298323 0.0252467 -0.197626 -0.297965 0.0489728 -0.196963 -0.296935 0.0699149 -0.195944 -0.29535 0.0873124 -0.194675 -0.293373 0.100914 -0.193264 -0.291171 -0.0968192 -0.193376 -0.249239 -0.0873367 -0.194721 -0.269124 -0.0873367 -0.194174 -0.244879 -0.0761585 -0.194913 -0.240816 -0.0699451 -0.195994 -0.267145 -0.0633334 -0.195567 -0.237201 -0.0490081 -0.197007 -0.265559 -0.0490081 -0.196107 -0.234185 -0.0169625 -0.196753 -0.230495 -0.0334344 -0.196509 -0.231911 -0.0252855 -0.197659 -0.264527 -2.002e-05 -0.197875 -0.264168 -2.002e-05 -0.196826 -0.230014 0.016923 -0.196724 -0.230493 0.0252467 -0.197631 -0.264526 0.0333965 -0.196454 -0.231907 0.0489728 -0.196957 -0.265557 0.0489728 -0.19603 -0.234179 0.0699149 -0.195931 -0.267142 0.0633014 -0.195475 -0.237193 0.0761302 -0.194816 -0.240807 0.0873124 -0.194659 -0.269121 0.0873124 -0.194079 -0.244869 0.0967989 -0.193294 -0.249228 -0.0726578 -0.193626 -0.212054 -0.0490081 -0.194257 -0.202811 0.0548121 0.0895 -0.404542 0.0548121 0.0895 -0.395458 0.053317 0.0895 -0.413502 0.053317 0.0895 -0.386498 0.0503675 0.0895 -0.422093 0.0503675 0.0895 -0.377907 0.0460442 0.0895 -0.430082 0.0460442 0.0895 -0.369918 0.0404648 0.0895 -0.43725 0.0404648 0.0895 -0.362749 0.0337817 0.0895 -0.443403 0.0337817 0.0895 -0.356597 0.0261771 0.0895 -0.448371 0.0261771 0.0895 -0.351629 0.0178585 0.0895 -0.45202 0.0178585 0.0895 -0.34798 0.0090527 0.0895 -0.45425 0.0090527 0.0895 -0.34575 0 0.0895 -0.455 0 0.0895 -0.345 -0.0090527 0.0895 -0.45425 -0.0090527 0.0895 -0.34575 -0.0178585 0.0895 -0.45202 -0.0178585 0.0895 -0.34798 -0.0261771 0.0895 -0.448371 -0.0261771 0.0895 -0.351629 -0.0337817 0.0895 -0.443403 -0.0337817 0.0895 -0.356597 -0.0404648 0.0895 -0.43725 -0.0404648 0.0895 -0.362749 -0.0460442 0.0895 -0.430082 -0.0460442 0.0895 -0.369918 -0.0503675 0.0895 -0.422093 -0.0503675 0.0895 -0.377907 -0.053317 0.0895 -0.413502 -0.053317 0.0895 -0.386498 -0.0548121 0.0895 -0.404542 -0.0548121 0.0895 -0.395458 0 0.0975 -0.345 -0.0090527 0.0975 -0.34575 -0.0178585 0.0975 -0.34798 -0.0261771 0.0975 -0.351629 -0.0337817 0.0975 -0.356597 -0.0404648 0.0975 -0.362749 -0.0460442 0.0975 -0.369918 -0.0503675 0.0975 -0.377907 -0.053317 0.0975 -0.386498 -0.0548121 0.0975 -0.395458 -0.0548121 0.0975 -0.404542 -0.053317 0.0975 -0.413502 -0.0503675 0.0975 -0.422093 -0.0460442 0.0975 -0.430082 -0.0404648 0.0975 -0.43725 -0.0337817 0.0975 -0.443403 -0.0261771 0.0975 -0.448371 -0.0178585 0.0975 -0.45202 -0.0090527 0.0975 -0.45425 0 0.0975 -0.455 0.0090527 0.0975 -0.45425 0.0178585 0.0975 -0.45202 0.0261771 0.0975 -0.448371 0.0337817 0.0975 -0.443403 0.0404648 0.0975 -0.43725 0.0460442 0.0975 -0.430082 0.0503675 0.0975 -0.422093 0.053317 0.0975 -0.413502 0.0548121 0.0975 -0.404542 0.0548121 0.0975 -0.395458 0.053317 0.0975 -0.386498 0.0503675 0.0975 -0.377907 0.0460442 0.0975 -0.369918 0.0404648 0.0975 -0.362749 0.0337817 0.0975 -0.356597 0.0261771 0.0975 -0.351629 0.0178585 0.0975 -0.34798 0.0090527 0.0975 -0.34575 -0.0975614 -0.03 -0.254232 -0.0975614 0.03 -0.254232 -0.0431829 -0.03 -0.279589 -0.0431829 0.03 -0.279589 0.0381295 -0.03 -0.280889 0.0381295 0.03 -0.280889 0.090091 -0.03 -0.250889 0.090091 0.03 -0.250889 0.0867514 0.011421 -0.005 0.0867514 -0.011421 -0.005 0.0875 0 -0.005 0.0845185 -0.0226467 -0.005 0.0845185 0.0226467 -0.005 0.0808395 -0.0334848 -0.005 0.0808395 0.0334848 -0.005 0.0757772 -0.04375 -0.005 0.0757772 0.04375 -0.005 0.0694184 -0.0532666 -0.005 0.0694184 0.0532666 -0.005 0.0618718 -0.0618718 -0.005 0.0618718 0.0618718 -0.005 0.0532666 -0.0694184 -0.005 0.0532666 0.0694184 -0.005 0.04375 -0.0757772 -0.005 0.04375 0.0757772 -0.005 0.0334848 -0.0808395 -0.005 0.0334848 0.0808395 -0.005 0.0226467 -0.0845185 -0.005 0.0226467 0.0845185 -0.005 0.011421 -0.0867514 -0.005 0.011421 0.0867514 -0.005 0 -0.0875 -0.005 0 0.0875 -0.005 -0.011421 -0.0867514 -0.005 -0.011421 0.0867514 -0.005 -0.0226467 -0.0845185 -0.005 -0.0226467 0.0845185 -0.005 -0.0334848 -0.0808395 -0.005 -0.0334848 0.0808395 -0.005 -0.04375 -0.0757772 -0.005 -0.04375 0.0757772 -0.005 -0.0532666 -0.0694184 -0.005 -0.0532666 0.0694184 -0.005 -0.0618718 -0.0618718 -0.005 -0.0618718 0.0618718 -0.005 -0.0694184 -0.0532666 -0.005 -0.0694184 0.0532666 -0.005 -0.0757772 -0.04375 -0.005 -0.0757772 0.04375 -0.005 -0.0808395 -0.0334848 -0.005 -0.0808395 0.0334848 -0.005 -0.0845185 -0.0226467 -0.005 -0.0845185 0.0226467 -0.005 -0.0867514 -0.011421 -0.005 -0.0867514 0.011421 -0.005 -0.0875 0 -0.005 0.0818496 0.0746649 -0.01 0.0818496 0.0773351 -0.01 0.080691 0.0722591 -0.01 0.080691 0.0797409 -0.01 0.0786033 0.0705942 -0.01 0.0786033 0.0814058 -0.01 0.076 0.07 -0.01 0.076 0.082 -0.01 0.0733967 0.0705942 -0.01 0.0733967 0.0814058 -0.01 0.071309 0.0722591 -0.01 0.071309 0.0797409 -0.01 0.0701504 0.0746649 -0.01 0.0701504 0.0773351 -0.01 -0.0933352 0.03 -0.245169 -0.0389567 0.03 -0.270526 -0.0933352 -0.03 -0.245169 -0.0389567 -0.03 -0.270526 0.0331295 -0.03 -0.272229 0.085091 -0.03 -0.242229 0.085091 0.03 -0.242229 0.0331295 0.03 -0.272229 0.057 -0.0849888 -0.335943 -0.0903319 0.1685 -0.0539283 -0.0840714 0.170813 -0.0501293 -0.0902413 0.170251 -0.0541225 -0.0787848 0.1685 -0.0464358 0.107452 0.170753 -0.0686064 0.10344 0.1685 -0.064395 0.11342 0.170206 -0.0744263 -0.0899745 0.171901 -0.0546942 0.112336 0.173337 -0.07562 0.106768 0.172839 -0.0694368 0.113008 0.171817 -0.0748799 -0.0822802 0.176289 -0.0544396 -0.0873196 0.177551 -0.0603829 -0.0882026 0.176274 -0.0584909 -0.0788575 0.180515 -0.0626759 -0.0824487 0.181965 -0.0708198 -0.0851557 0.179875 -0.0650194 -0.0766846 0.182249 -0.0679046 -0.0793029 0.183803 -0.0775604 -0.0132042 0.1915 -0.106671 -0.0113599 0.18841 -0.0798505 -0.00942713 0.1915 -0.106094 -0.0225267 0.188427 -0.0818046 -0.0245052 0.1915 -0.109615 -0.0317309 0.188444 -0.08443 -0.0287821 0.1915 -0.111243 -0.0586101 0.188511 -0.0983251 -0.0491727 0.1915 -0.123868 -0.052181 0.1915 -0.126628 -0.0550382 0.1915 -0.129552 -0.0666096 0.188531 -0.104758 0.101336 0.17075 -0.0630385 0.0924647 0.1685 -0.0554779 0.0848272 0.170745 -0.0506121 0.0807245 0.1685 -0.0475948 0.0751721 0.170743 -0.0447926 0.0683168 0.1685 -0.0408108 0.0651616 0.170741 -0.0397108 0.055344 0.1685 -0.0351821 0.0470686 0.17074 -0.0326803 0.0419135 0.1685 -0.0307552 0 0.1685 -0.025 0.00465392 0.170747 -0.0254385 -0.00299816 0.17075 -0.0253996 -0.0273953 0.1685 -0.0274322 -0.0389482 0.17077 -0.0303342 -0.0408244 0.1685 -0.0304546 -0.0485082 0.170777 -0.0331463 -0.0539336 0.1685 -0.0346528 -0.0579136 0.170785 -0.0365858 -0.0666202 0.1685 -0.0399938 -0.0748495 0.170799 -0.0446245 0.105659 0.174767 -0.0707814 0.111416 0.174769 -0.0766335 -0.0829588 0.174916 -0.0528066 -0.0889431 0.174916 -0.0569042 -0.0685357 0.1822 -0.0627235 -0.074228 0.183804 -0.0738162 -0.0710742 0.18541 -0.0814054 -0.0720318 0.186838 -0.0931401 -0.0758205 0.185409 -0.085022 0.0190487 0.1915 -0.107959 0.0120722 0.1915 -0.106477 0.0200542 0.188383 -0.0811223 0.0254546 0.188381 -0.0823613 0.0307593 0.188381 -0.0838881 0.0254217 0.1915 -0.109939 -0.0895392 0.173455 -0.0556269 -0.0836466 0.172948 -0.0511514 -0.0744865 0.172924 -0.0456652 -0.064634 0.172909 -0.0406709 -0.0649337 0.170791 -0.0396152 -0.0576575 0.172897 -0.0376495 -0.0483086 0.172883 -0.034218 -0.0388046 0.172871 -0.031411 -0.0260032 0.172855 -0.0286528 -0.0260739 0.170762 -0.0275734 -0.0182302 0.172847 -0.0275263 -0.0182575 0.170758 -0.0264473 -0.0106564 0.17284 -0.0268135 -0.0106421 0.170754 -0.0257364 -0.00305374 0.172834 -0.0264736 0.00455732 0.172828 -0.0265079 0.0121563 0.172824 -0.0269181 0.0122937 0.170745 -0.0258545 0.0171227 0.172822 -0.0273916 0.0172867 0.170743 -0.0263325 0.024643 0.172818 -0.0284218 0.0248474 0.170742 -0.0273706 0.0320995 0.172817 -0.0298205 0.0323442 0.170741 -0.0287786 0.039473 0.172815 -0.0315817 0.0397577 0.17074 -0.0305504 0.0467439 0.172815 -0.0336995 0.0581098 0.172816 -0.0378123 0.058498 0.17074 -0.0368152 0.0647356 0.172817 -0.0406928 0.0746881 0.17282 -0.0457483 0.0842856 0.172824 -0.0515377 0.0926628 0.172827 -0.0574212 0.0932561 0.170747 -0.0565264 0.100691 0.172833 -0.0638989 0.105677 0.179598 -0.0829518 0.101307 0.178896 -0.0760618 0.108952 0.177326 -0.0793461 0.10326 0.177386 -0.0736924 0.104566 0.176116 -0.0721081 -0.0802577 0.179106 -0.0593064 -0.0814697 0.177578 -0.0563898 -0.0715898 0.17906 -0.0539687 -0.0726258 0.177536 -0.050999 -0.0622432 0.179031 -0.0490936 -0.0630982 0.17751 -0.0460812 -0.0556134 0.179009 -0.0461365 -0.0563444 0.177489 -0.0431011 -0.0467164 0.178982 -0.0427683 -0.0472859 0.177465 -0.0397103 -0.0376584 0.178958 -0.040002 -0.0380683 0.177443 -0.0369295 -0.0254399 0.178929 -0.0372654 -0.0256414 0.177416 -0.0341851 -0.0180124 0.178913 -0.0361351 -0.0180903 0.177401 -0.0330562 -0.0107704 0.178899 -0.0354075 -0.0107296 0.177389 -0.0323339 -0.0034972 0.178887 -0.0350419 -0.0033386 0.177378 -0.0319774 0.00378651 0.178877 -0.0350401 0.00406219 0.177368 -0.0319886 0.01106 0.178868 -0.0354039 0.0114521 0.17736 -0.0323689 0.015814 0.178863 -0.0358414 0.016282 0.177356 -0.0328194 0.0230121 0.178858 -0.0368084 0.0235954 0.177351 -0.0338089 0.0301477 0.178854 -0.0381333 0.0308458 0.177347 -0.0351602 0.0372015 0.178851 -0.0398099 0.0380139 0.177345 -0.0368671 0.0441538 0.178851 -0.041832 0.0450802 0.177344 -0.0389234 0.0550126 0.178852 -0.0457677 0.0561203 0.177346 -0.0429224 0.0613367 0.178855 -0.0485274 0.0625523 0.177348 -0.0457253 0.0708263 0.178861 -0.0533733 0.0722075 0.177354 -0.0506462 0.0799646 0.178868 -0.0589228 0.08151 0.17736 -0.0562816 0.0879287 0.178874 -0.0645603 0.0896218 0.177366 -0.062007 0.0955487 0.178885 -0.0707633 0.0973879 0.177376 -0.0683082 0.0965297 0.183587 -0.0930236 0.0915895 0.183584 -0.0878492 0.101453 0.181715 -0.087603 0.0955485 0.182024 -0.0830468 0.0990501 0.180294 -0.0787991 0.0769295 0.188409 -0.114604 0.0590626 0.1915 -0.134277 0.0730636 0.188408 -0.110322 0.0561503 0.1915 -0.130778 0.0689548 0.188401 -0.106262 0.0530356 0.1915 -0.127468 0.0634466 0.188395 -0.10148 0.0477733 0.1915 -0.122684 0.0576189 0.188391 -0.0971143 0.0442388 0.1915 -0.119936 0.0508555 0.188387 -0.0928055 0.0393504 0.1915 -0.116651 0.0437594 0.188384 -0.0890435 0.0342125 0.1915 -0.113758 0.0389953 0.188382 -0.0869081 0.0293739 0.1915 -0.11149 -0.00563106 0.1915 -0.10571 -0.0057905 0.188403 -0.0793525 -0.00182099 0.1915 -0.105521 -0.00019963 0.188396 -0.0791638 0.00299234 0.1915 -0.10556 0.00539086 0.188391 -0.0792874 0.00499063 0.1915 -0.105666 0.009046 0.188388 -0.0795391 0.0145779 0.188385 -0.080179 -0.0168859 0.188418 -0.080655 -0.016203 0.1915 -0.107271 -0.0207655 0.1915 -0.108431 -0.0384821 0.188459 -0.0869859 -0.0338496 0.1915 -0.113572 -0.0450426 0.188474 -0.0900262 -0.0387234 0.1915 -0.116269 -0.049879 0.188487 -0.092651 -0.0430114 0.1915 -0.119059 -0.0461104 0.1915 -0.121348 0.0281364 0.1685 -0.0275667 0.0141266 0.1685 -0.025643 -0.0137515 0.1685 -0.0256092 -0.0738985 0.174883 -0.0473505 -0.0641488 0.174863 -0.0423804 -0.0572426 0.174847 -0.0393721 -0.0479855 0.174828 -0.0359534 -0.0385719 0.174811 -0.0331547 -0.0258889 0.17479 -0.0304009 -0.018186 0.174779 -0.0292736 -0.0106795 0.174769 -0.0285578 -0.00314375 0.17476 -0.0282126 0.00440087 0.174753 -0.0282397 0.0119338 0.174747 -0.0286404 0.0168571 0.174744 -0.0291066 0.024312 0.17474 -0.030124 0.0317034 0.174737 -0.0315077 0.0390119 0.174735 -0.0332517 0.0462182 0.174735 -0.0353501 0.0574812 0.174736 -0.039427 0.0640457 0.174738 -0.0422829 0.0739043 0.174742 -0.0472959 0.0834086 0.174747 -0.0530366 0.0917019 0.174752 -0.0588702 0.0996474 0.174759 -0.0652921 0.0986177 0.176106 -0.0666667 0.0907539 0.176098 -0.0602998 0.0825433 0.176093 -0.0545155 0.073131 0.176087 -0.0488228 0.0633651 0.176082 -0.0438518 0.0568609 0.17608 -0.04102 0.0456996 0.176078 -0.0369786 0.0385571 0.176079 -0.0348994 0.0313126 0.176081 -0.0331723 0.0239854 0.176084 -0.0318034 0.016595 0.176089 -0.0307987 0.0117142 0.176093 -0.0303397 0.00424652 0.1761 -0.0299482 -0.00323255 0.176108 -0.0299284 -0.0107024 0.176118 -0.0302787 -0.0181424 0.17613 -0.0309975 -0.0257761 0.176143 -0.0321255 -0.0383424 0.176167 -0.034875 -0.0476666 0.176187 -0.0376656 -0.0568333 0.176209 -0.0410716 -0.06367 0.176227 -0.0440671 -0.0733185 0.176251 -0.0490133 0.0934239 0.180282 -0.0735995 0.0859726 0.180271 -0.0675101 0.0781792 0.180264 -0.0619742 0.0692307 0.180257 -0.0565238 0.0599323 0.18025 -0.0517645 0.0537328 0.180248 -0.0490547 0.0430836 0.180246 -0.0451921 0.0362629 0.180247 -0.0432096 0.0293413 0.180249 -0.041568 0.0223382 0.180253 -0.0402736 0.0152732 0.180259 -0.0393328 0.0106071 0.180264 -0.03891 0.00346803 0.180273 -0.0385655 -0.00368043 0.180284 -0.0385822 -0.0108175 0.180297 -0.0389584 -0.0179224 0.180311 -0.0396921 -0.0252072 0.180328 -0.040824 -0.0371848 0.180359 -0.0435517 -0.0460585 0.180384 -0.0463012 -0.0547688 0.180412 -0.0496431 -0.0612553 0.180436 -0.0525737 -0.0703929 0.180466 -0.0573996 0.0901268 0.182012 -0.0780008 0.0829373 0.182 -0.0720875 0.0754088 0.181993 -0.0667093 0.0667547 0.181986 -0.0614127 0.057753 0.181979 -0.0567878 0.051747 0.181976 -0.0541553 0.041423 0.181975 -0.0504063 0.0348065 0.181976 -0.0484852 0.0280899 0.181978 -0.0468978 0.0212925 0.181982 -0.0456507 0.0144341 0.181988 -0.0447505 0.00990419 0.181993 -0.0443508 0.00297382 0.182003 -0.044036 -0.00396475 0.182014 -0.0440759 -0.0108906 0.182027 -0.0444685 -0.0177827 0.182042 -0.0452118 -0.024846 0.182059 -0.046346 -0.0364499 0.18209 -0.04906 -0.0450376 0.182116 -0.0517834 -0.0534582 0.182145 -0.0550847 -0.0597224 0.182169 -0.0579741 0.086399 0.183572 -0.0829768 0.0795055 0.183561 -0.0772627 0.0722765 0.183555 -0.0720627 0.0639553 0.183547 -0.06694 0.0552891 0.183541 -0.0624671 0.0495018 0.183538 -0.0599221 0.0395454 0.183536 -0.0563015 0.0331599 0.183537 -0.0544498 0.026675 0.18354 -0.0529238 0.0201103 0.183544 -0.0517301 0.0134854 0.18355 -0.0508757 0.00910952 0.183555 -0.0505021 0.00241507 0.183564 -0.050221 -0.00428622 0.183574 -0.0502871 -0.0109732 0.183587 -0.0506982 -0.0176248 0.183602 -0.0514523 -0.0244376 0.183618 -0.0525892 -0.035619 0.183649 -0.0552876 -0.0438834 0.183674 -0.0579815 -0.0519765 0.183702 -0.0612369 -0.0579892 0.183725 -0.0640797 -0.0638773 0.183747 -0.067243 0.0911525 0.18521 -0.0989442 0.086507 0.185208 -0.0940146 0.0816133 0.185197 -0.089365 0.0750999 0.185187 -0.0839066 0.0682553 0.185181 -0.0789355 0.0603615 0.185174 -0.0740361 0.052126 0.185168 -0.0697582 0.0466194 0.185165 -0.0673256 0.037135 0.185164 -0.0638698 0.031046 0.185164 -0.0621072 0.0248586 0.185167 -0.0606599 0.0185925 0.185171 -0.0595349 0.0122675 0.185176 -0.0587394 0.00808933 0.185181 -0.0583992 0.00169774 0.185189 -0.0581613 -0.00469891 0.185199 -0.058261 -0.0110793 0.18521 -0.058696 -0.0174221 0.185224 -0.0594639 -0.0239134 0.185239 -0.0606043 -0.0345523 0.185267 -0.0632827 -0.0424016 0.18529 -0.0659387 -0.0500742 0.185316 -0.069135 -0.0557642 0.185337 -0.071918 -0.0613265 0.185357 -0.0750076 0.0853022 0.186667 -0.105386 0.0809774 0.186665 -0.100722 0.0764065 0.186656 -0.0963152 0.0703066 0.186647 -0.091135 0.0638803 0.186642 -0.0864129 0.0564514 0.186636 -0.0817564 0.0486846 0.186631 -0.0776907 0.0434834 0.186629 -0.0753804 0.0345125 0.186628 -0.0721038 0.0287462 0.186628 -0.0704382 0.0228824 0.18663 -0.0690766 0.0169412 0.186633 -0.0680263 0.0109424 0.186638 -0.0672948 0.00697938 0.186642 -0.066991 0.0009173 0.186649 -0.0668001 -0.00514791 0.186658 -0.0669365 -0.0111947 0.186668 -0.0673974 -0.0172015 0.186679 -0.0681803 -0.023343 0.186692 -0.0693245 -0.0333918 0.186716 -0.0719811 -0.0407894 0.186736 -0.0745959 -0.0480046 0.186758 -0.0777281 -0.0533435 0.186777 -0.080446 -0.0585513 0.186794 -0.0834554 -0.063034 0.18681 -0.0863555 -0.103941 0.172877 -0.0836305 -0.104159 0.171559 -0.130924 -0.104523 0.171489 -0.0829642 -0.101176 0.176444 -0.0867993 -0.100949 0.175136 -0.132408 -0.102144 0.17409 -0.131856 -0.103145 0.174198 -0.0845429 -0.0941062 0.180533 -0.215192 -0.104786 0.170053 -0.130634 -0.104159 0.171322 -0.15585 -0.104786 0.170246 -0.207003 -0.104159 0.171417 -0.180639 -0.104159 0.171911 -0.206615 -0.103145 0.173021 -0.131393 -0.103145 0.173849 -0.223016 -0.105 0.1685 -0.0824171 -0.104879 0.170031 -0.0825559 -0.103145 0.173502 -0.205986 -0.102144 0.175051 -0.222149 -0.102144 0.174647 -0.205366 -0.102144 0.173864 -0.180137 -0.103145 0.172827 -0.180387 -0.102144 0.173713 -0.156063 -0.103145 0.172697 -0.155957 -0.099325 0.177487 -0.219709 -0.100949 0.176204 -0.221115 -0.0993251 0.177001 -0.20362 -0.100949 0.175755 -0.204626 -0.0993252 0.176057 -0.179435 -0.100949 0.174886 -0.17984 -0.0993253 0.175875 -0.156359 -0.100949 0.174718 -0.156188 -0.0993254 0.176328 -0.133159 -0.0985901 0.178497 -0.0897628 -0.0902694 0.182746 -0.0992983 -0.0902689 0.181013 -0.137348 -0.0947739 0.180729 -0.0941361 -0.0941069 0.179281 -0.135573 -0.0974681 0.177494 -0.134018 -0.0974677 0.178713 -0.218102 -0.0974677 0.178201 -0.202469 -0.0974678 0.17749 -0.186813 -0.0974679 0.177208 -0.178973 -0.080558 0.186003 -0.110427 -0.0682604 0.189154 -0.12452 -0.0805573 0.184633 -0.14184 -0.0682592 0.188484 -0.147528 -0.0805568 0.184256 -0.158334 -0.0682586 0.188299 -0.159628 -0.0805564 0.184407 -0.174761 -0.068258 0.188373 -0.171698 -0.080556 0.185193 -0.191993 -0.0682574 0.188757 -0.184374 -0.0805557 0.185597 -0.203463 -0.0578616 0.1915 -0.136437 -0.0578619 0.1915 -0.136521 -0.0578604 0.1915 -0.152282 -0.0578588 0.1915 -0.169082 -0.097468 0.177017 -0.156555 -0.0941067 0.17879 -0.156908 -0.0941065 0.178987 -0.178136 -0.0941064 0.179277 -0.18556 -0.0941063 0.180007 -0.200387 -0.0902686 0.180535 -0.157312 -0.0902684 0.180727 -0.17718 -0.0902681 0.18172 -0.198009 -0.090268 0.182232 -0.21187 -0.0856183 0.184438 -0.104628 -0.0856177 0.182847 -0.139499 -0.0856173 0.182408 -0.157802 -0.085617 0.182584 -0.176021 -0.0856167 0.183496 -0.195128 -0.0856164 0.183967 -0.207843 -0.104492 0.170576 -0.0781414 -0.104369 0.1685 -0.0758006 -0.0921398 0.170806 -0.0557856 -0.095351 0.1685 -0.0582857 -0.0916507 0.172936 -0.0567772 -0.0934342 0.181423 -0.0900487 -0.0552249 0.1915 -0.129754 -0.0562355 0.1915 -0.131051 -0.0661457 0.189249 -0.113239 -0.0679496 0.189129 -0.116127 -0.0577135 0.1915 -0.134796 -0.0955709 0.170782 -0.0590403 -0.0994558 0.1685 -0.0635133 -0.0989023 0.170744 -0.0632756 -0.101356 0.170698 -0.0675788 -0.102498 0.1685 -0.0694226 -0.103406 0.170637 -0.0729505 -0.092962 0.174866 -0.0602802 -0.0950424 0.172892 -0.0599967 -0.096731 0.174769 -0.0646678 -0.0983359 0.172822 -0.0641855 -0.0998005 0.174631 -0.0698387 -0.0950134 0.176149 -0.0650415 -0.0980418 0.17601 -0.0696372 -0.100404 0.175827 -0.0750412 -0.101796 0.174478 -0.0750619 -0.10164 0.175654 -0.0799052 -0.102856 0.174326 -0.0801224 -0.0921407 0.176231 -0.0618309 -0.0901458 0.177538 -0.062727 -0.0939668 0.177423 -0.0668231 -0.0870589 0.180471 -0.0687694 -0.0836324 0.182226 -0.0730332 -0.0870838 0.182104 -0.0764804 -0.0905902 0.180338 -0.0725708 -0.0896045 0.181949 -0.0799692 -0.09333 0.180161 -0.0767393 -0.0919546 0.181707 -0.0847334 -0.0800698 0.183794 -0.0781616 -0.0833236 0.183692 -0.0812039 -0.0862854 0.18351 -0.0851604 -0.0765204 0.185401 -0.0855842 -0.0738212 0.186803 -0.0946817 -0.0793995 0.185307 -0.0883051 -0.0765957 0.186667 -0.0978805 -0.0820222 0.18514 -0.0918284 -0.0787413 0.186465 -0.10171 -0.0839556 0.184924 -0.0957528 -0.0801805 0.186202 -0.106433 -0.0852109 0.184669 -0.100215 -0.0690685 0.18899 -0.119271 -0.0571796 0.1915 -0.13289 -0.103867 0.172516 -0.0788977 -0.102792 0.172627 -0.0737566 -0.100762 0.172739 -0.0684416 -0.0887136 0.179064 -0.0655304 -0.100451 0.176873 -0.081374 -0.098673 0.178337 -0.0835724 -0.0966183 0.179707 -0.0861125 -0.0992384 0.177065 -0.076606 -0.0969269 0.177269 -0.0713177 -0.0924002 0.178937 -0.0694898 -0.0952581 0.178769 -0.0738331 -0.0974942 0.178546 -0.0789482 -0.095479 0.179927 -0.0816543 -0.0884532 0.183275 -0.089557 -0.0898346 0.182998 -0.0944986 0.0867514 0.011421 0 0.0845185 0.0226467 0 0.0808395 0.0334848 0 0.0757772 0.04375 0 0.0694184 0.0532666 0 0.0618718 0.0618718 0 0.0532666 0.0694184 0 0.04375 0.0757772 0 0.0334848 0.0808395 0 0.0226467 0.0845185 0 0.011421 0.0867514 0 0 0.0875 0 0.0875 0 0 0.0867514 -0.011421 0 0.0845185 -0.0226467 0 0.0808395 -0.0334848 0 0.0757772 -0.04375 0 0.0694184 -0.0532666 0 0.0618718 -0.0618718 0 0.0532666 -0.0694184 0 0.04375 -0.0757772 0 0.0334848 -0.0808395 0 0.0226467 -0.0845185 0 0.011421 -0.0867514 0 0 -0.0875 0 -0.0867514 -0.011421 0 -0.0845185 -0.0226467 0 -0.0808395 -0.0334848 0 -0.0757772 -0.04375 0 -0.0694184 -0.0532666 0 -0.0618718 -0.0618718 0 -0.0532666 -0.0694184 0 -0.04375 -0.0757772 0 -0.0334848 -0.0808395 0 -0.0226467 -0.0845185 0 -0.011421 -0.0867514 0 -0.0875 0 0 -0.0867514 0.011421 0 -0.0845185 0.0226467 0 -0.0808395 0.0334848 0 -0.0757772 0.04375 0 -0.0694184 0.0532666 0 -0.0618718 0.0618718 0 -0.0532666 0.0694184 0 -0.04375 0.0757772 0 -0.0334848 0.0808395 0 -0.0226467 0.0845185 0 -0.011421 0.0867514 0 0.080691 0.0797409 0 0.0786033 0.0814058 0 0.076 0.082 0 0.0818496 0.0773351 0 0.0818496 0.0746649 0 0.080691 0.0722591 0 0.0786033 0.0705942 0 0.076 0.07 0 0.071309 0.0722591 0 0.0733967 0.0705942 0 0.0701504 0.0746649 0 0.0701504 0.0773351 0 0.071309 0.0797409 0 0.0733967 0.0814058 0 0.129 0.11 -0.2 0.129 0.11 -0.11 0.129 0.109239 -0.203827 0.129 0.109239 -0.106173 0.129 0.107071 -0.207071 0.129 0.107071 -0.102929 0.129 0.103827 -0.209239 0.129 0.103827 -0.100761 0.129 0.1 -0.21 0.129 0.1 -0.1 0.129 0 -0.21 0.129 0 -0.1 0.129 -0.00382684 -0.209239 0.129 -0.00382684 -0.100761 0.129 -0.00707107 -0.207071 0.129 -0.00707107 -0.102929 0.129 -0.00923879 -0.203827 0.129 -0.00923879 -0.106173 0.129 -0.01 -0.2 0.129 -0.01 -0.11 0.0129617 -0.103 -0.508024 0 -0.103 -0.508799 0.0257388 -0.103 -0.50571 0.0381493 -0.103 -0.501891 0.0500164 -0.103 -0.496621 0.061171 -0.103 -0.489974 0.0714544 -0.103 -0.482045 0.0807199 -0.103 -0.472948 0.0888358 -0.103 -0.462812 0.0956862 -0.103 -0.451781 0.101174 -0.103 -0.440013 0.10522 -0.103 -0.427675 0.107768 -0.103 -0.414942 0.10878 -0.103 -0.401997 0.108244 -0.103 -0.389023 0.106165 -0.103 -0.376206 0.102574 -0.103 -0.363727 0.0975222 -0.103 -0.351766 -0.0129617 -0.103 -0.508024 -0.102574 -0.103 -0.363727 -0.0975222 -0.103 -0.351766 -0.106165 -0.103 -0.376206 -0.108244 -0.103 -0.389023 -0.10878 -0.103 -0.401997 -0.107768 -0.103 -0.414942 -0.10522 -0.103 -0.427675 -0.101174 -0.103 -0.440013 -0.0956862 -0.103 -0.451781 -0.0888358 -0.103 -0.462812 -0.0807199 -0.103 -0.472948 -0.0714544 -0.103 -0.482045 -0.061171 -0.103 -0.489974 -0.0500164 -0.103 -0.496621 -0.0381493 -0.103 -0.501891 -0.0257388 -0.103 -0.50571 -0.0910813 -0.103 -0.340491 -0.0843628 -0.100946 -0.335541 -0.0697963 -0.0964926 -0.327732 -0.0640845 -0.0947463 -0.325547 -0.0772317 -0.0987658 -0.331279 -0.0910813 -0.103 -0.24622 -0.0992262 -0.103 -0.242421 -0.102274 -0.103 -0.240221 -0.104294 -0.103 -0.237051 -0.105 -0.103 -0.233358 0.118 -0.103 -0.223229 0.0590955 0.1915 -0.134319 0.0600718 0.1915 -0.135829 0.116669 0.170195 -0.0784596 0.122637 0.170109 -0.094507 0.122841 0.17009 -0.0982906 0.122374 0.1716 -0.0986101 0.122174 0.171635 -0.0948424 0.121612 0.173032 -0.0991315 0.121412 0.17309 -0.0953939 0.107857 0.180166 -0.0883316 0.109854 0.178821 -0.085336 0.103891 0.181946 -0.0922729 0.0814545 0.188114 -0.125838 0.061114 0.1915 -0.139044 0.0808282 0.188257 -0.121814 0.121622 0.170145 -0.0891394 0.11952 0.170176 -0.0834203 0.114577 0.174749 -0.0805701 0.115241 0.178427 -0.0998607 0.112787 0.179701 -0.103362 0.112055 0.179891 -0.0982296 0.114318 0.178591 -0.0949904 0.110347 0.180061 -0.092989 0.112424 0.178736 -0.0898295 0.108522 0.181458 -0.106698 0.107813 0.181664 -0.101537 0.103661 0.183074 -0.110094 0.0972295 0.184866 -0.111337 0.102997 0.183274 -0.105291 0.0959348 0.185055 -0.106667 0.0908116 0.186318 -0.117545 0.0898425 0.186499 -0.113173 0.0879144 0.186627 -0.108959 0.0937477 0.185175 -0.102356 0.0792965 0.188372 -0.118014 0.0606712 0.1915 -0.13722 0.11554 0.173316 -0.0795987 0.116242 0.171796 -0.0788903 0.114408 0.178873 -0.10406 0.117912 0.176742 -0.101663 0.117494 0.177002 -0.0982302 0.120569 0.17439 -0.0998455 0.120367 0.174469 -0.0961501 0.11193 0.177363 -0.0832418 0.114585 0.177285 -0.0878775 0.116542 0.177152 -0.0932084 0.0612161 0.1915 -0.140453 0.0814718 0.188095 -0.126594 0.0909639 0.186227 -0.1201 0.0975964 0.184698 -0.115562 0.103693 0.183029 -0.111392 0.109481 0.181064 -0.107431 0.119075 0.171761 -0.0838218 0.121165 0.171702 -0.089506 0.118344 0.173267 -0.084482 0.120412 0.173184 -0.0901087 0.117342 0.174689 -0.0853874 0.11938 0.174585 -0.0909352 0.106216 0.181838 -0.0966356 0.101528 0.183444 -0.100775 0.0993908 0.183549 -0.0967465 0.0612162 0.1915 -0.140476 0.0612154 0.1915 -0.172382 0.0612147 0.1915 -0.203512 0.078371 -0.105 -0.0461935 0.102757 -0.105 -0.0637896 0.0909901 -0.105 -0.0544007 -0.105 -0.105 -0.0824171 -0.104625 -0.0656197 -0.0773038 -0.104369 -0.105 -0.0758006 -0.104142 -0.0663835 -0.0747134 -0.103242 -0.0677744 -0.0714637 -0.102498 -0.105 -0.0694226 -0.101962 -0.0696857 -0.0681531 -0.099561 -0.0730744 -0.0636781 -0.0994558 -0.105 -0.0635133 -0.0972046 -0.0761809 -0.0603964 -0.095351 -0.105 -0.0582857 -0.0922333 -0.0821296 -0.0553853 -0.0903319 -0.0842163 -0.0539283 -0.0903319 -0.105 -0.0539283 -0.0724385 -0.100025 -0.0429031 -0.0786735 -0.0951984 -0.0463705 -0.0780208 -0.105 -0.0459898 -0.0650173 -0.105 -0.0392449 -0.0847071 -0.0898719 -0.0500969 -0.0985539 -0.074427 0 -0.0912671 -0.0832019 0 -0.0650173 -0.105 0 -0.074427 -0.0985539 0 -0.0832019 -0.0912671 0 0.123 0.11 -0.11 0.123 0.109239 -0.106173 0.123 0.107071 -0.102929 0.123 0.103827 -0.100761 0.123 0.1 -0.1 0.123 0.11 -0.2 0.123 0.1 -0.21 0.123 0.103827 -0.209239 0.123 0.107071 -0.207071 0.123 0.109239 -0.203827 0.123 0 -0.21 0.123 -0.01 -0.2 0.123 -0.00923879 -0.203827 0.123 -0.00707107 -0.207071 0.123 -0.00382684 -0.209239 0.123 -0.01 -0.11 0.123 0 -0.1 0.123 -0.00382684 -0.100761 0.123 -0.00707107 -0.102929 0.123 -0.00923879 -0.106173 0.123 -0.103 -0.4 0.122227 -0.103 -0.413772 0.119916 -0.103 -0.42737 0.116098 -0.103 -0.440624 0.110819 -0.103 -0.453368 0.104147 -0.103 -0.46544 0.0961653 -0.103 -0.476689 0.0869741 -0.103 -0.486974 0.0766893 -0.103 -0.496165 0.0654399 -0.103 -0.504147 0.0533677 -0.103 -0.510819 0.0406243 -0.103 -0.516098 0.0273701 -0.103 -0.519916 0.0137716 -0.103 -0.522227 0.123 -0.103 -0.214569 0.122397 -0.103 -0.217989 0.12066 -0.103 -0.220997 0.122719 0.170292 -0.178214 0.121898 0.172057 -0.158324 0.120569 0.173762 -0.149537 0.119257 0.175042 -0.140872 0.11769 0.176194 -0.141445 0.113847 0.178361 -0.142852 0.109145 0.180363 -0.144573 0.103692 0.182222 -0.146568 0.0909637 0.185589 -0.151227 0.120569 0.173639 -0.204687 0.121898 0.172012 -0.204828 0.103692 0.181865 -0.187278 0.109145 0.179997 -0.187135 0.113847 0.178008 -0.187011 0.11769 0.175882 -0.186909 0.119257 0.174761 -0.186868 0.0975962 0.183957 -0.148799 0.0909634 0.185307 -0.187614 0.0975959 0.183629 -0.187439 0.0814708 0.187472 -0.200521 0.0814713 0.187575 -0.161198 0.0982987 -0.122462 -0.149585 0.0954155 -0.122462 -0.147079 0.101008 -0.123768 -0.15194 0.0927062 -0.123768 -0.144724 0.103217 -0.126224 -0.15386 0.0904975 -0.126224 -0.142804 0.104658 -0.129532 -0.155114 0.0890559 -0.129532 -0.141551</float_array>
                    <technique_common>
                        <accessor count="3467" source="#shape0-lib-positions-array" stride="3">
                            <param name="X" type="float"/>
                            <param name="Y" type="float"/>
                            <param name="Z" type="float"/>
                        </accessor>
                    </technique_common>
                </source>
                <source id="shape0-lib-normals" name="normal">
                    <float_array id="shape0-lib-normals-array" count="20790">0.723185 0.00158944 0.690653 0.743818 -0.000536081 0.668383 0.646617 0.000516279 0.762815 0.60963 0.00549554 0.792667 0.462618 0.0552155 0.884836 0.597237 0.0113291 0.801985 0.631946 0.00163984 0.775011 0.663771 -0.000964746 0.747936 0.69628 0.00609437 0.717744 0.701564 0.00888983 0.712551 0.783107 0.00350182 0.621877 0.773296 0.0101618 0.633964 0.784635 0.00433331 0.619942 0.794477 0 0.607294 0.783103 -0.00482956 0.621874 0.7603 -0.00101998 0.649571 0.742542 0.000542941 0.669799 0.721173 -0.00187774 0.692752 0.697527 -0.00980178 0.716491 0.670316 -0.0250785 0.741652 0.701591 -0.00178065 0.712578 0.584672 -0.00129945 0.811269 0.574914 0 0.818214 0.508616 0 0.860994 0.508616 0 0.860994 0.794454 -0.00715364 0.607283 0.792693 0 0.609621 0.852987 0 0.521933 0.852987 0 0.521933 0.910175 0 0.414223 0.910175 0 0.414223 0.953829 0 0.30035 0.953829 0 0.30035 0.983294 0 0.182024 0.983294 0 0.182024 0.998139 0 0.0609724 0.998139 0 0.0609724 0.998139 0 0.0609724 0.983294 0 0.182024 0.983294 0 0.182024 0.953829 0 0.30035 0.953829 0 0.30035 0.910175 0 0.414224 0.910175 0 0.414224 0.852987 0 0.521933 0.852987 0 0.521933 0.57491 0.00185051 0.818214 0.575848 0 0.817557 0.508616 0 0.860994 0.594901 -0.00307088 0.803793 0.609624 -0.00708077 0.792659 0.614171 -0.00565084 0.789152 0.673168 -0.499781 -0.545035 0.505798 -0.713394 -0.485013 0.502002 -0.76578 -0.401964 0.307784 -0.904212 -0.296092 0.284409 -0.938928 -0.193719 -0.237867 -0.939252 0.247437 -0.337003 -0.909562 0.243157 -0.46175 -0.765568 0.447988 -0.56346 -0.701996 0.435563 -0.628268 -0.499651 0.596345 0.0891457 -0.98891 -0.118782 0.0308555 -0.998893 0.0354954 -0.104578 -0.992357 0.0655131 0.745681 -0.154171 -0.648222 0.752803 -0.173636 -0.634931 0.669056 -0.441707 -0.597711 -0.743249 -0.173649 0.646086 -0.728723 -0.147311 0.668777 -0.693076 -0.431444 0.577496 -0.412605 0 0.91091 -0.412605 0 0.91091 -0.324796 0 0.945784 -0.324796 0 0.945784 -0.23409 0 0.972215 -0.23409 0 0.972215 -0.141298 0 0.989967 -0.141298 0 0.989967 -0.0472362 0 0.998884 -0.0472362 0 0.998884 0.0472362 0 0.998884 0.0472362 0 0.998884 0.141298 0 0.989967 0.141298 0 0.989967 0.23409 0 0.972215 0.23409 0 0.972215 0.324796 0 0.945784 0.324796 0 0.945784 0.412605 0 0.91091 0.412605 0 0.91091 0.99488 -0.0807482 0.0607733 0.502764 -0.151251 0.851088 0.195467 -0.979223 0.0539925 0.0696288 -0.992286 0.102572 0.0750238 -0.991917 0.10233 0.0790091 -0.992034 0.0981125 0.0881348 -0.99146 0.0961247 0.0893365 -0.991562 0.0939363 0.101505 -0.990882 0.088594 0.135972 -0.988018 0.0730224 0.135093 -0.988613 0.0662944 0.1591 -0.985208 0.063666 0.14808 -0.987859 0.0469691 0.571332 -0.257475 0.779286 0.605886 -0.110787 0.787799 0.648221 -0.28281 0.706985 0.699105 -0.0841225 0.710054 0.72014 -0.293834 0.628538 0.781388 -0.066308 0.620512 0.785774 -0.294641 0.543824 0.851724 -0.0543835 0.52116 0.843915 -0.287059 0.453215 0.90914 -0.0476774 0.413752 0.893655 -0.271113 0.357602 0.952763 -0.0472695 0.300014 0.934587 -0.244752 0.258153 0.98173 -0.0563816 0.181735 0.966488 -0.203852 0.156031 0.235894 -0.971033 0.0380799 0.230043 -0.97294 0.0216101 0.117938 -0.989963 0.0778741 0.117591 -0.989722 0.0813824 0.101839 -0.990986 0.0870421 0.0599858 -0.992577 0.1058 0.0639023 -0.992268 0.106403 0.07506 -0.988231 0.133286 0.0839649 -0.987007 0.136991 0.0944885 -0.980831 0.170421 0.10456 -0.978715 0.176591 0.125183 -0.967217 0.220955 0.129713 -0.965963 0.22381 0.180563 -0.933045 0.311167 0.180253 -0.933159 0.311003 0.254422 -0.86188 0.438671 0.254211 -0.862051 0.438458 0.326859 -0.758642 0.563583 0.326639 -0.758908 0.563353 0.416526 -0.557357 0.718233 0.416376 -0.557662 0.718084 0.490418 -0.210463 0.845692 0.665406 -0.745786 0.032223 0.64414 -0.764045 0.036317 0.792126 -0.609078 0.0394964 0.776304 -0.628909 0.042734 0.913081 -0.405104 0.0466306 0.905451 -0.421634 0.0488257 0.987785 -0.147066 0.0514986 0.299875 -0.953801 0.0184095 0.300402 -0.95364 0.0181521 0.393725 -0.919219 -0.0041849 0.331728 -0.94309 0.0231995 0.486565 -0.873412 0.0201212 0.22738 -0.971493 0.0670824 0.201349 -0.978039 0.0538338 0.181437 -0.980719 0.0726043 0.181437 -0.980719 0.0726042 0.163484 -0.982631 0.0877974 0.163485 -0.982631 0.0877987 0.14601 -0.984109 0.101051 0.14601 -0.984109 0.10105 0.12899 -0.985234 0.112583 0.12899 -0.985234 0.112584 0.112399 -0.986072 0.122588 0.112399 -0.986072 0.122588 0.0962122 -0.986672 0.131231 0.096212 -0.986672 0.131231 0.493137 -0.55171 0.67263 0.493141 -0.551696 0.672639 0.567463 -0.543086 0.618905 0.567467 -0.543071 0.618914 0.638095 -0.531662 0.55693 0.63809 -0.531675 0.556922 0.703665 -0.517386 0.486998 0.703672 -0.517369 0.487006 0.762869 -0.500185 0.40969 0.76287 -0.500183 0.409691 0.814386 -0.480184 0.325882 0.814388 -0.48018 0.325883 0.857087 -0.457551 0.236746 0.85709 -0.457545 0.236748 0.890077 -0.432568 0.143695 0.890073 -0.432577 0.143693 0.38846 -0.753892 0.529855 0.388459 -0.753894 0.529853 0.449652 -0.746527 0.490418 0.449652 -0.746527 0.490418 0.509577 -0.736562 0.444757 0.509574 -0.736565 0.444753 0.567419 -0.723752 0.392706 0.567418 -0.723754 0.392705 0.622303 -0.707848 0.334201 0.622296 -0.707857 0.334195 0.6732 -0.688646 0.269386 0.673199 -0.688647 0.269385 0.719046 -0.665976 0.198617 0.719058 -0.665962 0.198623 0.758763 -0.639745 0.122494 0.758757 -0.639752 0.122492 0.303123 -0.858586 0.413456 0.303122 -0.858588 0.413453 0.352214 -0.853451 0.384145 0.35221 -0.853455 0.384139 0.40121 -0.84641 0.350173 0.401218 -0.846401 0.350186 0.449721 -0.837183 0.311248 0.44971 -0.837194 0.311235 0.497242 -0.825495 0.267037 0.497254 -0.825484 0.267047 0.543215 -0.810967 0.217371 0.54322 -0.810963 0.217375 0.586885 -0.793275 0.162114 0.586868 -0.79329 0.162104 0.627408 -0.772075 0.101287 0.627418 -0.772066 0.101292 0.215423 -0.931265 0.293833 0.215424 -0.931263 0.293839 0.251059 -0.928436 0.273818 0.251059 -0.928436 0.273817 0.287145 -0.924519 0.250622 0.287145 -0.924519 0.250622 0.323576 -0.91932 0.22394 0.323577 -0.919319 0.223943 0.360196 -0.9126 0.193441 0.360194 -0.912602 0.193437 0.396785 -0.904075 0.158777 0.396786 -0.904074 0.15878 0.433065 -0.89339 0.119621 0.433064 -0.893391 0.119619 0.468642 -0.880142 0.0756586 0.468643 -0.880142 0.0756591 0.500533 -0.865187 0.030306 0.155176 -0.964946 0.211661 0.155175 -0.964946 0.211658 0.181108 -0.963423 0.197525 0.181108 -0.963422 0.197527 0.207561 -0.961301 0.181161 0.20756 -0.961302 0.181158 0.234521 -0.958466 0.162308 0.23452 -0.958466 0.162306 0.261967 -0.954767 0.140686 0.261971 -0.954765 0.140692 0.289858 -0.950015 0.115991 0.289857 -0.950016 0.115989 0.318106 -0.943975 0.0878658 0.318104 -0.943976 0.087863 0.346593 -0.936345 0.0559551 0.346597 -0.936343 0.055958 0.123053 -0.978104 0.167844 0.123053 -0.978104 0.167842 0.1437 -0.977132 0.156727 0.1437 -0.977132 0.156725 0.164823 -0.975776 0.143857 0.164824 -0.975775 0.143859 0.186438 -0.973957 0.12903 0.186438 -0.973957 0.129029 0.208551 -0.971577 0.112003 0.20855 -0.971577 0.112001 0.231171 -0.968505 0.0925057 0.231172 -0.968505 0.0925062 0.25429 -0.964574 0.0702372 0.254294 -0.964573 0.0702421 0.277879 -0.959568 0.0448635 0.277872 -0.95957 0.0448564 0.34406 -0.938926 0.00634049 0.120931 -0.992659 -0.00183678 0.453013 -0.891504 -0.000293994 0.507538 -0.861628 0.00126031 0.316482 -0.948598 -0.00116856 0.288798 -0.957388 0.00208908 0.363715 -0.93151 -0.00047499 0.396863 -0.917878 0.000134598 0.398188 -0.917304 0 0.984862 -0.17334 0 0.999595 -0.0284377 -0.00126996 0.928666 -0.370918 0.00037092 0.394398 -0.91894 0 0.397111 -0.917771 -7.44415e-05 0.498991 -0.866607 0.000268467 0.507622 -0.86158 -0.00017591 0.661509 -0.749938 0.000105475 0.67438 -0.738384 -0.000197895 0.790347 -0.612659 0.000207745 0.812202 -0.583377 -0.000309373 0.913288 -0.407314 0.000310013 0.928671 -0.370903 -0.000156674 0.98996 -0.141347 0.000180784 0.14813 -0.988968 0.000783069 0.167003 -0.985953 -0.00240261 0.186827 -0.982392 0.00141484 0.224281 -0.974524 0.000708327 0.245204 -0.969468 -0.0023944 0.874203 -0.48556 -0.000713115 0.81218 -0.583406 0.000484783 0.7158 -0.698306 -0.000554716 0.674358 -0.738404 0.000318893 0.56951 -0.821985 -0.000339552 0.791195 0 0.611564 0.791195 0 0.611564 0.891553 0 0.452916 0.891553 0 0.452916 0.960496 0 0.278294 0.960496 0 0.278294 0.995584 0 0.0938711 0.995584 0 0.0938711 -0.981423 0.0011528 0.191852 -0.953829 -0.00108892 0.30035 -0.94868 0.0016316 0.316233 -0.910174 -0.00153053 0.414223 -0.900252 0.00204126 0.435365 -0.852985 -0.00190854 0.521932 -0.836923 0.00238525 0.547316 -0.70159 -0.00188323 0.712578 -0.809893 0 0.586577 -0.78311 -0.00229405 0.621879 -0.764623 0.0017208 0.644476 -0.99793 0 0.0643026 -0.998139 0.000643707 0.0609724 -0.983294 -0.000577325 0.182024 -0.508616 0 0.860994 -0.505021 -0.000789104 0.863107 -0.609639 0.000843605 0.792679 -0.599671 -0.0016862 0.800245 -0.686574 0.00125541 0.727059 0.836896 -0.547362 0 0.824983 -0.565153 0.00208611 0.795925 -0.605392 -0.00209139 0.565155 -0.824985 0 0.562581 -0.826742 0.000905579 0.638855 -0.769326 -0.000981908 0.638254 -0.769825 -0.000762132 0.707107 -0.707107 0.000657518 0.70262 -0.711563 0.0020188 0.769324 -0.638853 -0.00270551 0.74884 -0.662728 0.00552298 0.324461 0.945594 -0.0240335 0.191843 0.981331 -0.0136589 0.323864 0.945756 -0.0256564 0.405449 0.913627 -0.0299565 0.406156 0.913373 -0.0280591 0.50963 0.859678 -0.0350957 0.510372 0.859301 -0.0335004 0.632018 0.773846 -0.0414165 0.256259 0.966394 -0.0203456 0.292447 0.948914 0.118481 0.239842 0.970581 -0.0211573 0.213958 0.97666 -0.0188883 0.21358 0.976721 -0.0199963 0.191378 0.981353 -0.0179239 0.225254 0.957979 0.177585 0.185401 0.982137 -0.0321476 0.991415 0.116434 -0.0594889 0.991379 0.11663 -0.059709 0.939602 0.337557 -0.0565906 0.939402 0.338025 -0.0571316 0.804474 0.591966 -0.0489743 0.803915 0.592587 -0.0506177 0.632702 0.773366 -0.0399119 0.611225 -0.788024 -0.0736277 0.61124 -0.788008 -0.0736773 0.611239 -0.788011 -0.0736664 0.611237 -0.788012 -0.0736644 0.611238 -0.788011 -0.0736657 0.61124 -0.788009 -0.0736708 0.611238 -0.788011 -0.073666 0.611239 -0.78801 -0.0736686 0.611238 -0.788011 -0.0736663 0.611239 -0.78801 -0.0736685 0.611239 -0.788011 -0.0736678 0.611237 -0.788012 -0.0736658 0.61124 -0.788009 -0.0736692 0.61114 -0.788088 -0.0736564 0.611228 -0.788019 -0.0736669 0.611243 -0.788007 -0.0736685 0.611229 -0.788018 -0.0736671 0.611239 -0.78801 -0.0736679 0.611239 -0.78801 -0.0736679 0.61124 -0.788009 -0.0736678 0.611238 -0.788011 -0.0736682 0.992815 0 -0.119657 0.992815 0 -0.119657 -0.0560727 0 -0.998427 -0.0560727 0 -0.998427 -0.167501 0 -0.985872 -0.167501 0 -0.985872 -0.276833 0 -0.960918 -0.276833 0 -0.960918 -0.382687 0 -0.923878 -0.382687 0 -0.923878 -0.483718 0 -0.875224 -0.483718 0 -0.875224 -0.578671 0 -0.815561 -0.578671 0 -0.815561 -0.66635 0 -0.745639 -0.66635 0 -0.745639 -0.745642 0 -0.666346 -0.745642 0 -0.666346 -0.815557 0 -0.578676 -0.815557 0 -0.578676 -0.875224 0 -0.483718 -0.875224 0 -0.483718 -0.923878 0 -0.382686 -0.923878 0 -0.382686 -0.960919 0 -0.276829 -0.960919 0 -0.276829 -0.985871 0 -0.167509 -0.985871 0 -0.167509 -0.998427 0 -0.0560704 -0.998427 0 -0.0560704 -1 0 0 -1 0 0 0.292372 0.956305 0 0.292366 0.956307 -2.65911e-06 0.292372 0.956305 -3.15637e-07 0.292372 0.956305 -3.22024e-07 0.292375 0.956304 3.23878e-07 0.292372 0.956305 0 0.995243 -0.0797969 -0.0558916 -0.711981 -0.702094 -0.012106 0.00719624 -0.998834 -0.0477344 -0.00713089 -0.999229 -0.0386129 -0.00863654 -0.999296 -0.0364969 0.0435575 -0.998814 -0.0217561 0.0130989 -0.999402 -0.0320041 0.0109485 -0.999429 -0.0319607 0.012676 -0.999355 -0.0335995 -0.0100892 -0.9995 -0.0299787 0.00810857 -0.999283 -0.0369766 0.00720078 -0.999215 -0.0389483 0.981507 -0.17568 -0.0760347 0.940263 -0.253862 -0.226845 0.955359 -0.107423 -0.275227 0.919543 -0.255753 -0.298382 0.909843 -0.173643 -0.376873 0.90572 -0.19177 -0.378014 0.741465 -0.299912 -0.600235 0.736243 -0.158279 -0.657947 0.697969 -0.282879 -0.65789 0.569521 -0.177128 -0.802665 0.494024 -0.35306 -0.794537 0.475919 -0.178854 -0.861111 0.448437 -0.265385 -0.853508 0.401413 -0.301241 -0.86494 0.375387 -0.19438 -0.906256 0.343746 -0.307514 -0.887284 0.164391 -0.191792 -0.96757 0.116467 -0.346018 -0.930971 -0.116467 -0.346018 -0.930971 -0.164391 -0.191792 -0.96757 -0.193305 -0.339254 -0.920619 -0.269751 -0.224756 -0.936333 -0.273928 -0.273213 -0.922127 -0.343746 -0.307514 -0.887284 -0.375387 -0.19438 -0.906256 -0.494024 -0.35306 -0.794537 -0.569521 -0.177128 -0.802665 -0.572181 -0.328995 -0.751247 -0.653143 -0.198109 -0.730861 -0.651814 -0.244027 -0.718045 -0.697969 -0.282879 -0.65789 -0.736243 -0.158279 -0.657946 -0.866259 -0.251241 -0.431826 -0.955359 -0.107423 -0.275227 -0.969752 -0.210179 -0.124123 0.675422 -0.735872 -0.0479281 0.521724 -0.852117 -0.0412322 0.489538 -0.863947 -0.118102 0.456504 -0.88117 -0.12306 0.466586 -0.871421 -0.151404 0.426409 -0.891034 -0.155674 0.24909 -0.919426 -0.304318 0.246351 -0.913616 -0.323444 0.226693 -0.922143 -0.31347 0.174182 -0.919477 -0.352453 0.0641674 -0.92764 -0.367923 0.048552 -0.934538 -0.352535 0.0385309 -0.928246 -0.369967 -0.048552 -0.934538 -0.352535 -0.174182 -0.919477 -0.352453 -0.175587 -0.926458 -0.332933 -0.246351 -0.913616 -0.323444 -0.24909 -0.919426 -0.304318 -0.426409 -0.891034 -0.155674 -0.466586 -0.871421 -0.151404 -0.456504 -0.88117 -0.12306 -0.489538 -0.863947 -0.118102 0.0423699 -0.99301 -0.11016 0.133504 -0.990973 -0.0122307 0.118565 -0.992432 -0.0319607 0.113397 -0.992945 -0.0346495 0.110418 -0.993067 -0.0403116 0.103939 -0.993636 -0.0434152 0.101682 -0.99365 -0.0481654 0.0940152 -0.994234 -0.0515771 0.0923741 -0.994181 -0.0554236 0.0626761 -0.995375 -0.0728006 0.053329 -0.99564 -0.0765301 0.0141943 -0.996311 -0.0846379 0.00987983 -0.996228 -0.0862061 0.00328107 -0.99628 -0.0861161 -0.00987983 -0.996228 -0.0862061 -0.0141943 -0.996311 -0.0846379 -0.016397 -0.996218 -0.0853313 -0.0269665 -0.996126 -0.083702 -0.0366233 -0.995996 -0.0815507 -0.043899 -0.995845 -0.0797843 -0.0513982 -0.995758 -0.0763181 -0.053329 -0.99564 -0.0765301 -0.0598103 -0.995546 -0.0728727 -0.0870136 -0.994536 -0.0576758 -0.0923741 -0.994181 -0.0554236 -0.0940152 -0.994234 -0.0515771 -0.101682 -0.99365 -0.0481654 -0.103939 -0.993636 -0.0434152 -0.110418 -0.993067 -0.0403116 -0.113397 -0.992945 -0.0346495 0.0278609 -0.997723 -0.0614155 0.0253341 -0.997709 -0.0627322 0.0225391 -0.997793 -0.0624655 0.0181502 -0.997777 -0.0641302 0.0161677 -0.997838 -0.0637026 0.010902 -0.997825 -0.0650066 0.00974004 -0.997863 -0.0646078 -0.00974002 -0.997863 -0.0646079 -0.010902 -0.997825 -0.0650066 -0.0161677 -0.997838 -0.0637026 -0.0225391 -0.997793 -0.0624655 -0.0360967 -0.997612 -0.0588916 0.0666141 -0.997571 -0.0203546 0.0527394 -0.998189 -0.0289335 0.0132628 -0.998841 -0.0462594 0.00498458 -0.998766 -0.0494048 0.00131766 -0.9988 -0.0489677 -0.00641424 -0.998826 -0.0480118 -0.0118924 -0.998831 -0.0468575 -0.0132627 -0.998841 -0.0462594 -0.0166106 -0.998802 -0.0460352 -0.0516902 -0.998233 -0.0293064 0.0547235 -0.218053 -0.974402 0.039637 -0.298082 -0.953717 -0.039637 -0.298082 -0.953717 -0.0547235 -0.218053 -0.974402 -0.126197 -0.991986 0.00618358 -0.102048 -0.994736 -0.0093489 -0.101258 -0.994814 -0.00963974 -0.0976816 -0.995187 -0.00778207 0.0981945 -0.995135 -0.00804847 0.101258 -0.994814 -0.00963974 0.102048 -0.994736 -0.0093489 0.126197 -0.991986 0.00618358 -0.00468074 -0.999573 -0.0288594 -0.00637739 -0.999572 -0.0285416 -0.00369136 -0.99959 -0.0283917 -0.00217286 -0.999611 -0.0278068 -0.000818275 -0.999641 -0.0267853 -0.00175003 -0.999611 -0.0278525 0.14579 -0.988699 -0.0349159 0.156679 -0.987632 0.0058215 0.20232 -0.97874 -0.0336733 0.184179 -0.982251 0.0355118 0.265528 -0.963448 -0.0355305 0.262382 -0.96494 0.00676238 0.351411 -0.935973 -0.0215392 0.339012 -0.940782 -0.000441223 0.441764 -0.896879 -0.0212593 0.427244 -0.904122 -0.0050573 0.559893 -0.828291 -0.021314 0.564346 -0.825163 -0.0248879 0.703322 -0.709903 -0.0370986 0.60954 -0.792745 -0.00398281 0.869734 -0.492786 -0.0269361 0.859873 -0.510158 -0.0189037 0.983907 -0.176466 -0.0280569 0.84249 -0.534743 -0.0652655 0.854721 -0.515533 -0.0606512 0.82707 -0.552041 -0.105861 0.839598 -0.53359 -0.10177 0.817545 -0.557425 -0.144558 0.821785 -0.551469 -0.143357 0.801742 -0.565505 -0.193426 0.801739 -0.56551 -0.193426 0.773759 -0.581599 -0.251077 0.773738 -0.581627 -0.251077 0.73997 -0.597549 -0.308836 0.740002 -0.597508 -0.308839 0.70924 -0.609901 -0.353553 0.709039 -0.610135 -0.353551 0.684459 -0.618491 -0.385985 0.683929 -0.6191 -0.385948 0.65816 -0.626669 -0.417266 0.657608 -0.627291 -0.417202 0.630143 -0.634832 -0.447111 0.629947 -0.635052 -0.447075 0.594593 -0.644028 -0.481339 0.594601 -0.644018 -0.481342 0.550566 -0.653886 -0.518951 0.550552 -0.653903 -0.518945 0.503121 -0.663086 -0.554244 0.503129 -0.663076 -0.554248 0.448707 -0.672001 -0.589132 0.448727 -0.671976 -0.589146 0.386935 -0.680454 -0.622306 0.386925 -0.680467 -0.622297 0.338326 -0.686211 -0.643934 0.338313 -0.686225 -0.643925 0.304891 -0.689525 -0.65696 0.304907 -0.689506 -0.656973 0.260376 -0.693184 -0.672086 0.260369 -0.693195 -0.672078 0.204187 -0.697031 -0.687354 0.20418 -0.697043 -0.687344 0.146761 -0.699948 -0.698952 0.14676 -0.699949 -0.698951 0.0884182 -0.7019 -0.706766 0.088426 -0.701882 -0.706783 0.0295376 -0.702861 -0.710713 0.0295352 -0.702868 -0.710707 -0.0295373 -0.702868 -0.710707 -0.0295355 -0.702861 -0.710714 -0.0884204 -0.701882 -0.706784 -0.0884238 -0.7019 -0.706766 -0.146761 -0.699949 -0.698951 -0.146761 -0.699948 -0.698952 -0.204183 -0.697042 -0.687344 -0.204183 -0.697031 -0.687355 -0.260372 -0.693195 -0.672077 -0.260373 -0.693184 -0.672087 -0.304898 -0.689507 -0.656976 -0.3049 -0.689525 -0.656957 -0.338319 -0.686225 -0.643922 -0.338319 -0.686211 -0.643937 -0.386928 -0.680467 -0.622295 -0.386931 -0.680454 -0.622308 -0.448721 -0.671976 -0.58915 -0.448713 -0.672001 -0.589128 -0.503127 -0.663077 -0.55425 -0.503124 -0.663086 -0.554242 -0.550556 -0.653902 -0.518942 -0.550562 -0.653887 -0.518954 -0.594599 -0.644019 -0.481344 -0.594595 -0.644027 -0.481337 -0.630007 -0.635035 -0.447014 -0.630084 -0.634847 -0.447172 -0.65777 -0.627243 -0.417019 -0.658002 -0.626711 -0.417452 -0.684073 -0.619054 -0.385767 -0.684316 -0.618536 -0.386167 -0.709092 -0.610116 -0.353479 -0.709188 -0.60992 -0.353625 -0.739997 -0.59751 -0.308847 -0.739975 -0.597547 -0.308828 -0.773741 -0.581626 -0.251071 -0.773756 -0.5816 -0.251083 -0.801739 -0.56551 -0.193425 -0.801741 -0.565506 -0.193427 -0.821101 -0.55201 -0.145187 -0.81851 -0.556466 -0.142786 -0.836976 -0.536651 -0.107129 -0.83044 -0.547939 -0.100659 -0.851656 -0.519933 -0.0659755 -0.844624 -0.531994 -0.0599347 -0.859873 -0.510158 -0.0189037 -0.869734 -0.492786 -0.0269361 -0.618388 -0.784647 -0.043881 -0.680985 -0.731457 -0.0350782 -0.558456 -0.829175 -0.0243871 -0.570127 -0.821245 -0.0226176 -0.449092 -0.893453 -0.00765984 -0.339093 -0.939803 -0.042253 -0.442176 -0.896667 0.0216444 -0.266035 -0.963338 -0.0347209 -0.357184 -0.933566 0.029556 -0.199673 -0.979134 -0.0377787 -0.268286 -0.963207 0.0159468 -0.180066 -0.98355 -0.0143504 -0.14579 -0.988699 -0.0349159 -0.156679 -0.987632 0.0058215 -0.133504 -0.990973 -0.0122307 0.0528841 -0.998357 -0.0220636 0.0562942 -0.998079 -0.0258732 0.0597881 -0.997899 -0.024973 0.00730613 -0.999118 -0.0413449 0.00901604 -0.998855 -0.0469819 0.0118924 -0.998831 -0.0468575 -0.00741244 -0.999069 -0.0425084 -0.00914783 -0.998854 -0.0469762 -0.00722898 -0.998824 -0.0479515 -0.078254 -0.996877 -0.010617 -0.0782544 -0.996854 -0.0125848 -0.0702996 -0.997294 -0.0215197 -0.0711433 -0.997341 -0.0157951 -0.0624676 -0.997657 -0.0279064 -0.0643704 -0.997732 -0.019669 -0.0566108 -0.998004 -0.0279943 -0.0581391 -0.998013 -0.0242843 -0.0527394 -0.998189 -0.0289335 0.043454 -0.998752 -0.0246368 0.039548 -0.998921 -0.024362 0.0368494 -0.998986 -0.0258688 0.0355327 -0.999032 -0.0259385 0.0334291 -0.999073 -0.0271163 0.0311902 -0.999139 -0.027372 0.0301279 -0.999151 -0.0280921 0.0267582 -0.999223 -0.0289545 0.0269489 -0.999222 -0.0288046 0.0242613 -0.999262 -0.0297802 0.0225241 -0.999298 -0.0299377 0.0214771 -0.999307 -0.0304053 0.0186043 -0.99935 -0.0308838 0.0187311 -0.99935 -0.0308177 0.0148561 -0.999385 -0.0317777 0.0160672 -0.999388 -0.0310624 0.022909 -0.998756 -0.0442896 0.0233452 -0.998758 -0.0440169 0.0322223 -0.997633 -0.0607546 0.0323238 -0.997635 -0.060658 0.042345 -0.995938 -0.0794637 0.00649799 -0.999541 -0.0295842 0.0146198 -0.99936 -0.03266 0.0092973 -0.999431 -0.0324283 0.00320781 -0.999598 -0.0281836 0.00608524 -0.999562 -0.0289494 0.0137838 -0.999502 -0.0283778 0.00106942 -0.999611 -0.0278525 0.00105057 -0.999612 -0.0278392 0.00327531 -0.999598 -0.028166 -0.0132575 -0.999356 -0.0333469 -0.0196377 -0.999349 -0.0302522 -0.00919371 -0.999443 -0.032067 -0.00735054 -0.999427 -0.0330436 -0.00967223 -0.999432 -0.0322803 -0.0121158 -0.999416 -0.0319523 -0.013097 -0.999402 -0.0319995 -0.0184882 -0.998808 -0.0451717 -0.0204108 -0.998779 -0.0449928 -0.0278609 -0.997723 -0.0614155 -0.01611 -0.999385 -0.0311452 -0.0151215 -0.999383 -0.0316899 -0.0187499 -0.999348 -0.0308486 -0.0186883 -0.999348 -0.0308795 -0.0214778 -0.999307 -0.0304062 -0.0238868 -0.999285 -0.0293205 -0.0227523 -0.999283 -0.030277 -0.0269862 -0.99922 -0.0288444 -0.0270626 -0.999219 -0.0287871 -0.0301645 -0.999149 -0.0281263 -0.0327356 -0.999111 -0.0265538 -0.0318962 -0.999104 -0.0278241 -0.0364765 -0.999006 -0.025607 -0.0366466 -0.999007 -0.0253405 -0.0424701 -0.998808 -0.0240789 -0.0425313 -0.998795 -0.0244877 -0.0475953 -0.998669 -0.0198498 0.97503 -0.139978 -0.172405 0.980557 -0.103688 -0.166606 0.969752 -0.210179 -0.124123 0.855646 -0.187196 -0.482522 0.866359 -0.141969 -0.478818 0.866259 -0.251241 -0.431826 0.804051 -0.167408 -0.570505 0.804044 -0.167441 -0.570507 0.813702 -0.267879 -0.515878 0.646876 -0.239993 -0.723848 0.660621 -0.184295 -0.727747 0.572181 -0.328995 -0.751247 0.266587 -0.269548 -0.925351 0.278346 -0.211096 -0.936997 0.193305 -0.339254 -0.920619 -0.462752 -0.100654 -0.880755 -0.468427 -0.249452 -0.847555 -0.401413 -0.301241 -0.86494 -0.804045 -0.167452 -0.570501 -0.804046 -0.16742 -0.570508 -0.741465 -0.299912 -0.600236 -0.864847 -0.11907 -0.487711 -0.861981 -0.173299 -0.476399 -0.813702 -0.267879 -0.515878 -0.90717 -0.189323 -0.375765 -0.909295 -0.170756 -0.379506 -0.919543 -0.255753 -0.298382 -0.981094 -0.0857936 -0.173477 -0.977871 -0.127129 -0.16615 -0.940263 -0.253862 -0.226845 -0.985451 -0.1607 -0.0553416 -0.997006 -0.00371871 -0.0772354 -0.983907 -0.176466 -0.0280569 0.660835 -0.746245 -0.0801012 0.660823 -0.746255 -0.0801045 0.644275 -0.756491 -0.112391 0.64427 -0.756495 -0.112393 0.622403 -0.768157 -0.15016 0.622417 -0.768146 -0.15016 0.593919 -0.7811 -0.192726 0.593927 -0.781093 -0.192726 0.561646 -0.793479 -0.234403 0.561628 -0.793493 -0.2344 0.533517 -0.802862 -0.26603 0.533285 -0.80302 -0.266017 0.511681 -0.809202 -0.288747 0.510943 -0.809697 -0.288666 0.489114 -0.815156 -0.310305 0.488421 -0.81561 -0.310201 0.465665 -0.820936 -0.330484 0.465423 -0.821094 -0.330433 0.436568 -0.827351 -0.353411 0.436565 -0.827353 -0.35341 0.401385 -0.834116 -0.378341 0.401383 -0.834116 -0.37834 0.3644 -0.840281 -0.401423 0.364409 -0.840274 -0.401429 0.32292 -0.846151 -0.423972 0.322915 -0.846155 -0.423968 0.276758 -0.851633 -0.445114 0.276753 -0.851637 -0.445109 0.240993 -0.855292 -0.458692 0.218958 -0.869344 -0.443055 0.216677 -0.857372 -0.466866 0.144235 -0.930777 -0.335933 0.140951 -0.926769 -0.348183 0.191968 -0.859229 -0.474209 0.189723 -0.850986 -0.489723 0.147645 -0.855081 -0.497028 0.143288 -0.858853 -0.491772 0.101815 -0.868623 -0.484899 0.124846 -0.840632 -0.527021 0.0846215 -0.870297 -0.485203 0.0640249 -0.856747 -0.511747 0.051215 -0.869225 -0.491757 0.0211512 -0.86053 -0.508961 0.0173295 -0.865685 -0.50029 -0.0207894 -0.865628 -0.500257 -0.0176969 -0.859461 -0.510895 -0.0608189 -0.871772 -0.486121 -0.0545424 -0.850151 -0.523706 -0.0846215 -0.870297 -0.485203 -0.106754 -0.854465 -0.508422 -0.115425 -0.8656 -0.487251 -0.146218 -0.8581 -0.492225 -0.145566 -0.853944 -0.49959 -0.165039 -0.864219 -0.475276 -0.189723 -0.850986 -0.489723 -0.191968 -0.859229 -0.474209 -0.216677 -0.857372 -0.466866 -0.218958 -0.869344 -0.443055 -0.240993 -0.855292 -0.458692 -0.276755 -0.851637 -0.445109 -0.276756 -0.851633 -0.445114 -0.322917 -0.846154 -0.423967 -0.322919 -0.846151 -0.423972 -0.364406 -0.840275 -0.40143 -0.364402 -0.840281 -0.401422 -0.401384 -0.834116 -0.37834 -0.401384 -0.834116 -0.378341 -0.436566 -0.827353 -0.353409 -0.436567 -0.827351 -0.353411 -0.465502 -0.821075 -0.330368 -0.465589 -0.820953 -0.330551 -0.488639 -0.815555 -0.310004 -0.488905 -0.815203 -0.310508 -0.511156 -0.809639 -0.288451 -0.51147 -0.809258 -0.288964 -0.533351 -0.803 -0.265947 -0.533452 -0.802882 -0.266101 -0.561631 -0.793491 -0.234397 -0.561643 -0.79348 -0.234406 -0.593926 -0.781094 -0.192728 -0.59392 -0.7811 -0.192724 -0.622415 -0.768148 -0.150163 -0.622406 -0.768157 -0.150157 -0.644271 -0.756494 -0.112391 -0.644274 -0.756491 -0.112393 -0.660825 -0.746254 -0.0801001 -0.660833 -0.746246 -0.0801057 0.504095 -0.861484 -0.061106 0.517884 -0.852591 -0.0698866 0.397018 -0.916246 -0.0535761 0.397503 -0.916006 -0.054079 0.311201 -0.949401 -0.0423379 0.311543 -0.949267 -0.0428156 0.235504 -0.971334 -0.0323656 0.23558 -0.971295 -0.0329968 0.172856 -0.984649 -0.0242114 0.173008 -0.984646 -0.0232328 0.12898 -0.991496 -0.0173204 0.12911 -0.991429 -0.0199894 0.0971035 -0.995161 -0.015034 0.0969708 -0.995165 -0.0155947 0.0785387 -0.996831 -0.0126305 0.0786037 -0.996853 -0.0102487 0.483867 -0.871061 -0.0844105 0.504787 -0.857661 -0.0980174 0.382326 -0.921041 -0.0742383 0.38248 -0.920963 -0.0744123 0.29922 -0.952407 -0.058214 0.29933 -0.952362 -0.058382 0.226272 -0.973064 -0.0441326 0.226288 -0.97305 -0.0443487 0.165841 -0.985617 -0.032502 0.165885 -0.98562 -0.0321714 0.123188 -0.992096 -0.0238909 0.12338 -0.991988 -0.027132 0.0926343 -0.995492 -0.0203708 0.0925795 -0.995493 -0.0205544 0.068963 -0.997502 -0.0153111 0.068854 -0.997368 -0.0227114 0.273285 -0.91342 -0.301629 0.274182 -0.913016 -0.302036 0.287954 -0.915681 -0.280376 0.303153 -0.909091 -0.285749 0.314364 -0.911961 -0.263635 0.331007 -0.904783 -0.267958 0.339782 -0.907837 -0.245722 0.348142 -0.904271 -0.247168 0.367005 -0.900615 -0.23281 0.366464 -0.900852 -0.232745 0.385031 -0.896831 -0.217819 0.385613 -0.896571 -0.217859 0.409096 -0.891678 -0.19378 0.376962 -0.90694 -0.188039 0.440107 -0.878958 -0.183682 0.207056 -0.919908 -0.333013 0.207203 -0.919832 -0.333131 0.175587 -0.926458 -0.332933 0.115721 -0.928608 -0.352556 0.116752 -0.934518 -0.336222 0.165039 -0.864219 -0.475276 0.0812296 -0.932873 -0.350927 0.0838861 -0.931432 -0.354115 0.104508 -0.927593 -0.358678 0.0122948 -0.934808 -0.354941 0.0167064 -0.930681 -0.365451 -0.0126596 -0.930736 -0.365473 -0.0163327 -0.933856 -0.357276 -0.0385309 -0.928246 -0.369967 -0.0818619 -0.931786 -0.353658 -0.0827655 -0.933317 -0.349384 -0.0641674 -0.92764 -0.367923 -0.144235 -0.930777 -0.335933 -0.140951 -0.926769 -0.348183 -0.115721 -0.928608 -0.352556 -0.116752 -0.934518 -0.336222 -0.104508 -0.927593 -0.358678 -0.207129 -0.919849 -0.333131 -0.207102 -0.919914 -0.332967 -0.226693 -0.922143 -0.31347 -0.273762 -0.913295 -0.301574 -0.273962 -0.912969 -0.302377 -0.291482 -0.91627 -0.274748 -0.299919 -0.908168 -0.292026 -0.317615 -0.912695 -0.257117 -0.32811 -0.903676 -0.275162 -0.341148 -0.908271 -0.242202 -0.345024 -0.904821 -0.249513 -0.366807 -0.900656 -0.232962 -0.366659 -0.900813 -0.23259 -0.385241 -0.896782 -0.217649 -0.38543 -0.896605 -0.218045 -0.402393 -0.89319 -0.200725 -0.394621 -0.89963 -0.186923 -0.440107 -0.878958 -0.183682 -0.483867 -0.871061 -0.0844105 -0.504787 -0.857661 -0.0980174 -0.504095 -0.861484 -0.061106 -0.517884 -0.852591 -0.0698865 -0.521724 -0.852117 -0.0412322 0.410718 -0.911185 -0.0324593 0.411208 -0.910947 -0.0329192 0.322627 -0.946174 -0.0258279 0.323006 -0.946032 -0.0262847 0.244508 -0.969443 -0.0198969 0.24465 -0.969394 -0.020534 0.18 -0.983551 -0.0151078 0.363415 -0.926462 -0.0979659 0.36342 -0.92646 -0.0979656 0.33984 -0.932264 -0.12407 0.339844 -0.932262 -0.12407 0.314316 -0.937571 -0.148885 0.314311 -0.937573 -0.148884 0.293899 -0.941265 -0.166264 0.293902 -0.941264 -0.166264 0.279751 -0.943529 -0.17746 0.279751 -0.943529 -0.17746 0.262705 -0.945988 -0.189982 0.262701 -0.945989 -0.189981 0.242517 -0.948589 -0.203381 0.242522 -0.948588 -0.203383 0.221646 -0.950946 -0.215813 0.221644 -0.950946 -0.215812 0.204006 -0.952724 -0.225165 0.204006 -0.952724 -0.225165 0.189928 -0.953984 -0.232039 0.189929 -0.953984 -0.232039 0.173212 -0.955316 -0.239517 0.173213 -0.955316 -0.239517 0.153757 -0.956687 -0.247202 0.153754 -0.956688 -0.247201 0.133957 -0.957884 -0.253998 0.133953 -0.957885 -0.253995 0.111831 -0.958986 -0.26046 0.111838 -0.958984 -0.260467 0.0873639 -0.959961 -0.266163 0.0873656 -0.95996 -0.266165 0.0626057 -0.960691 -0.270468 0.0626058 -0.960691 -0.270468 0.0376467 -0.961177 -0.273351 0.0376465 -0.961177 -0.273351 0.0125622 -0.96142 -0.274797 0.0125622 -0.96142 -0.274797 -0.0125622 -0.96142 -0.274797 -0.0125622 -0.96142 -0.274797 -0.0376466 -0.961177 -0.273351 -0.0376465 -0.961177 -0.273351 -0.0626057 -0.960691 -0.270468 -0.0626058 -0.960691 -0.270468 -0.0873646 -0.95996 -0.266165 -0.0873649 -0.959961 -0.266163 -0.111834 -0.958984 -0.260468 -0.111835 -0.958986 -0.260459 -0.133955 -0.957885 -0.253994 -0.133955 -0.957884 -0.253998 -0.153756 -0.956688 -0.2472 -0.153756 -0.956687 -0.247203 -0.173213 -0.955316 -0.239517 -0.173213 -0.955316 -0.239517 -0.189928 -0.953984 -0.232039 -0.189929 -0.953984 -0.232038 -0.204006 -0.952724 -0.225165 -0.204006 -0.952724 -0.225165 -0.221645 -0.950946 -0.215812 -0.221645 -0.950946 -0.215813 -0.24252 -0.948588 -0.203384 -0.242518 -0.948589 -0.20338 -0.262702 -0.945989 -0.18998 -0.262703 -0.945988 -0.189983 -0.279751 -0.943529 -0.17746 -0.279751 -0.943529 -0.177459 -0.293901 -0.941264 -0.166265 -0.2939 -0.941265 -0.166263 -0.314312 -0.937572 -0.148883 -0.314315 -0.937571 -0.148886 -0.339843 -0.932262 -0.124071 -0.339841 -0.932263 -0.124069 -0.363419 -0.926461 -0.0979669 -0.363416 -0.926462 -0.0979646 -0.382326 -0.921041 -0.0742383 -0.38248 -0.920963 -0.0744123 -0.397018 -0.916246 -0.0535761 -0.397503 -0.916006 -0.0540791 -0.410718 -0.911185 -0.0324593 -0.411208 -0.910947 -0.0329192 0.28385 -0.955811 -0.0765162 0.283849 -0.955811 -0.0765163 0.264784 -0.95945 -0.0966669 0.264784 -0.95945 -0.0966669 0.244346 -0.962756 -0.115743 0.244349 -0.962755 -0.115743 0.228125 -0.965041 -0.129053 0.228121 -0.965042 -0.129053 0.216931 -0.966439 -0.13761 0.216934 -0.966438 -0.13761 0.203502 -0.967951 -0.147169 0.2035 -0.967951 -0.147169 0.18766 -0.969545 -0.157375 0.187658 -0.969545 -0.157374 0.171334 -0.970986 -0.166826 0.171335 -0.970986 -0.166826 0.157582 -0.972069 -0.173925 0.14833 -0.973814 -0.172292 0.14663 -0.972835 -0.17914 0.133649 -0.973645 -0.184808 0.137015 -0.972917 -0.18617 0.11695 -0.975176 -0.188028 0.127749 -0.972599 -0.194247 0.111921 -0.975091 -0.1915 0.103246 -0.9752 -0.19577 0.102555 -0.974636 -0.198913 0.0757974 -0.986226 -0.147014 0.0758428 -0.98623 -0.146965 0.0552913 -0.992705 -0.107141 0.0861577 -0.975865 -0.200659 0.0861596 -0.975865 -0.20066 0.0672769 -0.976455 -0.204963 0.0672732 -0.976456 -0.20496 0.0481945 -0.976896 -0.208209 0.0481956 -0.976896 -0.20821 0.0289748 -0.977189 -0.210386 0.0289739 -0.977189 -0.210385 0.0096675 -0.977335 -0.211476 0.0096673 -0.977336 -0.211475 -0.00966749 -0.977336 -0.211475 -0.00966732 -0.977335 -0.211476 -0.0289746 -0.977189 -0.210385 -0.0289741 -0.977189 -0.210386 -0.0481948 -0.976896 -0.20821 -0.0481953 -0.976896 -0.208208 -0.0672757 -0.976456 -0.20496 -0.0672745 -0.976455 -0.204964 -0.0861584 -0.975865 -0.20066 -0.0861588 -0.975865 -0.200658 -0.103246 -0.9752 -0.19577 -0.102555 -0.974636 -0.198913 -0.116731 -0.97527 -0.187677 -0.116296 -0.973078 -0.198985 -0.123279 -0.974507 -0.187451 -0.133649 -0.973645 -0.184808 -0.137015 -0.972917 -0.18617 -0.101487 -0.985233 -0.137896 -0.0959012 -0.985831 -0.137624 -0.14663 -0.972835 -0.17914 -0.14833 -0.973814 -0.172292 -0.157582 -0.972069 -0.173925 -0.171335 -0.970986 -0.166826 -0.171334 -0.970986 -0.166825 -0.187659 -0.969545 -0.157374 -0.187659 -0.969545 -0.157375 -0.2035 -0.967951 -0.147168 -0.203501 -0.967951 -0.14717 -0.216933 -0.966439 -0.137611 -0.216933 -0.966439 -0.137609 -0.228123 -0.965042 -0.129052 -0.228123 -0.965041 -0.129054 -0.244348 -0.962755 -0.115744 -0.244347 -0.962756 -0.115742 -0.264784 -0.95945 -0.0966669 -0.264784 -0.95945 -0.0966668 -0.283849 -0.955811 -0.0765161 -0.28385 -0.955811 -0.0765164 -0.29922 -0.952407 -0.058214 -0.29933 -0.952362 -0.058382 -0.311201 -0.949401 -0.0423379 -0.311543 -0.949267 -0.0428156 -0.322627 -0.946174 -0.0258279 -0.323006 -0.946032 -0.0262847 0.214399 -0.975035 -0.0577947 0.214401 -0.975034 -0.0577939 0.199673 -0.977147 -0.0728962 0.199671 -0.977148 -0.0728965 0.183986 -0.979058 -0.0871505 0.183985 -0.979058 -0.0871506 0.171591 -0.980374 -0.0970731 0.164742 -0.981371 -0.0988449 0.163073 -0.981176 -0.103444 0.152871 -0.982043 -0.110555 0.15531 -0.981678 -0.110396 0.139726 -0.983232 -0.117178 0.147689 -0.982007 -0.117686 0.135342 -0.98344 -0.120537 0.128533 -0.983777 -0.125151 0.127961 -0.983597 -0.127135 0.092548 -0.991453 -0.0919508 0.0926071 -0.991456 -0.0918677 0.068649 -0.995314 -0.0681008 0.0679034 -0.995264 -0.0695539 0.0516358 -0.997264 -0.0528909 0.0532652 -0.997256 -0.0514113 0.039053 -0.998526 -0.0376938 0.0397943 -0.998519 -0.0371054 0.11406 -0.984601 -0.132485 0.114058 -0.984601 -0.132484 0.101487 -0.985233 -0.137896 0.0959012 -0.985831 -0.137624 0.0929375 -0.985593 -0.141315 0.0843504 -0.985929 -0.144325 0.0844762 -0.985939 -0.14418 0.0602391 -0.992875 -0.102814 0.0584623 -0.992619 -0.106252 0.043899 -0.995845 -0.0797843 0.064494 -0.986549 -0.150202 0.0644922 -0.98655 -0.150201 0.050344 -0.986884 -0.153382 0.0503432 -0.986884 -0.153382 0.0360597 -0.987133 -0.155782 0.0360607 -0.987133 -0.155782 0.0216755 -0.987299 -0.15739 0.0216745 -0.987299 -0.157389 0.00723165 -0.987381 -0.158195 0.00723203 -0.987381 -0.158195 -0.00723167 -0.987381 -0.158195 -0.00723201 -0.987381 -0.158195 -0.0216754 -0.987299 -0.157389 -0.0216746 -0.987299 -0.15739 -0.0360599 -0.987133 -0.155782 -0.0360605 -0.987133 -0.155782 -0.0503438 -0.986884 -0.153382 -0.0503434 -0.986884 -0.153382 -0.0644935 -0.98655 -0.150201 -0.0644927 -0.986549 -0.150203 -0.0757974 -0.986226 -0.147014 -0.0758428 -0.98623 -0.146965 -0.0843504 -0.985929 -0.144325 -0.0844762 -0.985939 -0.14418 -0.0929375 -0.985593 -0.141315 -0.114059 -0.984601 -0.132484 -0.114059 -0.984601 -0.132485 -0.128533 -0.983777 -0.125151 -0.127961 -0.983597 -0.127135 -0.139398 -0.983312 -0.116902 -0.138875 -0.982556 -0.123684 -0.144468 -0.98279 -0.11512 -0.152871 -0.982043 -0.110555 -0.15531 -0.981678 -0.110396 -0.112635 -0.990406 -0.0800616 -0.108018 -0.990833 -0.0811342 -0.0825081 -0.994662 -0.0619734 -0.0825816 -0.994656 -0.0619647 -0.0608238 -0.997105 -0.0456388 -0.0640992 -0.996916 -0.0452764 -0.0469921 -0.998344 -0.0331928 -0.0471973 -0.998336 -0.0331331 -0.163073 -0.981176 -0.103444 -0.164742 -0.981371 -0.0988449 -0.171591 -0.980374 -0.0970731 -0.183986 -0.979058 -0.0871501 -0.183986 -0.979058 -0.0871511 -0.199672 -0.977148 -0.0728958 -0.199672 -0.977147 -0.0728968 -0.2144 -0.975035 -0.0577952 -0.2144 -0.975035 -0.0577934 -0.226272 -0.973064 -0.0441326 -0.226288 -0.97305 -0.0443487 -0.235504 -0.971334 -0.0323656 -0.23558 -0.971295 -0.0329969 -0.244508 -0.969443 -0.0198969 -0.24465 -0.969394 -0.020534 0.157104 -0.986674 -0.0423488 0.157103 -0.986674 -0.0423491 0.146164 -0.98782 -0.0533619 0.146165 -0.98782 -0.0533618 0.13456 -0.988853 -0.0637389 0.134559 -0.988854 -0.063739 0.122318 -0.989774 -0.0733908 0.12232 -0.989774 -0.0733907 0.112635 -0.990406 -0.0800616 0.108018 -0.990833 -0.0811342 0.105959 -0.990779 -0.0844335 0.0432591 -0.998447 -0.03509 0.0422594 -0.998461 -0.0359215 0.0577849 -0.99712 -0.0491185 0.0573235 -0.997118 -0.0496922 0.0750192 -0.995059 -0.0650321 0.0743698 -0.995049 -0.0659223 0.0993945 -0.99114 -0.0881046 0.0992168 -0.991135 -0.0883636 0.0831985 -0.991836 -0.0966393 0.0831996 -0.991836 -0.0966394 0.0709711 -0.992265 -0.101848 0.0709713 -0.992265 -0.101848 0.0473274 -0.992779 -0.110225 0.0489168 -0.992846 -0.108925 0.0366233 -0.995996 -0.0815507 0.03689 -0.992979 -0.112393 0.0361437 -0.99303 -0.112188 0.0261606 -0.993249 -0.113014 0.0300936 -0.992896 -0.115118 0.0217909 -0.99331 -0.113402 0.015899 -0.993186 -0.115451 0.0131124 -0.993347 -0.114412 0.00529114 -0.993266 -0.11574 0.00439077 -0.993328 -0.115242 -0.00526836 -0.993324 -0.115241 -0.00441539 -0.993253 -0.115888 -0.0156954 -0.99336 -0.113972 -0.0133335 -0.99312 -0.116341 -0.0217909 -0.99331 -0.113402 -0.0264747 -0.993085 -0.114371 -0.0294723 -0.993187 -0.112741 -0.0368043 -0.993011 -0.112133 -0.0362889 -0.992973 -0.112638 -0.0423699 -0.99301 -0.11016 -0.0473274 -0.992779 -0.110225 -0.0489168 -0.992846 -0.108925 -0.0552913 -0.992705 -0.107141 -0.0577625 -0.992795 -0.104981 -0.0616065 -0.992547 -0.105147 -0.0709712 -0.992265 -0.101848 -0.0709713 -0.992265 -0.101848 -0.0831989 -0.991836 -0.0966397 -0.0831992 -0.991836 -0.0966389 -0.092548 -0.991453 -0.0919508 -0.0926071 -0.991456 -0.0918676 -0.0992168 -0.991135 -0.0883636 -0.0993945 -0.99114 -0.0881045 -0.105959 -0.990779 -0.0844335 -0.122319 -0.989774 -0.0733912 -0.122319 -0.989774 -0.0733903 -0.13456 -0.988853 -0.0637388 -0.13456 -0.988853 -0.0637392 -0.146164 -0.98782 -0.053362 -0.146164 -0.98782 -0.0533617 -0.157103 -0.986674 -0.0423487 -0.157103 -0.986674 -0.0423492 -0.165841 -0.985617 -0.032502 -0.165885 -0.98562 -0.0321714 -0.172856 -0.984649 -0.0242114 -0.173008 -0.984646 -0.0232329 -0.18 -0.983551 -0.0151078 0.0825816 -0.994656 -0.0619647 0.0825081 -0.994662 -0.0619734 0.0870136 -0.994536 -0.0576758 0.0313397 -0.996182 -0.0814816 0.0331291 -0.996079 -0.0820342 0.0269665 -0.996126 -0.083702 0.0217382 -0.996299 -0.083156 0.0237766 -0.996181 -0.08401 0.016397 -0.996218 -0.0853313 -0.00209967 -0.998798 -0.0489676 -0.00245195 -0.998794 -0.0490327 -0.00325923 -0.997868 -0.0651761 -0.0036307 -0.997855 -0.065355 -0.00478402 -0.996274 -0.0861156 -0.00324147 -0.996369 -0.085077 -0.0217382 -0.996299 -0.083156 -0.0237766 -0.996181 -0.08401 -0.0181502 -0.997777 -0.0641302 -0.0313397 -0.996182 -0.0814816 -0.0331291 -0.996079 -0.0820342 -0.0253341 -0.997709 -0.0627322 -0.0750192 -0.995059 -0.0650321 -0.0743698 -0.995049 -0.0659223 -0.0679034 -0.995264 -0.0695539 -0.068649 -0.995314 -0.0681008 -0.0626761 -0.995375 -0.0728006 -0.12911 -0.991429 -0.0199894 -0.12898 -0.991496 -0.0173204 -0.12338 -0.991988 -0.027132 -0.123188 -0.992096 -0.0238909 -0.118565 -0.992432 -0.0319607 0.086863 -0.995867 -0.0265417 0.0868629 -0.995867 -0.0265418 0.0797045 -0.996262 -0.0332924 0.0797051 -0.996262 -0.0332922 0.0721088 -0.996612 -0.0395592 0.072108 -0.996612 -0.0395594 0.0661257 -0.996848 -0.0438306 0.0633789 -0.996985 -0.0447676 0.0620241 -0.996989 -0.0465395 0.0329859 -0.998635 -0.0404895 0.0326519 -0.998637 -0.0407296 0.0449685 -0.997412 -0.0560932 0.0454887 -0.997426 -0.0554233 0.0598103 -0.995546 -0.0728727 0.0296034 -0.998683 -0.0419097 0.0294983 -0.998683 -0.0419813 0.0404086 -0.997527 -0.0575086 0.0393505 -0.997516 -0.0584292 0.0513982 -0.995758 -0.0763181 0.00910619 -0.998819 -0.0477191 0.00243565 -0.99881 -0.0487067 0.00327037 -0.997854 -0.065399 0.00362075 -0.997867 -0.065176 0.0047405 -0.996341 -0.0853323 -0.0228527 -0.998762 -0.0441808 -0.0234 -0.998752 -0.0441202 -0.0321837 -0.997638 -0.0606818 -0.0323441 -0.997632 -0.0606961 -0.042345 -0.995938 -0.0794637 -0.0393505 -0.997516 -0.0584292 -0.0404086 -0.997527 -0.0575086 -0.0454887 -0.997426 -0.0554233 -0.0449685 -0.997412 -0.0560932 -0.0510255 -0.997329 -0.0522657 -0.0497842 -0.997268 -0.0545718 -0.0532652 -0.997256 -0.0514113 -0.0571248 -0.997138 -0.0495199 -0.0580817 -0.99709 -0.0493709 -0.0420107 -0.998479 -0.0357101 -0.0435311 -0.998428 -0.0353106 -0.0969708 -0.995165 -0.0155947 -0.0971035 -0.995161 -0.015034 -0.0925795 -0.995493 -0.0205544 -0.0926343 -0.995492 -0.0203708 -0.086863 -0.995867 -0.0265418 -0.086863 -0.995867 -0.0265417 -0.0797048 -0.996262 -0.0332921 -0.0797047 -0.996262 -0.0332926 -0.0721083 -0.996612 -0.0395596 -0.0721085 -0.996612 -0.039559 -0.0661257 -0.996848 -0.0438306 0.0471973 -0.998336 -0.0331332 0.0469921 -0.998344 -0.0331928 0.0516902 -0.998233 -0.0293064 0.0363773 -0.998581 -0.0388822 0.035841 -0.998585 -0.0392877 0.0489039 -0.997364 -0.0536069 0.0262485 -0.998722 -0.0431858 0.0264066 -0.998722 -0.0430824 0.0360967 -0.997612 -0.0588916 0.0204108 -0.998779 -0.0449928 0.0184882 -0.998808 -0.0451717 0.0166106 -0.998802 -0.0460352 -0.0264066 -0.998722 -0.0430824 -0.0262485 -0.998722 -0.0431857 -0.0294983 -0.998683 -0.0419813 -0.0296034 -0.998683 -0.0419097 -0.0326519 -0.998637 -0.0407296 -0.0329859 -0.998635 -0.0404895 -0.035841 -0.998585 -0.0392877 -0.0363773 -0.998581 -0.0388822 -0.039053 -0.998526 -0.0376938 -0.0397943 -0.998519 -0.0371054 1 0 0 1 0 0 -1 0 0 -1 0 0 -0.771387 0.636363 0.00220865 -0.744843 0.66724 -0.000365648 -0.769325 0.638855 0.00176087 -0.79251 0.609859 -0.000192086 -0.808256 0.588831 0.000199812 -0.823351 0.567531 0.00150682 -0.841429 0.540346 0.00477592 -0.85785 0.513825 0.00883007 -0.892522 0.450615 0.0187407 -0.849734 0.527173 0.00646107 -0.824985 0.565154 0 -0.709041 0.705166 0.000968615 -0.707106 0.707106 0.00148688 -0.660468 0.750854 -0.000993639 -0.638853 0.769324 0.00282453 -0.62466 0.780896 0.000768917 -0.565154 0.824984 -0.00189562 -0.570512 0.821289 0 0 1 0 0 1 0 0 1 0 0 1 0 0 1 0 0 1 0 0 1 0 0 1 0 0 1 0 0 1 0 0 1 0 0.638853 0.769324 0.002708 0.676665 0.736288 -0.00225935 0.707105 0.707105 0.00253381 0.734012 0.679134 -0.00158111 0.552137 0.833754 0 0.565152 0.824982 0.00279437 0.611091 0.791557 -0.00241019 0.785302 0.619101 0.00383157 0.769325 0.638855 -0.00170787 0.82979 0.558073 0.00148331 0.824985 0.565155 0 0 0 -1 0 0 -1 0.184347 0.982107 -0.0384884 0.184375 0.982109 -0.0383183 0.862433 0.495538 -0.103202 0.933932 0.339331 -0.112362 0.686677 0.722579 -0.0797113 0.719214 0.689477 -0.0857462 0.671905 0.736303 -0.0800087 0.798774 0.594143 -0.0946259 0.475485 0.878017 -0.0547724 0.528605 0.846609 -0.0618804 0.407008 0.912218 -0.0469344 0.423966 0.904308 -0.0498064 0.113859 0.993213 -0.0237717 0.147562 0.988573 -0.0308084 0.147562 0.988573 -0.0308085 0.166274 0.98567 -0.0284297 0.249435 0.967944 -0.0294389 0.170894 0.984937 -0.0263462 0.212086 0.976816 -0.0291665 0.158945 0.986991 -0.0241938 0.19486 0.980247 -0.0338443 0.985981 0.117135 -0.118833 0.985527 0.120924 -0.118806 0.928257 0.354831 -0.111508 0.830117 0.548391 -0.100858 0.803682 0.587371 -0.0953467 0.80364 0.587428 -0.095348 0.627402 0.775044 -0.0753258 0.562853 0.824054 -0.0642805 0.557574 0.827596 -0.0647764 0.616317 0.784122 -0.0728445 0.506177 0.860429 -0.0587066 0.475346 0.87804 -0.0556147 0.406816 0.912302 -0.0469635 0.402597 0.914093 -0.048477 0.348459 0.936572 -0.0375515 0.347741 0.936666 -0.0416247 0.321246 0.946298 -0.0363438 0.321561 0.946036 -0.0401782 0.28475 0.958066 -0.0320586 0.284788 0.958061 -0.0318489 0.201082 0.979324 -0.022146 0.23126 0.972448 -0.0293996 0.231747 0.972409 -0.02672 0.270756 0.961994 -0.0354834 0.167502 0.985684 -0.0192444 0.197782 0.979875 -0.0269675 0.198317 0.979843 -0.02404 0.237843 0.970727 -0.0334712 0.167334 0.985658 -0.0218386 0.140525 0.989854 -0.0210258 0.1584 0.987077 -0.0242702 0.123996 0.99207 -0.0205579 0.12695 0.991684 -0.0211201 0.0810426 0.992876 -0.0873423 0.0841325 0.992931 -0.0837195 0.115161 0.992927 -0.0288785 0.112023 0.992902 -0.0399596 0.98286 0.034163 -0.181161 0.692292 0.0340127 -0.720816 0.953257 0.00374023 -0.302138 0.111441 0.992867 -0.0423691 0.114737 0.992885 -0.0318418 0.8488 0.0320325 -0.527743 0.776984 0.00366725 -0.62951 0.0887543 0.99287 -0.0795687 0.0956163 0.992879 -0.0710596 0.123811 0.992057 -0.0222112 0.108108 0.99293 -0.0490183 0.106947 0.992884 -0.0523897 0.101781 0.992871 -0.0620348 0.0977619 0.992932 -0.0673028 0.127609 0.989853 -0.0625059 0.127954 0.989829 -0.0621769 0.151769 0.985661 -0.073746 0.15201 0.985635 -0.0736003 0.182234 0.979289 -0.0882272 0.182495 0.979252 -0.0881003 0.222735 0.968931 -0.107522 0.222971 0.968885 -0.107448 0.276131 0.951866 -0.133054 0.276362 0.951806 -0.133002 0.337216 0.927337 -0.162269 0.337447 0.927253 -0.162272 0.402036 0.894983 -0.193319 0.402295 0.894864 -0.193332 0.516083 0.819848 -0.248007 0.516396 0.819662 -0.247972 0.653815 0.688445 -0.313956 0.654055 0.688203 -0.31399 0.755832 0.545034 -0.362844 0.755991 0.544804 -0.36286 0.844312 0.35059 -0.405246 0.844381 0.350425 -0.405244 0.895088 0.119508 -0.429576 0.907833 0.031983 -0.418111 0.0967036 0.989842 -0.104221 0.0968139 0.989836 -0.104176 0.114926 0.985646 -0.123666 0.114977 0.985642 -0.123657 0.13793 0.979271 -0.148337 0.138003 0.979261 -0.148332 0.171273 0.967873 -0.184087 0.16578 0.968839 -0.184032 0.224977 0.946075 -0.233083 0.201384 0.951592 -0.2322 0.25772 0.927301 -0.271466 0.284119 0.904231 -0.318814 0.303482 0.894875 -0.327258 0.39361 0.817718 -0.420011 0.39038 0.819714 -0.419134 0.493924 0.689071 -0.530301 0.494598 0.68829 -0.530687 0.569958 0.547998 -0.612247 0.571909 0.544807 -0.613274 0.636955 0.354514 -0.684549 0.63858 0.350405 -0.685151 0.676416 0.120836 -0.72654 0.139815 0.98986 -0.0250792 0.14013 0.989829 -0.0245475 0.166161 0.985669 -0.029104 0.166429 0.985632 -0.0288166 0.199458 0.979298 -0.0345319 0.199716 0.979253 -0.0343029 0.243706 0.968946 -0.0418522 0.24838 0.967885 -0.0387964 0.301344 0.951925 -0.0550594 0.320049 0.946238 -0.0469301 0.368122 0.927417 -0.066204 0.442491 0.894718 -0.0606783 0.421604 0.904071 -0.0700484 0.564177 0.819904 -0.0972657 0.522087 0.845335 -0.113283 0.612534 0.783644 -0.103463 0.715106 0.688502 -0.120785 0.71471 0.688903 -0.12084 0.826718 0.545102 -0.139289 0.824884 0.547788 -0.139624 0.923529 0.350699 -0.155258 0.922055 0.354345 -0.155737 0.978909 0.120743 -0.164797 0.136891 0.989858 -0.037985 0.137217 0.98983 -0.0375328 0.162725 0.985667 -0.0445029 0.162999 0.985633 -0.0442584 0.195376 0.979293 -0.0530433 0.195633 0.979252 -0.0528545 0.238728 0.968943 -0.0644876 0.239007 0.968884 -0.0643393 0.295927 0.951884 -0.0796482 0.29621 0.951806 -0.0795267 0.361353 0.92737 -0.0969987 0.361655 0.927258 -0.0969456 0.430834 0.895012 -0.115479 0.431161 0.89486 -0.115434 0.553083 0.819862 -0.148069 0.553435 0.819644 -0.147961 0.700638 0.688493 -0.187308 0.70093 0.688199 -0.187295 0.809954 0.545102 -0.216422 0.810169 0.544789 -0.216403 0.904782 0.350664 -0.241669 0.904869 0.350452 -0.24165 0.951233 0.175 -0.254028 0.132811 0.989855 -0.0504893 0.133143 0.989829 -0.050109 0.157903 0.985665 -0.0594199 0.158174 0.985634 -0.0592193 0.189611 0.97929 -0.070982 0.189877 0.97925 -0.0708217 0.231717 0.968937 -0.0864202 0.231972 0.968885 -0.0863131 0.28724 0.951879 -0.106863 0.287523 0.951804 -0.106771 0.350787 0.927353 -0.130249 0.351044 0.927259 -0.130227 0.418224 0.894997 -0.155139 0.418513 0.894865 -0.155126 0.536879 0.819856 -0.198991 0.537222 0.819648 -0.198919 0.680149 0.688458 -0.251837 0.680397 0.688209 -0.251849 0.786259 0.545068 -0.291028 0.78644 0.544807 -0.291029 0.878304 0.350638 -0.325015 0.87839 0.350432 -0.325005 0.923246 0.175859 -0.341599 0.121348 0.989851 -0.073955 0.121669 0.989831 -0.073702 0.144337 0.985659 -0.0874291 0.144569 0.985635 -0.0873162 0.173334 0.979284 -0.104686 0.173541 0.979255 -0.104608 0.211842 0.968927 -0.127689 0.212054 0.968886 -0.127643 0.262637 0.951858 -0.158075 0.262856 0.951802 -0.158047 0.320759 0.927322 -0.192842 0.320956 0.927249 -0.192863 0.382402 0.894971 -0.229773 0.382625 0.894868 -0.229805 0.490878 0.81983 -0.294817 0.491134 0.819679 -0.294812 0.62187 0.688431 -0.373284 0.622068 0.688227 -0.373331 0.718925 0.54497 -0.431456 0.71904 0.544801 -0.431478 0.803057 0.350552 -0.481885 0.80312 0.350403 -0.481889 0.851349 0.11944 -0.510821 0.114079 0.989848 -0.0847745 0.114343 0.989832 -0.084604 0.135672 0.985656 -0.100377 0.135867 0.985637 -0.100304 0.162924 0.979281 -0.120271 0.163113 0.979255 -0.12022 0.199131 0.968921 -0.146759 0.199304 0.968889 -0.146739 0.246888 0.951846 -0.181756 0.24705 0.951805 -0.181751 0.301509 0.927309 -0.22179 0.301669 0.927249 -0.221822 0.359447 0.894956 -0.264294 0.359619 0.894875 -0.264335 0.461401 0.819811 -0.339145 0.461605 0.81969 -0.33916 0.584523 0.688396 -0.429468 0.584664 0.688247 -0.429516 0.675735 0.544938 -0.496413 0.675841 0.544778 -0.496444 0.754796 0.350555 -0.554431 0.754862 0.350397 -0.554441 0.7934 0.175857 -0.582745 0.105846 0.989845 -0.0948858 0.106048 0.989834 -0.0947808 0.12585 0.985653 -0.112474 0.125994 0.985639 -0.112435 0.151114 0.979276 -0.134847 0.151243 0.979259 -0.134825 0.184672 0.968915 -0.164621 0.184793 0.968892 -0.164619 0.228956 0.951833 -0.203943 0.229066 0.951805 -0.20395 0.279615 0.927281 -0.248928 0.279689 0.927253 -0.24895 0.333287 0.894943 -0.296642 0.333413 0.894882 -0.296685 0.427819 0.819786 -0.380686 0.427958 0.819703 -0.38071 0.541946 0.688379 -0.482108 0.54206 0.688254 -0.482159 0.626521 0.544896 -0.557279 0.626589 0.544789 -0.557306 0.69982 0.350479 -0.622428 0.699836 0.350439 -0.622433 0.735695 0.174983 -0.65432 0.00124108 0.992867 -0.119223 0.00870416 0.992929 -0.118388 0.599727 0.055184 -0.7983 0.502961 0.0216376 -0.864038 0.072664 0.992874 -0.0944535 0.398526 0.0216639 -0.916901 0.0541817 0.992876 -0.106125 0.174596 0.0498468 -0.983378 0.0585292 0.0199476 -0.998086 0.012317 0.992882 -0.118466 0.0685691 0.992824 -0.0979697 0.0632571 0.992962 -0.100124 0.0759652 0.989836 -0.120229 0.0758859 0.98984 -0.120244 0.0901168 0.985641 -0.142794 0.090044 0.985648 -0.142792 0.108065 0.979262 -0.171369 0.108007 0.97927 -0.171363 0.131955 0.968895 -0.209359 0.13191 0.968903 -0.209347 0.163495 0.951805 -0.259491 0.163456 0.951816 -0.259477 0.199569 0.927246 -0.316839 0.199527 0.927264 -0.316812 0.23783 0.894886 -0.377644 0.237801 0.894903 -0.377624 0.305206 0.819728 -0.484661 0.305138 0.819772 -0.484628 0.38652 0.688296 -0.613881 0.386483 0.688346 -0.613849 0.44678 0.544812 -0.709625 0.446763 0.544845 -0.709611 0.499011 0.350367 -0.79261 0.498996 0.35041 -0.792601 0.525351 0.166341 -0.834468 0.0499456 0.992817 -0.108719 0.0439199 0.992968 -0.109932 0.0527778 0.98983 -0.132103 0.0525162 0.989844 -0.132104 0.0623856 0.985636 -0.156941 0.0622033 0.985653 -0.156902 0.0746738 0.979256 -0.188367 0.0745177 0.979277 -0.188319 0.0910649 0.968886 -0.230146 0.0909269 0.968915 -0.23008 0.11272 0.951801 -0.285252 0.112589 0.95184 -0.285175 0.137492 0.927247 -0.348295 0.137402 0.927293 -0.348209 0.163816 0.894873 -0.415169 0.163689 0.894957 -0.415039 0.210157 0.819691 -0.532861 0.210017 0.819794 -0.532758 0.266056 0.688262 -0.674914 0.265974 0.688393 -0.674813 0.307488 0.544814 -0.780147 0.307438 0.544922 -0.780091 0.343402 0.350439 -0.871359 0.343383 0.350499 -0.871343 0.361579 0.165578 -0.917521 0.288243 0.0562714 -0.955903 0.276831 0.114872 -0.954028 0.260993 0.350572 -0.899434 0.261021 0.350476 -0.899464 0.233679 0.54498 -0.805227 0.233763 0.544775 -0.805342 0.20219 0.688421 -0.69656 0.202304 0.688215 -0.69673 0.159681 0.819812 -0.549918 0.15984 0.819687 -0.550059 0.124499 0.894957 -0.42843 0.124614 0.894873 -0.428571 0.10451 0.92731 -0.359408 0.104626 0.927245 -0.359541 0.0856709 0.951847 -0.294361 0.0858196 0.9518 -0.294467 0.0692244 0.968919 -0.237497 0.0693809 0.968884 -0.23759 0.0567689 0.97928 -0.194392 0.0569602 0.979253 -0.194471 0.0474429 0.985655 -0.161967 0.0476556 0.985634 -0.162034 0.0401092 0.989847 -0.136364 0.0404615 0.989828 -0.136395 0.0338808 0.99288 -0.1142 0.0300317 0.9928 -0.115959 0.023068 0.992977 -0.116034 0.0277384 0.989826 -0.139551 0.0273342 0.989848 -0.139476 0.0324802 0.985633 -0.16575 0.0322437 0.985657 -0.165651 0.0387136 0.979253 -0.198908 0.0385151 0.979282 -0.198802 0.0470726 0.968882 -0.243007 0.0468918 0.968924 -0.242874 0.0581338 0.951802 -0.301153 0.0579743 0.951856 -0.301014 0.0707993 0.927252 -0.367683 0.0706888 0.927321 -0.36753 0.0842909 0.894867 -0.438302 0.0841615 0.894974 -0.438108 0.108058 0.819676 -0.562543 0.107877 0.819833 -0.562348 0.136684 0.688197 -0.712533 0.136584 0.688408 -0.712348 0.157903 0.5448 -0.823565 0.157841 0.544975 -0.823461 0.17631 0.350425 -0.919846 0.176255 0.350637 -0.919776 0.186756 0.123673 -0.974591 0.00147637 0.989826 -0.142277 0.00102575 0.989852 -0.142098 0.00121259 0.98563 -0.168915 0.000948348 0.98566 -0.168738 0.00113265 0.979251 -0.202649 0.000907755 0.979289 -0.202466 0.00112046 0.967844 -0.25155 -0.00314065 0.968889 -0.247476 0.00707475 0.946014 -0.324048 -0.00992812 0.951688 -0.306906 0.00474841 0.927385 -0.374078 -0.00810775 0.904211 -0.427009 0.000219664 0.894973 -0.44612 0.00328408 0.817598 -0.57578 0.00128607 0.819857 -0.572567 0.00162068 0.688918 -0.724837 0.00175537 0.688463 -0.725269 0.00154819 0.547857 -0.836571 0.0021917 0.545051 -0.8384 0.0014213 0.354389 -0.935097 0.00213302 0.350648 -0.936505 0.00172704 0.120758 -0.992681 -0.021814 0.2504 -0.967897 0.0867103 0.989837 -0.112712 0.0866929 0.989838 -0.112717 0.102931 0.985645 -0.133824 0.102959 0.985642 -0.133822 0.12353 0.979266 -0.16056 0.123529 0.979266 -0.16056 0.150897 0.968897 -0.196133 0.156054 0.967901 -0.197014 0.184064 0.951852 -0.245151 0.203016 0.946246 -0.251799 0.225351 0.927307 -0.298864 0.283784 0.894522 -0.345394 0.261595 0.904113 -0.337858 0.347817 0.819787 -0.454943 0.350994 0.817733 -0.456196 0.44235 0.688315 -0.574934 0.441763 0.689035 -0.574522 0.511545 0.544807 -0.66446 0.509706 0.547948 -0.66329 0.571561 0.350376 -0.741994 0.56998 0.354476 -0.741262 0.605538 0.120829 -0.78659 0.0646776 0.989831 -0.126694 0.0644464 0.989843 -0.126717 0.0765516 0.985639 -0.150519 0.076428 0.985651 -0.150505 0.0917394 0.979258 -0.180657 0.0916222 0.979274 -0.180632 0.111957 0.96889 -0.220721 0.111854 0.96891 -0.220684 0.138654 0.951805 -0.273573 0.138573 0.951828 -0.273535 0.16921 0.927245 -0.334043 0.169142 0.927277 -0.333989 0.201621 0.894894 -0.398138 0.201565 0.894927 -0.398091 0.258741 0.819702 -0.511021 0.258617 0.819787 -0.510946 0.327615 0.688272 -0.647263 0.327543 0.688375 -0.64719 0.378664 0.544796 -0.748205 0.378614 0.544894 -0.748159 0.422903 0.350399 -0.835688 0.422892 0.350431 -0.83568 0.443962 0.182199 -0.877326 0.014709 0.989826 -0.141519 0.0142922 0.98985 -0.141399 0.0169795 0.985631 -0.168058 0.0167165 0.985659 -0.167917 0.0200685 0.979252 -0.201651 0.0198451 0.979287 -0.201503 0.0242527 0.968885 -0.246321 0.0240851 0.968927 -0.246171 0.0298536 0.951799 -0.305267 0.0296739 0.951865 -0.305077 0.0362365 0.927246 -0.372695 0.036108 0.927339 -0.372476 0.0430593 0.894862 -0.444261 0.0429366 0.894982 -0.444032 0.05513 0.819674 -0.570172 0.0549565 0.819843 -0.569945 0.0696292 0.688219 -0.722154 0.0695525 0.688416 -0.721974 0.0804072 0.544792 -0.834707 0.0803369 0.545029 -0.834559 0.0897349 0.350445 -0.932274 0.089698 0.350607 -0.932217 0.0943864 0.169719 -0.980962 -0.0794172 0.992865 -0.0889506 -0.0710751 0.992913 -0.0952505 -0.0123046 0.992925 -0.118107 -0.00985479 0.992888 -0.118642 -0.107161 0.0340997 -0.993657 -0.667026 0.0342943 -0.744245 -0.230008 0.00374105 -0.973182 -0.0316098 0.992895 -0.114721 -0.0209001 0.992865 -0.117396 -0.462791 0.0320577 -0.885888 -0.56964 0.00388234 -0.821885 -0.0706982 0.992904 -0.0956229 -0.0617912 0.992865 -0.101982 -0.0332581 0.992922 -0.114014 -0.0421079 0.992867 -0.111542 -0.0520483 0.992902 -0.106947 -0.0528551 0.992917 -0.106404 -0.0502681 0.989824 -0.13312 -0.0507542 0.98986 -0.13267 -0.060371 0.985629 -0.157768 -0.0606217 0.985671 -0.157411 -0.0728466 0.979249 -0.189117 -0.0730425 0.9793 -0.188774 -0.0893327 0.968882 -0.23084 -0.0894611 0.968948 -0.230514 -0.110981 0.951809 -0.285909 -0.111084 0.951899 -0.285568 -0.135769 0.927252 -0.348956 -0.135793 0.92739 -0.348581 -0.162039 0.894852 -0.415912 -0.162048 0.895014 -0.41556 -0.208155 0.819621 -0.533754 -0.208234 0.819876 -0.533331 -0.263903 0.688145 -0.675878 -0.26388 0.688496 -0.67553 -0.305125 0.544784 -0.781095 -0.30512 0.545119 -0.780863 -0.340882 0.350423 -0.872355 -0.340893 0.350679 -0.872248 -0.361409 0.119447 -0.924725 -0.349048 0.032088 -0.936555 -0.0947948 0.989821 -0.106153 -0.0952268 0.989876 -0.105246 -0.113342 0.98563 -0.125247 -0.113484 0.98569 -0.12465 -0.13646 0.979245 -0.149857 -0.136542 0.979324 -0.149268 -0.169817 0.967838 -0.185613 -0.170184 0.968948 -0.179379 -0.214809 0.945989 -0.242819 -0.215601 0.951805 -0.218137 -0.250456 0.927506 -0.277496 -0.296112 0.904228 -0.307717 -0.302919 0.895098 -0.32717 -0.389053 0.817535 -0.424588 -0.388276 0.819964 -0.420596 -0.491774 0.68877 -0.532686 -0.491829 0.688641 -0.532802 -0.567828 0.547737 -0.614456 -0.568496 0.54531 -0.615994 -0.63494 0.354268 -0.686546 -0.635327 0.350941 -0.687895 -0.673895 0.120698 -0.728901 -0.0117869 0.989826 -0.141797 -0.0122557 0.989854 -0.141558 -0.014581 0.985628 -0.168297 -0.0148524 0.985662 -0.168076 -0.0178488 0.979249 -0.201874 -0.0180802 0.979292 -0.201646 -0.0221147 0.968882 -0.246534 -0.0190988 0.967926 -0.250507 -0.0312562 0.951857 -0.304945 -0.0220034 0.946277 -0.322608 -0.037667 0.927315 -0.372381 -0.0264799 0.894455 -0.446373 -0.0377392 0.904198 -0.425444 -0.0541197 0.819683 -0.570255 -0.0528053 0.817849 -0.573006 -0.0665867 0.688186 -0.722472 -0.0667933 0.689176 -0.721509 -0.0768242 0.544773 -0.835057 -0.0774101 0.548116 -0.832812 -0.0856393 0.350403 -0.932675 -0.0863148 0.354597 -0.931027 -0.0911033 0.120841 -0.988483 -0.0249486 0.989825 -0.140087 -0.02544 0.989856 -0.139777 -0.0302525 0.985632 -0.166178 -0.0304906 0.985664 -0.165944 -0.0366379 0.979248 -0.199328 -0.0368616 0.979293 -0.199064 -0.0450831 0.96888 -0.24339 -0.0452527 0.96894 -0.243118 -0.0561395 0.951806 -0.301519 -0.0562818 0.951885 -0.301244 -0.0687889 0.927247 -0.368076 -0.0688656 0.927362 -0.367774 -0.0821634 0.894858 -0.438723 -0.082235 0.895016 -0.438388 -0.105636 0.819626 -0.563075 -0.105775 0.819855 -0.562716 -0.134037 0.688208 -0.713024 -0.134068 0.688469 -0.712767 -0.155023 0.544784 -0.824123 -0.155055 0.545074 -0.823925 -0.173225 0.350428 -0.920431 -0.173251 0.350647 -0.920343 -0.182146 0.175021 -0.967569 -0.0378076 0.989825 -0.137178 -0.0382923 0.989858 -0.136806 -0.0455402 0.985631 -0.162661 -0.0457994 0.985669 -0.162356 -0.0550304 0.97925 -0.195043 -0.0552287 0.979295 -0.19476 -0.0675428 0.96888 -0.238136 -0.0676928 0.968943 -0.237839 -0.0839781 0.951804 -0.294986 -0.0841099 0.951893 -0.294661 -0.102791 0.92726 -0.360031 -0.102836 0.927367 -0.359742 -0.122704 0.894842 -0.429187 -0.122749 0.895016 -0.428811 -0.157673 0.819627 -0.550774 -0.15778 0.819856 -0.550401 -0.199947 0.68817 -0.697455 -0.199956 0.688508 -0.697118 -0.231216 0.544779 -0.806074 -0.231231 0.545098 -0.805854 -0.258331 0.350408 -0.900266 -0.258353 0.350677 -0.900155 -0.271576 0.175817 -0.946221 -0.0622815 0.989824 -0.127942 -0.0627635 0.989863 -0.127404 -0.074661 0.98563 -0.151522 -0.0748853 0.985673 -0.15113 -0.0899969 0.979248 -0.181589 -0.0901765 0.979304 -0.181194 -0.110297 0.968883 -0.221584 -0.110404 0.968956 -0.221212 -0.136981 0.951809 -0.274403 -0.137062 0.951912 -0.274002 -0.167522 0.927268 -0.33483 -0.167512 0.927395 -0.334483 -0.199904 0.894843 -0.399118 -0.199876 0.89504 -0.398689 -0.25678 0.819607 -0.51216 -0.256825 0.819895 -0.511677 -0.325485 0.688172 -0.648443 -0.325433 0.688504 -0.648117 -0.376311 0.544764 -0.749415 -0.37628 0.545158 -0.749144 -0.420385 0.350476 -0.836925 -0.420387 0.350722 -0.836821 -0.445688 0.119559 -0.887168 -0.0737528 0.989823 -0.121697 -0.0742306 0.989867 -0.121051 -0.0883131 0.985631 -0.143989 -0.0885204 0.985679 -0.143531 -0.106396 0.979249 -0.172485 -0.106546 0.979309 -0.172051 -0.130336 0.968881 -0.210431 -0.130419 0.968966 -0.209992 -0.161824 0.951814 -0.260507 -0.16187 0.951923 -0.260077 -0.197858 0.92727 -0.31784 -0.197807 0.927425 -0.31742 -0.23609 0.894852 -0.378815 -0.236021 0.895051 -0.378389 -0.303238 0.819597 -0.486115 -0.303238 0.819911 -0.485586 -0.384337 0.688141 -0.615424 -0.384231 0.688569 -0.615012 -0.444326 0.544789 -0.711182 -0.44427 0.545179 -0.710918 -0.496343 0.350515 -0.794219 -0.496333 0.350805 -0.794097 -0.52176 0.175872 -0.834767 -0.0846109 0.989823 -0.114417 -0.0850632 0.989871 -0.113665 -0.101228 0.985629 -0.135235 -0.101416 0.985685 -0.134685 -0.121923 0.979248 -0.161891 -0.122047 0.979317 -0.161375 -0.149317 0.968884 -0.197404 -0.14936 0.968973 -0.196935 -0.185334 0.951819 -0.244319 -0.185339 0.951941 -0.24384 -0.226574 0.927278 -0.298028 -0.226475 0.927445 -0.297581 -0.270342 0.894852 -0.355183 -0.270215 0.895084 -0.354696 -0.347226 0.819588 -0.455752 -0.34717 0.819934 -0.455171 -0.440038 0.688149 -0.576904 -0.439892 0.688582 -0.576498 -0.508701 0.544789 -0.666654 -0.508606 0.54525 -0.666351 -0.568246 0.350533 -0.744462 -0.568221 0.350879 -0.744318 -0.597443 0.174993 -0.782585 -0.754389 0.0342491 -0.655533 -0.995167 0.0345856 -0.0919031 -0.115225 0.992829 -0.0318468 -0.116336 0.992884 -0.0254372 -0.830525 0.00402863 -0.556968 -0.0869913 0.992909 -0.0810194 -0.100298 0.992913 -0.0637491 -0.941793 0.0322773 -0.33464 -0.976593 0.00417138 -0.215055 -0.11019 0.99292 -0.0443644 -0.116415 0.992925 -0.0233934 -0.125094 0.992057 -0.0131837 -0.0881391 0.992684 -0.0825252 -0.0931812 0.993042 -0.0720098 -0.112638 0.989818 -0.0870208 -0.112953 0.989887 -0.0858185 -0.134521 0.985628 -0.102182 -0.134556 0.985704 -0.101402 -0.161868 0.979247 -0.121959 -0.161834 0.979342 -0.121243 -0.198103 0.968884 -0.148387 -0.197976 0.96901 -0.147734 -0.245746 0.951839 -0.183336 -0.245567 0.952008 -0.182694 -0.300336 0.927306 -0.223386 -0.300029 0.927541 -0.222822 -0.358356 0.894857 -0.266106 -0.358001 0.895176 -0.265509 -0.460241 0.819566 -0.341306 -0.45995 0.820034 -0.340575 -0.583146 0.688123 -0.431773 -0.582775 0.688756 -0.431264 -0.674048 0.544858 -0.498787 -0.673812 0.545473 -0.498433 -0.752926 0.350613 -0.556931 -0.752839 0.351084 -0.556753 -0.791608 0.175062 -0.585414 -0.101573 0.992672 -0.0654648 -0.104687 0.99305 -0.0537786 -0.12663 0.989816 -0.0650283 -0.126729 0.989896 -0.0635979 -0.150988 0.985629 -0.0757521 -0.150865 0.985714 -0.0748807 -0.181547 0.979247 -0.0900836 -0.181353 0.979359 -0.0892625 -0.222064 0.968889 -0.109275 -0.221781 0.969035 -0.108558 -0.275367 0.951849 -0.13475 -0.275028 0.952044 -0.134061 -0.336438 0.927324 -0.163949 -0.33596 0.927601 -0.163362 -0.401406 0.894867 -0.195158 -0.400894 0.895223 -0.194575 -0.515518 0.819544 -0.250178 -0.51502 0.820097 -0.249389 -0.653082 0.688105 -0.316221 -0.652577 0.688803 -0.315744 -0.754806 0.544891 -0.365188 -0.754454 0.54562 -0.364827 -0.843118 0.35064 -0.40768 -0.842978 0.351196 -0.407492 -0.893877 0.119529 -0.432084 -0.89287 0.0323776 -0.449149 -0.111719 0.992646 -0.0466175 -0.11266 0.993062 -0.0337036 -0.136379 0.989817 -0.0407787 -0.136194 0.989905 -0.039244 -0.162319 0.98563 -0.0467494 -0.161999 0.985727 -0.045813 -0.19502 0.979249 -0.0551269 -0.194642 0.979371 -0.0542816 -0.238392 0.968892 -0.0664586 -0.237947 0.96905 -0.0657562 -0.295466 0.95186 -0.0816165 -0.294951 0.952079 -0.0809314 -0.3609 0.927336 -0.0989877 -0.360265 0.92764 -0.0984519 -0.430546 0.89487 -0.117632 -0.429863 0.895269 -0.117098 -0.552902 0.819526 -0.150587 -0.552203 0.820135 -0.149837 -0.700315 0.688081 -0.190007 -0.699668 0.688854 -0.189591 -0.809303 0.544925 -0.219283 -0.808847 0.545731 -0.218963 -0.903966 0.350671 -0.244695 -0.903774 0.351289 -0.244519 -0.950245 0.175903 -0.257085 -0.141555 0.989818 -0.0149061 -0.141053 0.989912 -0.013356 -0.16817 0.98563 -0.0158986 -0.167629 0.985737 -0.01496 -0.201846 0.979252 -0.0179905 -0.201285 0.979382 -0.0171948 -0.250648 0.967842 -0.0213828 -0.246368 0.96904 -0.0162347 -0.322569 0.945982 -0.0326574 -0.305841 0.951986 -0.0135609 -0.371844 0.927689 -0.0335358 -0.426249 0.904271 -0.0246367 -0.444157 0.8953 -0.0341006 -0.531244 0.84614 -0.0427437 -0.56904 0.820216 -0.0586431 -0.619466 0.783541 -0.0482194 -0.722889 0.68867 -0.0562551 -0.722656 0.688923 -0.0561628 -0.834286 0.547556 -0.0644111 -0.835413 0.545777 -0.0649054 -0.932452 0.35414 -0.0715385 -0.933453 0.35137 -0.0721439 -0.98978 0.120645 -0.0760238 -0.104163 0.98982 -0.0969879 -0.104542 0.989881 -0.095949 -0.124472 0.985628 -0.114213 -0.124572 0.985698 -0.113494 -0.149833 0.979246 -0.136481 -0.149862 0.979331 -0.135836 -0.183412 0.968882 -0.166214 -0.183883 0.967974 -0.17092 -0.229865 0.951897 -0.202617 -0.235086 0.946343 -0.221741 -0.280504 0.927379 -0.24756 -0.322771 0.894376 -0.309696 -0.316658 0.904319 -0.286244 -0.427363 0.819614 -0.381568 -0.428154 0.818018 -0.384097 -0.540106 0.68814 -0.48451 -0.539503 0.689324 -0.483497 -0.624179 0.54482 -0.559974 -0.623036 0.5483 -0.557847 -0.697076 0.350564 -0.625451 -0.696455 0.354722 -0.623798 -0.739098 0.120876 -0.662664 -0.12014 0.989818 -0.0763381 -0.120355 0.989892 -0.0750289 -0.143376 0.985626 -0.089355 -0.143335 0.98571 -0.0884888 -0.172458 0.979249 -0.106445 -0.17235 0.97935 -0.105681 -0.211003 0.968889 -0.129354 -0.210806 0.969022 -0.128678 -0.261713 0.95184 -0.159709 -0.261447 0.95203 -0.159011 -0.319787 0.927323 -0.194445 -0.319413 0.927569 -0.193887 -0.381578 0.894855 -0.231589 -0.381131 0.895204 -0.230974 -0.490045 0.819559 -0.296951 -0.489652 0.820072 -0.296179 -0.62088 0.688101 -0.375533 -0.62043 0.688785 -0.375022 -0.717609 0.544888 -0.433746 -0.717321 0.545549 -0.43339 -0.801587 0.350613 -0.484282 -0.801466 0.35116 -0.484085 -0.842646 0.175832 -0.508951 -0.132056 0.989817 -0.0531472 -0.132018 0.9899 -0.0516655 -0.157314 0.985629 -0.0615416 -0.157094 0.985722 -0.0606154 -0.189081 0.979249 -0.0729327 -0.188803 0.979364 -0.0721103 -0.23122 0.968888 -0.0882823 -0.230847 0.969044 -0.0875467 -0.286644 0.951854 -0.108672 -0.286213 0.952064 -0.10797 -0.350164 0.927333 -0.132054 -0.349619 0.927618 -0.131498 -0.41778 0.894862 -0.157107 -0.417158 0.895255 -0.156519 -0.536508 0.819541 -0.201274 -0.535922 0.820111 -0.200512 -0.67963 0.688081 -0.254259 -0.679032 0.688844 -0.253791 -0.785425 0.544923 -0.293541 -0.785035 0.545664 -0.293209 -0.877318 0.350647 -0.327658 -0.877146 0.351254 -0.327468 -0.930102 0.119757 -0.34723 -0.139564 0.989816 -0.0280217 -0.139217 0.989909 -0.0264382 -0.165948 0.985631 -0.0314929 -0.165525 0.985732 -0.0305589 -0.199289 0.979251 -0.0367686 -0.198823 0.979376 -0.0359493 -0.243537 0.968893 -0.0440076 -0.242995 0.96906 -0.0433089 -0.30176 0.951868 -0.0537489 -0.301161 0.952094 -0.0530943 -0.368545 0.927339 -0.0649356 -0.367834 0.927656 -0.0644429 -0.439629 0.894873 -0.0769953 -0.438861 0.895292 -0.0765052 -0.56455 0.819514 -0.098389 -0.563758 0.820143 -0.0976867 -0.71497 0.688095 -0.123868 -0.714271 0.688885 -0.123508 -0.826236 0.54491 -0.142852 -0.825724 0.545762 -0.142561 -0.922844 0.350684 -0.159312 -0.922624 0.351336 -0.159146 -0.970243 0.174991 -0.167353 -0.817132 0.575644 -0.0304826 -0.907233 0.419587 -0.0295965 -0.250788 0.968029 -0.00502473 -0.1578 0.987076 -0.0279165 -0.1578 0.987076 -0.0279165 -0.115323 0.993119 -0.0204019 -0.992233 0.120914 -0.0292026 -0.831903 0.553854 -0.0344025 -0.507158 0.861613 -0.0203725 -0.499221 0.866224 -0.0208256 -0.223191 0.974153 -0.0348216 -0.210623 0.977164 -0.0280817 -0.934553 0.354841 -0.0264428 -0.907229 0.41976 -0.0271421 -0.916135 0.399749 -0.0299436 -0.927912 0.371726 -0.0282864 -0.938958 0.342353 -0.0339326 -0.964828 0.261396 -0.0279263 -0.482119 0.875489 -0.0328644 -0.482924 0.875033 -0.033197 -0.594447 0.803174 -0.039296 -0.571078 0.820392 -0.0287735 -0.719703 0.692976 -0.0425687 -0.664059 0.74753 -0.01499 -0.734901 0.677438 -0.0315938 -0.531808 0.84677 -0.012687 -0.578883 0.815246 -0.0163737 -0.426434 0.904476 -0.00879127 -0.483166 0.875394 -0.0153878 -0.322886 0.946432 -0.00330724 -0.399267 0.916691 -0.0162443 -0.338807 0.940809 -0.00939437 -0.385657 0.922069 -0.0325111 -0.355835 0.933775 -0.0380175 -0.366487 0.930124 -0.0235893 -0.351369 0.935862 -0.0265075 -0.352047 0.935636 -0.0254697 -0.324139 0.945623 -0.0270413 -0.328677 0.944283 -0.01734 -0.289248 0.957087 -0.0178691 -0.290759 0.956732 -0.0111023 -0.214093 0.976301 -0.0316282 -0.193397 0.980524 -0.0342139 -0.193397 0.980524 -0.0342139 -0.981299 0.190142 -0.0299912 -0.991783 0.124475 -0.0295209 -0.995454 0.0884191 -0.0354125 -0.783479 0.620903 -0.0252889 -0.821086 0.570037 -0.0296037 -0.67689 0.735694 -0.0239425 -0.716957 0.696577 -0.0274246 -0.651677 0.758275 -0.01836 -0.620217 0.784264 -0.0161337 -0.783774 0.620599 -0.0235685 -0.724007 0.689535 -0.0188297 -0.835838 0.548429 -0.0245126 -0.735971 0.676394 -0.0289326 -0.717634 0.695954 -0.0255017 -0.821038 0.570108 -0.0295627 -0.658932 0.751766 -0.025616 -0.636354 0.770909 -0.0274463 -0.637843 0.769795 -0.0239396 -0.577262 0.816214 -0.0237426 -0.573555 0.818802 -0.0244689 -0.554222 0.831932 -0.0269593 -0.549028 0.835292 -0.0292475 -0.489339 0.871781 -0.0233405 -0.472328 0.881022 -0.0265898 -0.473172 0.880611 -0.0251378 -0.438625 0.898256 -0.0272846 -0.442749 0.896473 -0.0175737 -0.398799 0.916852 -0.0184936 -0.33695 0.941351 -0.0179682 -0.378829 0.925307 -0.0171743 -0.374352 0.92689 -0.0271132 -0.405631 0.91369 -0.0251959 -0.404847 0.914002 -0.0264524 -0.421105 0.906713 -0.0232818 -0.410446 0.911075 -0.0384338 -0.319234 0.947027 -0.0350625 -0.30731 0.950853 -0.0379421 -0.318225 0.94772 -0.023675 -0.30366 0.952386 -0.027423 -0.305012 0.952009 -0.0254197 -0.280013 0.959598 -0.0276479 -0.284897 0.958398 -0.0174925 -0.247782 0.968634 -0.0188002 -0.250326 0.968132 -0.00763033 -0.201926 0.979369 -0.00787682 -0.276276 0.960443 -0.0349379 -0.267226 0.962921 -0.0370682 -0.276904 0.960579 -0.0247331 -0.263747 0.964184 -0.028055 -0.265063 0.963877 -0.0261509 -0.243409 0.969523 -0.0278928 -0.247865 0.968612 -0.0188087 -0.213497 0.976745 -0.0196845 -0.215906 0.97637 -0.00927294 -0.168222 0.985708 -0.00905247 -0.242198 0.969623 -0.0342325 -0.234994 0.971314 -0.0364178 -0.243543 0.969549 -0.0257091 -0.228733 0.973009 -0.0305613 -0.225675 0.97386 -0.0258372 -0.187189 0.982183 -0.0166129 -0.219383 0.975254 -0.0274063 -0.169474 0.985321 -0.0205472 -0.207428 0.9778 -0.0296727 -0.173372 0.984551 -0.0245296 -0.141617 0.989903 -0.00599948 -0.186798 0.982228 -0.0182832 -0.125117 0.992093 -0.00990245 -0.169456 0.985322 -0.0206203 -0.141202 0.989845 -0.0163862 -0.22271 0.974684 -0.0197973 -0.193537 0.979605 -0.0540188 -0.405668 0.866954 -0.289526 -0.227051 0.917731 -0.32591 -0.375999 0.907778 -0.185916 -0.508064 0.848245 -0.149504 -0.964852 0.26032 -0.0359794 -0.962568 0.266375 -0.0500712 -0.674409 0.726988 -0.129077 -0.458865 0.863394 -0.209745 -0.385294 0.906019 -0.175152 -0.220341 0.973781 -0.0565709 -0.30954 0.943011 -0.122129 -0.456994 0.888448 0.0426348 -0.270933 0.945831 -0.178883 -0.293038 0.943551 -0.154402 -0.313914 0.940427 -0.130595 -0.3526 0.933113 -0.0705226 0.511715 0.448783 -0.732626 -0.752415 0.400037 0.523299 -0.545146 0.837768 0.0309858 -0.50614 0.846606 -0.164561 -0.77472 0.491785 0.397439 0.244362 0.51386 -0.822335 -0.705866 0.706303 -0.0537529 -0.240591 0.970626 -0.000252545 -0.203394 0.978286 -0.0398485 -0.234035 0.971396 -0.0402172 -0.201871 0.976495 -0.0755381 -0.236007 0.968744 -0.0763927 -0.214068 0.971513 -0.101673 -0.966896 0.254822 -0.013345 -0.967392 0.253217 -0.00574623 -0.996422 0.0844986 -0.00191752 -0.996255 0.0852071 -0.0147205 -0.962928 0.264143 -0.0547467 -0.9649 0.260519 -0.0331222 -0.995891 0.0874766 -0.0234125 -0.910887 0.412178 -0.0198824 -0.909362 0.415092 -0.0275581 -0.903673 0.424653 -0.0551834 -0.899159 0.431339 -0.0738884 -0.897727 0.43327 -0.0797715 -0.891337 0.441486 -0.102996 -0.90129 0.4286 -0.0630832 -0.895762 0.436901 -0.0820249 -0.834098 0.550462 -0.0356646 -0.831663 0.553626 -0.0428236 -0.812821 0.57463 -0.0955075 -0.807587 0.579713 -0.108336 -0.798443 0.58775 -0.130534 -0.789815 0.594871 -0.149401 -0.811926 0.575817 -0.0959729 -0.803283 0.584493 -0.11447 -0.66015 0.738816 -0.135476 -0.651694 0.743684 -0.149096 -0.631105 0.754167 -0.181491 -0.625129 0.756953 -0.190359 -0.743809 0.667744 0.0294381 -0.407335 0.901013 -0.149178 -0.388921 0.905253 -0.171049 -0.496023 0.852856 -0.16309 -0.492107 0.854123 -0.16824 -0.284714 0.955912 -0.0719072 -0.297722 0.952901 -0.057805 -0.230344 0.964334 -0.130389 -0.258288 0.96062 -0.10245 -0.244292 0.962548 -0.117569 -0.261806 0.959903 -0.100222 -0.252962 0.965716 -0.0583349 -0.275566 0.960695 -0.0336007 -0.240068 0.970167 -0.0338055 -0.220651 0.970557 -0.0966001 -0.234126 0.968893 -0.0801944 -0.203143 0.976112 -0.0770564 0.457893 -0.422623 -0.782128 0.466391 -0.344549 -0.814718 0.0743719 -0.988684 -0.130279 0.0467242 -0.996188 -0.0736603 0.026341 -0.998611 -0.0456238 0.166722 -0.942036 -0.291156 0.132122 -0.96592 -0.222579 0.121916 -0.970349 -0.20871 0.327198 -0.753374 -0.570411 0.289202 -0.819149 -0.495335 0.277109 -0.83232 -0.480056 0.211359 -0.906309 -0.365966 0.224219 -0.89685 -0.381295 0.390245 -0.623899 -0.677096 0.354764 -0.707108 -0.61167 0.369077 -0.686234 -0.62679 0.440624 -0.46602 -0.767252 0.411921 -0.573568 -0.708054 0.417442 -0.563179 -0.713142 0.499559 -0.042081 -0.865257 0.513417 -0.0871441 -0.853703 0.496261 -0.127964 -0.858691 0.482216 -0.25881 -0.83695 0.492624 -0.24118 -0.836154 0.172709 0.943848 -0.281644 0.20664 0.906321 -0.368622 0.358318 0.707102 -0.609603 0.393909 0.607722 -0.689572 0.428782 0.532023 -0.730136 0.443122 0.445129 -0.778141 0.122516 0.967213 -0.222461 0.0534172 0.995829 -0.0739701 0.0559817 0.993712 -0.0969632 0.338395 0.734369 -0.58838 0.281506 0.827646 -0.485548 0.272253 0.846698 -0.457145 0.499314 0.0523136 -0.86484 0.502542 0.164866 -0.848687 0.496471 0.111964 -0.860802 0.479115 0.287445 -0.829351 0.476957 0.330273 -0.814513 -0.615389 -0.788011 -0.0183173 -0.615393 -0.788007 -0.0183155 -0.615385 -0.788014 -0.0183181 -0.615388 -0.788011 -0.0183173 -0.615388 -0.788011 -0.0183173 -0.615368 -0.788027 -0.0183178 -0.6154 -0.788002 -0.0183175 -0.615402 -0.788001 -0.0183175 -0.615424 -0.787983 -0.018318 -0.615235 -0.788131 -0.0183128 -0.763722 -0.597561 -0.244233 -0.793697 -0.583455 -0.17212 -0.108302 -0.102055 -0.988866 -0.0589623 -0.0870096 -0.994461 -0.00695411 -0.996042 -0.0886113 -0.209914 -0.977712 -0.00380777 -0.217227 -0.976108 -0.00501777 -0.0208165 -0.995994 -0.0869596 -0.0339615 -0.996033 -0.0822449 -0.290579 -0.0902513 -0.952585 -0.176074 -0.0846524 -0.98073 -0.0462707 -0.996051 -0.0757683 -0.0579308 -0.995995 -0.0680993 -0.0675869 -0.996026 -0.0580073 -0.665604 -0.292314 -0.686676 -0.585681 -0.258396 -0.768251 -0.797261 -0.420742 -0.432841 -0.606168 -0.402714 -0.685844 -0.750897 -0.458715 -0.475116 -0.704802 -0.697606 -0.128841 -0.168239 -0.985422 -0.0252886 -0.583714 -0.811284 0.0331105 -0.350975 -0.935748 -0.0345319 -0.149209 -0.988713 -0.0135255 -0.0754673 -0.996062 -0.0465426 -0.077912 -0.996265 -0.0372231 -0.110475 -0.993724 -0.0175618 -0.75382 -0.300656 -0.584261 -0.371327 -0.0324422 -0.927935 -0.505827 -0.0943642 -0.857458 -0.401347 -0.0831696 -0.912142 -0.319777 -0.101142 -0.942079 -0.412638 -0.907853 0.0743805 -0.422498 -0.905555 -0.0382986 -0.421213 -0.906069 -0.0402421 -0.543716 -0.837354 -0.056675 -0.067511 -0.996208 -0.0548801 -0.201163 -0.965812 -0.163527 -0.201163 -0.965812 -0.163523 -0.328409 -0.906024 -0.26696 -0.328409 -0.906023 -0.266966 -0.445597 -0.818678 -0.362229 -0.445598 -0.81868 -0.362223 -0.549172 -0.706485 -0.446418 -0.549173 -0.706486 -0.446415 -0.636 -0.572905 -0.516995 -0.635995 -0.572901 -0.517005 -0.703478 -0.422009 -0.571863 -0.574696 -0.338855 -0.744918 -0.120807 -0.991829 -0.0410105 -0.245484 -0.965812 -0.0833351 -0.245484 -0.965812 -0.083335 -0.400763 -0.906024 -0.136048 -0.400763 -0.906024 -0.136048 -0.543774 -0.818678 -0.184596 -0.543774 -0.818678 -0.184597 -0.670163 -0.706487 -0.227503 -0.668454 -0.673456 -0.315636 -0.138213 -0.989969 -0.0292904 -0.253611 -0.965812 -0.0537458 -0.253611 -0.965812 -0.0537456 -0.414031 -0.906024 -0.0877422 -0.414031 -0.906024 -0.0877426 -0.561776 -0.818679 -0.119053 -0.569359 -0.808132 -0.150843 -0.00516883 -0.996181 -0.0871545 -0.0153477 -0.965813 -0.258787 -0.0153421 -0.965811 -0.258791 -0.0250465 -0.906024 -0.422486 -0.0250488 -0.906024 -0.422484 -0.0339873 -0.818678 -0.573246 -0.0339847 -0.818677 -0.573248 -0.0418836 -0.706489 -0.706484 -0.041876 -0.706486 -0.706487 -0.0484971 -0.572898 -0.818191 -0.0485226 -0.572907 -0.818183 -0.0536715 -0.422007 -0.905003 -0.0536859 -0.422012 -0.904999 -0.0572063 -0.258397 -0.964344 -0.0571769 -0.258387 -0.964348 -0.0152337 -0.996277 -0.0848572 -0.0458079 -0.965811 -0.255166 -0.0458102 -0.965812 -0.255164 -0.0747871 -0.906024 -0.416566 -0.0747854 -0.906024 -0.416567 -0.101472 -0.818677 -0.565218 -0.101484 -0.818682 -0.565209 -0.125073 -0.706486 -0.696588 -0.125062 -0.706482 -0.696594 -0.144834 -0.572907 -0.806722 -0.144831 -0.572906 -0.806724 -0.160199 -0.422011 -0.892324 -0.160204 -0.422013 -0.892323 -0.17071 -0.258387 -0.950839 -0.170707 -0.258387 -0.950839 -0.0251398 -0.996281 -0.0824144 -0.0756391 -0.965812 -0.247963 -0.0756416 -0.965813 -0.24796 -0.12349 -0.906024 -0.40481 -0.123491 -0.906024 -0.40481 -0.167556 -0.818681 -0.54926 -0.16755 -0.818679 -0.549265 -0.206496 -0.706482 -0.676936 -0.206512 -0.706489 -0.676924 -0.239163 -0.572905 -0.783952 -0.239143 -0.572898 -0.783964 -0.264517 -0.422013 -0.867143 -0.264511 -0.422011 -0.867145 -0.281856 -0.258387 -0.924009 -0.281861 -0.258389 -0.924007 -0.0350996 -0.996195 -0.0797685 -0.10441 -0.965813 -0.237286 -0.104407 -0.965812 -0.237292 -0.170448 -0.906024 -0.387387 -0.170447 -0.906024 -0.387387 -0.23127 -0.818679 -0.525622 -0.231268 -0.818678 -0.525625 -0.285021 -0.706488 -0.647794 -0.285024 -0.70649 -0.647791 -0.330091 -0.572898 -0.750218 -0.330104 -0.572903 -0.750208 -0.365131 -0.42201 -0.829811 -0.365112 -0.422003 -0.829823 -0.389053 -0.258389 -0.884236 -0.389065 -0.258394 -0.884229 -0.0444425 -0.996167 -0.0753433 -0.131713 -0.965812 -0.223293 -0.131715 -0.965813 -0.223287 -0.215033 -0.906024 -0.36453 -0.215031 -0.906023 -0.364533 -0.291762 -0.818678 -0.494612 -0.291762 -0.818678 -0.494612 -0.359574 -0.70649 -0.609572 -0.359577 -0.706491 -0.609569 -0.416432 -0.572903 -0.705951 -0.416426 -0.5729 -0.705957 -0.460612 -0.422004 -0.780865 -0.460626 -0.42201 -0.780853 -0.490831 -0.258393 -0.832056 -0.490839 -0.258396 -0.832051 -0.0523072 -0.996271 -0.0686105 -0.157173 -0.965813 -0.206162 -0.157172 -0.965812 -0.206165 -0.256592 -0.906023 -0.336576 -0.256595 -0.906025 -0.336567 -0.348162 -0.818678 -0.456672 -0.348161 -0.818678 -0.456673 -0.429082 -0.70649 -0.562815 -0.429079 -0.706488 -0.56282 -0.496921 -0.5729 -0.651809 -0.496915 -0.572897 -0.651816 -0.549639 -0.42201 -0.720975 -0.549639 -0.42201 -0.720974 -0.0599409 -0.996285 -0.0618394 -0.180433 -0.965812 -0.186148 -0.180433 -0.965812 -0.186149 -0.294563 -0.906025 -0.303894 -0.294562 -0.906024 -0.303896 -0.399676 -0.818678 -0.412341 -0.399677 -0.818678 -0.412341 -0.492572 -0.706488 -0.50818 -0.492568 -0.706485 -0.508189 -0.570448 -0.572898 -0.588538 -0.570461 -0.572906 -0.588517 -0.630993 -0.42201 -0.650965 -0.630991 -0.422009 -0.650967 -0.0740721 -0.996151 -0.0468664 -0.219074 -0.965812 -0.138611 -0.219074 -0.965812 -0.138613 -0.357651 -0.906023 -0.226293 -0.357651 -0.906023 -0.226293 -0.485272 -0.81868 -0.307042 -0.485272 -0.818679 -0.307045 -0.598064 -0.706486 -0.378413 -0.598066 -0.706489 -0.378406 -0.692628 -0.572901 -0.438236 -0.692625 -0.572898 -0.438245 -0.739559 -0.572899 -0.353327 -0.63859 -0.706487 -0.305089 -0.63859 -0.706488 -0.305086 -0.518156 -0.818678 -0.247549 -0.518156 -0.818679 -0.247547 -0.381883 -0.906024 -0.182443 -0.381883 -0.906023 -0.182448 -0.233918 -0.965812 -0.111756 -0.233918 -0.965812 -0.111756 -0.259938 -0.964695 0.0423783 -0.258185 -0.965812 -0.0234039 -0.258185 -0.965812 -0.023404 -1 -1.68698e-05 0 -1 -3.51898e-05 -2.36482e-05 -1 0 0 -1 0 0 -1 0 0 -1 0 0 -1 0 0 -1 0 0 -1 0 0 -1 0 0 -1 0 0 -1 0 0 -1 0 0 -1 0 0 -1 0 0 -0.304293 0.707094 -0.638297 -0.390026 0.378404 -0.839458 -0.404007 0.330262 -0.853057 -0.0673829 0.987146 -0.144919 -0.0559554 0.993667 -0.09744 -0.0200407 0.998875 -0.0429774 -0.172267 0.910864 -0.375036 -0.146688 0.943853 -0.296014 -0.122488 0.957197 -0.262243 -0.275542 0.750815 -0.600294 -0.229233 0.846716 -0.480129 -0.228964 0.846981 -0.47979 -0.331253 0.607804 -0.721696 -0.380776 0.486067 -0.786606 -0.359547 0.532036 -0.766592 -0.408835 0.228386 -0.883569 -0.428347 0.0756096 -0.900445 -0.419961 0.111966 -0.900609 -0.10887 0 -0.994056 -0.10887 0 -0.994056 -0.321426 0 -0.946935 -0.321426 0 -0.946935 0 1 0 0 1 0 -1.16307e-05 1 -5.8325e-07 5.02918e-07 1 -7.69863e-07 -4.93772e-07 1 -6.89207e-07 0 1 0 0 1 0 0 1 0 0 1 0 0 1 0 0 1 0 0 1 0 0 1 0 0 1 0 0 1 0 0 1 0 -3.35608e-05 1 -3.92626e-05 1.14472e-05 1 -5.86072e-07 -5.02918e-07 1 -7.69863e-07 4.93772e-07 1 -6.89206e-07 -3.38097e-07 1 -6.99793e-07 3.39672e-07 1 -6.4687e-07 -2.17237e-07 1 -6.52306e-07 2.22825e-07 1 -6.19303e-07 -1.21406e-07 1 -6.21575e-07 1.26932e-07 1 -6.03756e-07 -3.89093e-08 1 -6.04308e-07 4.14289e-08 1 -5.9881e-07 3.85553e-08 1 -5.9881e-07 -4.17897e-08 1 -6.04039e-07 1.18084e-07 1 -6.04571e-07 -1.30328e-07 1 -6.19913e-07 2.07192e-07 1 -6.22142e-07 -2.33117e-07 1 -6.4791e-07 3.15618e-07 1 -6.53266e-07 -3.62778e-07 1 -6.90874e-07 0 1 0 0 1 0 0 1 0 0 1 0 0 1 0 0 1 0 0 1 0 0 1 0 0 1 0 0 1 0 0.129297 0.136995 -0.982097 0.00733727 0.993685 -0.111961 0.00997819 0.993425 -0.114053 0.0483839 0.993425 -0.103761 0.0496251 0.993686 -0.10063 0.379075 0.137002 -0.915168 0.0298177 0.993342 -0.111279 0.0355633 0.99386 -0.104769 0.0215874 0.99386 -0.108514 0.0650243 0.111735 -0.991608 0.0617764 0.32965 -0.94208 0.0617745 0.32965 -0.94208 0.055436 0.531223 -0.845417 0.0554115 0.531213 -0.845425 0.046296 0.706348 -0.706349 0.046288 0.706345 -0.706353 0.0348436 0.846208 -0.531712 0.0348513 0.846211 -0.531707 0.0216432 0.943663 -0.330199 0.0216394 0.943662 -0.330202 0.439525 0.111727 -0.891255 0.417572 0.329648 -0.846738 0.417575 0.32965 -0.846736 0.374731 0.531216 -0.759859 0.37472 0.53121 -0.759869 0.313074 0.706354 -0.634861 0.313069 0.706351 -0.634867 0.235669 0.846205 -0.477909 0.235677 0.846209 -0.477897 0.146359 0.943663 -0.296782 0.146358 0.943662 -0.296785 0.319436 0.111734 -0.940997 0.303481 0.32965 -0.893997 0.303462 0.329642 -0.894006 0.272327 0.531209 -0.802281 0.272349 0.53122 -0.802267 0.227546 0.706352 -0.670291 0.227542 0.706349 -0.670295 0.171284 0.84621 -0.50457 0.171278 0.846207 -0.504576 0.106367 0.943662 -0.31335 0.106365 0.943662 -0.313351 0.193842 0.111734 -0.974649 0.18416 0.329641 -0.925971 0.184181 0.32965 -0.925964 0.165283 0.53122 -0.830955 0.165288 0.531222 -0.830953 0.138098 0.70635 -0.694262 0.138095 0.706348 -0.694263 0.103953 0.846207 -0.522616 0.103957 0.846209 -0.522613 0.0645595 0.943662 -0.324553 0.0645642 0.943663 -0.324548 0.0390187 -0.996101 -0.0791222 0.00576987 -0.996101 -0.0880316 0.0521379 -0.0870427 -0.994839 0.129766 -0.107851 -0.985662 0.0285008 -0.996061 -0.0839612 0.0172977 -0.996061 -0.0869631 0.155701 -0.0974183 -0.982989 0.257926 -0.083569 -0.962544 0.380737 -0.10071 -0.919182 0.355985 -0.114623 -0.927435 0.452277 -0.0870395 -0.88762 0.0045682 -0.996184 -0.0871548 0.0135648 -0.965837 -0.258797 0.0135585 -0.965838 -0.258793 0.0221359 -0.906087 -0.422511 0.0221427 -0.906086 -0.422515 0.0300456 -0.818785 -0.573313 0.0300598 -0.818781 -0.573319 0.0370493 -0.706616 -0.706627 0.0370225 -0.706624 -0.70662 0.042879 -0.57305 -0.818398 0.0428953 -0.573045 -0.818401 0.0474492 -0.422144 -0.905286 0.0474652 -0.42214 -0.905287 0.0505799 -0.258483 -0.964691 0.0505578 -0.258489 -0.96469 0.0396217 -0.996184 -0.0777606 0.117655 -0.965836 -0.230906 0.117651 -0.965837 -0.230906 0.192077 -0.906087 -0.376978 0.192081 -0.906086 -0.376978 0.260639 -0.818783 -0.511529 0.26064 -0.818782 -0.511529 0.321242 -0.706624 -0.630465 0.321242 -0.706624 -0.630465 0.372061 -0.573043 -0.7302 0.372062 -0.573042 -0.7302 0.411559 -0.422153 -0.807716 0.41157 -0.42215 -0.807712 0.438579 -0.258479 -0.860719 0.438571 -0.258481 -0.860722 0.0310123 -0.996249 -0.0807906 0.0928705 -0.965837 -0.241938 0.0928714 -0.965837 -0.241939 0.151623 -0.906086 -0.394992 0.15162 -0.906087 -0.394991 0.205737 -0.818782 -0.535974 0.205729 -0.818784 -0.535974 0.253564 -0.706624 -0.660596 0.253589 -0.706616 -0.660595 0.293703 -0.573043 -0.765089 0.293669 -0.573053 -0.765094 0.324848 -0.42215 -0.846323 0.32486 -0.422147 -0.84632 0.346178 -0.258481 -0.901858 0.346169 -0.258483 -0.901861 0.0223349 -0.99627 -0.0833555 0.0670728 -0.965837 -0.250321 0.0670701 -0.965837 -0.25032 0.1095 -0.906087 -0.408677 0.109509 -0.906085 -0.408679 0.148593 -0.818784 -0.554538 0.148603 -0.818781 -0.55454 0.183157 -0.706617 -0.683481 0.183133 -0.706624 -0.68348 0.212101 -0.573052 -0.791596 0.212117 -0.573047 -0.791595 0.234636 -0.422147 -0.875636 0.234654 -0.422142 -0.875633 0.250052 -0.258483 -0.933092 0.250035 -0.258488 -0.933095 0.0135378 -0.996249 -0.0854732 0.0405404 -0.965837 -0.255959 0.0405452 -0.965836 -0.255961 0.0661945 -0.906085 -0.417886 0.0661839 -0.906087 -0.417882 0.089807 -0.818782 -0.567037 0.0897938 -0.818785 -0.567034 0.110673 -0.706624 -0.698881 0.110699 -0.706616 -0.698885 0.128209 -0.573048 -0.809431 0.128201 -0.57305 -0.809431 0.141812 -0.422142 -0.895369 0.141805 -0.422144 -0.895369 0.15111 -0.258488 -0.954122 0.151128 -0.258483 -0.954121 0 -0.819151 -0.573578 0 -0.906308 -0.422618 0 -0.906308 -0.422618 0 -0.965926 -0.258817 0 -0.965926 -0.258817 0 -0.996195 -0.0871557 0 -0.996195 -0.0871557 0 -0.819151 -0.573578 0 -0.707109 -0.707104 0 -0.707109 -0.707104 0 -0.573573 -0.819154 0 -0.573573 -0.819154 0 -0.422616 -0.906309 0 -0.422616 -0.906309 0 -0.258821 -0.965925 0 -0.258821 -0.965925 0 -0.0871613 -0.996194 0 -0.0871613 -0.996194 0 0.846726 -0.53203 0 0.943883 -0.330279 0 0.943883 -0.330279 0 0.993712 -0.111964 0 0.993712 -0.111964 0 0.846726 -0.53203 0 0.707103 -0.707111 0 0.707103 -0.707111 0 0.53203 -0.846726 0 0.53203 -0.846726 0 0.33028 -0.943883 0 0.33028 -0.943883 0 0.111972 -0.993711 0 0.111972 -0.993711 -0.318724 0.129387 -0.938975 -0.0417784 0.993694 -0.104054 -0.0404396 0.993515 -0.106271 -0.00826162 0.993515 -0.113405 -0.00611234 0.993694 -0.111962 -0.107955 0.129382 -0.985701 -0.024716 0.993458 -0.111488 -0.0180898 0.993816 -0.109558 -0.029906 0.993816 -0.106938 -0.370242 0.111801 -0.922183 -0.351727 0.329839 -0.876067 -0.351755 0.329829 -0.87606 -0.315628 0.531461 -0.786084 -0.315603 0.531469 -0.786088 -0.263648 0.706583 -0.656681 -0.263655 0.706581 -0.656681 -0.19844 0.846366 -0.494253 -0.198431 0.846369 -0.494252 -0.123215 0.943731 -0.306905 -0.123225 0.943729 -0.306907 -0.0542023 0.111807 -0.992251 -0.0514918 0.329842 -0.942631 -0.0514834 0.329845 -0.94263 -0.0461961 0.531462 -0.845822 -0.0461865 0.531465 -0.84582 -0.0385835 0.706576 -0.706584 -0.0385738 0.70658 -0.706581 -0.0290324 0.846369 -0.531806 -0.029035 0.846368 -0.531807 -0.0180293 0.94373 -0.330226 -0.0180279 0.94373 -0.330225 -0.161848 0.111808 -0.980461 -0.153755 0.329845 -0.93143 -0.153799 0.32983 -0.931428 -0.138003 0.531465 -0.835764 -0.137965 0.531477 -0.835762 -0.115254 0.70658 -0.698184 -0.115264 0.706577 -0.698186 -0.0867532 0.846368 -0.525486 -0.086767 0.846364 -0.52549 -0.0538773 0.94373 -0.326299 -0.0538771 0.94373 -0.326299 -0.267649 0.111808 -0.957007 -0.254265 0.32983 -0.909154 -0.254241 0.329838 -0.909158 -0.228127 0.531478 -0.815775 -0.228175 0.531462 -0.815772 -0.190613 0.706577 -0.681481 -0.190593 0.706583 -0.68148 -0.143452 0.846364 -0.512923 -0.143444 0.846366 -0.512921 -0.089071 0.94373 -0.318496 -0.0890695 0.94373 -0.318496 -0.611664 -0.788743 -0.0612495 -0.613892 -0.787486 -0.0547985 -0.0365108 -0.787486 -0.615251 0.0372379 -0.787464 -0.615234 0.606358 -0.787465 -0.110587 0.603171 -0.788901 -0.117557 0.589812 -0.786464 -0.183292 0.563984 -0.785962 -0.253351 0.578626 -0.7899 -0.203102 0.529309 -0.785962 -0.319524 0.542804 -0.790231 -0.284426 0.486404 -0.786464 -0.380639 0.496327 -0.7899 -0.360163 0.436041 -0.787464 -0.435625 0.439959 -0.788901 -0.429035 0.373306 -0.788901 -0.488137 0.380318 -0.787464 -0.485035 0.319703 -0.786464 -0.528454 0.253894 -0.785962 -0.563739 0.298189 -0.7899 -0.535856 0.184049 -0.785962 -0.590246 0.217435 -0.790231 -0.572937 0.111397 -0.786463 -0.607508 0.132408 -0.7899 -0.598771 0.0445353 -0.7889 -0.612905 -0.0430249 -0.788743 -0.613215 -0.127984 -0.789672 -0.600032 -0.10921 -0.786592 -0.607738 -0.180513 -0.786095 -0.59116 -0.249207 -0.785993 -0.565784 -0.210333 -0.790065 -0.57581 -0.314178 -0.786293 -0.532011 -0.288768 -0.789934 -0.540942 -0.374349 -0.78699 -0.490418 -0.361969 -0.789273 -0.49601 -0.428754 -0.788078 -0.441704 -0.428754 -0.788078 -0.441705 -0.48502 -0.789274 -0.376568 -0.479062 -0.78699 -0.388776 -0.532112 -0.789934 -0.304731 -0.522428 -0.786293 -0.329867 -0.569295 -0.790066 -0.227376 -0.558119 -0.785993 -0.265928 -0.595961 -0.78967 -0.145779 -0.585531 -0.786093 -0.198017 -0.604219 -0.786592 -0.12725 0.411199 -0.212175 0.886508 0.409325 -0.125848 0.903668 -0.409325 -0.125848 0.903668 -0.411199 -0.212175 0.886508 -0.107997 -0.967634 0.22808 -0.0634947 -0.987464 0.144511 -0.0842162 -0.981022 0.17465 -0.0499351 -0.992361 0.112813 -0.0640273 -0.988387 0.13781 -0.0509665 -0.99268 0.109491 -0.0265089 -0.992729 0.117418 0.0219984 -0.992425 0.120863 0.0274824 -0.992691 0.11751 0.0520637 -0.992673 0.109042 -0.335885 -0.277644 0.900053 -0.323701 -0.0820469 0.942595 -0.262289 -0.304621 0.915648 -0.233454 -0.0736696 0.969573 -0.189337 -0.301408 0.934508 -0.140649 -0.0956944 0.985424 -0.115398 -0.271752 0.955424 0.115398 -0.271752 0.955423 0.140649 -0.0956944 0.985424 0.189337 -0.301408 0.934508 0.233454 -0.0736695 0.969573 0.262289 -0.304621 0.915648 0.323701 -0.0820469 0.942595 0.335885 -0.277644 0.900053 -0.0439027 -0.987209 0.153266 -0.0387886 -0.987768 0.151027 -0.0315093 -0.987329 0.155524 -0.0278993 -0.987788 0.153284 0.0315093 -0.987329 0.155524 0.0387886 -0.987768 0.151027 0.0439027 -0.987209 0.153266 -0.0467436 -0.14405 0.988466 -0.0391517 -0.21571 0.975672 0.0391517 -0.21571 0.975672 0.0467436 -0.14405 0.988466 0.106147 -0.967659 0.228841 0.110315 -0.966376 0.232268 0.0795235 -0.98107 0.176573 0.090108 -0.978936 0.183206 0.0600183 -0.988409 0.139448 0.0666683 -0.987548 0.142492 0.0501049 -0.992318 0.113114 -0.0425255 -0.992579 0.11392 -0.0423679 -0.992593 0.113863 -0.0374487 -0.992458 0.116726 -0.0349284 -0.992581 0.116462 -0.0305678 -0.992421 0.119018 -0.0220074 -0.992419 0.120912 -0.0193266 -0.992573 0.120104 -0.01317 -0.992537 0.121233 -0.0118848 -0.992674 0.120241 -0.00441831 -0.992482 0.122315 -0.00344927 -0.992575 0.121589 0.00439207 -0.992571 0.121589 0.00320925 -0.992418 0.122867 0.0129862 -0.992744 0.11954 0.0098072 -0.992167 0.124531 0.0175443 -0.992737 0.11902 0.0458191 -0.992559 0.112816 0.0429421 -0.992433 0.115036 0.037332 -0.992641 0.115195 0.0370813 -0.992606 0.115581 0.0305284 -0.992441 0.118865 -0.348436 -0.560622 0.751196 -0.348438 -0.560616 0.751199 -0.289015 -0.562747 0.774459 -0.289025 -0.562721 0.774474 -0.227312 -0.564465 0.793542 -0.227294 -0.56452 0.793508 -0.163723 -0.565853 0.808087 -0.163729 -0.565832 0.808101 -0.0987944 -0.566732 0.817958 -0.0987952 -0.566728 0.81796 -0.0330225 -0.567182 0.82293 -0.0330262 -0.567159 0.822946 0.0330231 -0.567159 0.822946 0.0330255 -0.567182 0.82293 0.0987947 -0.566728 0.81796 0.0987949 -0.566732 0.817957 0.163726 -0.565832 0.808101 0.163726 -0.565853 0.808087 0.227301 -0.56452 0.793506 0.227304 -0.564465 0.793544 0.289021 -0.562721 0.774475 0.289018 -0.562747 0.774457 0.348438 -0.560616 0.751199 0.348437 -0.560622 0.751196 -0.2728 -0.761369 0.58813 -0.272794 -0.761378 0.588122 -0.225942 -0.763148 0.605438 -0.225938 -0.763155 0.605431 -0.177477 -0.764598 0.61959 -0.177482 -0.764588 0.619601 -0.127726 -0.765687 0.630405 -0.127723 -0.765693 0.630398 -0.0770217 -0.766433 0.63769 -0.0770201 -0.766438 0.637684 -0.0257387 -0.76681 0.641357 -0.0257378 -0.766814 0.641353 0.0257386 -0.766814 0.641353 0.0257379 -0.76681 0.641357 0.0770211 -0.766438 0.637684 0.0770207 -0.766433 0.63769 0.127725 -0.765692 0.630398 0.127725 -0.765687 0.630405 0.17748 -0.764588 0.619602 0.177479 -0.764598 0.61959 0.22594 -0.763154 0.605431 0.225941 -0.763148 0.605438 0.272796 -0.761378 0.588121 0.272798 -0.761369 0.588131 -0.212035 -0.863755 0.457131 -0.212038 -0.863752 0.457135 -0.175458 -0.864964 0.470162 -0.175465 -0.864956 0.470174 -0.137726 -0.865942 0.480809 -0.137725 -0.865942 0.480808 -0.0990572 -0.866691 0.488912 -0.0990579 -0.86669 0.488914 -0.0597115 -0.867194 0.494378 -0.0597141 -0.867189 0.494386 -0.0199504 -0.867442 0.497138 -0.0199462 -0.867452 0.497121 0.0199497 -0.867452 0.497121 0.0199469 -0.867442 0.497138 0.0597125 -0.867189 0.494387 0.0597131 -0.867194 0.494378 0.0990576 -0.86669 0.488914 0.0990576 -0.866691 0.488912 0.137725 -0.865942 0.480808 0.137726 -0.865942 0.480809 0.175462 -0.864956 0.470174 0.17546 -0.864964 0.470161 0.212037 -0.863752 0.457135 0.212036 -0.863755 0.457131 -0.150259 -0.934068 0.323944 -0.150262 -0.934067 0.323946 -0.124253 -0.934724 0.332946 -0.124251 -0.934725 0.332944 -0.0974721 -0.935258 0.340282 -0.0974744 -0.935257 0.340284 -0.0700762 -0.935662 0.345871 -0.0700758 -0.935662 0.34587 -0.0422303 -0.935934 0.349634 -0.0422276 -0.935936 0.34963 -0.0141044 -0.936072 0.351524 -0.0141053 -0.936072 0.351526 0.0141045 -0.936072 0.351526 0.0141053 -0.936072 0.351524 0.0422298 -0.935936 0.34963 0.0422282 -0.935934 0.349634 0.0700761 -0.935662 0.34587 0.0700759 -0.935662 0.345871 0.097473 -0.935257 0.340284 0.0974736 -0.935258 0.340281 0.124252 -0.934725 0.332944 0.124252 -0.934724 0.332946 0.15026 -0.934067 0.323947 0.15026 -0.934068 0.323943 0.089352 -0.966794 0.239426 0.0893519 -0.966794 0.239428 0.0700756 -0.967079 0.244637 0.0700758 -0.96708 0.244635 0.0503677 -0.967296 0.2486 0.0503679 -0.967296 0.248599 0.0303491 -0.967441 0.251269 0.0303482 -0.967441 0.251272 0.0101372 -0.967514 0.252616 0.0101365 -0.967513 0.252617 -0.0101373 -0.967513 0.252617 -0.0101365 -0.967514 0.252616 -0.0303495 -0.967441 0.251272 -0.0303478 -0.967441 0.251269 -0.0503675 -0.967296 0.248599 -0.0503681 -0.967296 0.248599 -0.0700752 -0.96708 0.244635 -0.0700763 -0.967079 0.244637 -0.0893528 -0.966794 0.239428 -0.0893511 -0.966794 0.239426 -0.108092 -0.966443 0.233034 0.0708172 -0.979273 0.189759 0.070817 -0.979273 0.18976 0.0555328 -0.979455 0.193867 0.0555328 -0.979455 0.193867 0.0399108 -0.979592 0.196993 0.0399114 -0.979593 0.19699 0.0240479 -0.979685 0.199095 0.0240475 -0.979685 0.199096 0.0080315 -0.979731 0.200155 0.00803197 -0.979732 0.200154 -0.00803146 -0.979732 0.200154 -0.00803201 -0.979731 0.200155 -0.024048 -0.979685 0.199096 -0.0240474 -0.979685 0.199095 -0.0399104 -0.979593 0.196991 -0.0399118 -0.979592 0.196992 -0.0555329 -0.979455 0.193867 -0.0555328 -0.979455 0.193867 -0.0708176 -0.979273 0.18976 -0.0708167 -0.979273 0.189759 -0.0842843 -0.979081 0.185194 -0.055763 -0.9872 0.14942 -0.0557809 -0.987198 0.149429 -0.0480089 -0.987574 0.149641 -0.0189401 -0.987448 0.156807 -0.0168466 -0.987759 0.155076 -0.0063036 -0.987564 0.157094 -0.00564929 -0.987679 0.156393 0.00627545 -0.987675 0.156392 0.0056789 -0.987548 0.157213 0.0186881 -0.987781 0.154721 0.0171125 -0.987367 0.157524 0.0278993 -0.987788 0.153284 0.0557748 -0.987201 0.149413 0.0557665 -0.987199 0.14943 0.0480089 -0.987574 0.149641 0.915597 0.00448883 0.402072 0.912782 0 0.408447 0.91278 0 0.408452 0.238996 0.00716549 0.970994 0.249406 -0.000296962 0.968399 0.304722 0.000200275 0.952441 0.329651 0.0136255 0.944005 0.323357 0.00988908 0.946226 0.883113 -0.00447853 0.46914 0.892213 -0.0171507 0.45129 0.855151 0.0161532 0.518128 0.870962 -0.0039293 0.491334 0.838846 0.00258534 0.544362 0.839159 0.00232543 0.543881 0.802609 -0.00377728 0.596494 0.804403 -0.0060699 0.594053 0.753176 0.00635361 0.657789 0.764024 -0.00734797 0.645146 0.706961 0.0073809 0.707214 0.7188 -0.0069953 0.695182 0.654785 0.00754281 0.755777 0.668598 -0.00977129 0.74356 0.622309 0.00314819 0.782765 0.622484 0.00307962 0.782626 0.592369 -0.00485716 0.805652 0.583066 0.000725576 0.812424 0.534094 -0.00122204 0.845424 0.542135 -0.00841838 0.840249 0.469376 0.0113476 0.882926 0.499908 -0.0244597 0.865733 0.450989 0.00369315 0.892522 0.422631 -0.00117654 0.906301 0.394047 0.00375845 0.919082 0.370826 -0.00884269 0.92866 0.183685 -0.0050605 0.982972 0.153239 0.0100574 0.988138 0.113112 -0.00734412 0.993555 0.0823534 0.00370301 0.996596 0.0380917 -0.00592723 0.999257 0.027418 0.000145078 0.999624 0 0 1 1 0 0 1 0 0 1 0 0 1 0 0 1 0 0 1 0 0 -0.85531 6.57781e-05 -0.518117 -0.870486 0.0071639 -0.492141 -0.883117 -0.00701075 -0.469101 -0.91554 0.00966712 -0.40211 -0.910362 0 -0.413813 -0.910361 0 -0.413816 -0.838832 -0.000112784 -0.54439 -0.817607 0.0132595 -0.575624 -0.806781 -0.00117506 -0.59085 -0.760911 0.0012339 -0.648855 -0.767079 -0.00656201 -0.641519 -0.711572 0.00746221 -0.702574 -0.708465 0.0118491 -0.705646 -0.656161 -0.00794199 -0.754579 -0.65093 -0.00283846 -0.759133 -0.622363 0.000787797 -0.782728 -0.610585 0.00402406 -0.791941 -0.592431 -0.00763516 -0.805585 -0.571574 0.00301704 -0.820545 -0.534069 -0.00619411 -0.845418 -0.534493 -0.00663173 -0.845147 -0.469379 0.0097087 -0.882943 -0.495201 -0.029475 -0.868278 -0.457197 -0.00144962 -0.889364 -0.422766 0.0011387 -0.906238 -0.419866 0.00279449 -0.907582 -0.370964 -0.0060436 -0.928628 -0.37991 -0.0170138 -0.924867 -0.329738 0.00791147 -0.94404 -0.337864 0.0033067 -0.941189 -0.305034 -0.00342627 -0.952335 -0.293702 0.00331579 -0.955891 -0.249678 -0.00522206 -0.968315 -0.250071 -0.00558684 -0.968211 -0.183766 0.00792502 -0.982938 -0.207331 -0.0232759 -0.977994 -0.169399 -0.000798967 -0.985547 -0.113104 0.00179374 -0.993582 -0.136922 -0.0289576 -0.990158 -0.104045 -0.00446857 -0.994563 -0.0380908 0.00870794 -0.999236 -0.0713164 -0.0391371 -0.996686 0 0.0247191 -0.999694 -0.0273832 0.000175011 -0.999625 0 0 -1 0.0375854 0 -0.999293 0.0165501 -0.0261075 -0.999522 0.0496606 -0.00311573 -0.998761 0.112634 0.00636007 -0.993616 0.0971467 -0.0152049 -0.995154 0.185612 0.0171157 -0.982474 0.154388 -0.0320084 -0.987492 0.222463 0.0150131 -0.974826 0.203543 0.000962873 -0.979065 0.260552 -0.00158962 -0.965459 0.249227 -0.0153543 -0.968323 0.292605 0.00373981 -0.956226 0.332217 -0.00808375 -0.943168 0.334811 -0.00558795 -0.942269 0.40191 0.0087936 -0.915637 0.376081 -0.0295322 -0.926116 0.41108 -0.00361405 -0.911592 0.460901 0.00552409 -0.887435 0.44106 -0.0172713 -0.897312 0.470062 -0.000306734 -0.882633 0.510234 0.00048198 -0.860036 0.511617 0.00187185 -0.859211 0.547047 -0.000826212 -0.837102 0.564709 0.00710003 -0.82526 0.58922 -0.00908672 -0.807922 0.611922 0.00425144 -0.790907 0.651038 -0.00810471 -0.759002 0.651635 -0.00740865 -0.758496 0.711274 0.0110347 -0.702828 0.707202 0.00375351 -0.707002 0.762114 -0.00236727 -0.647438 0.764835 0.000707231 -0.644226 0.812648 -0.00101871 -0.582754 0.817697 0.00763412 -0.575598 0.854129 -0.00317347 -0.520051 0.864958 0.0047026 -0.501822 0.88629 -0.0056747 -0.463096 0.904869 0.0122781 -0.425514 0.915627 0 -0.402029 0.915627 0 -0.402029 -0.994885 -0.0806917 0.0607736 -0.987785 -0.147066 0.0514942 -0.905889 -0.420959 0.0464556 -0.777533 -0.627618 0.0392188 -0.64625 -0.762453 0.0320487 -0.486591 -0.873399 0.0200804 -0.342754 -0.93939 0.00813663 -0.154858 -0.986342 0.0561059 -0.159724 -0.98509 0.0639146 -0.140666 -0.987897 0.0653665 -0.966492 -0.20383 0.156032 -0.981734 -0.0563079 0.181735 -0.934601 -0.244711 0.258144 -0.952771 -0.0470796 0.300017 -0.893669 -0.27104 0.357621 -0.909144 -0.0475815 0.413754 -0.843919 -0.287044 0.453217 -0.851729 -0.0542857 0.521163 -0.785787 -0.294603 0.543826 -0.781396 -0.0661595 0.620519 -0.720152 -0.293776 0.628551 -0.699113 -0.0839846 0.710062 -0.648233 -0.282748 0.706999 -0.605895 -0.110658 0.787811 -0.571345 -0.257396 0.779302 -0.0621719 -0.992367 0.106502 -0.0631708 -0.992517 0.104493 -0.0777826 -0.987094 0.139986 -0.0819605 -0.988062 0.130444 -0.0974647 -0.978814 0.180069 -0.100575 -0.98066 0.167903 -0.127096 -0.965997 0.225159 -0.127516 -0.967134 0.219981 -0.180442 -0.933096 0.311082 -0.180429 -0.933052 0.311224 -0.254326 -0.861972 0.438545 -0.254366 -0.861884 0.438696 -0.326755 -0.758783 0.563453 -0.326801 -0.758646 0.563611 -0.416453 -0.55752 0.71815 -0.416481 -0.55736 0.718257 -0.496555 -0.142091 0.856296 -0.497249 -0.210231 0.841752 -0.282958 -0.958874 0.0222672 -0.367737 -0.927584 -0.0660175 -0.278042 -0.95952 0.04489 -0.278054 -0.959516 0.0448876 -0.254454 -0.964527 0.0702841 -0.25445 -0.964529 0.0702845 -0.231321 -0.968464 0.0925647 -0.231322 -0.968464 0.0925647 -0.208687 -0.97154 0.112074 -0.208685 -0.97154 0.112074 -0.186557 -0.973923 0.129112 -0.186557 -0.973923 0.129112 -0.164929 -0.975744 0.143952 -0.164931 -0.975744 0.143952 -0.143795 -0.977102 0.156829 -0.143794 -0.977102 0.156828 -0.123132 -0.978075 0.167952 -0.123134 -0.978075 0.167953 -0.19638 -0.978916 0.0562003 -0.208532 -0.976878 0.047154 -0.18154 -0.980697 0.0726441 -0.18154 -0.980697 0.0726442 -0.163576 -0.982612 0.0878477 -0.163577 -0.982612 0.0878477 -0.146093 -0.984091 0.101108 -0.146092 -0.984091 0.101108 -0.129063 -0.985218 0.112647 -0.129064 -0.985217 0.112647 -0.112463 -0.986056 0.122658 -0.112463 -0.986056 0.122658 -0.0962663 -0.986657 0.131306 -0.0962663 -0.986657 0.131306 -0.137491 -0.987747 0.0738386 -0.12906 -0.988893 0.0737112 -0.117482 -0.989741 0.0813081 -0.119422 -0.989489 0.0815476 -0.106528 -0.990681 0.084865 -0.102848 -0.990638 0.089765 -0.0968182 -0.991215 0.0901033 -0.08776 -0.991533 0.0957156 -0.0865544 -0.991652 0.0955803 -0.0741757 -0.9921 0.101175 -0.0745921 -0.99206 0.101252 -0.493189 -0.551569 0.672708 -0.493205 -0.55154 0.67272 -0.567533 -0.542929 0.618978 -0.567521 -0.54295 0.61897 -0.638149 -0.53154 0.556984 -0.638162 -0.531518 0.55699 -0.703749 -0.517221 0.487051 -0.703753 -0.517215 0.487053 -0.762946 -0.500036 0.409728 -0.762933 -0.500058 0.409725 -0.814443 -0.480065 0.325914 -0.814433 -0.480083 0.325913 -0.857137 -0.457452 0.236758 -0.857173 -0.457384 0.236758 -0.890153 -0.432408 0.143706 -0.890148 -0.432418 0.143707 -0.912686 -0.4057 0.0491142 -0.388541 -0.753769 0.529971 -0.388546 -0.753763 0.529975 -0.449755 -0.746394 0.490526 -0.449761 -0.746388 0.490531 -0.509688 -0.736422 0.444861 -0.509688 -0.736421 0.444861 -0.567551 -0.723605 0.392787 -0.567537 -0.723619 0.392781 -0.622428 -0.707708 0.334266 -0.622433 -0.707702 0.334268 -0.673337 -0.68849 0.269444 -0.67332 -0.688507 0.269441 -0.71917 -0.665832 0.198653 -0.719187 -0.665813 0.198654 -0.758886 -0.639597 0.122511 -0.75887 -0.639614 0.122512 -0.790894 -0.610425 0.0432155 -0.303198 -0.858508 0.413563 -0.303199 -0.858507 0.413564 -0.352307 -0.853367 0.384245 -0.352308 -0.853367 0.384245 -0.401316 -0.84632 0.35027 -0.401307 -0.846326 0.350265 -0.449823 -0.837104 0.311314 -0.449836 -0.837095 0.31132 -0.497376 -0.825391 0.26711 -0.497381 -0.825387 0.267111 -0.543343 -0.810867 0.217425 -0.543343 -0.810867 0.217425 -0.587019 -0.79317 0.162142 -0.586984 -0.793196 0.16214 -0.627527 -0.771976 0.101308 -0.627542 -0.771964 0.101307 -0.66316 -0.747573 0.036793 -0.215514 -0.931204 0.293959 -0.21551 -0.931206 0.293957 -0.251159 -0.928376 0.273928 -0.25116 -0.928376 0.273929 -0.287263 -0.924456 0.250723 -0.287262 -0.924456 0.250723 -0.323706 -0.919253 0.22403 -0.323703 -0.919254 0.224029 -0.360335 -0.91253 0.193514 -0.360335 -0.91253 0.193514 -0.396938 -0.903997 0.158839 -0.396938 -0.903997 0.15884 -0.433227 -0.893306 0.119664 -0.43323 -0.893304 0.119663 -0.468814 -0.880048 0.0756884 -0.468821 -0.880044 0.0756866 -0.500696 -0.865091 0.0303477 -0.155238 -0.964917 0.211745 -0.155241 -0.964917 0.211746 -0.181184 -0.963392 0.197607 -0.18118 -0.963393 0.197605 -0.207642 -0.96127 0.181233 -0.207646 -0.961269 0.181234 -0.234618 -0.958431 0.162374 -0.234619 -0.95843 0.162375 -0.262076 -0.954729 0.140746 -0.262078 -0.954728 0.140746 -0.289974 -0.949974 0.116035 -0.289971 -0.949975 0.116035 -0.31823 -0.94393 0.0879 -0.318231 -0.94393 0.0878999 -0.346729 -0.936293 0.0559796 -0.346733 -0.936292 0.0559789 -0.373275 -0.927448 0.02248 -0.23371 -0.971574 0.0377289 -0.22932 -0.972613 0.0379048 -0.201688 -0.977864 0.0557106 -0.394398 -0.91894 0 -0.34406 -0.938926 0.00634049 -0.453013 -0.891504 -0.000293994 -0.507538 -0.861628 0.00126031 -0.56951 -0.821985 -0.000339553 -0.98485 -0.173408 -0.000596753 -0.398188 -0.917304 0 -0.396863 -0.917878 0.000134598 -0.363715 -0.93151 -0.00047499 -0.288798 -0.957388 0.00208908 -0.331084 -0.943597 -0.00289936 -0.989963 -0.141326 0 -0.993942 -0.109909 0.00022533 -0.91336 -0.407154 -0.000212094 -0.928665 -0.370919 0.000429662 -0.790541 -0.612409 -0.000419093 -0.812186 -0.583399 0.000293849 -0.661668 -0.749797 -0.00023824 -0.674366 -0.738397 0.000130971 -0.499275 -0.866444 -0.000190103 -0.507594 -0.861596 0.000298296 -0.397111 -0.917771 -7.44415e-05 -0.1555 -0.987825 -0.00459385 -0.169837 -0.98547 0.00197048 -0.121257 -0.99262 -0.00134053 -0.248068 -0.968742 0.000914662 -0.223227 -0.974766 -0.000955965 -0.187106 -0.982339 0.00142735 -0.716176 -0.69792 0.00060345 -0.674412 -0.738355 -0.000951546 -0.874517 -0.484994 0.00128562 -0.812237 -0.583325 -0.00169205 -0.928666 -0.370918 0.00037092 0.499567 -0.0415121 -0.86528 0.596475 0.0258278 -0.802216 0.938739 -0.0450599 -0.341671 0.982386 0.0324244 -0.184029 0.999012 -0.0444498 0 0.988788 0.0489998 0.141059 0.938639 -0.0473847 0.341632 0.892143 0.0301863 0.450743 0.765475 -0.0385663 0.642309 0.696383 0.0477827 0.716078 0.499494 -0.0446372 0.865167 0.173653 0 -0.984807 0.0967926 -0.0747717 -0.992492 0.336877 0.0308725 -0.941042 0.765618 -0.0328645 -0.642455 0.78064 -0.0154858 -0.624789 0.90121 0.0113432 -0.433235 0.146477 0 0.989214 0.173585 -0.0279429 0.984422 0.426642 0.0227165 0.904135 -0.765175 -0.0476372 0.642057 -0.883044 0.0469091 0.46694 -0.938681 -0.0464171 0.341648 -0.939277 -0.0297425 -0.341867 -0.91567 0.0237602 -0.401228 -0.765799 -0.0246536 -0.642607 -0.725237 0.0269425 -0.687972 -0.499826 -0.0262339 -0.865728 -0.992331 0.0187473 -0.122178 -0.998891 -0.0470765 0 -0.98707 0.0377992 0.155766 -0.173653 0 0.984807 -0.0984956 -0.0908657 0.99098 -0.289655 0.0108619 0.957069 -0.499873 -0.0219066 0.865822 -0.482037 -0.0431251 0.875089 -0.690891 0.030162 0.72233 -0.154536 0 -0.987987 -0.173628 -0.0168221 -0.984668 -0.454624 0.0153701 -0.890551 -0.401766 -0.00731889 0.915713 -0.915613 0 0.402062 -0.0372848 0 0.999305 -0.0298023 -0.00583306 0.999539 -0.112239 0.00710002 0.993656 -0.103381 -0.00134483 0.994641 -0.185797 0.00113818 0.982587 -0.166647 -0.0142692 0.985913 -0.222729 0.00723015 0.974854 -0.23129 0.0107658 0.972825 -0.260549 -0.00613832 0.965441 -0.33223 0.0110882 0.943133 -0.301045 -0.0220606 0.953355 -0.365486 0.00910631 0.930772 -0.463163 0.0176898 0.886096 -0.441723 -0.00667058 0.897127 -0.512451 0.00446546 0.858705 -0.506915 0.000102375 0.861996 -0.54713 -4.75666e-05 0.837048 -0.561654 0.00546722 0.827354 -0.577925 -0.00171994 0.816088 -0.618217 0.00324767 0.786001 -0.611111 -0.00295682 0.79154 -0.661603 0.0029222 0.749849 -0.650354 -0.00716222 0.759598 -0.701788 0.00824678 0.712338 -0.683542 -0.0112509 0.729824 -0.714786 0.00197028 0.69934 -0.753327 -0.00555149 0.657623 -0.744256 -0.017039 0.667677 -0.772339 0.0006411 0.63521 -0.807178 -0.00110964 0.590306 -0.799821 -0.00985106 0.600157 -0.849096 0.0142634 0.528047 -0.83118 -0.018648 0.55569 -0.860959 0.00188378 0.50867 -0.886294 -0.00300893 0.463114 -0.885668 -0.00378384 0.464304 -0.915578 0.00445368 0.402117 -0.91278 0 0.408452 -0.0365852 -0.175351 0.983826 0 -0.354421 0.935086 -0.0366673 -0.176182 0.983674 -0.110733 -0.17392 0.978514 -0.11045 -0.175272 0.978305 -0.184015 -0.175318 0.967162 -0.182634 -0.181549 0.966274 -0.219226 -0.175295 0.959798 -0.0526655 -0.958983 0.278528 -0.0482081 -0.962336 0.267555 -0.0325657 -0.956504 0.289894 -0.0275757 -0.960625 0.276476 -0.0105222 -0.957846 0.287088 -0.0091787 -0.959393 0.281924 0 -0.959471 0.281808 -0.0223661 -0.795242 0.605879 -0.0224196 -0.795103 0.60606 -0.0679355 -0.795118 0.602638 -0.0680607 -0.794858 0.602966 -0.113072 -0.794875 0.596144 -0.113257 -0.794554 0.596537 -0.0317586 -0.515381 0.856373 -0.0317943 -0.515242 0.856455 -0.0962396 -0.515258 0.851614 -0.0962978 -0.515066 0.851724 -0.160032 -0.515086 0.842067 -0.160117 -0.514839 0.842201 0.0346479 -0.963459 0.265605 0.0583939 -0.954451 0.292598 0.058552 -0.961054 0.270088 0.0832988 -0.957074 0.277617 0.12593 -0.923201 0.3631 0.0810643 -0.959137 0.271082 0.282757 -0.175329 0.943032 0.297239 -0.431644 0.851664 0.290942 -0.296464 0.909649 0.0375149 -0.175348 0.983792 0.037566 -0.175625 0.98374 0.11137 -0.174674 0.978307 0.111385 -0.174763 0.97829 0.180795 -0.17609 0.967629 0.190658 -0.233657 0.953443 0.246987 -0.138103 0.959127 0.0108231 -0.959416 0.281787 0.0118348 -0.961218 0.275535 0.0324845 -0.957825 0.28551 0.174087 -0.794794 0.581375 0.174055 -0.795061 0.581019 0.118816 -0.795053 0.594789 0.118817 -0.795175 0.594625 0.0685597 -0.795284 0.602347 0.068565 -0.795312 0.60231 0.0231961 -0.795311 0.605757 0.0231743 -0.795235 0.605858 0.246092 -0.514941 0.821142 0.246094 -0.515139 0.821017 0.168004 -0.515129 0.840486 0.168014 -0.51527 0.840397 0.0969382 -0.515414 0.851441 0.0969361 -0.515401 0.851449 0.0327293 -0.515398 0.856326 0.0327242 -0.515374 0.85634 0.586759 -0.174877 0.790653 0.585948 -0.336509 0.737175 0.583192 -0.175027 0.793255 0.525796 -0.174947 0.832425 0.525799 -0.174983 0.832416 0.462025 -0.174488 0.869533 0.462082 -0.175153 0.869368 0.404172 -0.17524 0.897739 0.411671 -0.225472 0.883 0.356658 -0.0981392 0.929066 0.365037 -0.175397 0.914321 0.169737 -0.95836 0.229641 0.168999 -0.958862 0.228086 0.152924 -0.958245 0.241622 0.153793 -0.957499 0.244016 0.133747 -0.959834 0.246639 0.136602 -0.9565 0.257773 0.11146 -0.961668 0.250544 0.110495 -0.962913 0.246149 0.102244 -0.9559 0.27532 0.101069 -0.959197 0.264058 0.362393 -0.793599 0.488746 0.362233 -0.793913 0.488355 0.324448 -0.793899 0.514255 0.324325 -0.794198 0.51387 0.284828 -0.794177 0.536801 0.284724 -0.794508 0.536368 0.248961 -0.794578 0.553772 0.248931 -0.794811 0.553452 0.217211 -0.794796 0.566674 0.217199 -0.795015 0.566371 0.511073 -0.514059 0.688875 0.511036 -0.514273 0.688742 0.457862 -0.514257 0.725191 0.45783 -0.514527 0.72502 0.402186 -0.514504 0.757319 0.402163 -0.514824 0.757114 0.351766 -0.514918 0.781742 0.351773 -0.5151 0.781619 0.307037 -0.515081 0.800263 0.307048 -0.515228 0.800164 0.831293 -0.1755 0.527401 0.827955 -0.163042 0.53657 0.792196 -0.223305 0.567944 0.644705 -0.174889 0.744157 0.644701 -0.174773 0.744187 0.696109 -0.175006 0.69628 0.696436 -0.192112 0.691426 0.74376 -0.158615 0.649356 0.744501 -0.204288 0.635598 0.795109 -0.137978 0.590562 0.238831 -0.959364 0.150267 0.235239 -0.961034 0.145176 0.245173 -0.953285 0.176461 0.233216 -0.958398 0.164569 0.217795 -0.958487 0.184035 0.219325 -0.957756 0.186013 0.202541 -0.958795 0.19922 0.20519 -0.957382 0.203265 0.185656 -0.959131 0.213541 0.18695 -0.958368 0.215827 0.513507 -0.795293 0.32221 0.513634 -0.794967 0.322813 0.494326 -0.794773 0.352105 0.495368 -0.793621 0.353237 0.463032 -0.793839 0.394236 0.463326 -0.793458 0.394657 0.432062 -0.79349 0.428597 0.432086 -0.793456 0.428637 0.398464 -0.793458 0.460056 0.398373 -0.793608 0.459874 0.724399 -0.515532 0.457681 0.7244 -0.515207 0.458047 0.697193 -0.51498 0.498715 0.697563 -0.513997 0.499212 0.652522 -0.514268 0.556546 0.652608 -0.513983 0.556708 0.608819 -0.514027 0.604248 0.608845 -0.513926 0.604307 0.561663 -0.51393 0.648391 0.561632 -0.514071 0.648306 0.822451 -0.454241 0.342401 0.909111 -0.124566 0.397492 0.25863 -0.960657 0.10124 0.246781 -0.963939 0.0996002 0.557668 -0.797139 0.231464 0.564806 -0.791961 0.231931 0.784188 -0.517012 0.343144 0.842463 -0.175403 0.509401 0.846341 -0.202301 0.492728 0.877925 -0.112041 0.465504 0.877392 -0.176674 0.44606 0.898785 -0.175547 0.401708 0.248728 -0.960858 0.122011 0.235383 -0.965488 0.111483 0.255997 -0.955319 0.147753 0.246416 -0.959279 0.138071 0.540414 -0.797625 0.267858 0.541901 -0.796091 0.269411 0.524718 -0.796341 0.300852 0.525867 -0.795077 0.302186 0.764252 -0.517445 0.384929 0.764791 -0.516065 0.385708 0.741084 -0.516399 0.429099 0.741499 -0.515246 0.429767 0.149989 0 -0.988688 0.991977 -0.126413 -0.00089503 0.985342 -0.170557 0.00327363 0.865023 -0.501537 0.013977 0.889412 -0.457034 0.00812483 0.628592 -0.777584 0.0153175 0.607501 -0.794118 0.0178515 0.319983 -0.947289 0.0159268 0.262585 -0.964702 0.0199632 1 0 0 0.322217 -0.946445 -0.0204232 0.227162 -0.973782 -0.0120967 0.5413 -0.840569 -0.0209254 0.975088 -0.221779 -0.00418979 0.985363 -0.170269 -0.00827685 0.819368 -0.573235 -0.00616942 0.865537 -0.500676 -0.0129857 0.629973 -0.776515 -0.0126092 0.338901 -0.940811 -0.00454157 0.985391 -0.170303 -0.00100427 0.985788 -0.167993 -0.00116049 0.865567 -0.500785 -0.00279758 0.869191 -0.494466 -0.00332945 0.629947 -0.776627 -0.00421848 0.639726 -0.768586 -0.00517406 0.322099 -0.946693 -0.00503362 0.407252 -0.91324 -0.0117428 0.319937 -0.947384 0.0101755 0.985788 -0.167992 0.0011095 0.985345 -0.170565 0.00131336 0.869192 -0.494465 0.00308838 0.865061 -0.501653 0.00375838 0.639731 -0.768585 0.00468698 0.628572 -0.777729 0.005811 0.338903 -0.940804 0.00565074 0.366127 -0.930558 0.00361202 0 -0.175679 -0.984448 0 -0.175679 -0.984448 0.0365848 -0.176839 -0.98356 0.0369819 -0.17484 -0.983902 0.110703 -0.176133 -0.978122 0.110844 -0.175466 -0.978226 0.184024 -0.17548 -0.967131 0.182447 -0.182587 -0.966113 0.218985 -0.175539 -0.959808 0.0523824 -0.959494 -0.276818 0.047972 -0.962788 -0.265967 0.0324228 -0.957013 -0.288226 0.0274579 -0.961083 -0.274893 0.0105079 -0.958322 -0.285496 0.00917405 -0.959847 -0.280375 0 -0.959915 -0.280291 0.0223887 -0.795903 -0.60501 0.0224253 -0.795808 -0.605134 0.067887 -0.79582 -0.601716 0.0679804 -0.795627 -0.601961 0.112931 -0.795641 -0.595149 0.113096 -0.795354 -0.5955 0.0317764 -0.515933 -0.85604 0.0318052 -0.515821 -0.856106 0.0962337 -0.515834 -0.851266 0.0962823 -0.515673 -0.851358 0.159995 -0.51569 -0.841704 0.16008 -0.515444 -0.841838 -0.324568 -0.175526 -0.929433 -0.317769 -0.177715 -0.931365 -0.301106 -0.158969 -0.940247 -0.261012 -0.242966 -0.934259 -0.0375065 -0.175557 -0.983755 -0.0375389 -0.175732 -0.983722 -0.111348 -0.174805 -0.978287 -0.111363 -0.174897 -0.978269 -0.180865 -0.176167 -0.967602 -0.18346 -0.19105 -0.964283 -0.246387 -0.160946 -0.955714 -0.092079 -0.959575 -0.265964 -0.0908552 -0.95938 -0.267088 -0.0762385 -0.962157 -0.261612 -0.0107239 -0.959861 -0.280271 -0.0117205 -0.961624 -0.274119 -0.0322726 -0.958262 -0.284064 -0.0328689 -0.959841 -0.278613 -0.052294 -0.959837 -0.27564 -0.0523953 -0.962155 -0.267417 -0.0779684 -0.956851 -0.279922 -0.195361 -0.795596 -0.573463 -0.19541 -0.795654 -0.573368 -0.162874 -0.795332 -0.583882 -0.162846 -0.795626 -0.583489 -0.113042 -0.795731 -0.595008 -0.113056 -0.795895 -0.594786 -0.0684117 -0.795887 -0.601568 -0.0684235 -0.79595 -0.601483 -0.0231191 -0.795946 -0.604926 -0.0231054 -0.795899 -0.604989 -0.2765 -0.515758 -0.810889 -0.276536 -0.515809 -0.810845 -0.230472 -0.515392 -0.825381 -0.230477 -0.515659 -0.825213 -0.160044 -0.515797 -0.841629 -0.160057 -0.515907 -0.841559 -0.0968596 -0.515899 -0.851156 -0.0968691 -0.515956 -0.851121 -0.032678 -0.515951 -0.855995 -0.0326734 -0.515929 -0.856008 -0.586732 -0.174924 -0.790662 -0.585904 -0.336922 -0.737022 -0.583239 -0.175181 -0.793186 -0.52578 -0.175104 -0.832403 -0.525774 -0.175021 -0.832424 -0.461999 -0.174584 -0.869527 -0.462058 -0.175281 -0.869355 -0.404138 -0.175358 -0.897731 -0.411722 -0.226169 -0.882798 -0.356727 -0.0974177 -0.929116 -0.365157 -0.175395 -0.914274 -0.169249 -0.958575 -0.229104 -0.168459 -0.959111 -0.227438 -0.152423 -0.95849 -0.240965 -0.15326 -0.957774 -0.24327 -0.133271 -0.960088 -0.245908 -0.136087 -0.956809 -0.256897 -0.111015 -0.961935 -0.249713 -0.110029 -0.963204 -0.245218 -0.101803 -0.956231 -0.274332 -0.100618 -0.959549 -0.26295 -0.362094 -0.793919 -0.488447 -0.361929 -0.794242 -0.488044 -0.324171 -0.794224 -0.513927 -0.324019 -0.794594 -0.513451 -0.284542 -0.794571 -0.53637 -0.284413 -0.79498 -0.535832 -0.248654 -0.795049 -0.553235 -0.248626 -0.795269 -0.55293 -0.216984 -0.795252 -0.56612 -0.216971 -0.795501 -0.565775 -0.510937 -0.51431 -0.688788 -0.510889 -0.5146 -0.688607 -0.457734 -0.51458 -0.725043 -0.457695 -0.5149 -0.72484 -0.402064 -0.514876 -0.757131 -0.402046 -0.515131 -0.756967 -0.351633 -0.51522 -0.781603 -0.351644 -0.515497 -0.781415 -0.306968 -0.515476 -0.800035 -0.30698 -0.515636 -0.799927 -0.831302 -0.175503 -0.527386 -0.827937 -0.162944 -0.536629 -0.792143 -0.223503 -0.56794 -0.794567 -0.174937 -0.58143 -0.748757 -0.1751 -0.639299 -0.748709 -0.179222 -0.638211 -0.699335 -0.169803 -0.694333 -0.699396 -0.184638 -0.690474 -0.64581 -0.164863 -0.745486 -0.64605 -0.17493 -0.74298 -0.238713 -0.959388 -0.150301 -0.234999 -0.961114 -0.145036 -0.244966 -0.953342 -0.176439 -0.232873 -0.958509 -0.164409 -0.217455 -0.958596 -0.183869 -0.218921 -0.957897 -0.185763 -0.202153 -0.958931 -0.198963 -0.204718 -0.957564 -0.202881 -0.185217 -0.959303 -0.21315 -0.18644 -0.958583 -0.215309 -0.513418 -0.795363 -0.32218 -0.513556 -0.795006 -0.322839 -0.494239 -0.794809 -0.352145 -0.495203 -0.793744 -0.353192 -0.462861 -0.793954 -0.394204 -0.463062 -0.793694 -0.394491 -0.431795 -0.793724 -0.428433 -0.43179 -0.793731 -0.428425 -0.398189 -0.79373 -0.459824 -0.398068 -0.793932 -0.459581 -0.724351 -0.515557 -0.45773 -0.724351 -0.515304 -0.458014 -0.697117 -0.515073 -0.498726 -0.697468 -0.514141 -0.499197 -0.652432 -0.514409 -0.556521 -0.652521 -0.514114 -0.556689 -0.608728 -0.514151 -0.604234 -0.608725 -0.514164 -0.604226 -0.561544 -0.514163 -0.648309 -0.561509 -0.514326 -0.64821 -0.737033 -0.605192 -0.300873 -0.513343 -0.825932 -0.233057 -0.246296 -0.959304 -0.138106 -0.255915 -0.955329 -0.147828 -0.235264 -0.965517 -0.111476 -0.248794 -0.960823 -0.122152 -0.260237 -0.960546 -0.0981188 -0.269933 -0.956988 -0.106353 -0.842464 -0.175407 -0.509398 -0.846328 -0.202334 -0.492737 -0.877918 -0.112169 -0.465488 -0.87738 -0.176662 -0.446087 -0.902312 -0.175296 -0.393833 -0.899103 -0.214334 -0.381674 -0.525751 -0.795148 -0.302202 -0.524661 -0.796347 -0.300936 -0.541871 -0.7961 -0.269446 -0.540439 -0.797577 -0.26795 -0.554772 -0.797271 -0.237879 -0.741466 -0.515276 -0.429791 -0.741085 -0.516334 -0.429177 -0.764802 -0.516005 -0.385767 -0.764259 -0.517393 -0.384983 -0.782941 -0.517026 -0.345959 -0.865304 -0.5012 -0.00692075 -0.985368 -0.17041 -0.00331169 -0.99992 0 0.0126702 -0.976058 -0.217374 -0.00768457 -0.28696 -0.957725 -0.0204124 -0.321048 -0.946899 -0.0176073 -0.557691 -0.829888 -0.0163284 -0.629243 -0.777126 -0.0113343 -0.793894 -0.60783 -0.0165976 -1 0 0 -1 0 0 -1 0 0 -1 0 0 -1 0 0 -1 0 0 0.502333 -0.8378 -0.213898 0.902347 -0.175273 -0.393762 0.898644 -0.21891 -0.380155 0.746769 -0.574913 -0.334381 0.750494 -0.568357 -0.337238 0.553166 -0.794771 -0.249692 0.210669 -0.972916 -0.095151 0.304488 -0.944775 -0.121192 0.240375 -0.963688 -0.116296 0.800471 -0.17445 -0.573423 0.800359 -0.174935 -0.573432 0.84146 -0.174787 -0.511267 0.841328 -0.175257 -0.511324 0.87336 -0.174834 -0.454616 0.873095 -0.175923 -0.454705 0.235677 -0.957589 -0.16577 0.233386 -0.958347 -0.164627 0.246979 -0.958183 -0.14452 0.268533 -0.951399 -0.150766 0.497006 -0.792355 -0.353778 0.495749 -0.793393 -0.353216 0.528423 -0.793152 -0.302784 0.525835 -0.795205 -0.301907 0.698385 -0.512985 -0.499104 0.697819 -0.513938 -0.498916 0.742628 -0.513628 -0.429756 0.688086 -0.594672 -0.415816 0.779558 -0.479361 -0.403117 0.53384 -0.174926 -0.827294 0.539224 -0.167555 -0.825326 0.576023 -0.20641 -0.790944 0.576857 -0.203267 -0.79115 0.647974 -0.144718 -0.747787 0.641024 -0.174548 -0.74741 0.698595 -0.174576 -0.693894 0.702052 -0.161028 -0.693681 0.747127 -0.187063 -0.637816 0.750505 -0.174647 -0.63737 0.155237 -0.958311 -0.239876 0.153719 -0.958751 -0.239096 0.172674 -0.956105 -0.236742 0.169905 -0.957274 -0.234008 0.186671 -0.958282 -0.216449 0.188453 -0.957621 -0.217824 0.203331 -0.957637 -0.203934 0.209157 -0.955599 -0.207567 0.213244 -0.959736 -0.182849 0.219445 -0.957671 -0.186308 0.3294 -0.793674 -0.511445 0.32963 -0.793549 -0.511492 0.358077 -0.793261 -0.492461 0.358655 -0.792673 -0.492987 0.3989 -0.792819 -0.460778 0.399312 -0.792446 -0.461062 0.432784 -0.792453 -0.429787 0.432898 -0.792354 -0.429854 0.464437 -0.792327 -0.395622 0.46415 -0.792565 -0.395481 0.464795 -0.514222 -0.720792 0.464894 -0.514133 -0.720792 0.504877 -0.513763 -0.693647 0.505131 -0.513259 -0.693835 0.561851 -0.513439 -0.648617 0.561995 -0.513187 -0.648692 0.608956 -0.51319 -0.604821 0.609026 -0.513072 -0.604851 0.653051 -0.513038 -0.55706 0.652924 -0.513249 -0.557016 0.247457 -0.175483 -0.952875 0.257976 -0.138601 -0.956158 0.315126 -0.222638 -0.922566 0.327004 -0.175169 -0.928646 0.395573 -0.175195 -0.90157 0.395621 -0.175001 -0.901587 0.453662 -0.175082 -0.873806 0.453693 -0.17498 -0.87381 0.502225 -0.175012 -0.846842 0.502278 -0.174841 -0.846846 0.072869 -0.959503 -0.27211 0.0675267 -0.962874 -0.261371 0.0998212 -0.953802 -0.283369 0.0899536 -0.960141 -0.264647 0.114962 -0.95814 -0.262203 0.113812 -0.958723 -0.26057 0.134174 -0.958719 -0.25071 0.120738 -0.964797 -0.233641 0.157262 -0.953337 -0.257716 0.145368 -0.958279 -0.246107 0.151972 -0.795463 -0.586638 0.152151 -0.795229 -0.586909 0.195637 -0.795051 -0.574126 0.196017 -0.794492 -0.574769 0.24345 -0.794642 -0.556126 0.243834 -0.794183 -0.556614 0.27945 -0.794299 -0.539441 0.279835 -0.793915 -0.539807 0.309667 -0.793938 -0.523229 0.310069 -0.793555 -0.523572 0.215189 -0.515586 -0.829376 0.215276 -0.515393 -0.829473 0.276843 -0.515163 -0.811151 0.276998 -0.514747 -0.811361 0.344178 -0.514935 -0.7851 0.344355 -0.514551 -0.785275 0.394808 -0.514698 -0.76106 0.394986 -0.51438 -0.761183 0.437184 -0.514409 -0.737736 0.437381 -0.514067 -0.737857 -0.253856 -0.952565 0.167862 -0.234558 -0.961924 0.1403 -0.265287 -0.953199 0.145034 -0.242455 -0.963065 0.11714 -0.48865 -0.809081 0.326509 -0.539665 -0.773805 0.331643 -0.511324 -0.810444 0.28588 -0.563044 -0.774918 0.287201 -0.250722 -0.963202 0.0968512 -0.280334 -0.952359 0.120104 -0.558232 -0.792399 0.245928 -0.499832 -0.842284 0.201804 -0.812026 -0.462615 0.355811 -0.792888 -0.514516 0.326499 -0.904199 -0.131635 0.406321 -0.902422 -0.174895 0.39376 -0.795066 -0.174218 0.580963 -0.795045 -0.174303 0.580967 -0.836633 -0.174513 0.519221 -0.836516 -0.174981 0.519252 -0.87341 -0.174653 0.45459 -0.87313 -0.175807 0.454683 -0.494456 -0.791351 0.359552 -0.525494 -0.752063 0.397816 -0.232063 -0.956924 0.17448 -0.223833 -0.961274 0.16078 -0.693949 -0.512255 0.505994 -0.693528 -0.512936 0.505881 -0.730406 -0.512726 0.451241 -0.729632 -0.513955 0.451096 -0.762596 -0.513544 0.393344 -0.761389 -0.51544 0.393204 -0.533835 -0.174686 0.827348 -0.539337 -0.167139 0.825336 -0.575979 -0.206667 0.790909 -0.554794 -0.279228 0.783732 -0.611153 -0.150108 0.777148 -0.640376 -0.209043 0.739067 -0.651395 -0.17462 0.738371 -0.698662 -0.173928 0.693989 -0.683172 -0.228922 0.693448 -0.756669 -0.100279 0.646062 -0.741895 -0.174251 0.647478 -0.156373 -0.957663 0.241722 -0.154833 -0.958113 0.240928 -0.17396 -0.955407 0.238611 -0.171245 -0.956563 0.235929 -0.188151 -0.957581 0.218262 -0.190045 -0.956872 0.219725 -0.205042 -0.956889 0.205721 -0.210941 -0.954806 0.209402 -0.215058 -0.959025 0.184449 -0.221369 -0.956902 0.187972 -0.330046 -0.792684 0.512564 -0.330343 -0.792521 0.512625 -0.358818 -0.792235 0.493573 -0.359422 -0.791617 0.494124 -0.399759 -0.791767 0.461842 -0.400173 -0.791391 0.462127 -0.433715 -0.7914 0.430787 -0.433917 -0.791224 0.430906 -0.465537 -0.791199 0.396585 -0.465269 -0.791422 0.396454 -0.465039 -0.513413 0.721211 -0.465132 -0.51333 0.721211 -0.505124 -0.512963 0.694059 -0.505406 -0.512404 0.694267 -0.562154 -0.512589 0.649027 -0.56233 -0.512279 0.649118 -0.609321 -0.512286 0.60522 -0.609377 -0.512191 0.605244 -0.653444 -0.512158 0.55741 -0.653326 -0.512353 0.557369 -0.247455 -0.17524 0.95292 -0.257985 -0.138273 0.956203 -0.315117 -0.22258 0.922583 -0.327017 -0.174996 0.928674 -0.395621 -0.17429 0.901724 -0.395485 -0.17484 0.901678 -0.453665 -0.174844 0.873852 -0.456805 -0.164579 0.87421 -0.50138 -0.18388 0.845462 -0.504475 -0.174613 0.845586 -0.0732487 -0.958994 0.273797 -0.0679023 -0.962391 0.263045 -0.1004 -0.953195 0.285201 -0.0905132 -0.959594 0.266432 -0.115701 -0.957546 0.264043 -0.11457 -0.958124 0.262436 -0.13507 -0.958121 0.252509 -0.121548 -0.964287 0.235322 -0.158355 -0.952636 0.259631 -0.146438 -0.95763 0.247994 -0.152168 -0.794665 0.587667 -0.152391 -0.794373 0.588004 -0.195944 -0.794198 0.575201 -0.196351 -0.793598 0.57589 -0.243858 -0.793752 0.557217 -0.244281 -0.793244 0.557755 -0.279959 -0.793363 0.540553 -0.280383 -0.792939 0.540956 -0.310269 -0.792963 0.524349 -0.310688 -0.792563 0.524707 -0.215239 -0.514984 0.829737 -0.215356 -0.514726 0.829867 -0.276935 -0.514499 0.81154 -0.277112 -0.514025 0.811781 -0.344313 -0.514218 0.785512 -0.344511 -0.513785 0.785708 -0.39498 -0.513937 0.761486 -0.395179 -0.513577 0.761625 -0.437394 -0.51361 0.738167 -0.437598 -0.513256 0.738293 -0.324974 -0.945496 0.0207308 -0.266747 -0.96364 0.0156281 -0.63154 -0.775124 0.0184521 -0.605103 -0.795994 0.0156089 -0.866143 -0.499702 0.00970441 -0.88405 -0.467238 0.0120165 -0.985458 -0.169917 0.00121483 -0.990835 -0.135055 0.00259564 -1 0 0 -0.321016 -0.946978 -0.0134719 -0.985838 -0.167696 -0.00115971 -0.985371 -0.170419 -0.00137589 -0.869647 -0.493663 -0.0032247 -0.865305 -0.50123 -0.00393016 -0.641053 -0.767481 -0.00488812 -0.629225 -0.7772 -0.00607954 -0.341108 -0.940006 -0.00589916 -0.329055 -0.944286 -0.00679128 -0.341102 -0.940015 0.00452369 -0.985458 -0.169918 0.000980314 -0.985838 -0.167697 0.00113043 -0.866153 -0.499771 0.00273309 -0.869646 -0.493665 0.00324593 -0.631521 -0.775348 0.00412266 -0.641048 -0.767484 0.00505285 -0.324853 -0.945752 0.00493091 -0.413615 -0.910374 0.0119148 -0.0259481 -0.995629 -0.0897207 -0.0306222 -0.99554 -0.0892319 0.144383 -0.989441 0.0126763 -0.14354 -0.98957 0.012142 -0.11442 -0.992766 0.0363715 -0.0985249 -0.994242 0.0421511 -0.115776 -0.992291 0.0442037 -0.0971405 -0.993746 0.0550681 -0.0946791 -0.993084 0.0694257 -0.0742595 -0.994457 0.0744332 -0.0515988 -0.995004 0.0854697 -0.0317898 -0.995303 0.0914436 -0.01236 -0.995632 0.0925419 -0.00913706 -0.995589 0.0933795 -0.00293518 -0.995614 0.0935086 0.0138865 -0.995609 0.0925717 0.0119626 -0.995692 0.0919437 0.0198654 -0.995548 0.0921366 0.0268524 -0.995552 0.0903108 0.026925 -0.995549 0.0903228 0.038696 -0.995409 0.0875426 0.0532694 -0.994946 0.0851208 0.0448101 -0.995528 0.0831601 0.0524489 -0.995143 0.0833031 0.0661652 -0.994609 0.0798398 0.0732296 -0.994736 0.071675 0.0915067 -0.993628 0.0658034 0.0764192 -0.995043 0.0636436 0.105945 -0.992583 0.0596168 0.0757225 -0.995743 0.0525569 0.0880097 -0.994729 0.0526217 0.0932639 -0.994822 0.0403979 -0.0934226 -0.9948 -0.0405704 -0.0880652 -0.994717 -0.0527486 -0.0763436 -0.995046 -0.0636819 -0.0911615 -0.993659 -0.0658173 -0.0730445 -0.994755 -0.0715998 -0.0575009 -0.99528 -0.0781791 -0.0655987 -0.994669 -0.0795692 -0.052151 -0.995189 -0.0829415 -0.0384037 -0.995466 -0.0870201 -0.0263283 -0.995612 -0.0898026 -0.0178129 -0.995645 -0.0915134 0.00294645 -0.995718 -0.0923961 0.0313713 -0.995439 -0.090092 0.0387612 -0.995376 -0.087882 0.0380699 -0.995412 -0.0877879 0.0444893 -0.995474 -0.083975 0.0575535 -0.995175 -0.0794646 0.0728502 -0.994671 -0.0729599 0.0929505 -0.993345 -0.0680134 0.0962966 -0.994499 -0.0412254 -0.12393 -0.991627 -0.0363018 -0.102027 -0.993847 -0.0431078 -0.0790092 -0.995724 -0.0478704 -0.0656253 -0.996446 -0.0528035 -0.0554831 -0.996854 -0.0565956 -0.0498515 -0.997172 -0.0562465 -0.0216437 -0.997895 -0.0611274 -0.0209611 -0.997924 -0.060899 -0.00713164 -0.998098 -0.0612405 -0.000431299 -0.998034 -0.0626727 0.0204036 -0.997946 -0.060718 0.020821 -0.997929 -0.0608577 0.0347505 -0.997602 -0.0598541 0.0314668 -0.997785 -0.0586055 0.0549288 -0.996913 -0.0560947 0.065263 -0.9965 -0.0522312 0.0826377 -0.995429 -0.0478736 0.0789056 -0.995761 -0.0472564 0.0904109 -0.995097 -0.0401086 0.124368 -0.991594 -0.0356822 -0.114629 -0.993209 -0.019925 -0.106432 -0.99415 -0.0183974 -0.0936315 -0.995303 -0.0245816 -0.0590229 -0.997832 -0.0291275 -0.0505151 -0.998351 -0.0272574 -0.0444499 -0.998551 -0.0303318 -0.018508 -0.999313 -0.0321023 -0.0094046 -0.999509 -0.0298814 -0.00629221 -0.999486 -0.0314465 0.0179183 -0.999343 -0.0315088 0.0291991 -0.999162 -0.0286838 0.0303197 -0.999114 -0.0292018 0.058384 -0.997914 -0.0275536 0.0753905 -0.996877 -0.0234971 0.0736379 -0.997024 -0.022804 0.114464 -0.99326 -0.0182353 -0.116114 -0.993071 0.0180796 -0.106772 -0.994149 0.0163363 -0.094106 -0.995309 0.0224547 -0.074113 -0.996996 0.0224928 -0.0755759 -0.996873 0.0230713 -0.0585073 -0.997918 0.0271422 -0.0502486 -0.998416 0.0253258 -0.0436956 -0.998634 0.0286472 -0.0174388 -0.999371 0.0308705 -0.00897009 -0.999545 0.028804 -0.0051685 -0.999515 0.0307157 0.0068809 -0.999505 0.0307154 0.0100883 -0.999526 0.0291024 0.0190773 -0.999328 0.0312956 0.0296447 -0.99915 0.0286489 0.0314713 -0.999069 0.0294933 0.0509021 -0.998354 0.0264213 0.0592733 -0.997842 0.028262 0.0756413 -0.996838 0.0243566 0.0743009 -0.996951 0.0238265 0.0933678 -0.995347 0.0237882 0.105873 -0.994221 0.0177476 0.113983 -0.993296 0.01926 -0.102098 -0.994305 0.0305518 -0.126325 -0.991333 0.0360643 -0.0918938 -0.994943 0.0405574 -0.103359 -0.99372 0.0428702 -0.0799794 -0.995654 0.0477095 -0.0833724 -0.995349 0.0482703 -0.067604 -0.996313 0.0528299 -0.0656074 -0.996459 0.0525934 -0.0494138 -0.997204 0.0560668 -0.0433837 -0.997325 0.0588246 -0.020663 -0.997923 0.0610141 -0.0199896 -0.99795 0.0607888 -0.0099061 -0.998012 0.0622378 -0.00602798 -0.99811 0.0611581 0.000786827 -0.998038 0.0626143 0.00773301 -0.9981 0.0611293 0.0114345 -0.998001 0.0621596 0.0215781 -0.997923 0.060701 0.0220484 -0.997903 0.0608584 0.0358599 -0.997562 0.0598623 0.0326392 -0.997746 0.0586378 0.0557403 -0.996865 0.0561479 0.065979 -0.996448 0.0523193 0.0674145 -0.996343 0.0524893 0.0829754 -0.995395 0.0479902 0.0790069 -0.99575 0.0473339 0.101891 -0.993883 0.0425997 0.0899326 -0.995137 0.0401865 0.12339 -0.991711 0.0358264 0.0577418 -0.995248 0.0784029 0.0804723 -0.99384 0.0762042 0.0620349 -0.995518 0.0713849 -0.141272 -0.989914 0.0106297 -0.151847 -0.988022 0.027475 -0.117275 -0.992918 0.0189938 -0.149565 -0.988732 -0.00620635 -0.144716 -0.989473 -0.00122692 -0.149943 -0.988686 0.00413441 0.0238217 -0.995651 -0.0900614 0.0256627 -0.995563 -0.0905265 0.0163707 -0.995626 -0.0919854 0.0803098 -0.995277 -0.0545447 0.107495 -0.992342 -0.0608454 0.0767545 -0.994921 -0.0651264 0.145459 -0.989359 0.00324344 0.142967 -0.989727 0.000688079 0.147675 -0.989027 -0.00414139 0.0711172 -0.997303 0.0181396 0.13619 -0.990376 0.0246582 0.146956 -0.988766 0.0272895 0.135588 -0.990722 0.00928678 -0.140294 -0.990006 -0.0143669 -0.138302 -0.990313 -0.012324 -0.147965 -0.988605 -0.0276781 -0.111641 -0.993571 -0.0188113 -0.108981 -0.99343 -0.0349404 0.141567 -0.989851 -0.0123701 0.163623 -0.986174 -0.026242 0.0793312 -0.996797 -0.0100874 0.140471 -0.989768 -0.0250577 0.0725514 -0.997198 -0.0182441 -0.0783233 -0.994707 0.0665081 -0.092145 -0.993648 0.0646008 -0.103856 -0.993067 0.0550661 -0.0585802 -0.994993 0.0809728 -0.068752 -0.994416 0.0800671 -0.0796281 -0.994025 0.0746531 -0.0553355 -0.996872 0.0564341 -0.0674335 -0.994189 0.0839116 -0.0509162 -0.995537 0.07946 -0.0386344 -0.995262 0.089222 -0.0467714 -0.994992 0.0883331 -0.0524669 -0.994958 0.0854712 -0.0165474 -0.995507 0.09323 -0.0242862 -0.995461 0.0920245 -0.0256317 -0.995483 0.0914129 0.0040584 -0.99562 0.0934012 0 -0.995707 0.0925585 0.00078167 -0.995692 0.0927199 0.0319081 -0.99574 0.0865057 0.0294659 -0.995872 0.0858549 0.0401802 -0.995228 0.088915 0.0988941 -0.994638 0.0302521 0.111647 -0.992818 0.0429782 0.0949603 -0.994162 0.0512378 -0.0992384 -0.99459 -0.0306852 -0.111742 -0.9928 -0.043157 -0.0950146 -0.994149 -0.051379 -0.0901312 -0.995098 -0.0407083 -0.100121 -0.993572 -0.0528197 -0.0885548 -0.994137 -0.0620446 -0.0672698 -0.996326 -0.0529982 -0.0775866 -0.994403 -0.0717207 -0.0670735 -0.994751 -0.0772723 -0.0438857 -0.997294 -0.0589751 -0.0520535 -0.995194 -0.0829396 -0.0461521 -0.995247 -0.0857468 -0.0290824 -0.999116 -0.0303489 -0.030766 -0.999105 -0.0290321 -0.0351013 -0.997641 -0.0589956 -0.0325918 -0.997646 -0.060339 -0.0392775 -0.99542 -0.0871544 -0.0327621 -0.995497 -0.0889548 -0.0110328 -0.997995 -0.0623263 -0.0133541 -0.995759 -0.0910287 -0.0107758 -0.995714 -0.0918569 -0.00397158 -0.995712 -0.0924225 0 -0.995797 -0.0915891 -0.000433546 -0.995788 -0.0916822 0.0101775 -0.998013 -0.0621877 0.0125986 -0.995662 -0.0921843 0.00891293 -0.995833 -0.090765 0.0507641 -0.995173 -0.0839832 0.0537171 -0.995043 -0.0836918 0.0659375 -0.994522 -0.0811122 0.0668952 -0.996382 -0.0524246 0.0806358 -0.993735 -0.0773802 0.0623167 -0.995418 -0.0725273 0.100169 -0.994513 -0.0301745 0.120881 -0.991363 -0.0508623 0.072078 -0.996662 -0.0383262 0.0526134 -0.994889 -0.0861802 0.0420937 -0.997582 -0.0552957 0.0499818 -0.997032 -0.0585613 0.0428062 -0.998792 -0.0241266 0.050754 -0.998285 -0.0291776 -0.0828244 -0.995383 -0.048501 -0.0745382 -0.996894 -0.0254256 -0.0755643 -0.996837 -0.0246195 0.00655609 -0.998105 -0.0611795 0.00563907 -0.999578 -0.028512 0.00965027 -0.999459 -0.0314457 0.102077 -0.99387 -0.0424629 0.0889289 -0.995947 -0.0134711 0.106825 -0.994018 -0.0227352 -0.00899592 -0.999959 -0.000810605 -0.0274349 -0.999623 -0.000810333 -0.0278245 -0.999612 -0.00109577 -0.0482672 -0.998834 -0.00109492 -0.0485731 -0.998819 -0.00131039 -0.0728363 -0.997343 -0.00130845 -0.0729588 -0.997334 -0.00139018 -0.103946 -0.994582 -0.00138635 -0.1037 -0.994608 -0.00123329 -0.00855767 -0.999963 -0.000482952 0.00921665 -0.999957 -0.000482949 0.00967843 -0.999953 -0.00013769 0.027972 -0.999609 -0.000137643 0.028421 -0.999596 0.000191307 0.0485578 -0.99882 0.000191156 0.0489597 -0.998801 0.000474336 0.0727007 -0.997354 0.000473649 0.0729829 -0.997333 0.00066181 0.103106 -0.99467 0.000660045 0.103156 -0.994665 0.000691513 -0.039053 -0.995241 0.0892792 -0.0314637 -0.997771 0.0588509 -0.034527 -0.9976 0.0600155 -0.0299889 -0.999139 0.0286617 -0.0286787 -0.999195 0.028056 0.044872 -0.998558 0.0294781 0.050358 -0.99717 0.0558141 0.0442423 -0.9973 0.0586116 0 -1 0 0 -1 0 0 -1 0 0 -1 0 0 -1 0 0 -1 0 0 -1 0 0 -1 0 0 -1 0 0 -1 0 0 -1 0 0 -1 0 0 -1 0 0 -1 0 0 -1 0 0 -1 0 0 -1 0 0 -1 0 0 -1 0 0 -1 0 0 -1 0 0 -1 0 0 -1 0 0 -1 0 0 -1 0 0 -1 0 0 -1 0 0 -1 0 0 -1 0 0 -1 0 0 -1 0 0 -1 0 0 -1 0 0 -1 0 0 -1 0 0 -1 0 0 -1 0 0 -1 0 0 -1 0 0 -1 0 0 -1 0 0 -1 0 0 -1 0 0 -1 0 0 -1 0 0 -1 0 0 -1 0 0 -1 0 0 -1 0 0 -1 0 0 -1 0 0 -1 0 -0.0825887 0 0.996584 -0.0825887 0 0.996584 -0.245483 0 0.969401 -0.245483 0 0.969401 -0.401694 0 0.915774 -0.401694 0 0.915774 -0.546947 0 0.837167 -0.546947 0 0.837167 -0.677278 0 0.735727 -0.677278 0 0.735727 -0.789143 0 0.614209 -0.789143 0 0.614209 -0.879474 0 0.475948 -0.879474 0 0.475948 -0.945817 0 0.3247 -0.945817 0 0.3247 -0.986361 0 0.164594 -0.986361 0 0.164594 -1 0 0 -1 0 0 -0.986361 0 -0.164596 -0.986361 0 -0.164596 -0.945818 0 -0.324697 -0.945818 0 -0.324697 -0.879474 0 -0.475948 -0.879474 0 -0.475948 -0.789138 0 -0.614216 -0.789138 0 -0.614216 -0.677285 0 -0.73572 -0.677285 0 -0.73572 -0.546947 0 -0.837167 -0.546947 0 -0.837167 -0.401694 0 -0.915774 -0.401694 0 -0.915774 -0.245483 0 -0.969401 -0.245483 0 -0.969401 -0.0825789 0 -0.996585 -0.0825789 0 -0.996585 0.0825789 0 -0.996585 0.0825789 0 -0.996585 0.245483 0 -0.969401 0.245483 0 -0.969401 0.401694 0 -0.915774 0.401694 0 -0.915774 0.546947 0 -0.837167 0.546947 0 -0.837167 0.677285 0 -0.73572 0.677285 0 -0.73572 0.789138 0 -0.614216 0.789138 0 -0.614216 0.879474 0 -0.475948 0.879474 0 -0.475948 0.945818 0 -0.324697 0.945818 0 -0.324697 0.986361 0 -0.164596 0.986361 0 -0.164596 1 0 0 1 0 0 0.986361 0 0.164594 0.986361 0 0.164594 0.945817 0 0.3247 0.945817 0 0.3247 0.879474 0 0.475948 0.879474 0 0.475948 0.789143 0 0.614209 0.789143 0 0.614209 0.677278 0 0.735727 0.677278 0 0.735727 0.546947 0 0.837167 0.546947 0 0.837167 0.401694 0 0.915774 0.401694 0 0.915774 0.245483 0 0.969401 0.245483 0 0.969401 0.0825887 0 0.996584 0.0825887 0 0.996584 0 -1 0 0 -1 0 0 -1 0 0 -1 0 0 -1 0 0 -1 0 0 -1 0 0 -1 0 0 -1 0 0 -1 0 0 -1 0 0 -1 0 0 -1 0 0 -1 0 0 -1 0 0 -1 0 0 -1 0 0 -1 0 0 -1 0 0 -1 0 0 -1 0 0 -1 0 0 -1 0 0 -1 0 0 -1 0 0 -1 0 0 -1 0 0 -1 0 0 -1 0 0 -1 0 0 -1 0 0 -1 0 0 -1 0 0 -1 0 0 -1 0 0 -1 0 0 -1 0 0 -1 0 0 -1 0 0 -1 0 0 -1 0 0 -1 0 0 -1 0 0 -1 0 0 -1 0 0 -1 0 0 -1 0 0 -1 0 0 -1 0 0 -1 0 0 -1 0 0 -1 0 0 -1 0 0 -1 0 0 -1 0 0 -1 0 0 -1 0 0 -1 0 0 -1 0 0 -1 0 0 -1 0 0 -1 0 0 -1 0 0 -1 0 0 -1 0 0 -1 0 0 -1 0 0 -1 0 0 -1 0 0 -1 0 0 -1 0 0 -1 0 0 -1 0 0 -1 0 -0.422618 0 -0.906308 -0.422618 0 -0.906308 -0.976601 0.00135677 -0.215057 -0.947295 -0.00128303 -0.32036 -0.942282 0.00192378 -0.334814 -0.902761 -0.00181475 -0.43014 -0.893336 0.00241858 -0.449384 -0.84555 -0.00227046 -0.533891 -0.830528 0.00283778 -0.55697 -0.776478 -0.00265445 -0.630139 -0.606755 -0.00319955 -0.794882 -0.56964 0.00365347 -0.821886 -0.508495 -0.00336092 -0.861058 -0.463026 0.00377882 -0.886337 -0.403091 -0.00344773 -0.915154 -0.349225 0.00382958 -0.937031 -0.292041 -0.00345984 -0.9564 -0.230008 0.00380842 -0.973181 -0.176865 -0.00340001 -0.984229 -0.107222 0.00370821 -0.994228 0.297681 -0.00121797 -0.954665 0.398619 0.00117731 -0.917116 0.410649 -0.0015692 -0.911792 0.503078 0.00151327 -0.86424 0.517623 -0.00189283 -0.855607 0.707443 -0.00189108 -0.706768 0.776988 0.00196199 -0.629513 0.787524 -0.00156921 -0.616282 0.849234 0.0016247 -0.528014 0.856106 -0.00121856 -0.516799 0.908297 0.00126028 -0.418325 0.912188 -0.000840886 -0.409771 0.953263 0.000867451 -0.30214 0.692691 0.00226918 -0.721231 0.617036 -0.00218804 -0.786932 0.600641 0.00182115 -0.799517 -0.667415 0.00345575 -0.744678 -0.696506 -0.00296376 -0.717545 -0.754828 0.00318367 -0.655915 -0.99604 0 -0.0889105 -0.995763 0.000715275 -0.0919581 -0.978535 -0.000678521 -0.206081 -0.0592385 -0.00326756 -0.998239 -0.0225318 0 -0.999746 0.0604158 0 -0.998173 0.0585408 -0.000447748 -0.998285 0.180359 0.000461921 -0.983601 0.174813 -0.000923268 -0.984601 0.2887 0.000812819 -0.957419 0.983434 0 -0.181267 0.983773 0.000461694 -0.179419 0.954951 -0.000434165 -0.296764 0.500001 0 -0.866025 0.500001 0 -0.866025 0 1 0 0 1 0 0 1 0 0 1 0 0 1 0 0 1 0 0 1 0 0 1 0 0 1 0 0 1 0 0 1 0 0 1 0 0 1 0 0 1 0 0 1 0 0 1 0 0 1 0 0 1 0 0 1 0 0 1 0 -1.03367e-05 1 -2.09712e-06 0 0 -1 0 0 -1 0 0 1 0 0 1 0 0 1 0 0 1 0 0 1 0 0 1 0 0 1 0 0 1 0 0 1 0 0 1 0 0 1 0 0 1 0 0 1 0 0 1 0 0 1 0 0 1 0 0 1 0 0 1 0 0 1 0 0 1 0 0 1 0 0 1 0 0 1 0 0 1 0 0 1 0 0 1 0 0 1 0 0 1 0 0 1 0 0 1 0 0 1 0 0 1 0 0 1 0 0 1 0 0 1 0 0 1 0 0 1 0 0 1 0 0 1 0 0 1 0 0 1 0 0 1 0 0 1 0 0 1 0 0 1 0 0 1 0 0 1 0 0 1 0 0 1 0 0 1 0 0 1 0 0 1 0 0 1 0 0 1 0 0 1 0 0 1 0 0 1 0 0 1 0 1 0 0 1 0 -0.906308 0 0.422617 -0.906308 0 0.422617 0 -1 0 0 -1 0 0.906308 0 -0.422617 0.906308 0 -0.422617 -0.999557 0 -0.0297523 -0.999557 0 -0.0297523 0 -1 0 0 -1 0 0.866024 0 0.500002 0.866024 0 0.500002 0 1 0 0 1 0 -0.866026 0 -0.499999 -0.866026 0 -0.499999 1 0 0 1 0 0 1 0 0 1 0 0 1 0 0 1 0 0 1 0 0 1 0 0 1 0 0 1 0 0 1 0 0 1 0 0 1 0 0 1 0 0 0.382683 0 -0.92388 0.382683 0 -0.92388 0.130527 0 -0.991445 0.130527 0 -0.991445 -0.54708 0.120166 0.82841 -0.541852 0.0950577 0.835081 0.695418 0.0934207 0.712507 0.698715 0.121001 0.705093 -0.530808 0.352798 0.770569 0.598682 0.548915 0.583328 -0.299 0.849882 0.433935 -0.190388 0.948573 0.252907 -0.146816 0.96959 0.195806 -0.0176752 0.993134 0.115644 -0.0300379 0.993267 0.111889 -0.041334 0.993221 0.108643 -0.0796187 0.993041 0.0867809 -0.0823809 0.993345 0.0804958 0.66201 0.180724 0.72738 0.554846 0.0966481 0.82632 0.505389 0.203483 0.838556 0.477737 0.0910219 0.873775 0.443878 0.195718 0.874452 0.311623 0.0953335 0.945411 0.00506928 0.181391 0.983398 -0.217748 0.128624 0.967493 -0.277507 0.17926 0.943851 -0.303574 0.0961501 0.947944 -0.336859 0.19288 0.921587 -0.46545 0.104219 0.878917 -0.502366 0.196441 0.842045 0.515631 0.690423 0.507386 -0.349303 0.786056 0.510003 -0.123756 0.971126 0.203958 -0.14422 0.970105 0.195185 -0.0978444 0.986919 0.128134 0.0243201 0.993132 0.114441 0.0264929 0.993087 0.114354 0.0325688 0.99308 0.112833 0.0347199 0.993125 0.111792 -0.47602 0.546926 0.688678 -0.4913 0.453639 0.743529 -0.456295 0.456409 0.763862 -0.456441 0.45313 0.765725 -0.401522 0.457343 0.793484 -0.401571 0.453505 0.795659 -0.352851 0.456995 0.816488 -0.35256 0.454655 0.817918 -0.305791 0.457557 0.834945 -0.305569 0.454671 0.836601 -0.25127 0.457779 0.85282 -0.25097 0.455153 0.854312 -0.186682 0.458277 0.868983 -0.186407 0.455238 0.870638 -0.127034 0.45798 0.879839 -0.126621 0.456406 0.880716 -0.0828565 0.45807 0.885046 -0.0824547 0.456732 0.885775 -0.0393276 0.458173 0.887993 -0.0389443 0.456995 0.888616 0.00433733 0.458251 0.888812 0.00469976 0.457216 0.889343 0.0481773 0.458286 0.887498 0.0484982 0.45743 0.887922 0.0845838 0.45822 0.884805 0.0848528 0.457754 0.885021 0.120804 0.45831 0.880544 0.12103 0.457764 0.880798 0.163978 0.458314 0.873533 0.164155 0.457907 0.873713 0.206573 0.45827 0.864475 0.206679 0.458037 0.864572 0.248589 0.458219 0.853369 0.248629 0.458136 0.853402 0.302449 0.457974 0.835933 0.302378 0.45816 0.835857 0.354342 0.457994 0.815281 0.354182 0.458291 0.815183 0.402563 0.457628 0.792792 0.402255 0.458325 0.792546 0.459211 0.457338 0.761555 0.458721 0.45839 0.761218 0.511033 0.457181 0.727895 0.510382 0.45847 0.727541 0.558333 0.457024 0.692382 0.557636 0.458363 0.692059 0.598904 0.456928 0.657671 0.59823 0.458088 0.657477 0.625991 0.45701 0.631884 0.669173 0.355005 0.652824 0.310192 0.90567 0.289036 0.317195 0.896331 0.309804 0.408042 0.819653 0.402084 0.398481 0.84741 0.350869 0.441441 0.785105 0.434442 -0.251284 0.907144 0.337559 -0.252969 0.896234 0.364379 -0.226917 0.898288 0.376281 -0.227664 0.896302 0.380541 -0.201059 0.898241 0.390818 -0.201592 0.896117 0.395392 -0.176869 0.897825 0.403272 -0.176584 0.896515 0.406299 -0.153487 0.897907 0.412559 -0.153357 0.896261 0.41617 -0.126467 0.897767 0.421924 -0.126136 0.896274 0.425186 -0.0941952 0.897805 0.430202 -0.0938866 0.89603 0.433953 -0.0645194 0.897372 0.436533 -0.0638457 0.896472 0.438478 -0.0424533 0.89728 0.439416 -0.0417522 0.896489 0.441095 -0.0206689 0.897191 0.44116 -0.0199955 0.896506 0.44258 0.00117307 0.89712 0.441786 0.00182924 0.896512 0.443015 0.0231323 0.897037 0.44135 0.0237257 0.896532 0.442344 0.0414087 0.896919 0.440252 0.0419042 0.896648 0.440757 0.0595561 0.896922 0.43816 0.0599936 0.896592 0.438774 0.0812292 0.896865 0.434782 0.0815541 0.896635 0.435194 0.102584 0.896815 0.430347 0.102815 0.896661 0.430614 0.123683 0.896751 0.4249 0.123757 0.896705 0.424977 0.150766 0.896625 0.416333 0.150617 0.896739 0.416141 0.176767 0.896653 0.405914 0.176443 0.896832 0.40566 0.201026 0.896498 0.394816 0.200395 0.896905 0.394213 0.229572 0.896402 0.379158 0.228569 0.897008 0.37833 0.255628 0.896386 0.362143 0.254347 0.897098 0.36128 0.279136 0.896363 0.344408 0.277635 0.897165 0.343531 0.299114 0.896441 0.326994 0.297678 0.897133 0.326404 0.179277 0.968712 0.171632 0.179538 0.969477 0.166977 0.224794 0.947571 0.227108 0.226327 0.952971 0.20155 0.260512 0.929808 0.259982 0.0859819 0.993243 0.0779514 0.0904648 0.993048 0.0753062 0.0807451 0.993242 0.0833719 0.0857833 0.993039 0.0807148 0.07562 0.993213 0.0883699 0.0790667 0.993068 0.0869718 0.0696994 0.993138 0.0939062 0.0722452 0.99305 0.0929151 0.062302 0.993159 0.0987598 0.0657798 0.99302 0.0978957 0.0543328 0.993151 0.103436 0.0579112 0.99301 0.102848 0.0475815 0.993136 0.106854 0.0498788 0.993068 0.106437 0.0402857 0.993093 0.110195 0.0432053 0.992988 0.110037 -0.0117366 0.99317 0.116085 -0.00914864 0.993131 0.116654 -0.00579392 0.993153 0.116677 -0.00285226 0.993114 0.117118 0.000934882 0.993145 0.116889 0.00349928 0.993103 0.117194 0.00622094 0.993119 0.116948 0.00878287 0.993104 0.116907 0.0133038 0.993136 0.116209 0.0140433 0.993116 0.11629 0.0203464 0.993078 0.115685 -0.0153747 0.993189 0.115492 -0.0228647 0.993168 0.114429 -0.0216898 0.993191 0.114462 -0.0286622 0.993212 0.112733 -0.0355624 0.993043 0.112257 -0.0391344 0.993283 0.108892 -0.0483588 0.993274 0.105202 -0.0465133 0.993328 0.10553 -0.0559189 0.993308 0.101056 -0.052614 0.993406 0.101863 -0.063057 0.993293 0.096916 -0.0606836 0.99338 0.0975431 -0.0680007 0.99343 0.0920454 -0.0733333 0.993316 0.0891355 0.625935 0.12102 0.770428 0.621251 0.140886 0.770843 0.565291 0.176868 0.805707 0.395644 0.109449 0.911859 0.396247 0.10689 0.911901 0.333163 0.202272 0.920917 0.231539 0.0891198 0.968735 0.223651 0.126896 0.966373 0.275209 0.178499 0.944668 0.135188 0.112151 0.984452 0.135176 0.112209 0.984447 0.181529 0.181787 0.966437 0.0542154 0.0819097 0.995164 0.0450838 0.130133 0.990471 0.0939753 0.169171 0.981096 -0.0439534 0.117619 0.992086 -0.0436619 0.116209 0.992265 -0.0913168 0.181221 0.979194 -0.131729 0.103056 0.985914 -0.141039 0.143517 0.979546 -0.206124 0.180427 0.961748 -0.385938 0.10328 0.916725 -0.3923 0.138523 0.909347 -0.443314 0.181277 0.877845 -0.409257 0.689499 0.597578 -0.413849 0.666271 0.620332 -0.38147 0.669389 0.637494 -0.382074 0.665823 0.640858 -0.335992 0.670084 0.661889 -0.336456 0.666008 0.665756 -0.295343 0.669574 0.681501 -0.295135 0.667094 0.684019 -0.255952 0.670046 0.696797 -0.255861 0.666983 0.699763 -0.210395 0.670152 0.71178 -0.210135 0.667347 0.714486 -0.156356 0.670538 0.725211 -0.156111 0.667289 0.728255 -0.106534 0.670089 0.734596 -0.105994 0.668412 0.7362 -0.0696021 0.670107 0.738994 -0.0690411 0.668642 0.740372 -0.0331897 0.67011 0.74152 -0.0326548 0.668857 0.742673 0.00331706 0.670138 0.74223 0.00382941 0.669049 0.743209 0.0399727 0.670141 0.741157 0.0404466 0.669217 0.741965 0.0704314 0.670023 0.738992 0.0708221 0.669531 0.7394 0.100715 0.670099 0.735407 0.101077 0.669477 0.735924 0.13684 0.670039 0.729604 0.1371 0.669621 0.729939 0.172464 0.669992 0.722058 0.172641 0.669722 0.722265 0.207613 0.669909 0.712825 0.207687 0.669803 0.712903 0.252723 0.669638 0.698367 0.252592 0.669863 0.698199 0.296105 0.669691 0.681055 0.295864 0.669992 0.680864 0.33653 0.66931 0.662398 0.335999 0.670084 0.661886 0.383992 0.669067 0.636317 0.383165 0.670197 0.635626 0.427397 0.668949 0.608144 0.426341 0.670275 0.607425 0.466959 0.668785 0.578512 0.465719 0.670282 0.577779 0.500786 0.668805 0.549466 0.499663 0.670027 0.548999 0.524856 0.668822 0.526501 0.415958 0.786368 0.456733 0.417167 0.785338 0.457401 0.387738 0.786545 0.480631 0.389093 0.785275 0.481612 0.355027 0.786496 0.505352 0.356177 0.785363 0.506303 0.319076 0.786389 0.528944 0.319962 0.785436 0.529826 0.279787 0.78627 0.550907 0.280325 0.785645 0.551525 0.24634 0.786203 0.566747 0.246622 0.785909 0.567032 0.21033 0.78605 0.58128 0.210432 0.785905 0.581439 0.172878 0.786039 0.593511 0.172834 0.786093 0.593452 0.143691 0.785941 0.601373 0.143512 0.786179 0.601105 0.114076 0.785876 0.607772 0.113828 0.786231 0.607358 0.084043 0.785771 0.612782 0.0837046 0.786299 0.61215 0.0588274 0.785834 0.615633 0.0584628 0.786267 0.615115 0.0335043 0.785607 0.617817 0.0330839 0.786385 0.61685 0.0029883 0.785492 0.618864 0.00254955 0.786408 0.617703 -0.0274189 0.785361 0.618431 -0.0278811 0.786468 0.617002 -0.0577685 0.785267 0.616457 -0.0582048 0.786496 0.614847 -0.0885698 0.785109 0.612992 -0.0889641 0.786544 0.611093 -0.130411 0.784251 0.606584 -0.13041 0.78702 0.602986 -0.175442 0.784406 0.594918 -0.175421 0.786806 0.591747 -0.213541 0.784212 0.58259 -0.213292 0.786843 0.579124 -0.246191 0.784428 0.569265 -0.246067 0.78653 0.566412 -0.28084 0.783598 0.554169 -0.279869 0.78707 0.549722 -0.318396 0.78362 0.533444 -0.317289 0.786708 0.529545 -0.352323 0.783317 0.512135 0.354661 0.850147 0.389185 0.355982 0.849268 0.389898 0.3307 0.850225 0.409578 0.332079 0.849214 0.41056 0.302848 0.850183 0.430664 0.304037 0.849268 0.431632 0.272166 0.850085 0.450866 0.273094 0.849305 0.451776 0.238636 0.849968 0.469689 0.239234 0.849425 0.470366 0.21014 0.849867 0.483287 0.2104 0.849656 0.483545 0.179379 0.849769 0.495698 0.179517 0.849617 0.495908 0.147439 0.849723 0.506194 0.147354 0.849805 0.506081 0.122492 0.849684 0.512867 0.122332 0.849849 0.512632 0.0972313 0.849609 0.518373 0.0969469 0.849924 0.51791 0.0715724 0.849559 0.522615 0.071218 0.849986 0.521969 0.0500387 0.849618 0.525019 0.0496739 0.84995 0.524516 0.0284306 0.84943 0.526935 0.0279778 0.850072 0.525922 0.0023849 0.849368 0.527796 0.00189483 0.850149 0.526539 -0.0235926 0.849323 0.527346 -0.0240822 0.850215 0.525885 -0.0494912 0.849268 0.525637 -0.0499635 0.850273 0.523965 -0.075786 0.849181 0.522636 -0.0762194 0.85036 0.520652 -0.111527 0.848552 0.517225 -0.111546 0.850824 0.513475 -0.149946 0.848761 0.507071 -0.14995 0.85073 0.503759 -0.18242 0.848689 0.496437 -0.182191 0.850812 0.492874 -0.2102 0.848916 0.484931 -0.210103 0.850636 0.481949 -0.239885 0.848322 0.472022 -0.238924 0.851106 0.467477 -0.27151 0.848426 0.454375 -0.27037 0.850986 0.450247 -0.301329 0.848228 0.435558 0.247474 0.930238 0.270949 0.248888 0.929708 0.271473 0.2309 0.930237 0.285209 0.232376 0.929623 0.28601 0.211628 0.930161 0.300023 0.212854 0.929632 0.300794 0.19015 0.93009 0.314287 0.191115 0.929638 0.315038 0.166671 0.930006 0.327581 0.167337 0.929675 0.328181 0.146771 0.929919 0.337208 0.147072 0.929792 0.337426 0.125251 0.929856 0.345948 0.125392 0.929773 0.346119 0.102867 0.929831 0.353317 0.102797 0.929864 0.353249 0.0854039 0.929798 0.358024 0.0851813 0.92991 0.357786 0.0677038 0.92978 0.361837 0.0673643 0.929959 0.361438 0.0497257 0.929762 0.364789 0.049275 0.930015 0.364204 0.0346426 0.929816 0.366391 0.0341269 0.930024 0.365912 0.0194873 0.929744 0.367692 0.0188738 0.930129 0.366748 0.00123765 0.929749 0.368191 0.000572525 0.9302 0.367054 -0.0169261 0.929757 0.367785 -0.0176438 0.930285 0.366412 -0.0350601 0.929779 0.366444 -0.0357951 0.930373 0.364862 -0.0534411 0.929791 0.364187 -0.0541721 0.93048 0.362315 -0.0784724 0.929513 0.360345 -0.0788517 0.930841 0.356815 -0.105287 0.929737 0.352852 -0.105707 0.930869 0.349728 -0.12788 0.929788 0.345169 -0.128114 0.931011 0.341767 -0.147109 0.930016 0.336794 -0.147508 0.931009 0.333862 -0.167966 0.929781 0.327559 -0.167591 0.931366 0.323218 -0.189107 0.930008 0.315156 -0.188516 0.93152 0.31102 -0.20709 0.930287 0.302786 0.20262 0.953886 0.221465 0.204201 0.953483 0.221746 0.189155 0.953862 0.233167 0.190769 0.953403 0.23373 0.173454 0.953789 0.245357 0.174813 0.953394 0.245929 0.155837 0.953723 0.257151 0.156912 0.953386 0.257746 0.136586 0.95365 0.268134 0.137302 0.953417 0.268598 0.120238 0.95359 0.27606 0.120632 0.953487 0.276242 0.102596 0.953534 0.28328 0.102767 0.95347 0.283433 0.0842277 0.95351 0.289352 0.0841268 0.953539 0.289286 0.0698725 0.953493 0.293206 0.0696027 0.953572 0.293013 0.0553443 0.953481 0.296331 0.0548918 0.953618 0.295974 0.0405737 0.95348 0.298714 0.0399909 0.953663 0.298208 0.0281797 0.953525 0.299994 0.0274636 0.953679 0.29957 0.0157311 0.953487 0.301025 0.0149152 0.95376 0.300198 0.000761932 0.953499 0.301394 -0.000186763 0.953832 0.300342 -0.0141528 0.953529 0.300969 -0.0151852 0.953908 0.299714 -0.0290275 0.953564 0.299789 -0.030136 0.953993 0.298312 -0.0441012 0.953598 0.297835 -0.0452599 0.954094 0.296067 -0.0646232 0.953435 0.294594 -0.065513 0.9544 0.291253 -0.0865798 0.953647 0.288205 -0.087576 0.954449 0.285232 -0.105016 0.953722 0.281755 -0.105902 0.954602 0.278424 -0.120676 0.95394 0.274655 -0.12175 0.954625 0.271786 -0.137807 0.953802 0.266964 -0.138213 0.954919 0.262731 -0.154554 0.954041 0.256745 -0.15475 0.955128 0.252553 -0.171152 0.954187 0.245425 0.164701 0.969901 0.179346 0.16629 0.969596 0.179533 0.153881 0.969862 0.188913 0.155427 0.969529 0.189356 0.141187 0.9698 0.19888 0.142475 0.969518 0.199338 0.126804 0.969751 0.208576 0.12787 0.9695 0.209092 0.111106 0.969686 0.217635 0.111829 0.96951 0.218049 0.0978007 0.969631 0.224168 0.0981878 0.969557 0.22432 0.0833935 0.96959 0.230088 0.0835403 0.969549 0.230206 0.068379 0.969577 0.235043 0.0682784 0.969598 0.234986 0.0566514 0.969566 0.238187 0.0563676 0.969626 0.238009 0.0447637 0.969563 0.240717 0.0443344 0.969656 0.240419 0.032713 0.969561 0.242655 0.0320986 0.969699 0.242186 0.0225461 0.969603 0.243641 0.0218349 0.969711 0.243277 0.0124048 0.96958 0.244461 0.0115371 0.969785 0.243687 0.000158875 0.969606 0.24467 -0.000812531 0.969845 0.243722 -0.0120115 0.969638 0.244249 -0.0131045 0.969917 0.243083 -0.0241558 0.969683 0.243171 -0.0253132 0.969991 0.241821 -0.0364556 0.969723 0.241472 -0.0376897 0.970082 0.239836 -0.0531825 0.969634 0.23871 -0.0541798 0.970334 0.235619 -0.071042 0.96982 0.233241 -0.0721668 0.970399 0.230471 -0.0859924 0.96991 0.227773 -0.0870231 0.970535 0.224696 -0.0986302 0.970094 0.221789 -0.0998599 0.970579 0.219098 -0.112618 0.970025 0.215335 -0.112507 0.969881 0.216042 -0.124332 0.970994 0.204234 0.143964 0.979924 0.137923 0.145757 0.979674 0.137816 0.135276 0.979915 0.146519 0.136992 0.979679 0.146501 0.126466 0.979875 0.154437 0.128133 0.979618 0.154693 0.116118 0.979818 0.162709 0.117503 0.979602 0.16301 0.10428 0.979774 0.170787 0.10539 0.97959 0.17116 0.0913151 0.979726 0.178319 0.0920937 0.979595 0.178642 0.0803465 0.979682 0.183758 0.0807775 0.979627 0.183864 0.0684354 0.979652 0.188674 0.0686368 0.979614 0.188798 0.0560497 0.979634 0.192811 0.0559098 0.979653 0.192755 0.0463425 0.97963 0.195392 0.0460372 0.979672 0.195254 0.0365327 0.979627 0.197476 0.0359985 0.979701 0.197205 0.0265416 0.979634 0.19903 0.0258187 0.979736 0.198623 0.0181337 0.979669 0.1998 0.0172973 0.979746 0.199494 0.00973473 0.979655 0.200452 0.0086918 0.979807 0.199759 -0.000370551 0.979683 0.200552 -0.00156559 0.97986 0.19968 -0.0104437 0.979718 0.200111 -0.0117745 0.979919 0.199049 -0.0204525 0.979759 0.199132 -0.0219285 0.979987 0.197849 -0.0306168 0.979806 0.197592 -0.0321534 0.98006 0.196084 -0.0444044 0.979754 0.19522 -0.0458025 0.980268 0.192296 -0.059093 0.979917 0.190452 -0.0606573 0.980328 0.187822 -0.0713318 0.980001 0.185768 -0.0728729 0.980449 0.182781 -0.0816277 0.980161 0.180613 -0.0833791 0.980496 0.177976 -0.0908496 0.980225 0.1758 -0.0925676 0.980573 0.172937 -0.10232 0.980178 0.169652 -0.102863 0.980953 0.164773 -0.117272 0.980344 0.158657 -0.118765 0.980656 0.155591 0.120312 0.986187 0.113841 0.122067 0.985996 0.11363 0.112936 0.986183 0.121198 0.114692 0.985995 0.121075 0.105653 0.986146 0.127879 0.10734 0.985944 0.128033 0.0970648 0.986097 0.134877 0.0984499 0.98593 0.13509 0.0871253 0.986062 0.141741 0.0882695 0.985916 0.142049 0.0762527 0.98602 0.148155 0.0770496 0.985917 0.14843 0.0670444 0.985983 0.152783 0.0674859 0.98594 0.152865 0.0570277 0.98596 0.15694 0.0572152 0.985934 0.15704 0.0465554 0.985947 0.160437 0.0464323 0.98596 0.160397 0.0384039 0.985943 0.16261 0.0380652 0.985977 0.16248 0.0301027 0.985944 0.164344 0.0295401 0.986001 0.1641 0.021673 0.985951 0.165621 0.0209241 0.986029 0.165257 0.0145957 0.985979 0.166228 0.0136654 0.986041 0.16594 0.00747027 0.985974 0.166729 0.00640201 0.986087 0.166109 -0.00104273 0.985996 0.166766 -0.00233241 0.986133 0.165941 -0.00953021 0.98603 0.166296 -0.010953 0.986183 0.165299 -0.0179843 0.986067 0.165373 -0.0195421 0.986237 0.164181 -0.0264998 0.986107 0.163983 -0.0281915 0.986302 0.162521 -0.0381185 0.986081 0.161835 -0.0396588 0.986471 0.159069 -0.0504109 0.986217 0.157593 -0.0521556 0.986527 0.155064 -0.0606334 0.986295 0.153447 -0.0623561 0.986626 0.150604 -0.069152 0.986426 0.148934 -0.0711257 0.986672 0.146357 -0.0768611 0.986486 0.144698 -0.0787826 0.986735 0.141943 -0.0862164 0.986468 0.139455 -0.0863056 0.986531 0.138953 -0.0933094 0.987398 0.127822 0.101716 0.99029 0.0947583 0.103878 0.990128 0.0941074 0.0954264 0.990289 0.101104 0.097713 0.990123 0.100537 0.0893339 0.990255 0.106837 0.0914734 0.990083 0.106626 0.08211 0.990213 0.112857 0.0838485 0.990075 0.112791 0.0736707 0.990186 0.118764 0.0751096 0.990066 0.11886 0.0644114 0.990153 0.124292 0.065466 0.990066 0.124433 0.0565728 0.990121 0.1283 0.0571985 0.990084 0.128308 0.0480257 0.990101 0.131882 0.0482635 0.990081 0.131951 0.0390632 0.990091 0.134883 0.0389091 0.9901 0.134861 0.0320899 0.990087 0.136742 0.0316078 0.990115 0.136652 0.0249653 0.990089 0.138208 0.0241943 0.990132 0.13803 0.0177591 0.990094 0.139276 0.0166659 0.990155 0.138976 0.0116614 0.990119 0.139746 0.0103388 0.990163 0.139534 0.00558901 0.990116 0.140141 0.00399159 0.990203 0.139581 -0.00174561 0.990137 0.14009 -0.00360599 0.990236 0.139351 -0.0089888 0.990164 0.13962 -0.0111214 0.990276 0.138672 -0.0162173 0.990198 0.138729 -0.0185912 0.990319 0.137559 -0.0235071 0.990234 0.137422 -0.026079 0.990369 0.135977 -0.0334124 0.990217 0.135476 -0.0359766 0.990504 0.13269 -0.0438566 0.99033 0.131615 -0.0467483 0.990544 0.128988 -0.0524883 0.990397 0.127899 -0.0554795 0.990622 0.124863 -0.0596509 0.990507 0.123843 -0.0629929 0.990655 0.120973 -0.0661303 0.990561 0.120069 -0.0718516 0.990796 0.114717 -0.0706144 0.990885 0.114722 -0.0782736 0.991076 0.107897 -0.0853437 0.990349 0.109202 -0.0692467 0.993604 0.0891965 -0.923429 0.383716 -0.00642916 -0.664995 0.746439 -0.0247112 -0.760482 0.649121 -0.0175753 -0.411872 0.911242 -0.000546418 -0.88726 0.461268 0.00116329 -0.897166 0.441691 0.00169636 -0.936468 0.350689 0.00667254 -0.860313 0.509606 -0.0128038 -0.845265 0.534345 0.00138476 -0.996892 0.0787865 0 -0.96825 0.249978 -0.00176097 -0.993088 0.11737 0.000295999 -0.996452 0.0841281 0.00252539 -0.971508 0.236999 -0.00177331 -0.923743 0.382958 -0.00643266 -0.923567 0.383419 -0.0036547 -0.844956 0.534724 0.0109179 -0.862178 0.506564 0.00652557 -0.936104 0.351719 0.00166515 -0.915443 0.402386 0.00709543 -0.967849 0.251533 0.000412604 -0.739278 0.673375 -0.00579299 -0.768946 0.639312 0.00165953 -0.773642 0.63344 0.015229 -0.756626 0.653711 0.0133474 -0.758369 0.651512 0.0202254 -0.721752 0.691911 0.0182409 -0.720201 0.693752 0.00434563 -0.712425 0.701738 0.00373465 -0.713146 0.700931 -0.0108991 -0.73179 0.681471 -0.00900012 -0.73345 0.679529 -0.0170731 -0.619341 0.785121 -0.000901447 -0.619888 0.78469 -0.000726728 -0.632493 0.774213 0.0234073 -0.616849 0.786791 0.0213821 -0.620263 0.783797 0.0306009 -0.589323 0.807401 0.0283245 -0.585961 0.810314 0.00638855 -0.579748 0.814775 0.00577113 -0.581198 0.813607 -0.0159168 -0.596092 0.802792 -0.0141105 -0.600563 0.799024 -0.029761 -0.639289 0.768553 -0.0252172 -0.446918 0.893647 -0.0407213 -0.425752 0.904023 -0.0384464 -0.536552 0.843007 -0.0380977 -0.480642 0.876331 -0.0320563 -0.542101 0.839674 -0.0327832 -0.502852 0.864356 -0.00530105 -0.553824 0.832616 0.00540033 -0.566528 0.823602 0.0269456 -0.553462 0.832494 0.0251699 -0.558631 0.828563 0.0376148 -0.524625 0.850685 0.033213 -0.532182 0.846084 0.0304165 -0.292499 0.955358 -0.0416644 -0.310311 0.950232 -0.0276796 -0.307874 0.951178 -0.0217702 -0.313668 0.949422 -0.0144907 -0.311482 0.950212 0.00874366 -0.308223 0.951296 0.00581631 -0.316355 0.947658 0.0431802 -0.294757 0.955135 0.0289204 -0.297404 0.954159 0.0336494 -0.278135 0.960329 0.0202141 -0.275301 0.961348 0.00435366 -0.250634 0.967672 -0.0281843 -0.279699 0.960087 0.00112601 -0.278573 0.960415 -2.63293e-05 -0.284695 0.958506 -0.0146278 -0.294164 0.955755 -2.78427e-05 -0.289271 0.957229 0.00585366 -0.294471 0.955223 0.0289231 -0.254994 0.966943 -2.40888e-05 -0.25232 0.967565 0.0123774 -0.845485 0.533814 0.014073 -0.812559 0.582773 0.0110912 -0.811928 0.583749 0.00310671 -0.804573 0.593849 0.00228074 -0.804926 0.593324 -0.00783668 -0.822333 0.568981 -0.00542345 -0.823273 0.567518 -0.0120116 -0.661752 0.749632 -0.0116563 -0.644314 0.764643 -0.0134403 -0.643241 0.765649 0.00479661 -0.650505 0.759483 0.00537904 -0.652938 0.757047 0.0235016 -0.688025 0.725241 0.0254415 -0.685519 0.727845 0.0174987 -0.702622 0.7113 0.0193305 -0.696078 0.717953 0.00435843 -0.536943 0.843457 -0.0165005 -0.525177 0.850803 -0.0180111 -0.523362 0.852084 0.00671825 -0.528254 0.849056 0.00724247 -0.475981 0.879258 -0.0186131 -0.468222 0.883378 -0.0203006 -0.466013 0.884746 0.00754735 -0.469283 0.88301 0.00816992 -0.47362 0.880161 0.031642 -0.478974 0.877161 0.0342331 -0.480478 0.876105 0.0397736 -0.49331 0.8688 0.0427893 -0.486784 0.873055 0.0285642 -0.496414 0.86754 0.0307946 -0.481561 0.876375 0.00810893 -0.419246 0.907633 -0.0208575 -0.41561 0.909283 -0.0217583 -0.413061 0.910664 0.00842641 -0.414618 0.909954 0.00876607 -0.419864 0.906897 0.0353942 -0.43374 0.900014 0.0429394 -0.430048 0.901713 0.044411 -0.423957 0.905112 0.0321291 -0.428697 0.902833 0.0333454 -0.408061 0.912944 0.00433127 -0.383755 0.922478 -0.0420341 -0.38326 0.922679 -0.0421255 -0.375552 0.926536 -0.0221705 -0.375438 0.926581 -0.022206 -0.372696 0.927911 0.0089397 -0.372738 0.927893 0.0089514 -0.37992 0.923968 0.044083 -0.380072 0.923904 0.0441177 -0.374904 0.926432 0.0342178 -0.375008 0.926389 0.0342498 -0.352688 0.93573 0.0044403 -0.35266 0.935741 0.0044269 -0.339714 0.93955 -0.0428949 -0.349438 0.93607 -0.0408248 -0.342137 0.93938 -0.0225121 -0.344956 0.938373 -0.0214781 -0.342186 0.939589 0.00906484 -0.340891 0.940063 0.00864946 -0.348494 0.936244 0.0447076 -0.341251 0.938998 0.0427849 -0.336929 0.940887 0.0347867 -0.332476 0.942526 0.0332382 -0.310219 0.950655 0.00449823 -0.309847 0.950777 0.0043048 -0.993395 0.0854488 0.0765767 -0.994331 0.0480676 0.0948402 -0.652683 0.0938134 0.751801 -0.634711 0.117532 0.763759 -0.966418 0.251298 0.0537235 -0.500437 0.544448 0.673156 -0.423174 0.905921 -0.0152054 -0.0939484 0.992881 0.0732222 -0.140573 0.988964 0.0467861 -0.200314 0.979565 0.0180688 -0.678723 0.170759 0.714266 -0.780103 0.12736 0.612551 -0.780134 0.127579 0.612466 -0.858265 0.16008 0.487601 -0.886362 0.0780436 0.456368 -0.918762 0.185201 0.348679 -0.958038 0.0567333 0.28097 -0.965284 0.16818 0.199854 -0.472014 0.681546 0.559194 -0.532766 0.640968 0.552558 -0.617637 0.626787 0.47504 -0.666112 0.642784 0.378316 -0.544638 0.76856 0.335686 -0.604201 0.720894 0.339488 -0.615614 0.749462 0.24357 -0.677634 0.695684 0.238403 -0.689153 0.708927 0.149968 -0.741471 0.657121 0.135697 -0.399244 0.848027 0.348503 -0.235516 0.950629 0.202082 -0.25225 0.946501 0.201262 -0.28878 0.942752 0.166806 -0.308518 0.937156 0.162958 -0.341984 0.93183 0.121408 -0.186208 0.968267 0.166691 -0.199739 0.965733 0.165725 -0.238026 0.961973 0.133981 -0.243472 0.960708 0.133275 -0.109682 0.986387 0.122515 -0.136979 0.984326 0.111084 -0.156324 0.983232 0.0939042 -0.179019 0.980009 0.0868008 -0.204614 0.97681 0.0630447 -0.223261 0.973128 0.0563596 -0.25736 0.966001 0.0246675 -0.268065 0.963182 0.0205463 -0.134372 0.988115 0.0746572 -0.15828 0.98569 0.0579824 -0.178415 0.982782 0.0480493 -0.202807 0.978788 0.0290532 -0.227026 0.973773 0.0149924 -0.157656 0.986506 0.0441597 -0.182638 0.982941 0.0216931 -0.12122 0.990672 0.0622479 -0.913511 0.404305 0.0451196 -0.941543 0.329869 0.0684322 -0.91271 0.365295 0.183084 -0.914629 0.358429 0.187039 -0.860686 0.395751 0.320313 -0.862419 0.388215 0.324842 -0.79264 0.418165 0.44369 -0.793307 0.412344 0.447926 -0.711217 0.435469 0.551848 -0.711494 0.430071 0.555712 -0.618665 0.4476 0.645684 -0.618305 0.443928 0.648557 -0.572943 0.450369 0.684766 -0.556922 0.350869 0.752814 -0.255082 0.906805 0.335617 -0.286555 0.895405 0.340789 -0.34359 0.844982 0.409818 -0.361011 0.835189 0.414886 -0.411027 0.778343 0.474594 -0.406714 0.781751 0.472704 -0.474086 0.684069 0.554339 -0.838138 0.542728 0.0545066 -0.860087 0.508458 0.0414848 -0.737173 0.675098 0.0286164 -0.739283 0.672839 0.027369 -0.693801 0.719279 0.0357451 -0.608713 0.793174 0.0185275 -0.626769 0.779116 0.0117996 -0.490949 0.871041 0.0159991 -0.579315 0.814573 -0.0294014 -0.470426 0.882429 0.00427265 -0.159627 0.968797 0.189611 -0.148206 0.969828 0.193568 -0.228754 0.945012 0.233719 -0.18365 0.95213 0.24438 -0.251211 0.928089 0.274851 -0.0856408 0.993193 0.0789562 -0.0846825 0.99324 0.0793982 -0.146338 0.986354 0.0754427 -0.0973913 0.991137 0.090351 -0.119766 0.98595 0.116442 -0.316674 0.948315 -0.0204241 -0.311547 0.950063 -0.0178599 -0.271916 0.962065 -0.0222041 -0.252979 0.967431 -0.00884868 -0.220494 0.975382 -0.00360024 -0.814643 0.559154 0.153959 -0.818155 0.552503 0.159258 -0.75498 0.597201 0.270842 -0.758376 0.589969 0.277135 -0.682986 0.625523 0.377163 -0.487745 0.767039 0.41684 -0.510438 0.749332 0.421846 -0.570585 0.669732 0.475281 -0.628028 0.767437 0.128925 -0.631956 0.763419 0.133502 -0.561305 0.799323 0.214522 -0.565432 0.794886 0.220095 -0.487333 0.822689 0.292729 -0.489819 0.819302 0.298029 -0.418176 0.837052 0.352808 -0.351233 0.886026 0.302644 -0.350679 0.887749 0.298206 -0.421613 0.872275 0.247745 -0.420318 0.874326 0.242667 -0.491449 0.851684 0.18197 -0.488761 0.854388 0.17645 -0.55525 0.824627 0.108113 -0.552746 0.826899 0.103493 -0.298078 0.921724 0.248143 -0.297883 0.922765 0.244482 -0.36069 0.910542 0.202028 -0.359965 0.911746 0.197851 -0.424232 0.893619 0.146532 -0.422458 0.895183 0.142044 -0.483942 0.871064 0.0839562 -0.482313 0.87232 0.0802024 -0.409663 0.90989 0.0653993 -0.408322 0.910904 0.0593908 -0.365474 0.923594 0.115774 -0.294991 0.950535 0.0972769 -0.29525 0.950722 0.0946301 -0.3522 0.934689 0.0480788 -0.352058 0.934845 0.0460503 -0.411653 0.91128 -0.0104968 -0.129185 0.980116 0.150612 -0.131174 0.980043 0.149363 -0.157937 0.978021 0.136128 -0.15896 0.978072 0.134559 -0.204371 0.972886 0.108286 -0.205152 0.972909 0.10659 -0.253772 0.964472 0.0734424 -0.254239 0.96445 0.0720999 -0.304951 0.951833 0.0319304 -0.30502 0.951822 0.0315909 -0.357927 0.933603 -0.0165344 -0.357824 0.933654 -0.0158583 -0.997859 -0.0654038 0 -0.980785 -0.195091 0 -0.980785 -0.195091 0 -0.94693 -0.321439 0 -0.94693 -0.321439 0 -0.896873 -0.442288 0 -0.896873 -0.442288 0 -0.83147 -0.55557 0 -0.83147 -0.55557 0 -0.75184 -0.659346 0 -0.75184 -0.659346 0 -0.659346 -0.75184 0 -0.659346 -0.75184 0 -0.55557 -0.83147 0 -0.55557 -0.83147 0 -0.442288 -0.896873 0 -0.442288 -0.896873 0 -0.321439 -0.94693 0 -0.321439 -0.94693 0 -0.195091 -0.980785 0 -0.195091 -0.980785 0 -0.0654038 -0.997859 0 -0.0654038 -0.997859 0 -0.997859 -0.0654038 0 -0.997859 0.0654038 0 -0.997859 0.0654038 0 -0.980785 0.195091 0 -0.980785 0.195091 0 -0.94693 0.321439 0 -0.94693 0.321439 0 -0.896873 0.442288 0 -0.896873 0.442288 0 -0.83147 0.55557 0 -0.83147 0.55557 0 -0.75184 0.659346 0 -0.75184 0.659346 0 -0.659346 0.75184 0 -0.659346 0.75184 0 -0.55557 0.83147 0 -0.55557 0.83147 0 -0.442288 0.896873 0 -0.442288 0.896873 0 -0.321439 0.94693 0 -0.321439 0.94693 0 -0.195091 0.980785 0 -0.195091 0.980785 0 -0.0654038 0.997859 0 -0.0654038 0.997859 0 0.997859 0.0654038 0 0.980785 0.195091 0 0.980785 0.195091 0 0.94693 0.321439 0 0.94693 0.321439 0 0.896873 0.442288 0 0.896873 0.442288 0 0.83147 0.55557 0 0.83147 0.55557 0 0.75184 0.659346 0 0.75184 0.659346 0 0.659346 0.75184 0 0.659346 0.75184 0 0.55557 0.83147 0 0.55557 0.83147 0 0.442288 0.896873 0 0.442288 0.896873 0 0.321439 0.94693 0 0.321439 0.94693 0 0.195091 0.980785 0 0.195091 0.980785 0 0.0654038 0.997859 0 0.0654038 0.997859 0 0.997859 0.0654038 0 0.997859 -0.0654038 0 0.997859 -0.0654038 0 0.980785 -0.195091 0 0.980785 -0.195091 0 0.94693 -0.321439 0 0.94693 -0.321439 0 0.896873 -0.442288 0 0.896873 -0.442288 0 0.83147 -0.55557 0 0.83147 -0.55557 0 0.75184 -0.659346 0 0.75184 -0.659346 0 0.659346 -0.75184 0 0.659346 -0.75184 0 0.55557 -0.83147 0 0.55557 -0.83147 0 0.442288 -0.896873 0 0.442288 -0.896873 0 0.321439 -0.94693 0 0.321439 -0.94693 0 0.195091 -0.980785 0 0.195091 -0.980785 0 0.0654038 -0.997859 0 0.0654038 -0.997859 0 -0.900967 -0.433889 0 -0.62349 -0.781832 0 -0.62349 -0.781832 0 -0.222521 -0.974928 0 -0.222521 -0.974928 0 -0.900967 -0.433889 0 -1 0 0 -1 0 0 -0.900967 0.433889 0 -0.900967 0.433889 0 -0.62349 0.781832 0 -0.62349 0.781832 0 -0.222524 0.974927 0 -0.222524 0.974927 0 0.900967 0.433889 0 0.62349 0.781832 0 0.62349 0.781832 0 0.222523 0.974927 0 0.222523 0.974927 0 0.900967 0.433889 0 1 0 0 1 0 0 0.900967 -0.433889 0 0.900967 -0.433889 0 0.62349 -0.781832 0 0.62349 -0.781832 0 0.22252 -0.974928 0 0.22252 -0.974928 0 1 0 0 1 0 0 1 0 0 1 0 0 1 0 0 1 0 0 1 0 0 1 0 0 1 0 0 1 0 0 1 0 0 1 0 0 1 0 0 1 0 0 1 0 0 1 0 0 1 0 0 1 0 0 0.0367769 0.787478 -0.615244 0.0424441 0.78856 -0.613492 0.126294 0.789419 -0.600722 0.109997 0.786692 -0.607467 0.207619 0.789885 -0.577041 0.181766 0.786195 -0.590643 0.28506 0.789959 -0.542868 0.250943 0.785993 -0.565016 0.357339 0.789641 -0.498774 0.316408 0.786085 -0.530995 0.42325 0.788929 -0.445478 0.377116 0.786471 -0.489129 0.432096 0.787149 -0.440103 0.481365 0.788133 -0.383581 0.480754 0.787847 -0.384931 0.528487 0.789143 -0.312978 0.52416 0.786953 -0.325517 0.565824 0.789757 -0.236913 0.559905 0.786347 -0.261083 0.592784 0.789977 -0.156662 0.587401 0.786034 -0.192641 0.60893 0.789805 -0.073566 0.606192 0.786016 -0.121291 0.613983 0.789243 0.0110048 0.615974 0.786291 -0.0481871 0.616604 0.78686 0.025517 0.608636 0.787649 0.0957694 0.607412 0.788256 0.098504 0.588225 0.788811 0.178241 0.592581 0.787255 0.170521 0.557187 0.789572 0.257135 0.568885 0.78654 0.240259 0.536679 0.786117 0.306588 0.516068 0.78994 0.331164 0.501215 0.787057 0.359617 0.46974 0.788935 0.39614 0.465634 0.789851 0.39915 0.439276 0.786988 0.433228 0.408625 0.78992 0.457222 0.436109 0.78297 0.443584 0.381517 0.790409 0.479269 -0.0424441 0.78856 -0.613492 -0.0367769 0.787478 -0.615244 -0.568885 0.78654 0.240259 -0.557187 0.789572 0.257135 -0.592581 0.787255 0.170521 -0.588225 0.788811 0.178241 -0.608092 0.787718 0.0986143 -0.616604 0.78686 0.0255171 -0.607835 0.788282 0.0956434 -0.615974 0.786291 -0.0481871 -0.613983 0.789243 0.0110048 -0.606192 0.786016 -0.121291 -0.60893 0.789805 -0.073566 -0.587401 0.786034 -0.192641 -0.592784 0.789977 -0.156662 -0.559905 0.786347 -0.261083 -0.565824 0.789757 -0.236913 -0.52416 0.786953 -0.325517 -0.528487 0.789143 -0.312978 -0.480487 0.788115 -0.384717 -0.432096 0.787149 -0.440103 -0.481679 0.787819 -0.383832 -0.377116 0.786471 -0.489129 -0.42325 0.788929 -0.445478 -0.316408 0.786085 -0.530995 -0.357339 0.789641 -0.498774 -0.250943 0.785993 -0.565016 -0.28506 0.789959 -0.542868 -0.181766 0.786195 -0.590643 -0.207619 0.789885 -0.577041 -0.109997 0.786692 -0.607467 -0.126294 0.789419 -0.600722 -0.503085 0.787459 0.35611 -0.516068 0.78994 0.331164 -0.536679 0.786117 0.306588 -0.429973 0.788211 0.440281 -0.415053 0.787479 0.45564 -0.384413 0.791722 0.474767 -0.467172 0.788273 0.400469 -0.473346 0.79117 0.387289 -0.444609 0.787091 0.427563 -0.292373 0.956304 0 -0.292375 0.956304 2.70814e-07 -0.292372 0.956305 -4.87431e-07 -0.29237 0.956305 -8.88946e-07 -0.292366 0.956306 -2.48847e-06 -0.292372 0.956305 0 -0.422616 -2.39835e-07 -0.906309 -0.422619 0 -0.906307 -0.422619 -3.44101e-07 -0.906308 -0.422618 7.57173e-07 -0.906308 -0.422618 7.76942e-07 -0.906308 -0.422618 0 -0.906308 -0.422618 0 -0.906308 -0.422617 1.24801e-07 -0.906308 -0.422623 1.78137e-06 -0.906306 -0.422621 8.67868e-07 -0.906307 -0.422615 -1.94937e-06 -0.906309 -0.42262 9.81646e-07 -0.906307 -0.422609 -6.54301e-06 -0.906312 -0.422624 5.96941e-06 -0.906305 -0.422609 -1.17856e-05 -0.906312 -0.422615 -4.15583e-06 -0.906309 -0.422618 1.43827e-06 -0.906308 -0.42262 0 -0.906307 -0.42262 0 -0.906307 -0.422622 1.2776e-06 -0.906306 -0.422651 -2.2635e-05 -0.906292 -0.505201 0 -0.863002 -0.585438 -0.000818631 -0.810717 -0.694772 0.000433217 -0.71923 -0.852471 -0.000705709 -0.522774 -0.843379 -0.000463385 -0.537318 -0.94282 0.000211994 -0.333302 -0.991207 -0.00111753 -0.132316 -0.98218 -0.000233662 -0.187943 -0.999891 0 -0.0147742 -0.999891 0 -0.0147742 0.5 3.07196e-07 -0.866026 0.499999 -8.26723e-06 -0.866026 0.5 9.81179e-08 -0.866025 0.5 0 -0.866025 0.5 0 -0.866025 0.500001 0 -0.866025 0.499999 3.38167e-06 -0.866026 0.5 -1.13576e-06 -0.866025 0.499996 0 -0.866028 0.499996 0 -0.866028 0.500002 1.65745e-06 -0.866024 0.5 1.49831e-06 -0.866025 0.10035 0.992835 0.0648664 0.0924165 0.993108 0.0720862 0.789785 0.0596611 0.610475 0.995534 0.0100828 0.0938663 0.993289 0.102768 0.0530631 0.951337 0.304427 0.0477664 0.876115 0.480487 0.0394192 0.251951 0.946439 0.201928 0.297606 0.929321 0.218618 0.200153 0.967844 0.152372 0.169656 0.985466 -0.00864016 0.968281 0.171273 0.181928 0.960281 0.0211373 0.278232 0.922789 0.184523 0.338249 0.891018 0.0346544 0.452644 0.855238 0.166156 0.490877 0.452119 0.81649 0.359071 0.428935 0.902907 0.0278102 0.439133 0.896848 0.0531677 0.387985 0.916568 0.096804 0.397275 0.909792 0.120213 0.342926 0.925215 0.162414 0.347459 0.920022 0.181195 0.371494 0.92833 0.0139742 0.373034 0.927625 0.0189309 0.268963 0.963146 -0.00310996 0.239358 0.970554 0.0270805 0.214172 0.97677 0.00712253 0.211314 0.977233 0.0190351 0.178005 0.982685 0.0514338 0.175161 0.982627 0.0613453 0.192679 0.98125 -0.0049069 0.190016 0.98178 0.00156104 0.159537 0.986595 0.0343382 0.156341 0.986835 0.0413949 0.115334 0.992083 0.0497017 0.139318 0.989904 0.0260894 0.134399 0.99039 0.032627 0.56757 0.687867 0.452441 0.568148 0.686378 0.453974 0.653913 0.545961 0.523761 0.654171 0.544851 0.524592 0.729459 0.352311 0.586316 0.729493 0.351783 0.58659 0.773358 0.119673 0.622572 0.526564 0.850015 -0.014312 0.534166 0.845379 0.0012879 0.654024 0.756135 0.0226395 0.653133 0.756991 0.0195579 0.785117 0.618636 0.0296822 0.32517 0.904819 0.274896 0.350137 0.895046 0.276218 0.406395 0.887919 0.215505 0.402632 0.889615 0.215576 0.458893 0.876786 0.14375 0.453295 0.879575 0.144472 0.503792 0.861251 0.0666279 0.497724 0.864629 0.0684624 0.158109 0.987355 0.0114627 0.176812 0.984041 -0.0200269 0.205761 0.978413 -0.0192266 0.207656 0.977943 -0.0225222 0.237822 0.971093 -0.0204788 0.237113 0.971318 -0.0178692 0.27315 0.961864 -0.0143658 0.272993 0.961662 -0.0260977 0.336037 0.941547 -0.0238564 0.346548 0.936671 -0.0505127 0.394053 0.918842 0.0212511 0.428473 0.900562 -0.073476 0.456309 0.889813 0.00384987 0.815557 0.342926 0.466121 0.813851 0.346558 0.466416 0.88691 0.330618 0.322617 0.884576 0.336102 0.32336 0.933308 0.314915 0.172526 0.93099 0.32097 0.173884 0.952553 0.300258 0.0498693 0.735533 0.53392 0.417038 0.732459 0.53816 0.416998 0.805676 0.517358 0.28849 0.801081 0.524139 0.289047 0.854753 0.496013 0.152866 0.850093 0.503481 0.154432 0.878506 0.475858 0.0422804 0.642796 0.675982 0.360362 0.638852 0.679873 0.360057 0.709898 0.658975 0.248589 0.703927 0.665231 0.248908 0.760348 0.636442 0.12966 0.754096 0.643524 0.131213 0.787857 0.614996 0.0325808 0.616612 0.780989 0.0992326 0.624662 0.775072 0.0951907 0.568048 0.799842 0.193841 0.575669 0.794938 0.191517 0.510032 0.812458 0.282454 0.515259 0.809508 0.281435 0.452037 0.819013 0.353384 0.332247 0.939972 0.0778725 0.336527 0.938574 0.0763416 0.289923 0.947683 0.13357 0.293113 0.946815 0.132765 0.250472 0.951648 0.177848 0.312222 0.949996 0.00496417 0.314463 0.949262 0.00375588 0.276923 0.959248 0.0561931 0.279666 0.958518 0.0550517 0.239195 0.965432 0.103574 0.241385 0.964961 0.102882 0.201145 0.968808 0.144744 0.166805 0.979031 0.116934 0.165599 0.97919 0.117321 0.205007 0.975752 0.0766777 0.197729 0.977035 0.0794075 0.236758 0.970719 0.0406348 0.139601 0.985526 0.0961732 0.141086 0.985702 0.0921206 0.120835 0.98966 0.0772746 0.122389 0.9897 0.0742635 0.104318 0.992629 0.0616849 0 1 0 0 1 0 0 1 0 0 1 0 0 1 0 0 1 0 0 1 0 0 1 0 0 1 0 0 1 0 0 1 0 0 1 0 0 1 0 0 1 0 0 1 0 0 1 0 0 1 0 0 1 0 0 1 0 0 1 0 0 1 0 0 1 0 0 1 0 0 1 0 0 1 0 0 1 0 0 1 0 0 1 0 0 1 0 0 1 0 0 1 0 0 1 0 0 1 0 0 1 0 0 1 0 0 1 0 0 1 0 0 1 0 0 1 0 0 1 0 0 1 0 0 1 0 0 1 0 0 1 0 0 1 0 0 1 0 0 1 0 0 1 0 0 1 0 0 1 0 0 1 0 0 1 0 0 1 0 0 1 0 0 1 0 0 1 0 0 1 0 0 1 0 0 1 0 0 1 0 0 1 0 0 1 0 0 1 0 0 1 0 0 1 0 0 1 0 0 1 0 0 1 0 0 1 0 0 1 0 0 1 0 0 1 0 0 1 0 0.698473 0.000786063 0.715636 0.313048 0.00166026 0.949736 0.461415 -0.0280713 0.88674 0.664208 0.000388859 0.747548 0.696363 -0.00291976 0.717683 0.703292 0 0.710902 0.703292 0 0.710902 0.438096 -0.000595971 0.898928 0.398034 0.0019404 0.917369 0.378555 -0.00155225 0.925578 -0.544317 -5.60389e-08 0.83888 -0.565559 0.00417084 0.824698 -0.524621 -9.72502e-05 0.851336 -0.467998 0.000191279 0.883729 -0.500007 0.00691302 0.865994 -0.452323 -0.0008998 0.891854 -0.388013 0.00107495 0.921653 -0.378555 -0.000859815 0.925578 -0.304987 0.000885199 0.952356 -0.297392 -0.000663916 0.954755 -0.219572 0.000682857 0.975596 -0.214018 -0.000455279 0.97683 -0.132434 0.000467928 0.991192 -0.12905 -0.00023397 0.991638 -0.0442607 0.00024029 0.99902 -0.043124 0 0.99907 0.0454705 0 0.998966 0.043124 0.000523052 0.99907 0.136035 -0.000550045 0.990704 0.12905 0.00110018 0.991637 0.225474 -0.00115395 0.974249 0.214018 0.001731 0.976828 0.297392 -0.00124524 0.954755 0.479728 0.00171444 0.877416 0.48612 0.000548577 0.873892 0.557455 -0.00078879 0.830207 0.540067 0.0035086 0.841615 0.582865 -0.000387865 0.812569 0.63057 0.000773858 0.776132 0.624023 0.00195892 0.781404 0.6581 -0.000330155 0.75293 0.545204 -0.00384066 0.838294 0.577053 -0.029623 0.81617 0.499892 0.0110811 0.866017 0.623712 -0.00184206 0.781653 0.640178 -0.0101373 0.76816 0.592182 0.00131038 0.805803 -1 0 0 -1 0 0 -1 0 0 -1 0 0 -0.995481 0.00141548 0.0949498 -0.999403 0 0.0345641 -0.999403 0 0.0345641 -0.994266 -0.00439507 0.106842 -0.995478 -0.00283927 0.0949495 -0.983031 0.000619361 0.18344 -0.963937 -0.00182078 0.266123 -0.959577 -0.00373512 0.281422 -0.932444 0.00118728 0.361314 -0.882314 -0.00350535 0.470648 -0.889074 -0.000565179 0.457764 -0.812136 0.000337061 0.583469 -0.786497 -0.00535411 0.617571 -0.706064 0.00645064 0.708118 -0.608249 0 0.793746 -0.655561 -0.00639422 0.755116 -0.994042 0.000837021 0.108998 -0.982142 -0.000267788 0.188139 -0.959583 0.00100424 0.281424 -0.955188 0.000213619 0.296001 -0.889074 -0.000280395 0.457764 -0.904085 0.00207479 0.427347 -0.851993 -0.000185222 0.523553 -0.786508 0.000561313 0.61758 -0.798629 0.00182558 0.601821 -0.719174 -0.000723579 0.69483 -0.629202 3.27443e-09 0.777242 -0.655573 0.00166459 0.75513 -0.485033 0.00167084 0.874494 -0.460173 -0.0340884 0.887175 -0.562963 0 0.826482 -0.541895 -0.0113509 0.84037 -0.526788 -0.00206137 0.849994 -0.824985 -0.565154 0 -0.849734 -0.527173 0.00646107 -0.894633 -0.44638 0.0193993 -0.858849 -0.512148 0.00909609 -0.845746 -0.533555 0.00581162 -0.833371 -0.552705 0.00321716 -0.8164 -0.577487 0.000644546 -0.796597 -0.60451 -0.00024266 -0.76793 -0.640533 0.00144386 -0.742107 -0.670228 0.00852058 -0.769326 -0.638855 -0.00132413 -0.556865 -0.830603 0 -0.565153 -0.824983 0.00208544 -0.611672 -0.79111 -0.00123192 -0.638853 -0.769324 0.00283377 -0.66146 -0.74998 -0.0010138 -0.707106 -0.707106 0.00103866 -0.709603 -0.7046 0.00169651 0 0 1 0 0 1 0 0 1 0 0 1 0 0 1 0 0 1 0 0 1 0 0 1 0 0 1 0 0 1 0 0 1 0 0 1 0 0 1 0 0 1 0 0 1 0 0 1 0 0 1 0 0 1 0 0 1 0 0 1 0 0 1 0 0 1 0 0 1 0 0 1 0 0 1 0 0 1 0 0 1 0 0 1 0 0 1 0 0 1 0 0 1 0 0 1 0 0 1 0 0 1 0 0 1 0 0 1 0 0 1 0 0 1 0 0 1 0 0 1 0 0 1 0 0 1 0 0 1 0 0 1 0 0 1 0 0 1 0 0 1 0 0 1 0 0 1 0 0 1 0 0 1 0 0 1 0 0 1 0 0 1 0 0 1 0 0 1 0 0 1 0 0 1 0 0 1 0 0 1 0 0 1 0 0 1 0 0 1 0 0 1 0 0 1 0 0 1 0 0 1 0 0 1 0 0 1 0 0 1 0 0 1 0 0 1 0 0 1 0 0 1 0 0 1 0 0 1 0 0 1 0 0 1 0 0 1 0 0 1 0 0 1 0 0 1 0 0 1 0 0 1 0 0 1 0 0 1 0 0 1 0 0 1 0 0.980785 0.19509 0 0.980785 0.19509 0 0.831478 0.555557 0 0.831478 0.555557 0 0.555557 0.831478 0 0.555557 0.831478 0 0.19509 0.980785 0 0.19509 0.980785 0 1 0 0 1 0 0 0.19509 -0.980785 0 0.19509 -0.980785 0 0.555557 -0.831478 0 0.555557 -0.831478 0 0.831478 -0.555558 0 0.831478 -0.555558 0 0.980785 -0.19509 0 0.980785 -0.19509 0 0 -1 0 0 -1 0 -0.980785 -0.195093 0 -0.980785 -0.195093 0 -0.831475 -0.555562 0 -0.831475 -0.555562 0 -0.555566 -0.831472 0 -0.555566 -0.831472 0 -0.195088 -0.980786 0 -0.195088 -0.980786 0 -1 0 0 -1 0 0 -0.195088 0.980786 0 -0.195088 0.980786 0 -0.555566 0.831472 0 -0.555566 0.831472 0 -0.831476 0.555561 0 -0.831476 0.555561 0 -0.980785 0.195093 0 -0.980785 0.195093 0 0 1 0 0 1 0.998427 0 -0.0560704 0.998427 0 -0.0560704 0.985871 0 -0.167509 0.985871 0 -0.167509 0.960919 0 -0.276829 0.960919 0 -0.276829 0.923878 0 -0.382686 0.923878 0 -0.382686 0.875224 0 -0.483718 0.875224 0 -0.483718 0.815557 0 -0.578676 0.815557 0 -0.578676 0.745642 0 -0.666346 0.745642 0 -0.666346 0.66635 0 -0.745639 0.66635 0 -0.745639 0.578671 0 -0.815561 0.578671 0 -0.815561 0.483718 0 -0.875224 0.483718 0 -0.875224 0.382687 0 -0.923878 0.382687 0 -0.923878 0.276833 0 -0.960918 0.276833 0 -0.960918 0.167501 0 -0.985872 0.167501 0 -0.985872 0.0560727 0 -0.998427 0.0560727 0 -0.998427 0 1 0 0 1 0 0 1 0 0 1 0 0 1 0 0 1 0 0 1 0 0 1 0 0 1 0 0 1 0 0 1 0 0 1 0 0 1 0 0 1 0 0 1 0 0 1 0 0 1 0 0 1 0 0 1 0 0 1 0 0 1 0 0 1 0 0 1 0 0 1 0 0 1 0 0 1 0 0 1 0 0 1 0 0 1 0 0 1 0 0 1 0 0 1 0 0 1 0 0 1 0 0 1 0 0 1 0 0 1 0 0 1 0 0 1 0 0 1 0 0 1 0 0 1 0 0 1 0 0 1 0 0 1 0 0 1 0 0 1 0 0 1 0 0 1 0 0 1 0 0 1 0 0 1 0 0 1 0 0 1 0 0 1 0 0 1 0 0 1 0 0 1 0 0 1 0 0 1 0 0 1 0 0 1 0 0 1 0 0 1 0 0 1 0 0 1 0 0 1 0 0 1 0 0 1 0 0 1 0 0 1 0 0 1 0 0 1 0 0 1 0 0 1 0 0 1 0 0 1 0 0 1 0 0 1 0 0 1 0 0.998205 0 -0.0598963 0.998205 0 -0.0598963 0.984806 -0.000620831 -0.173656 0.965907 0.000282932 -0.258888 0.89001 -0.000240348 -0.455942 0.866037 -0.000681339 -0.49998 0.782504 0.00036162 -0.622645 0.642784 0 -0.766047 0.603042 -0.000810405 -0.797709 0.987949 0.154779 0 0.77155 0.636132 -0.00675273 0.883338 0.468723 -0.00345502 0.666515 0.745432 -0.00946872 0.526734 0.849904 -0.0146583 0.595697 0.803081 -0.0143972 0.416525 0.908946 -0.018026 0.496185 0.868017 -0.0186384 0.334193 0.942275 -0.0207994 0.398204 0.917059 -0.0209032 0.794981 0.606586 -0.00766614 0.665682 0.746176 -0.00943029 0.329615 0.943867 -0.0216795 0.206308 0.978281 -0.0200632 0.808566 0.588404 0.00134471 0.773479 0.633606 -0.0165162 0.94246 0.333849 0.0177474 0.912594 0.408864 -0.00172889 0.993319 0.115382 0.0019831 0.890464 0.45504 -0.00361657 0.95537 0.295412 -0.000712756 0.995063 0.0992351 -0.00126843 0.32895 0.944341 0.00354753 0.324009 0.946052 0.00216257 0.411273 0.911497 0.00531867 0.389553 0.921004 -0.000671687 0.516009 0.856552 0.00731356 0.484121 0.875001 0.000416785 0.637933 0.770078 0.00461322 0.581894 0.81325 -0.00483336 0.663392 0.74827 0.00171006 0.237461 0.971193 -0.0199181 0.246347 0.96894 -0.0216268 0.241535 0.970363 -0.00752253 0.245448 0.969375 -0.00822564 0.245171 0.969474 0.0032307 0.259453 0.965755 -0.00149801 0.194663 0.980867 0.00264486 0.195079 0.980787 -0.000251728 0.195406 0.980719 -0.00256384 0.190257 0.981734 -4.50857e-06 0.190257 0.981734 -4.55378e-06 0.190527 0.981682 0.000269614 0.175588 0.984352 -0.0148225 0.219517 0.975498 -0.0146898 0.324245 0.945937 -0.00829449 0.325248 0.945594 -0.00814081 0.389703 0.920907 -0.00792844 0.394086 0.919044 -0.00733949 0.484259 0.874897 -0.00698719 0.492753 0.870149 -0.00597888 0.581905 0.813237 -0.00558784 0.593505 0.804816 -0.00492212 0.611299 0.791385 -0.00483998 0.692823 0.721106 -0.00161857 0.774229 0.632904 -0.00142089 0.787249 0.616635 -0.000592759 0.904905 0.425613 -0.000409133 0.277603 0.960457 -0.0214377 0.281119 0.95942 -0.0220365 0.276484 0.960984 -0.00815466 0.278163 0.960497 -0.00842191 0.277879 0.960609 0.00360888 0.217765 0.975996 0.00325271 0.218983 0.975725 0.0026307 0.232113 0.97266 -0.00754025 0.207351 0.978263 -0.00255757 0 -1 0 0 -1 0 0 -1 0 0 -1 0 0 -1 0 0 -1 0 0 -1 0 0 -1 0 0 -1 0 0 -1 0 0 -1 0 0 -1 0 0 -1 0 0 -1 0 0 -1 0 0 -1 0 0 -1 0 0 -1 0 0 -1 0 0 -1 0 0 -1 0 0 -1 0 0 -1 0 0 -1 0 0 -1 0 0 -1 0 0 -1 0 0 -1 0 0 -1 0 0 -1 0 0 -1 0 0 -1 0 0 -1 0 0 -1 0 0 -1 0 0 -1 0 0 -1 0 0 -1 0 0 -1 0 0 -1 0 0 -1 0 1 0 0 1 0 0 1 0 0 1 0 0 1 0 0 1 0 0 1 0 0 1 0 0 1 0 0 1 0 0 1 0 0 1 0 0 1 0 0 1 0 0 1 0 0 1 0 0 1 0 0 1 0 0 1 0 0 1 0 0 1 0 0 1 0 0 1 0 0 1 0 0 1 0 0 1 0 0 1 0 0 1 0 0 0.656057 -3.12485e-05 0.754712 0.656062 8.35289e-06 0.754707 0.656062 9.36034e-06 0.754707 0.656058 -1.59992e-05 0.75471 0.656058 -9.68932e-06 0.75471 0.656061 9.36152e-06 0.754708 0.656061 1.04363e-05 0.754708 0.656059 -4.74688e-06 0.75471 0.656059 -9.961e-06 0.75471 0.656061 5.23875e-06 0.754708 0.656061 7.76581e-06 0.754708 0.656058 -1.12227e-05 0.75471 0.656058 -3.99979e-06 0.75471 0.656062 2.12796e-05 0.754707 0.656062 1.20232e-05 0.754707 0.656057 -2.75134e-05 0.754712 -0.624968 0.499554 0.599884 -0.230376 0.938867 0.255843 -0.201524 0.973017 0.112369 0.0289143 0.999028 0.0332623 0.0703664 0.989582 -0.125606 0.286427 0.938804 -0.19133 0.32281 0.892441 -0.315188 0.506203 0.765633 -0.396945 0.515466 0.698003 -0.497078 0.675143 0.499732 -0.542632 -0.625248 0.594219 0.505933 -0.461845 0.765572 0.447883 -0.453472 0.826637 0.333218 -0.75118 0.096666 0.652981 -0.714051 0.173481 0.678259 -0.7314 0.333386 0.594902 0.743238 0.173651 -0.646098 0.762132 0.145047 -0.630964 0.672002 0.426046 -0.605721</float_array>
                    <technique_common>
                        <accessor count="6930" source="#shape0-lib-normals-array" stride="3">
                            <param name="X" type="float"/>
                            <param name="Y" type="float"/>
                            <param name="Z" type="float"/>
                        </accessor>
                    </technique_common>
                </source>
                <vertices id="shape0-lib-vertices">
                    <input semantic="POSITION" source="#shape0-lib-positions"/>
                </vertices>
                <triangles count="6930">
                    <input offset="0" semantic="VERTEX" source="#shape0-lib-vertices"/>
                    <input offset="1" semantic="NORMAL" source="#shape0-lib-normals"/>
                    <p>0 0 1 0 2 0 0 1 2 1 3 1 4 2 5 2 6 2 7 3 8 3 9 3 7 4 9 4 10 4 7 5 10 5 11 5 7 6 11 6 12 6 7 7 12 7 13 7 7 8 13 8 1 8 7 9 1 9 0 9 14 10 0 10 3 10 14 11 3 11 15 11 14 12 15 12 16 12 14 13 16 13 17 13 18 14 19 14 20 14 18 15 20 15 21 15 18 16 21 16 22 16 18 17 22 17 23 17 18 18 23 18 24 18 18 19 24 19 6 19 18 20 6 20 5 20 25 21 26 21 27 21 27 22 26 22 28 22 27 23 28 23 29 23 29 24 28 24 30 24 16 25 20 25 17 25 17 26 20 26 19 26 17 27 19 27 31 27 31 28 19 28 32 28 31 29 32 29 33 29 33 30 32 30 34 30 33 31 34 31 35 31 35 32 34 32 36 32 35 33 36 33 37 33 37 34 36 34 38 34 37 35 38 35 39 35 39 36 40 36 37 36 37 37 40 37 41 37 37 38 41 38 35 38 35 39 41 39 42 39 35 40 42 40 33 40 33 41 42 41 43 41 33 42 43 42 31 42 31 43 43 43 44 43 31 44 44 44 17 44 17 45 44 45 14 45 26 46 9 46 28 46 28 47 9 47 8 47 28 48 8 48 30 48 25 49 27 49 45 49 45 50 27 50 5 50 45 51 5 51 4 51 46 52 47 52 21 52 22 53 21 53 47 53 47 54 48 54 22 54 23 55 22 55 48 55 48 56 49 56 23 56 6 57 50 57 51 57 6 58 51 58 4 58 4 59 51 59 52 59 4 60 52 60 45 60 45 61 52 61 53 61 24 62 23 62 49 62 24 63 49 63 50 63 24 64 50 64 6 64 16 65 54 65 20 65 20 66 54 66 46 66 20 67 46 67 21 67 55 68 26 68 53 68 53 69 26 69 25 69 53 70 25 70 45 70 56 71 57 71 58 71 58 72 57 72 59 72 58 73 59 73 60 73 60 74 59 74 61 74 60 75 61 75 62 75 62 76 61 76 63 76 62 77 63 77 64 77 64 78 63 78 65 78 64 79 65 79 66 79 66 80 65 80 67 80 66 81 67 81 68 81 68 82 67 82 69 82 68 83 69 83 70 83 70 84 69 84 71 84 70 85 71 85 72 85 72 86 71 86 73 86 72 87 73 87 74 87 74 88 73 88 75 88 74 89 75 89 30 89 30 90 75 90 29 90 39 91 38 91 76 91 29 92 77 92 27 92 78 93 79 93 80 93 81 94 82 94 83 94 81 95 83 95 84 95 83 96 85 96 84 96 86 97 84 97 85 97 85 98 87 98 86 98 88 99 86 99 87 99 89 100 90 100 91 100 91 101 92 101 89 101 93 102 89 102 92 102 92 103 94 103 93 103 27 104 77 104 95 104 27 105 95 105 5 105 5 106 95 106 96 106 5 107 96 107 18 107 18 108 96 108 97 108 18 109 97 109 19 109 19 110 97 110 98 110 19 111 98 111 32 111 98 112 99 112 32 112 34 113 32 113 99 113 99 114 100 114 34 114 36 115 34 115 100 115 100 116 101 116 36 116 38 117 36 117 101 117 101 118 76 118 38 118 102 119 80 119 79 119 79 120 103 120 102 120 104 121 91 121 90 121 104 122 90 122 88 122 104 123 88 123 87 123 105 124 82 124 106 124 106 125 82 125 81 125 106 126 81 126 107 126 107 127 81 127 108 127 107 128 108 128 109 128 109 129 108 129 110 129 109 130 110 130 111 130 111 131 110 131 112 131 111 132 112 132 113 132 113 133 112 133 114 133 113 134 114 134 115 134 115 135 114 135 116 135 115 136 116 136 117 136 117 137 116 137 118 137 117 138 118 138 119 138 119 139 118 139 77 139 119 140 77 140 29 140 120 141 121 141 122 141 122 142 121 142 123 142 122 143 123 143 124 143 124 144 123 144 125 144 124 145 125 145 76 145 76 146 125 146 126 146 76 147 126 147 39 147 102 148 103 148 127 148 127 149 103 149 128 149 127 150 128 150 129 150 129 151 128 151 130 151 129 152 130 152 121 152 94 153 79 153 93 153 93 154 79 154 78 154 93 155 78 155 89 155 89 156 78 156 131 156 89 157 131 157 90 157 90 158 131 158 132 158 90 159 132 159 88 159 88 160 132 160 133 160 88 161 133 161 86 161 86 162 133 162 134 162 86 163 134 163 84 163 84 164 134 164 135 164 84 165 135 165 81 165 81 166 135 166 108 166 77 167 118 167 95 167 95 168 118 168 136 168 95 169 136 169 96 169 96 170 136 170 137 170 96 171 137 171 97 171 97 172 137 172 138 172 97 173 138 173 98 173 98 174 138 174 139 174 98 175 139 175 99 175 99 176 139 176 140 176 99 177 140 177 100 177 100 178 140 178 141 178 100 179 141 179 101 179 101 180 141 180 142 180 101 181 142 181 76 181 76 182 142 182 124 182 118 183 116 183 136 183 136 184 116 184 143 184 136 185 143 185 137 185 137 186 143 186 144 186 137 187 144 187 138 187 138 188 144 188 145 188 138 189 145 189 139 189 139 190 145 190 146 190 139 191 146 191 140 191 140 192 146 192 147 192 140 193 147 193 141 193 141 194 147 194 148 194 141 195 148 195 142 195 142 196 148 196 149 196 142 197 149 197 124 197 124 198 149 198 122 198 116 199 114 199 143 199 143 200 114 200 150 200 143 201 150 201 144 201 144 202 150 202 151 202 144 203 151 203 145 203 145 204 151 204 152 204 145 205 152 205 146 205 146 206 152 206 153 206 146 207 153 207 147 207 147 208 153 208 154 208 147 209 154 209 148 209 148 210 154 210 155 210 148 211 155 211 149 211 149 212 155 212 156 212 149 213 156 213 122 213 122 214 156 214 120 214 114 215 112 215 150 215 150 216 112 216 157 216 150 217 157 217 151 217 151 218 157 218 158 218 151 219 158 219 152 219 152 220 158 220 159 220 152 221 159 221 153 221 153 222 159 222 160 222 153 223 160 223 154 223 154 224 160 224 161 224 154 225 161 225 155 225 155 226 161 226 162 226 155 227 162 227 156 227 156 228 162 228 163 228 156 229 163 229 120 229 120 230 163 230 129 230 120 231 129 231 121 231 112 232 110 232 157 232 157 233 110 233 164 233 157 234 164 234 158 234 158 235 164 235 165 235 158 236 165 236 159 236 159 237 165 237 166 237 159 238 166 238 160 238 160 239 166 239 167 239 160 240 167 240 161 240 161 241 167 241 168 241 161 242 168 242 162 242 162 243 168 243 169 243 162 244 169 244 163 244 163 245 169 245 170 245 163 246 170 246 129 246 129 247 170 247 127 247 110 248 108 248 164 248 164 249 108 249 135 249 164 250 135 250 165 250 165 251 135 251 134 251 165 252 134 252 166 252 166 253 134 253 133 253 166 254 133 254 167 254 167 255 133 255 132 255 167 256 132 256 168 256 168 257 132 257 131 257 168 258 131 258 169 258 169 259 131 259 78 259 169 260 78 260 170 260 170 261 78 261 80 261 170 262 80 262 127 262 127 263 80 263 102 263 171 264 130 264 128 264 172 265 173 265 174 265 175 266 176 266 177 266 175 267 177 267 178 267 179 268 180 268 181 268 179 269 181 269 182 269 179 270 182 270 176 270 179 271 176 271 175 271 179 272 175 272 183 272 184 273 39 273 185 273 185 274 39 274 186 274 185 275 186 275 187 275 171 276 183 276 130 276 130 277 183 277 175 277 130 278 175 278 121 278 121 279 175 279 178 279 121 280 178 280 123 280 123 281 178 281 188 281 123 282 188 282 125 282 125 283 188 283 187 283 125 284 187 284 126 284 126 285 187 285 186 285 126 286 186 286 39 286 174 287 173 287 189 287 189 288 173 288 190 288 189 289 190 289 191 289 181 290 180 290 190 290 190 291 180 291 191 291 185 292 187 292 192 292 192 293 187 293 188 293 192 294 188 294 193 294 193 295 188 295 178 295 193 296 178 296 177 296 194 297 195 297 196 297 196 298 195 298 197 298 196 299 197 299 198 299 198 300 197 300 199 300 198 301 199 301 200 301 200 302 199 302 201 302 200 303 201 303 202 303 202 304 201 304 203 304 204 305 205 305 206 305 206 306 205 306 207 306 206 307 207 307 208 307 208 308 207 308 209 308 208 309 209 309 210 309 210 310 209 310 211 310 212 311 210 311 211 311 213 312 214 312 215 312 216 313 212 313 211 313 216 314 211 314 214 314 216 315 214 315 213 315 217 316 218 316 204 316 204 317 218 317 219 317 204 318 219 318 205 318 57 319 56 319 220 319 220 320 56 320 221 320 220 321 221 321 215 321 215 322 221 322 222 322 215 323 222 323 213 323 223 324 224 324 225 324 225 325 224 325 226 325 225 326 226 326 227 326 228 327 229 327 230 327 230 328 229 328 231 328 230 329 231 329 232 329 232 330 231 330 233 330 232 331 233 331 234 331 234 332 233 332 235 332 234 333 235 333 226 333 226 334 235 334 227 334 236 335 237 335 238 335 239 336 240 336 241 336 237 337 236 337 242 337 236 338 238 338 243 338 243 339 238 339 244 339 243 340 244 340 245 340 245 341 244 341 246 341 245 342 246 342 247 342 237 343 242 343 248 343 248 344 242 344 249 344 248 345 249 345 250 345 248 346 250 346 240 346 240 347 250 347 251 347 240 348 251 348 241 348 241 349 251 349 252 349 241 350 252 350 253 350 254 351 255 351 256 351 256 352 255 352 257 352 256 353 257 353 258 353 258 354 257 354 259 354 258 355 259 355 260 355 260 356 259 356 247 356 260 357 247 357 246 357 261 358 262 358 263 358 261 359 263 359 264 359 261 360 264 360 265 360 261 361 265 361 266 361 261 362 266 362 267 362 261 363 267 363 268 363 261 364 268 364 269 364 261 365 269 365 270 365 261 366 270 366 271 366 261 367 271 367 272 367 261 368 272 368 273 368 261 369 273 369 274 369 261 370 274 370 275 370 276 371 277 371 278 371 276 372 278 372 279 372 276 373 279 373 280 373 276 374 280 374 261 374 276 375 261 375 275 375 276 376 275 376 281 376 276 377 281 377 282 377 276 378 282 378 283 378 277 379 276 379 255 379 255 380 276 380 284 380 285 381 286 381 287 381 287 382 286 382 288 382 287 383 288 383 289 383 289 384 288 384 290 384 289 385 290 385 291 385 291 386 290 386 292 386 291 387 292 387 293 387 293 388 292 388 294 388 293 389 294 389 295 389 295 390 294 390 296 390 295 391 296 391 297 391 297 392 296 392 298 392 297 393 298 393 299 393 299 394 298 394 300 394 299 395 300 395 301 395 301 396 300 396 302 396 301 397 302 397 303 397 303 398 302 398 304 398 303 399 304 399 305 399 305 400 304 400 306 400 305 401 306 401 307 401 307 402 306 402 308 402 307 403 308 403 309 403 309 404 308 404 310 404 309 405 310 405 311 405 311 406 310 406 312 406 311 407 312 407 313 407 313 408 312 408 314 408 314 409 218 409 313 409 313 410 218 410 217 410 315 411 316 411 317 411 315 412 317 412 318 412 315 413 318 413 319 413 315 414 319 414 320 414 315 415 320 415 321 415 315 416 321 416 322 416 184 417 323 417 324 417 325 418 326 418 327 418 328 419 329 419 330 419 331 420 332 420 333 420 334 421 331 421 333 421 335 422 336 422 337 422 338 423 339 423 340 423 340 424 341 424 338 424 342 425 343 425 344 425 345 426 346 426 347 426 342 427 344 427 348 427 342 428 348 428 349 428 324 429 323 429 350 429 351 430 352 430 353 430 351 431 353 431 354 431 353 432 355 432 354 432 356 433 354 433 355 433 356 434 355 434 357 434 358 435 359 435 360 435 358 436 360 436 361 436 360 437 362 437 361 437 363 438 364 438 365 438 365 439 364 439 366 439 365 440 366 440 367 440 367 441 366 441 368 441 367 442 368 442 369 442 367 443 369 443 370 443 369 444 371 444 370 444 372 445 373 445 374 445 373 446 375 446 374 446 288 447 376 447 377 447 288 448 377 448 290 448 377 449 378 449 290 449 292 450 290 450 378 450 292 451 378 451 379 451 292 452 379 452 380 452 292 453 380 453 294 453 381 454 382 454 296 454 298 455 296 455 382 455 382 456 383 456 298 456 300 457 298 457 383 457 300 458 383 458 384 458 300 459 384 459 385 459 300 460 385 460 302 460 386 461 387 461 306 461 308 462 388 462 310 462 389 463 390 463 312 463 391 464 392 464 393 464 394 465 395 465 392 465 396 466 397 466 398 466 398 467 399 467 396 467 400 468 396 468 399 468 399 469 401 469 400 469 402 470 403 470 404 470 402 471 404 471 405 471 404 472 406 472 405 472 407 473 408 473 409 473 410 474 411 474 412 474 412 475 413 475 410 475 410 476 413 476 414 476 415 477 416 477 417 477 418 478 419 478 420 478 420 479 421 479 418 479 422 480 423 480 424 480 423 481 425 481 424 481 426 482 427 482 428 482 426 483 428 483 429 483 429 484 428 484 430 484 429 485 430 485 431 485 432 486 433 486 434 486 435 487 436 487 437 487 438 488 439 488 440 488 440 489 441 489 438 489 442 490 438 490 441 490 441 491 443 491 442 491 442 492 443 492 444 492 444 493 443 493 445 493 444 494 445 494 446 494 447 495 448 495 449 495 450 496 447 496 451 496 452 497 453 497 454 497 454 498 453 498 455 498 455 499 456 499 457 499 458 500 459 500 460 500 460 501 461 501 458 501 458 502 461 502 462 502 463 503 464 503 465 503 466 504 467 504 468 504 468 505 469 505 470 505 470 506 469 506 471 506 470 507 471 507 472 507 472 508 471 508 473 508 474 509 475 509 476 509 474 510 476 510 477 510 476 511 478 511 477 511 479 512 477 512 478 512 478 513 480 513 479 513 479 514 480 514 481 514 481 515 480 515 482 515 483 516 484 516 485 516 483 517 485 517 486 517 485 518 487 518 486 518 452 519 486 519 487 519 487 520 330 520 452 520 453 521 452 521 330 521 330 522 329 522 453 522 460 523 488 523 489 523 460 524 489 524 461 524 461 525 489 525 490 525 464 526 490 526 491 526 469 527 492 527 493 527 494 528 495 528 496 528 497 529 498 529 337 529 487 530 338 530 342 530 499 531 500 531 501 531 502 532 499 532 501 532 488 533 503 533 504 533 490 534 489 534 331 534 331 535 505 535 490 535 491 536 490 536 505 536 506 537 507 537 508 537 286 538 374 538 375 538 286 539 375 539 509 539 286 540 509 540 376 540 286 541 376 541 288 541 510 542 511 542 512 542 510 543 512 543 513 543 510 544 513 544 514 544 510 545 514 545 515 545 172 546 516 546 517 546 172 547 517 547 436 547 172 548 436 548 435 548 172 549 435 549 173 549 518 550 346 550 345 550 518 551 345 551 519 551 518 552 519 552 520 552 518 553 520 553 521 553 518 554 521 554 522 554 518 555 522 555 523 555 173 556 435 556 190 556 190 557 435 557 437 557 190 558 437 558 181 558 181 559 437 559 524 559 181 560 524 560 182 560 182 561 524 561 525 561 182 562 525 562 176 562 176 563 525 563 526 563 176 564 526 564 177 564 177 565 526 565 394 565 177 566 394 566 193 566 193 567 394 567 392 567 193 568 392 568 192 568 192 569 392 569 391 569 192 570 391 570 185 570 185 571 391 571 323 571 185 572 323 572 184 572 323 573 391 573 350 573 350 574 391 574 393 574 350 575 393 575 527 575 527 576 393 576 528 576 527 577 528 577 352 577 352 578 528 578 529 578 352 579 529 579 353 579 353 580 529 580 530 580 353 581 530 581 355 581 355 582 530 582 531 582 355 583 531 583 357 583 357 584 531 584 532 584 357 585 532 585 533 585 533 586 532 586 534 586 533 587 534 587 535 587 535 588 534 588 536 588 535 589 536 589 537 589 537 590 536 590 538 590 537 591 538 591 359 591 359 592 538 592 539 592 359 593 539 593 360 593 360 594 539 594 540 594 360 595 540 595 362 595 362 596 540 596 541 596 362 597 541 597 542 597 542 598 541 598 543 598 542 599 543 599 364 599 364 600 543 600 544 600 364 601 544 601 366 601 366 602 544 602 545 602 366 603 545 603 368 603 368 604 545 604 546 604 368 605 546 605 369 605 369 606 546 606 547 606 369 607 547 607 371 607 371 608 547 608 548 608 371 609 548 609 549 609 549 610 548 610 550 610 549 611 550 611 373 611 373 612 550 612 551 612 373 613 551 613 375 613 375 614 551 614 552 614 375 615 552 615 509 615 509 616 552 616 553 616 509 617 553 617 376 617 376 618 553 618 554 618 376 619 554 619 377 619 377 620 554 620 555 620 377 621 555 621 378 621 378 622 555 622 556 622 378 623 556 623 379 623 379 624 556 624 557 624 379 625 557 625 380 625 380 626 557 626 558 626 380 627 558 627 559 627 559 628 558 628 560 628 559 629 560 629 381 629 381 630 560 630 561 630 381 631 561 631 382 631 382 632 561 632 562 632 382 633 562 633 383 633 383 634 562 634 563 634 383 635 563 635 384 635 384 636 563 636 564 636 384 637 564 637 385 637 385 638 564 638 565 638 385 639 565 639 566 639 566 640 565 640 567 640 566 641 567 641 568 641 568 642 567 642 569 642 568 643 569 643 570 643 570 644 569 644 571 644 570 645 571 645 386 645 386 646 571 646 572 646 386 647 572 647 387 647 387 648 572 648 573 648 387 649 573 649 574 649 574 650 573 650 575 650 574 651 575 651 388 651 388 652 575 652 576 652 388 653 576 653 577 653 577 654 576 654 578 654 577 655 578 655 389 655 389 656 578 656 579 656 389 657 579 657 390 657 390 658 579 658 580 658 390 659 580 659 581 659 581 660 580 660 325 660 581 661 325 661 582 661 582 662 325 662 327 662 325 663 580 663 326 663 326 664 580 664 583 664 326 665 583 665 584 665 584 666 583 666 585 666 584 667 585 667 586 667 586 668 585 668 587 668 587 669 585 669 588 669 587 670 588 670 589 670 589 671 588 671 590 671 589 672 590 672 591 672 591 673 590 673 592 673 591 674 592 674 593 674 511 675 591 675 512 675 512 676 591 676 593 676 512 677 593 677 513 677 335 678 337 678 495 678 495 679 337 679 498 679 495 680 498 680 496 680 349 681 328 681 342 681 342 682 328 682 330 682 342 683 330 683 487 683 332 684 331 684 504 684 504 685 331 685 489 685 504 686 489 686 488 686 515 687 514 687 594 687 594 688 514 688 595 688 594 689 595 689 596 689 596 690 595 690 597 690 596 691 597 691 598 691 598 692 597 692 599 692 598 693 599 693 508 693 508 694 599 694 600 694 508 695 600 695 506 695 337 696 336 696 601 696 601 697 336 697 602 697 601 698 602 698 603 698 603 699 602 699 604 699 603 700 604 700 605 700 605 701 604 701 606 701 605 702 606 702 607 702 607 703 606 703 608 703 607 704 608 704 609 704 609 705 608 705 610 705 610 706 608 706 611 706 610 707 611 707 612 707 612 708 611 708 613 708 612 709 613 709 614 709 613 710 340 710 614 710 614 711 340 711 339 711 614 712 339 712 615 712 615 713 339 713 484 713 615 714 484 714 616 714 616 715 484 715 483 715 616 716 483 716 617 716 618 717 343 717 341 717 341 718 343 718 342 718 341 719 342 719 338 719 619 720 620 720 618 720 618 721 620 721 621 721 618 722 621 722 343 722 523 723 522 723 619 723 619 724 522 724 622 724 619 725 622 725 620 725 334 726 347 726 331 726 331 727 347 727 346 727 331 728 346 728 505 728 505 729 346 729 623 729 505 730 623 730 624 730 624 731 625 731 505 731 505 732 625 732 626 732 505 733 626 733 491 733 491 734 626 734 627 734 491 735 627 735 467 735 626 736 625 736 628 736 628 737 625 737 629 737 628 738 629 738 630 738 630 739 629 739 631 739 630 740 631 740 632 740 632 741 631 741 633 741 633 742 631 742 634 742 633 743 634 743 635 743 635 744 634 744 636 744 635 745 636 745 637 745 637 746 636 746 638 746 638 747 636 747 639 747 638 748 639 748 507 748 507 749 639 749 640 749 507 750 640 750 508 750 508 751 640 751 641 751 508 752 641 752 598 752 352 753 351 753 527 753 527 754 351 754 324 754 527 755 324 755 350 755 535 756 642 756 533 756 533 757 642 757 356 757 533 758 356 758 357 758 359 759 358 759 537 759 537 760 358 760 642 760 537 761 642 761 535 761 361 762 362 762 363 762 363 763 362 763 542 763 363 764 542 764 364 764 370 765 371 765 372 765 372 766 371 766 549 766 372 767 549 767 373 767 381 768 296 768 559 768 559 769 296 769 294 769 559 770 294 770 380 770 568 771 304 771 566 771 566 772 304 772 302 772 566 773 302 773 385 773 386 774 306 774 570 774 570 775 306 775 304 775 570 776 304 776 568 776 306 777 387 777 308 777 308 778 387 778 574 778 308 779 574 779 388 779 389 780 312 780 577 780 577 781 312 781 310 781 577 782 310 782 388 782 312 783 390 783 314 783 314 784 390 784 581 784 314 785 581 785 582 785 393 786 392 786 528 786 528 787 392 787 643 787 528 788 643 788 529 788 529 789 643 789 397 789 529 790 397 790 530 790 530 791 397 791 396 791 530 792 396 792 531 792 531 793 396 793 400 793 531 794 400 794 532 794 532 795 400 795 644 795 532 796 644 796 534 796 534 797 644 797 645 797 534 798 645 798 536 798 536 799 645 799 646 799 536 800 646 800 538 800 538 801 646 801 647 801 538 802 647 802 539 802 539 803 647 803 648 803 539 804 648 804 540 804 540 805 648 805 649 805 540 806 649 806 541 806 541 807 649 807 650 807 541 808 650 808 543 808 543 809 650 809 402 809 543 810 402 810 544 810 544 811 402 811 405 811 544 812 405 812 545 812 545 813 405 813 407 813 545 814 407 814 546 814 546 815 407 815 409 815 546 816 409 816 547 816 408 817 651 817 409 817 409 818 651 818 652 818 409 819 652 819 547 819 547 820 652 820 548 820 548 821 653 821 550 821 550 822 653 822 654 822 550 823 654 823 551 823 551 824 654 824 411 824 551 825 411 825 410 825 551 826 410 826 552 826 552 827 410 827 414 827 552 828 414 828 553 828 553 829 414 829 655 829 553 830 655 830 554 830 554 831 655 831 656 831 554 832 656 832 555 832 555 833 656 833 417 833 555 834 417 834 657 834 555 835 657 835 556 835 556 836 657 836 658 836 556 837 658 837 557 837 557 838 658 838 659 838 557 839 659 839 660 839 557 840 660 840 558 840 558 841 660 841 419 841 558 842 419 842 560 842 560 843 419 843 418 843 560 844 418 844 561 844 561 845 418 845 562 845 562 846 418 846 422 846 562 847 422 847 563 847 563 848 422 848 424 848 563 849 424 849 564 849 564 850 424 850 661 850 564 851 661 851 565 851 565 852 661 852 662 852 565 853 662 853 567 853 567 854 662 854 663 854 567 855 663 855 569 855 569 856 663 856 664 856 569 857 664 857 571 857 571 858 664 858 665 858 571 859 665 859 572 859 572 860 665 860 666 860 572 861 666 861 573 861 573 862 666 862 667 862 573 863 667 863 575 863 575 864 667 864 426 864 575 865 426 865 576 865 576 866 426 866 429 866 576 867 429 867 578 867 578 868 429 868 431 868 578 869 431 869 579 869 579 870 431 870 668 870 579 871 668 871 580 871 580 872 668 872 583 872 643 873 392 873 669 873 669 874 392 874 395 874 669 875 395 875 670 875 670 876 395 876 671 876 670 877 671 877 672 877 672 878 671 878 673 878 672 879 673 879 674 879 674 880 673 880 675 880 674 881 675 881 676 881 676 882 675 882 437 882 676 883 437 883 677 883 677 884 437 884 436 884 677 885 436 885 678 885 678 886 436 886 517 886 678 887 517 887 679 887 679 888 517 888 516 888 397 889 643 889 398 889 398 890 643 890 669 890 398 891 669 891 680 891 680 892 669 892 670 892 680 893 670 893 681 893 681 894 670 894 672 894 681 895 672 895 682 895 682 896 672 896 674 896 682 897 674 897 439 897 439 898 674 898 676 898 439 899 676 899 440 899 440 900 676 900 677 900 440 901 677 901 494 901 494 902 677 902 678 902 494 903 678 903 495 903 495 904 678 904 679 904 403 905 402 905 683 905 683 906 402 906 650 906 683 907 650 907 684 907 684 908 650 908 649 908 684 909 649 909 685 909 685 910 649 910 648 910 685 911 648 911 686 911 686 912 648 912 647 912 686 913 647 913 687 913 687 914 647 914 646 914 687 915 646 915 688 915 688 916 646 916 645 916 688 917 645 917 401 917 401 918 645 918 644 918 401 919 644 919 400 919 405 920 406 920 407 920 407 921 406 921 689 921 407 922 689 922 408 922 651 923 690 923 652 923 652 924 690 924 653 924 652 925 653 925 548 925 412 926 411 926 690 926 690 927 411 927 654 927 690 928 654 928 653 928 414 929 413 929 655 929 655 930 413 930 691 930 655 931 691 931 656 931 656 932 691 932 415 932 656 933 415 933 417 933 692 934 658 934 416 934 416 935 658 935 657 935 416 936 657 936 417 936 420 937 419 937 693 937 693 938 419 938 660 938 693 939 660 939 692 939 692 940 660 940 659 940 692 941 659 941 658 941 418 942 421 942 422 942 422 943 421 943 694 943 422 944 694 944 423 944 424 945 425 945 661 945 661 946 425 946 695 946 661 947 695 947 662 947 662 948 695 948 696 948 662 949 696 949 663 949 663 950 696 950 697 950 663 951 697 951 664 951 664 952 697 952 698 952 664 953 698 953 665 953 665 954 698 954 699 954 665 955 699 955 666 955 666 956 699 956 700 956 666 957 700 957 667 957 667 958 700 958 427 958 667 959 427 959 426 959 431 960 430 960 668 960 668 961 430 961 701 961 668 962 701 962 583 962 583 963 701 963 702 963 583 964 702 964 585 964 395 965 394 965 671 965 671 966 394 966 526 966 671 967 526 967 673 967 673 968 526 968 525 968 673 969 525 969 675 969 675 970 525 970 524 970 675 971 524 971 437 971 398 972 680 972 399 972 399 973 680 973 703 973 399 974 703 974 401 974 401 975 703 975 704 975 401 976 704 976 688 976 688 977 704 977 705 977 688 978 705 978 687 978 687 979 705 979 706 979 687 980 706 980 686 980 686 981 706 981 707 981 686 982 707 982 685 982 685 983 707 983 708 983 685 984 708 984 684 984 684 985 708 985 709 985 684 986 709 986 683 986 683 987 709 987 710 987 683 988 710 988 403 988 403 989 710 989 711 989 403 990 711 990 404 990 404 991 711 991 712 991 404 992 712 992 406 992 406 993 712 993 713 993 406 994 713 994 689 994 689 995 713 995 714 995 689 996 714 996 408 996 408 997 714 997 715 997 408 998 715 998 651 998 651 999 715 999 716 999 651 1000 716 1000 690 1000 690 1001 716 1001 717 1001 690 1002 717 1002 412 1002 412 1003 717 1003 718 1003 412 1004 718 1004 413 1004 413 1005 718 1005 719 1005 413 1006 719 1006 691 1006 691 1007 719 1007 720 1007 691 1008 720 1008 415 1008 415 1009 720 1009 721 1009 415 1010 721 1010 416 1010 416 1011 721 1011 722 1011 416 1012 722 1012 692 1012 692 1013 722 1013 723 1013 692 1014 723 1014 693 1014 693 1015 723 1015 724 1015 693 1016 724 1016 420 1016 420 1017 724 1017 725 1017 420 1018 725 1018 421 1018 421 1019 725 1019 726 1019 421 1020 726 1020 694 1020 694 1021 726 1021 727 1021 694 1022 727 1022 423 1022 423 1023 727 1023 728 1023 423 1024 728 1024 425 1024 425 1025 728 1025 729 1025 425 1026 729 1026 695 1026 695 1027 729 1027 730 1027 695 1028 730 1028 696 1028 696 1029 730 1029 731 1029 696 1030 731 1030 697 1030 697 1031 731 1031 732 1031 697 1032 732 1032 698 1032 698 1033 732 1033 733 1033 698 1034 733 1034 699 1034 699 1035 733 1035 734 1035 699 1036 734 1036 700 1036 700 1037 734 1037 735 1037 700 1038 735 1038 427 1038 427 1039 735 1039 736 1039 427 1040 736 1040 428 1040 428 1041 736 1041 737 1041 428 1042 737 1042 430 1042 430 1043 737 1043 738 1043 430 1044 738 1044 701 1044 701 1045 738 1045 739 1045 701 1046 739 1046 702 1046 702 1047 739 1047 740 1047 702 1048 740 1048 585 1048 585 1049 740 1049 588 1049 680 1050 681 1050 703 1050 703 1051 681 1051 741 1051 703 1052 741 1052 704 1052 704 1053 741 1053 742 1053 704 1054 742 1054 705 1054 705 1055 742 1055 743 1055 705 1056 743 1056 706 1056 706 1057 743 1057 744 1057 706 1058 744 1058 707 1058 707 1059 744 1059 745 1059 707 1060 745 1060 708 1060 708 1061 745 1061 746 1061 708 1062 746 1062 709 1062 709 1063 746 1063 747 1063 709 1064 747 1064 710 1064 710 1065 747 1065 748 1065 710 1066 748 1066 711 1066 711 1067 748 1067 749 1067 711 1068 749 1068 712 1068 712 1069 749 1069 713 1069 713 1070 749 1070 750 1070 713 1071 750 1071 714 1071 714 1072 750 1072 751 1072 714 1073 751 1073 752 1073 715 1074 714 1074 753 1074 753 1075 714 1075 752 1075 753 1076 752 1076 754 1076 754 1077 752 1077 755 1077 754 1078 755 1078 617 1078 715 1079 753 1079 716 1079 716 1080 753 1080 756 1080 716 1081 756 1081 717 1081 717 1082 756 1082 757 1082 717 1083 757 1083 718 1083 718 1084 757 1084 758 1084 718 1085 758 1085 719 1085 719 1086 758 1086 759 1086 719 1087 759 1087 720 1087 720 1088 759 1088 760 1088 720 1089 760 1089 721 1089 721 1090 760 1090 761 1090 721 1091 761 1091 722 1091 722 1092 761 1092 762 1092 722 1093 762 1093 723 1093 723 1094 762 1094 763 1094 723 1095 763 1095 724 1095 724 1096 763 1096 764 1096 724 1097 764 1097 725 1097 725 1098 764 1098 765 1098 725 1099 765 1099 726 1099 726 1100 765 1100 766 1100 726 1101 766 1101 727 1101 727 1102 766 1102 767 1102 727 1103 767 1103 768 1103 728 1104 727 1104 769 1104 769 1105 727 1105 768 1105 769 1106 768 1106 770 1106 770 1107 768 1107 771 1107 728 1108 769 1108 729 1108 729 1109 769 1109 772 1109 729 1110 772 1110 730 1110 730 1111 772 1111 731 1111 731 1112 772 1112 773 1112 731 1113 773 1113 732 1113 732 1114 773 1114 774 1114 732 1115 774 1115 733 1115 733 1116 774 1116 775 1116 733 1117 775 1117 734 1117 734 1118 775 1118 776 1118 734 1119 776 1119 735 1119 735 1120 776 1120 777 1120 735 1121 777 1121 736 1121 736 1122 777 1122 778 1122 736 1123 778 1123 737 1123 737 1124 778 1124 779 1124 737 1125 779 1125 738 1125 738 1126 779 1126 780 1126 738 1127 780 1127 739 1127 739 1128 780 1128 781 1128 739 1129 781 1129 740 1129 740 1130 781 1130 782 1130 740 1131 782 1131 588 1131 588 1132 782 1132 590 1132 681 1133 682 1133 741 1133 741 1134 682 1134 783 1134 741 1135 783 1135 742 1135 742 1136 783 1136 784 1136 742 1137 784 1137 743 1137 743 1138 784 1138 785 1138 743 1139 785 1139 744 1139 744 1140 785 1140 786 1140 744 1141 786 1141 745 1141 745 1142 786 1142 746 1142 746 1143 786 1143 787 1143 746 1144 787 1144 747 1144 747 1145 787 1145 788 1145 747 1146 788 1146 789 1146 748 1147 747 1147 790 1147 790 1148 747 1148 789 1148 790 1149 789 1149 448 1149 448 1150 789 1150 791 1150 448 1151 791 1151 449 1151 449 1152 791 1152 792 1152 449 1153 792 1153 793 1153 793 1154 792 1154 794 1154 793 1155 794 1155 607 1155 607 1156 794 1156 605 1156 748 1157 790 1157 749 1157 749 1158 790 1158 795 1158 749 1159 795 1159 750 1159 750 1160 795 1160 796 1160 750 1161 796 1161 751 1161 752 1162 751 1162 755 1162 755 1163 751 1163 796 1163 755 1164 796 1164 617 1164 617 1165 796 1165 450 1165 617 1166 450 1166 616 1166 753 1167 754 1167 756 1167 756 1168 754 1168 434 1168 756 1169 434 1169 757 1169 757 1170 434 1170 797 1170 757 1171 797 1171 758 1171 758 1172 797 1172 798 1172 758 1173 798 1173 759 1173 759 1174 798 1174 799 1174 759 1175 799 1175 760 1175 760 1176 799 1176 800 1176 760 1177 800 1177 761 1177 761 1178 800 1178 801 1178 761 1179 801 1179 762 1179 762 1180 801 1180 802 1180 762 1181 802 1181 763 1181 763 1182 802 1182 803 1182 763 1183 803 1183 764 1183 764 1184 803 1184 804 1184 764 1185 804 1185 765 1185 765 1186 804 1186 805 1186 765 1187 805 1187 766 1187 766 1188 805 1188 806 1188 766 1189 806 1189 767 1189 767 1190 806 1190 771 1190 767 1191 771 1191 768 1191 769 1192 770 1192 772 1192 772 1193 770 1193 807 1193 772 1194 807 1194 773 1194 773 1195 807 1195 808 1195 773 1196 808 1196 774 1196 774 1197 808 1197 809 1197 774 1198 809 1198 810 1198 775 1199 774 1199 811 1199 811 1200 774 1200 810 1200 811 1201 810 1201 474 1201 474 1202 810 1202 812 1202 474 1203 812 1203 475 1203 475 1204 812 1204 813 1204 475 1205 813 1205 506 1205 506 1206 813 1206 814 1206 506 1207 814 1207 507 1207 507 1208 814 1208 638 1208 775 1209 811 1209 776 1209 776 1210 811 1210 815 1210 776 1211 815 1211 777 1211 777 1212 815 1212 778 1212 778 1213 815 1213 816 1213 778 1214 816 1214 779 1214 779 1215 816 1215 817 1215 779 1216 817 1216 780 1216 780 1217 817 1217 818 1217 780 1218 818 1218 781 1218 781 1219 818 1219 819 1219 781 1220 819 1220 782 1220 782 1221 819 1221 820 1221 782 1222 820 1222 590 1222 590 1223 820 1223 592 1223 682 1224 439 1224 783 1224 783 1225 439 1225 438 1225 783 1226 438 1226 784 1226 784 1227 438 1227 442 1227 784 1228 442 1228 785 1228 785 1229 442 1229 444 1229 785 1230 444 1230 786 1230 786 1231 444 1231 446 1231 786 1232 446 1232 787 1232 787 1233 446 1233 821 1233 787 1234 821 1234 788 1234 603 1235 605 1235 822 1235 822 1236 605 1236 794 1236 822 1237 794 1237 823 1237 823 1238 794 1238 792 1238 823 1239 792 1239 821 1239 821 1240 792 1240 791 1240 821 1241 791 1241 788 1241 788 1242 791 1242 789 1242 790 1243 448 1243 795 1243 795 1244 448 1244 447 1244 795 1245 447 1245 796 1245 796 1246 447 1246 450 1246 434 1247 754 1247 432 1247 432 1248 754 1248 617 1248 432 1249 617 1249 483 1249 434 1250 433 1250 797 1250 797 1251 433 1251 824 1251 797 1252 824 1252 798 1252 798 1253 824 1253 825 1253 798 1254 825 1254 454 1254 798 1255 454 1255 799 1255 799 1256 454 1256 455 1256 799 1257 455 1257 800 1257 800 1258 455 1258 457 1258 800 1259 457 1259 801 1259 801 1260 457 1260 459 1260 801 1261 459 1261 802 1261 802 1262 459 1262 458 1262 802 1263 458 1263 462 1263 802 1264 462 1264 803 1264 803 1265 462 1265 463 1265 803 1266 463 1266 804 1266 804 1267 463 1267 465 1267 804 1268 465 1268 466 1268 804 1269 466 1269 805 1269 805 1270 466 1270 468 1270 805 1271 468 1271 806 1271 806 1272 468 1272 470 1272 806 1273 470 1273 771 1273 771 1274 470 1274 770 1274 770 1275 470 1275 472 1275 770 1276 472 1276 807 1276 807 1277 472 1277 826 1277 807 1278 826 1278 808 1278 808 1279 826 1279 827 1279 808 1280 827 1280 809 1280 809 1281 827 1281 812 1281 809 1282 812 1282 810 1282 811 1283 474 1283 815 1283 815 1284 474 1284 477 1284 815 1285 477 1285 816 1285 816 1286 477 1286 479 1286 816 1287 479 1287 817 1287 817 1288 479 1288 481 1288 817 1289 481 1289 818 1289 818 1290 481 1290 828 1290 818 1291 828 1291 819 1291 819 1292 828 1292 829 1292 819 1293 829 1293 820 1293 820 1294 829 1294 593 1294 820 1295 593 1295 592 1295 823 1296 821 1296 830 1296 830 1297 821 1297 446 1297 830 1298 446 1298 445 1298 432 1299 483 1299 433 1299 433 1300 483 1300 486 1300 433 1301 486 1301 824 1301 824 1302 486 1302 825 1302 825 1303 486 1303 452 1303 825 1304 452 1304 454 1304 502 1305 503 1305 499 1305 499 1306 503 1306 488 1306 499 1307 488 1307 456 1307 456 1308 488 1308 460 1308 456 1309 460 1309 457 1309 457 1310 460 1310 459 1310 463 1311 462 1311 464 1311 464 1312 462 1312 461 1312 464 1313 461 1313 490 1313 466 1314 465 1314 467 1314 467 1315 465 1315 464 1315 467 1316 464 1316 491 1316 813 1317 812 1317 831 1317 831 1318 812 1318 827 1318 831 1319 827 1319 473 1319 473 1320 827 1320 826 1320 473 1321 826 1321 472 1321 513 1322 593 1322 832 1322 832 1323 593 1323 829 1323 832 1324 829 1324 482 1324 482 1325 829 1325 828 1325 482 1326 828 1326 481 1326 440 1327 494 1327 441 1327 441 1328 494 1328 496 1328 441 1329 496 1329 443 1329 443 1330 496 1330 498 1330 443 1331 498 1331 445 1331 445 1332 498 1332 497 1332 445 1333 497 1333 830 1333 830 1334 497 1334 822 1334 830 1335 822 1335 823 1335 609 1336 610 1336 833 1336 833 1337 610 1337 834 1337 833 1338 834 1338 449 1338 449 1339 834 1339 451 1339 449 1340 451 1340 447 1340 610 1341 612 1341 834 1341 834 1342 612 1342 835 1342 834 1343 835 1343 451 1343 451 1344 835 1344 616 1344 451 1345 616 1345 450 1345 328 1346 500 1346 329 1346 329 1347 500 1347 499 1347 329 1348 499 1348 453 1348 453 1349 499 1349 456 1349 453 1350 456 1350 455 1350 626 1351 628 1351 627 1351 627 1352 628 1352 492 1352 627 1353 492 1353 467 1353 467 1354 492 1354 469 1354 467 1355 469 1355 468 1355 469 1356 493 1356 471 1356 471 1357 493 1357 836 1357 471 1358 836 1358 473 1358 473 1359 836 1359 837 1359 473 1360 837 1360 831 1360 831 1361 837 1361 838 1361 831 1362 838 1362 839 1362 813 1363 831 1363 814 1363 814 1364 831 1364 839 1364 814 1365 839 1365 638 1365 638 1366 839 1366 637 1366 514 1367 513 1367 595 1367 595 1368 513 1368 832 1368 595 1369 832 1369 597 1369 597 1370 832 1370 482 1370 597 1371 482 1371 599 1371 599 1372 482 1372 480 1372 599 1373 480 1373 600 1373 600 1374 480 1374 478 1374 600 1375 478 1375 506 1375 506 1376 478 1376 476 1376 506 1377 476 1377 475 1377 603 1378 822 1378 601 1378 601 1379 822 1379 497 1379 601 1380 497 1380 337 1380 607 1381 609 1381 793 1381 793 1382 609 1382 833 1382 793 1383 833 1383 449 1383 612 1384 614 1384 835 1384 835 1385 614 1385 615 1385 835 1386 615 1386 616 1386 484 1387 339 1387 485 1387 485 1388 339 1388 338 1388 485 1389 338 1389 487 1389 492 1390 628 1390 493 1390 493 1391 628 1391 630 1391 493 1392 630 1392 836 1392 836 1393 630 1393 632 1393 836 1394 632 1394 837 1394 837 1395 632 1395 633 1395 837 1396 633 1396 838 1396 838 1397 633 1397 635 1397 838 1398 635 1398 839 1398 839 1399 635 1399 637 1399 223 1400 840 1400 224 1400 224 1401 840 1401 841 1401 842 1402 843 1402 844 1402 844 1403 843 1403 845 1403 846 1404 847 1404 848 1404 849 1405 848 1405 847 1405 850 1406 847 1406 846 1406 850 1407 846 1407 851 1407 850 1408 851 1408 852 1408 850 1409 852 1409 853 1409 850 1410 853 1410 854 1410 850 1411 854 1411 855 1411 850 1412 855 1412 856 1412 850 1413 856 1413 844 1413 850 1414 844 1414 845 1414 849 1415 847 1415 857 1415 857 1416 847 1416 858 1416 857 1417 858 1417 859 1417 859 1418 858 1418 860 1418 859 1419 860 1419 861 1419 860 1420 862 1420 861 1420 861 1421 862 1421 863 1421 864 1422 865 1422 866 1422 864 1423 866 1423 867 1423 864 1424 867 1424 862 1424 862 1425 867 1425 868 1425 862 1426 868 1426 869 1426 862 1427 869 1427 870 1427 862 1428 870 1428 871 1428 862 1429 871 1429 872 1429 862 1430 872 1430 873 1430 862 1431 873 1431 874 1431 862 1432 874 1432 863 1432 875 1433 876 1433 877 1433 878 1434 877 1434 876 1434 878 1435 876 1435 879 1435 878 1436 879 1436 880 1436 865 1437 864 1437 881 1437 881 1438 864 1438 875 1438 881 1439 875 1439 877 1439 880 1440 879 1440 882 1440 882 1441 879 1441 883 1441 882 1442 883 1442 840 1442 840 1443 883 1443 841 1443 844 1444 856 1444 842 1444 842 1445 856 1445 884 1445 885 1446 252 1446 886 1446 885 1447 253 1447 252 1447 887 1448 888 1448 259 1448 259 1449 257 1449 887 1449 889 1450 890 1450 891 1450 889 1451 891 1451 892 1451 891 1452 890 1452 247 1452 247 1453 259 1453 891 1453 893 1454 894 1454 895 1454 893 1455 895 1455 896 1455 897 1456 898 1456 894 1456 897 1457 894 1457 893 1457 899 1458 900 1458 901 1458 902 1459 900 1459 903 1459 902 1460 903 1460 886 1460 902 1461 886 1461 252 1461 904 1462 905 1462 906 1462 907 1463 908 1463 251 1463 907 1464 251 1464 250 1464 251 1465 908 1465 902 1465 251 1466 902 1466 252 1466 255 1467 284 1467 257 1467 257 1468 284 1468 909 1468 257 1469 909 1469 887 1469 887 1470 892 1470 888 1470 888 1471 892 1471 891 1471 888 1472 891 1472 259 1472 245 1473 247 1473 895 1473 895 1474 247 1474 890 1474 895 1475 890 1475 896 1475 896 1476 890 1476 889 1476 245 1477 895 1477 243 1477 243 1478 895 1478 894 1478 243 1479 894 1479 898 1479 236 1480 243 1480 910 1480 910 1481 243 1481 898 1481 910 1482 898 1482 905 1482 905 1483 898 1483 897 1483 242 1484 236 1484 904 1484 904 1485 236 1485 910 1485 904 1486 910 1486 905 1486 906 1487 911 1487 904 1487 904 1488 911 1488 912 1488 904 1489 912 1489 242 1489 242 1490 912 1490 249 1490 911 1491 913 1491 912 1491 912 1492 913 1492 907 1492 912 1493 907 1493 249 1493 249 1494 907 1494 250 1494 907 1495 913 1495 908 1495 908 1496 913 1496 914 1496 908 1497 914 1497 902 1497 902 1498 914 1498 901 1498 902 1499 901 1499 900 1499 915 1500 916 1500 917 1500 915 1501 918 1501 916 1501 899 1502 919 1502 920 1502 899 1503 901 1503 919 1503 284 1504 921 1504 922 1504 923 1505 924 1505 925 1505 926 1506 927 1506 921 1506 928 1507 929 1507 920 1507 928 1508 920 1508 919 1508 930 1509 931 1509 932 1509 925 1510 933 1510 930 1510 934 1511 916 1511 918 1511 934 1512 918 1512 935 1512 919 1513 901 1513 914 1513 936 1514 920 1514 929 1514 936 1515 929 1515 937 1515 936 1516 937 1516 935 1516 936 1517 935 1517 918 1517 937 1518 929 1518 938 1518 938 1519 929 1519 939 1519 938 1520 939 1520 940 1520 940 1521 939 1521 941 1521 940 1522 941 1522 942 1522 942 1523 941 1523 943 1523 942 1524 943 1524 944 1524 944 1525 943 1525 945 1525 944 1526 945 1526 946 1526 946 1527 945 1527 947 1527 946 1528 947 1528 948 1528 948 1529 947 1529 949 1529 948 1530 949 1530 950 1530 950 1531 949 1531 951 1531 950 1532 951 1532 952 1532 952 1533 951 1533 953 1533 952 1534 953 1534 954 1534 954 1535 953 1535 955 1535 954 1536 955 1536 956 1536 956 1537 955 1537 957 1537 956 1538 957 1538 958 1538 958 1539 957 1539 959 1539 958 1540 959 1540 932 1540 932 1541 959 1541 926 1541 917 1542 916 1542 960 1542 960 1543 916 1543 961 1543 960 1544 961 1544 962 1544 962 1545 961 1545 963 1545 962 1546 963 1546 964 1546 964 1547 963 1547 965 1547 964 1548 965 1548 966 1548 966 1549 965 1549 967 1549 966 1550 967 1550 968 1550 968 1551 967 1551 969 1551 968 1552 969 1552 970 1552 968 1553 970 1553 971 1553 971 1554 970 1554 972 1554 971 1555 972 1555 973 1555 973 1556 972 1556 974 1556 973 1557 974 1557 975 1557 975 1558 974 1558 976 1558 975 1559 976 1559 977 1559 977 1560 976 1560 978 1560 977 1561 978 1561 979 1561 979 1562 978 1562 924 1562 979 1563 924 1563 923 1563 919 1564 914 1564 980 1564 980 1565 914 1565 913 1565 980 1566 913 1566 981 1566 981 1567 913 1567 911 1567 981 1568 911 1568 982 1568 982 1569 911 1569 906 1569 982 1570 906 1570 983 1570 983 1571 906 1571 905 1571 983 1572 905 1572 984 1572 984 1573 905 1573 897 1573 984 1574 897 1574 985 1574 985 1575 897 1575 986 1575 986 1576 897 1576 893 1576 986 1577 893 1577 987 1577 987 1578 893 1578 896 1578 987 1579 896 1579 889 1579 987 1580 889 1580 988 1580 988 1581 889 1581 892 1581 988 1582 892 1582 989 1582 989 1583 892 1583 887 1583 989 1584 887 1584 922 1584 922 1585 887 1585 909 1585 922 1586 909 1586 284 1586 928 1587 919 1587 990 1587 990 1588 919 1588 980 1588 990 1589 980 1589 991 1589 991 1590 980 1590 981 1590 991 1591 981 1591 992 1591 992 1592 981 1592 982 1592 992 1593 982 1593 993 1593 993 1594 982 1594 983 1594 993 1595 983 1595 994 1595 994 1596 983 1596 984 1596 994 1597 984 1597 995 1597 995 1598 984 1598 985 1598 995 1599 985 1599 996 1599 996 1600 985 1600 986 1600 996 1601 986 1601 997 1601 997 1602 986 1602 987 1602 997 1603 987 1603 998 1603 998 1604 987 1604 988 1604 998 1605 988 1605 999 1605 999 1606 988 1606 989 1606 999 1607 989 1607 927 1607 927 1608 989 1608 922 1608 927 1609 922 1609 921 1609 929 1610 928 1610 939 1610 939 1611 928 1611 990 1611 939 1612 990 1612 941 1612 941 1613 990 1613 991 1613 941 1614 991 1614 943 1614 943 1615 991 1615 992 1615 943 1616 992 1616 945 1616 945 1617 992 1617 993 1617 945 1618 993 1618 947 1618 947 1619 993 1619 994 1619 947 1620 994 1620 949 1620 949 1621 994 1621 995 1621 949 1622 995 1622 951 1622 951 1623 995 1623 996 1623 951 1624 996 1624 953 1624 953 1625 996 1625 997 1625 953 1626 997 1626 955 1626 955 1627 997 1627 998 1627 955 1628 998 1628 957 1628 957 1629 998 1629 999 1629 957 1630 999 1630 959 1630 959 1631 999 1631 927 1631 959 1632 927 1632 926 1632 935 1633 937 1633 1000 1633 1000 1634 937 1634 938 1634 1000 1635 938 1635 1001 1635 1001 1636 938 1636 940 1636 1001 1637 940 1637 1002 1637 1002 1638 940 1638 942 1638 1002 1639 942 1639 1003 1639 1003 1640 942 1640 944 1640 1003 1641 944 1641 1004 1641 1004 1642 944 1642 946 1642 1004 1643 946 1643 1005 1643 1005 1644 946 1644 948 1644 1005 1645 948 1645 1006 1645 1006 1646 948 1646 950 1646 1006 1647 950 1647 1007 1647 1007 1648 950 1648 952 1648 1007 1649 952 1649 1008 1649 1008 1650 952 1650 954 1650 1008 1651 954 1651 1009 1651 1009 1652 954 1652 956 1652 1009 1653 956 1653 931 1653 931 1654 956 1654 958 1654 931 1655 958 1655 932 1655 934 1656 935 1656 1010 1656 1010 1657 935 1657 1000 1657 1010 1658 1000 1658 1011 1658 1011 1659 1000 1659 1001 1659 1011 1660 1001 1660 1012 1660 1012 1661 1001 1661 1002 1661 1012 1662 1002 1662 1013 1662 1013 1663 1002 1663 1003 1663 1013 1664 1003 1664 1014 1664 1014 1665 1003 1665 1004 1665 1014 1666 1004 1666 1015 1666 1015 1667 1004 1667 1005 1667 1015 1668 1005 1668 1016 1668 1016 1669 1005 1669 1006 1669 1016 1670 1006 1670 1017 1670 1017 1671 1006 1671 1007 1671 1017 1672 1007 1672 1018 1672 1018 1673 1007 1673 1008 1673 1018 1674 1008 1674 1019 1674 1019 1675 1008 1675 1009 1675 1019 1676 1009 1676 933 1676 933 1677 1009 1677 931 1677 933 1678 931 1678 930 1678 916 1679 934 1679 961 1679 961 1680 934 1680 1010 1680 961 1681 1010 1681 963 1681 963 1682 1010 1682 1011 1682 963 1683 1011 1683 965 1683 965 1684 1011 1684 1012 1684 965 1685 1012 1685 967 1685 967 1686 1012 1686 1013 1686 967 1687 1013 1687 969 1687 969 1688 1013 1688 1014 1688 969 1689 1014 1689 970 1689 970 1690 1014 1690 1015 1690 970 1691 1015 1691 972 1691 972 1692 1015 1692 1016 1692 972 1693 1016 1693 974 1693 974 1694 1016 1694 1017 1694 974 1695 1017 1695 976 1695 976 1696 1017 1696 1018 1696 976 1697 1018 1697 978 1697 978 1698 1018 1698 1019 1698 978 1699 1019 1699 924 1699 924 1700 1019 1700 933 1700 924 1701 933 1701 925 1701 1020 1702 1021 1702 1022 1702 1020 1703 1023 1703 1021 1703 923 1704 1024 1704 1025 1704 1026 1705 1027 1705 1024 1705 915 1706 917 1706 1028 1706 1029 1707 1030 1707 1026 1707 1031 1708 1032 1708 1033 1708 1034 1709 1035 1709 1036 1709 1037 1710 1038 1710 1034 1710 1021 1711 1023 1711 1039 1711 1032 1712 915 1712 1033 1712 1033 1713 915 1713 1028 1713 1033 1714 1028 1714 1040 1714 1040 1715 1028 1715 1041 1715 1040 1716 1041 1716 1042 1716 1042 1717 1041 1717 1043 1717 1042 1718 1043 1718 1044 1718 1044 1719 1043 1719 1045 1719 1044 1720 1045 1720 1046 1720 1046 1721 1045 1721 1047 1721 1046 1722 1047 1722 1048 1722 1048 1723 1047 1723 1049 1723 1048 1724 1049 1724 1050 1724 1050 1725 1049 1725 1051 1725 1050 1726 1051 1726 1052 1726 1052 1727 1051 1727 1053 1727 1052 1728 1053 1728 1054 1728 1054 1729 1053 1729 1055 1729 1054 1730 1055 1730 1056 1730 1056 1731 1055 1731 1057 1731 1056 1732 1057 1732 1058 1732 1058 1733 1057 1733 1059 1733 1058 1734 1059 1734 1027 1734 1027 1735 1059 1735 1025 1735 1027 1736 1025 1736 1024 1736 1060 1737 1032 1737 1061 1737 1061 1738 1032 1738 1031 1738 1061 1739 1031 1739 1062 1739 1062 1740 1031 1740 1063 1740 1062 1741 1063 1741 1064 1741 1064 1742 1063 1742 1065 1742 1064 1743 1065 1743 1066 1743 1066 1744 1065 1744 1067 1744 1066 1745 1067 1745 1068 1745 1068 1746 1067 1746 1069 1746 1068 1747 1069 1747 1070 1747 1070 1748 1069 1748 1071 1748 1070 1749 1071 1749 1072 1749 1072 1750 1071 1750 1073 1750 1072 1751 1073 1751 1074 1751 1074 1752 1073 1752 1075 1752 1074 1753 1075 1753 1076 1753 1076 1754 1075 1754 1077 1754 1076 1755 1077 1755 1078 1755 1078 1756 1077 1756 1079 1756 1078 1757 1079 1757 1080 1757 1080 1758 1079 1758 1081 1758 1080 1759 1081 1759 1082 1759 1082 1760 1081 1760 1030 1760 1082 1761 1030 1761 1029 1761 1029 1762 1036 1762 1082 1762 1082 1763 1036 1763 1083 1763 1082 1764 1083 1764 1080 1764 1080 1765 1083 1765 1084 1765 1080 1766 1084 1766 1078 1766 1078 1767 1084 1767 1085 1767 1078 1768 1085 1768 1076 1768 1076 1769 1085 1769 1086 1769 1076 1770 1086 1770 1074 1770 1074 1771 1086 1771 1087 1771 1074 1772 1087 1772 1072 1772 1072 1773 1087 1773 1088 1773 1072 1774 1088 1774 1070 1774 1070 1775 1088 1775 1089 1775 1070 1776 1089 1776 1068 1776 1068 1777 1089 1777 1090 1777 1068 1778 1090 1778 1066 1778 1066 1779 1090 1779 1091 1779 1066 1780 1091 1780 1064 1780 1064 1781 1091 1781 1092 1781 1064 1782 1092 1782 1062 1782 1062 1783 1092 1783 1093 1783 1062 1784 1093 1784 1061 1784 1061 1785 1093 1785 1094 1785 1061 1786 1094 1786 1060 1786 1023 1787 1060 1787 1039 1787 1039 1788 1060 1788 1094 1788 1039 1789 1094 1789 1095 1789 1095 1790 1094 1790 1093 1790 1095 1791 1093 1791 1096 1791 1096 1792 1093 1792 1092 1792 1096 1793 1092 1793 1097 1793 1097 1794 1092 1794 1091 1794 1097 1795 1091 1795 1098 1795 1098 1796 1091 1796 1090 1796 1098 1797 1090 1797 1099 1797 1099 1798 1090 1798 1089 1798 1099 1799 1089 1799 1100 1799 1100 1800 1089 1800 1088 1800 1100 1801 1088 1801 1101 1801 1101 1802 1088 1802 1087 1802 1101 1803 1087 1803 1102 1803 1102 1804 1087 1804 1086 1804 1102 1805 1086 1805 1103 1805 1103 1806 1086 1806 1085 1806 1103 1807 1085 1807 1104 1807 1104 1808 1085 1808 1084 1808 1104 1809 1084 1809 1035 1809 1035 1810 1084 1810 1083 1810 1035 1811 1083 1811 1036 1811 1022 1812 1021 1812 1105 1812 1105 1813 1021 1813 1106 1813 1105 1814 1106 1814 1107 1814 1107 1815 1106 1815 1108 1815 1107 1816 1108 1816 1109 1816 1109 1817 1108 1817 1110 1817 1109 1818 1110 1818 1111 1818 1111 1819 1110 1819 1112 1819 1111 1820 1112 1820 1113 1820 1113 1821 1112 1821 1114 1821 1113 1822 1114 1822 1115 1822 1113 1823 1115 1823 1116 1823 1116 1824 1115 1824 1117 1824 1116 1825 1117 1825 1118 1825 1118 1826 1117 1826 1119 1826 1118 1827 1119 1827 1120 1827 1120 1828 1119 1828 1121 1828 1120 1829 1121 1829 1122 1829 1122 1830 1121 1830 1123 1830 1122 1831 1123 1831 1124 1831 1124 1832 1123 1832 1038 1832 1124 1833 1038 1833 1125 1833 1125 1834 1038 1834 1037 1834 1028 1835 917 1835 1041 1835 1041 1836 917 1836 960 1836 1041 1837 960 1837 1043 1837 1043 1838 960 1838 962 1838 1043 1839 962 1839 1045 1839 1045 1840 962 1840 964 1840 1045 1841 964 1841 1047 1841 1047 1842 964 1842 966 1842 1047 1843 966 1843 1049 1843 1049 1844 966 1844 968 1844 1049 1845 968 1845 1051 1845 1051 1846 968 1846 1053 1846 1053 1847 968 1847 971 1847 1053 1848 971 1848 1055 1848 1055 1849 971 1849 973 1849 1055 1850 973 1850 1057 1850 1057 1851 973 1851 975 1851 1057 1852 975 1852 1059 1852 1059 1853 975 1853 977 1853 1059 1854 977 1854 1025 1854 1025 1855 977 1855 979 1855 1025 1856 979 1856 923 1856 1031 1857 1033 1857 1063 1857 1063 1858 1033 1858 1040 1858 1063 1859 1040 1859 1065 1859 1065 1860 1040 1860 1042 1860 1065 1861 1042 1861 1067 1861 1067 1862 1042 1862 1044 1862 1067 1863 1044 1863 1069 1863 1069 1864 1044 1864 1046 1864 1069 1865 1046 1865 1071 1865 1071 1866 1046 1866 1048 1866 1071 1867 1048 1867 1073 1867 1073 1868 1048 1868 1050 1868 1073 1869 1050 1869 1075 1869 1075 1870 1050 1870 1052 1870 1075 1871 1052 1871 1077 1871 1077 1872 1052 1872 1054 1872 1077 1873 1054 1873 1079 1873 1079 1874 1054 1874 1056 1874 1079 1875 1056 1875 1081 1875 1081 1876 1056 1876 1058 1876 1081 1877 1058 1877 1030 1877 1030 1878 1058 1878 1027 1878 1030 1879 1027 1879 1026 1879 1021 1880 1039 1880 1106 1880 1106 1881 1039 1881 1095 1881 1106 1882 1095 1882 1108 1882 1108 1883 1095 1883 1096 1883 1108 1884 1096 1884 1110 1884 1110 1885 1096 1885 1097 1885 1110 1886 1097 1886 1112 1886 1112 1887 1097 1887 1098 1887 1112 1888 1098 1888 1114 1888 1114 1889 1098 1889 1099 1889 1114 1890 1099 1890 1115 1890 1115 1891 1099 1891 1100 1891 1115 1892 1100 1892 1117 1892 1117 1893 1100 1893 1101 1893 1117 1894 1101 1894 1119 1894 1119 1895 1101 1895 1102 1895 1119 1896 1102 1896 1121 1896 1121 1897 1102 1897 1103 1897 1121 1898 1103 1898 1123 1898 1123 1899 1103 1899 1104 1899 1123 1900 1104 1900 1038 1900 1038 1901 1104 1901 1035 1901 1038 1902 1035 1902 1034 1902 1126 1903 1127 1903 1128 1903 1126 1904 1129 1904 1127 1904 1020 1905 1130 1905 1131 1905 1020 1906 1022 1906 1130 1906 1125 1907 1132 1907 1133 1907 1134 1908 1135 1908 1136 1908 1137 1909 1138 1909 1132 1909 1139 1910 1140 1910 1131 1910 1139 1911 1131 1911 1130 1911 1141 1912 1142 1912 1143 1912 1136 1913 1144 1913 1141 1913 1145 1914 1127 1914 1129 1914 1145 1915 1129 1915 1146 1915 1147 1916 1131 1916 1140 1916 1147 1917 1140 1917 1148 1917 1147 1918 1148 1918 1146 1918 1147 1919 1146 1919 1129 1919 1148 1920 1140 1920 1149 1920 1149 1921 1140 1921 1150 1921 1149 1922 1150 1922 1151 1922 1151 1923 1150 1923 1152 1923 1151 1924 1152 1924 1153 1924 1153 1925 1152 1925 1154 1925 1153 1926 1154 1926 1155 1926 1155 1927 1154 1927 1156 1927 1155 1928 1156 1928 1157 1928 1157 1929 1156 1929 1158 1929 1157 1930 1158 1930 1159 1930 1159 1931 1158 1931 1160 1931 1159 1932 1160 1932 1161 1932 1161 1933 1160 1933 1162 1933 1161 1934 1162 1934 1163 1934 1163 1935 1162 1935 1164 1935 1163 1936 1164 1936 1165 1936 1165 1937 1164 1937 1166 1937 1165 1938 1166 1938 1167 1938 1167 1939 1166 1939 1168 1939 1167 1940 1168 1940 1169 1940 1169 1941 1168 1941 1170 1941 1169 1942 1170 1942 1143 1942 1143 1943 1170 1943 1137 1943 1128 1944 1127 1944 1171 1944 1171 1945 1127 1945 1172 1945 1171 1946 1172 1946 1173 1946 1173 1947 1172 1947 1174 1947 1173 1948 1174 1948 1175 1948 1175 1949 1174 1949 1176 1949 1175 1950 1176 1950 1177 1950 1177 1951 1176 1951 1178 1951 1177 1952 1178 1952 1179 1952 1179 1953 1178 1953 1180 1953 1179 1954 1180 1954 1181 1954 1179 1955 1181 1955 1182 1955 1182 1956 1181 1956 1183 1956 1182 1957 1183 1957 1184 1957 1184 1958 1183 1958 1185 1958 1184 1959 1185 1959 1186 1959 1186 1960 1185 1960 1187 1960 1186 1961 1187 1961 1188 1961 1188 1962 1187 1962 1189 1962 1188 1963 1189 1963 1190 1963 1190 1964 1189 1964 1135 1964 1190 1965 1135 1965 1134 1965 1130 1966 1022 1966 1191 1966 1191 1967 1022 1967 1105 1967 1191 1968 1105 1968 1192 1968 1192 1969 1105 1969 1107 1969 1192 1970 1107 1970 1193 1970 1193 1971 1107 1971 1109 1971 1193 1972 1109 1972 1194 1972 1194 1973 1109 1973 1111 1973 1194 1974 1111 1974 1195 1974 1195 1975 1111 1975 1113 1975 1195 1976 1113 1976 1196 1976 1196 1977 1113 1977 1197 1977 1197 1978 1113 1978 1116 1978 1197 1979 1116 1979 1198 1979 1198 1980 1116 1980 1118 1980 1198 1981 1118 1981 1199 1981 1199 1982 1118 1982 1120 1982 1199 1983 1120 1983 1200 1983 1200 1984 1120 1984 1122 1984 1200 1985 1122 1985 1133 1985 1133 1986 1122 1986 1124 1986 1133 1987 1124 1987 1125 1987 1139 1988 1130 1988 1201 1988 1201 1989 1130 1989 1191 1989 1201 1990 1191 1990 1202 1990 1202 1991 1191 1991 1192 1991 1202 1992 1192 1992 1203 1992 1203 1993 1192 1993 1193 1993 1203 1994 1193 1994 1204 1994 1204 1995 1193 1995 1194 1995 1204 1996 1194 1996 1205 1996 1205 1997 1194 1997 1195 1997 1205 1998 1195 1998 1206 1998 1206 1999 1195 1999 1196 1999 1206 2000 1196 2000 1207 2000 1207 2001 1196 2001 1197 2001 1207 2002 1197 2002 1208 2002 1208 2003 1197 2003 1198 2003 1208 2004 1198 2004 1209 2004 1209 2005 1198 2005 1199 2005 1209 2006 1199 2006 1210 2006 1210 2007 1199 2007 1200 2007 1210 2008 1200 2008 1138 2008 1138 2009 1200 2009 1133 2009 1138 2010 1133 2010 1132 2010 1140 2011 1139 2011 1150 2011 1150 2012 1139 2012 1201 2012 1150 2013 1201 2013 1152 2013 1152 2014 1201 2014 1202 2014 1152 2015 1202 2015 1154 2015 1154 2016 1202 2016 1203 2016 1154 2017 1203 2017 1156 2017 1156 2018 1203 2018 1204 2018 1156 2019 1204 2019 1158 2019 1158 2020 1204 2020 1205 2020 1158 2021 1205 2021 1160 2021 1160 2022 1205 2022 1206 2022 1160 2023 1206 2023 1162 2023 1162 2024 1206 2024 1207 2024 1162 2025 1207 2025 1164 2025 1164 2026 1207 2026 1208 2026 1164 2027 1208 2027 1166 2027 1166 2028 1208 2028 1209 2028 1166 2029 1209 2029 1168 2029 1168 2030 1209 2030 1210 2030 1168 2031 1210 2031 1170 2031 1170 2032 1210 2032 1138 2032 1170 2033 1138 2033 1137 2033 1146 2034 1148 2034 1211 2034 1211 2035 1148 2035 1149 2035 1211 2036 1149 2036 1212 2036 1212 2037 1149 2037 1151 2037 1212 2038 1151 2038 1213 2038 1213 2039 1151 2039 1153 2039 1213 2040 1153 2040 1214 2040 1214 2041 1153 2041 1155 2041 1214 2042 1155 2042 1215 2042 1215 2043 1155 2043 1157 2043 1215 2044 1157 2044 1216 2044 1216 2045 1157 2045 1159 2045 1216 2046 1159 2046 1217 2046 1217 2047 1159 2047 1161 2047 1217 2048 1161 2048 1218 2048 1218 2049 1161 2049 1163 2049 1218 2050 1163 2050 1219 2050 1219 2051 1163 2051 1165 2051 1219 2052 1165 2052 1220 2052 1220 2053 1165 2053 1167 2053 1220 2054 1167 2054 1142 2054 1142 2055 1167 2055 1169 2055 1142 2056 1169 2056 1143 2056 1145 2057 1146 2057 1221 2057 1221 2058 1146 2058 1211 2058 1221 2059 1211 2059 1222 2059 1222 2060 1211 2060 1212 2060 1222 2061 1212 2061 1223 2061 1223 2062 1212 2062 1213 2062 1223 2063 1213 2063 1224 2063 1224 2064 1213 2064 1214 2064 1224 2065 1214 2065 1225 2065 1225 2066 1214 2066 1215 2066 1225 2067 1215 2067 1226 2067 1226 2068 1215 2068 1216 2068 1226 2069 1216 2069 1227 2069 1227 2070 1216 2070 1217 2070 1227 2071 1217 2071 1228 2071 1228 2072 1217 2072 1218 2072 1228 2073 1218 2073 1229 2073 1229 2074 1218 2074 1219 2074 1229 2075 1219 2075 1230 2075 1230 2076 1219 2076 1220 2076 1230 2077 1220 2077 1144 2077 1144 2078 1220 2078 1142 2078 1144 2079 1142 2079 1141 2079 1127 2080 1145 2080 1172 2080 1172 2081 1145 2081 1221 2081 1172 2082 1221 2082 1174 2082 1174 2083 1221 2083 1222 2083 1174 2084 1222 2084 1176 2084 1176 2085 1222 2085 1223 2085 1176 2086 1223 2086 1178 2086 1178 2087 1223 2087 1224 2087 1178 2088 1224 2088 1180 2088 1180 2089 1224 2089 1225 2089 1180 2090 1225 2090 1181 2090 1181 2091 1225 2091 1226 2091 1181 2092 1226 2092 1183 2092 1183 2093 1226 2093 1227 2093 1183 2094 1227 2094 1185 2094 1185 2095 1227 2095 1228 2095 1185 2096 1228 2096 1187 2096 1187 2097 1228 2097 1229 2097 1187 2098 1229 2098 1189 2098 1189 2099 1229 2099 1230 2099 1189 2100 1230 2100 1135 2100 1135 2101 1230 2101 1144 2101 1135 2102 1144 2102 1136 2102 1134 2103 1231 2103 1232 2103 1233 2104 1234 2104 1235 2104 1236 2105 1237 2105 1238 2105 1236 2106 1239 2106 1237 2106 1240 2107 1241 2107 1231 2107 1126 2108 1128 2108 1242 2108 1243 2109 1244 2109 1245 2109 1246 2110 1247 2110 1248 2110 1235 2111 1249 2111 1246 2111 1250 2112 1251 2112 1252 2112 1237 2113 1239 2113 1253 2113 1238 2114 1237 2114 1254 2114 1244 2115 1126 2115 1245 2115 1245 2116 1126 2116 1242 2116 1245 2117 1242 2117 1255 2117 1255 2118 1242 2118 1256 2118 1255 2119 1256 2119 1257 2119 1257 2120 1256 2120 1258 2120 1257 2121 1258 2121 1259 2121 1259 2122 1258 2122 1260 2122 1259 2123 1260 2123 1261 2123 1261 2124 1260 2124 1262 2124 1261 2125 1262 2125 1263 2125 1263 2126 1262 2126 1264 2126 1263 2127 1264 2127 1265 2127 1265 2128 1264 2128 1266 2128 1265 2129 1266 2129 1267 2129 1267 2130 1266 2130 1268 2130 1267 2131 1268 2131 1269 2131 1269 2132 1268 2132 1270 2132 1269 2133 1270 2133 1271 2133 1271 2134 1270 2134 1272 2134 1271 2135 1272 2135 1273 2135 1273 2136 1272 2136 1274 2136 1273 2137 1274 2137 1241 2137 1241 2138 1274 2138 1232 2138 1241 2139 1232 2139 1231 2139 1250 2140 1244 2140 1251 2140 1251 2141 1244 2141 1243 2141 1251 2142 1243 2142 1275 2142 1275 2143 1243 2143 1276 2143 1275 2144 1276 2144 1277 2144 1277 2145 1276 2145 1278 2145 1277 2146 1278 2146 1279 2146 1279 2147 1278 2147 1280 2147 1279 2148 1280 2148 1281 2148 1281 2149 1280 2149 1282 2149 1281 2150 1282 2150 1283 2150 1283 2151 1282 2151 1284 2151 1283 2152 1284 2152 1285 2152 1285 2153 1284 2153 1286 2153 1285 2154 1286 2154 1287 2154 1287 2155 1286 2155 1288 2155 1287 2156 1288 2156 1289 2156 1289 2157 1288 2157 1290 2157 1289 2158 1290 2158 1291 2158 1291 2159 1290 2159 1292 2159 1291 2160 1292 2160 1293 2160 1293 2161 1292 2161 1294 2161 1293 2162 1294 2162 1295 2162 1295 2163 1294 2163 1296 2163 1295 2164 1296 2164 1248 2164 1248 2165 1296 2165 1240 2165 1239 2166 1250 2166 1253 2166 1253 2167 1250 2167 1252 2167 1253 2168 1252 2168 1297 2168 1297 2169 1252 2169 1298 2169 1297 2170 1298 2170 1299 2170 1299 2171 1298 2171 1300 2171 1299 2172 1300 2172 1301 2172 1301 2173 1300 2173 1302 2173 1301 2174 1302 2174 1303 2174 1303 2175 1302 2175 1304 2175 1303 2176 1304 2176 1305 2176 1305 2177 1304 2177 1306 2177 1305 2178 1306 2178 1307 2178 1307 2179 1306 2179 1308 2179 1307 2180 1308 2180 1309 2180 1309 2181 1308 2181 1310 2181 1309 2182 1310 2182 1311 2182 1311 2183 1310 2183 1312 2183 1311 2184 1312 2184 1313 2184 1313 2185 1312 2185 1314 2185 1313 2186 1314 2186 1315 2186 1315 2187 1314 2187 1316 2187 1315 2188 1316 2188 1249 2188 1249 2189 1316 2189 1247 2189 1249 2190 1247 2190 1246 2190 1254 2191 1237 2191 1317 2191 1317 2192 1237 2192 1318 2192 1317 2193 1318 2193 1319 2193 1319 2194 1318 2194 1320 2194 1319 2195 1320 2195 1321 2195 1321 2196 1320 2196 1322 2196 1321 2197 1322 2197 1323 2197 1323 2198 1322 2198 1324 2198 1323 2199 1324 2199 1325 2199 1325 2200 1324 2200 1326 2200 1325 2201 1326 2201 1327 2201 1325 2202 1327 2202 1328 2202 1328 2203 1327 2203 1329 2203 1328 2204 1329 2204 1330 2204 1330 2205 1329 2205 1331 2205 1330 2206 1331 2206 1332 2206 1332 2207 1331 2207 1333 2207 1333 2208 1331 2208 1334 2208 1333 2209 1334 2209 1335 2209 1335 2210 1334 2210 1336 2210 1335 2211 1336 2211 1337 2211 1337 2212 1336 2212 1234 2212 1337 2213 1234 2213 1233 2213 1242 2214 1128 2214 1256 2214 1256 2215 1128 2215 1171 2215 1256 2216 1171 2216 1258 2216 1258 2217 1171 2217 1173 2217 1258 2218 1173 2218 1260 2218 1260 2219 1173 2219 1175 2219 1260 2220 1175 2220 1262 2220 1262 2221 1175 2221 1177 2221 1262 2222 1177 2222 1264 2222 1264 2223 1177 2223 1179 2223 1264 2224 1179 2224 1266 2224 1266 2225 1179 2225 1268 2225 1268 2226 1179 2226 1182 2226 1268 2227 1182 2227 1270 2227 1270 2228 1182 2228 1184 2228 1270 2229 1184 2229 1272 2229 1272 2230 1184 2230 1186 2230 1272 2231 1186 2231 1274 2231 1274 2232 1186 2232 1188 2232 1274 2233 1188 2233 1232 2233 1232 2234 1188 2234 1190 2234 1232 2235 1190 2235 1134 2235 1243 2236 1245 2236 1276 2236 1276 2237 1245 2237 1255 2237 1276 2238 1255 2238 1278 2238 1278 2239 1255 2239 1257 2239 1278 2240 1257 2240 1280 2240 1280 2241 1257 2241 1259 2241 1280 2242 1259 2242 1282 2242 1282 2243 1259 2243 1261 2243 1282 2244 1261 2244 1284 2244 1284 2245 1261 2245 1263 2245 1284 2246 1263 2246 1286 2246 1286 2247 1263 2247 1265 2247 1286 2248 1265 2248 1288 2248 1288 2249 1265 2249 1267 2249 1288 2250 1267 2250 1290 2250 1290 2251 1267 2251 1269 2251 1290 2252 1269 2252 1292 2252 1292 2253 1269 2253 1271 2253 1292 2254 1271 2254 1294 2254 1294 2255 1271 2255 1273 2255 1294 2256 1273 2256 1296 2256 1296 2257 1273 2257 1241 2257 1296 2258 1241 2258 1240 2258 1252 2259 1251 2259 1298 2259 1298 2260 1251 2260 1275 2260 1298 2261 1275 2261 1300 2261 1300 2262 1275 2262 1277 2262 1300 2263 1277 2263 1302 2263 1302 2264 1277 2264 1279 2264 1302 2265 1279 2265 1304 2265 1304 2266 1279 2266 1281 2266 1304 2267 1281 2267 1306 2267 1306 2268 1281 2268 1283 2268 1306 2269 1283 2269 1308 2269 1308 2270 1283 2270 1285 2270 1308 2271 1285 2271 1310 2271 1310 2272 1285 2272 1287 2272 1310 2273 1287 2273 1312 2273 1312 2274 1287 2274 1289 2274 1312 2275 1289 2275 1314 2275 1314 2276 1289 2276 1291 2276 1314 2277 1291 2277 1316 2277 1316 2278 1291 2278 1293 2278 1316 2279 1293 2279 1247 2279 1247 2280 1293 2280 1295 2280 1247 2281 1295 2281 1248 2281 1237 2282 1253 2282 1318 2282 1318 2283 1253 2283 1297 2283 1318 2284 1297 2284 1320 2284 1320 2285 1297 2285 1299 2285 1320 2286 1299 2286 1322 2286 1322 2287 1299 2287 1301 2287 1322 2288 1301 2288 1324 2288 1324 2289 1301 2289 1303 2289 1324 2290 1303 2290 1326 2290 1326 2291 1303 2291 1305 2291 1326 2292 1305 2292 1327 2292 1327 2293 1305 2293 1307 2293 1327 2294 1307 2294 1329 2294 1329 2295 1307 2295 1309 2295 1329 2296 1309 2296 1331 2296 1331 2297 1309 2297 1311 2297 1331 2298 1311 2298 1334 2298 1334 2299 1311 2299 1313 2299 1334 2300 1313 2300 1336 2300 1336 2301 1313 2301 1315 2301 1336 2302 1315 2302 1234 2302 1234 2303 1315 2303 1249 2303 1234 2304 1249 2304 1235 2304 1338 2305 1339 2305 1340 2305 1338 2306 1340 2306 1341 2306 1342 2307 1321 2307 1323 2307 1343 2308 1344 2308 1345 2308 1343 2309 1345 2309 1346 2309 1236 2310 1238 2310 1346 2310 1233 2311 1347 2311 1337 2311 1338 2312 1348 2312 1339 2312 1349 2313 1350 2313 1351 2313 1350 2314 1352 2314 1351 2314 1353 2315 1354 2315 1355 2315 1353 2316 1355 2316 1356 2316 1335 2317 1337 2317 1357 2317 1357 2318 1337 2318 1347 2318 1357 2319 1347 2319 1340 2319 1340 2320 1347 2320 1358 2320 1340 2321 1358 2321 1341 2321 1341 2322 1358 2322 1359 2322 1360 2323 1361 2323 1362 2323 1362 2324 1361 2324 1363 2324 1362 2325 1363 2325 1364 2325 1364 2326 1363 2326 1365 2326 1364 2327 1365 2327 1348 2327 1348 2328 1365 2328 1366 2328 1348 2329 1366 2329 1339 2329 1330 2330 1367 2330 1328 2330 1328 2331 1367 2331 1351 2331 1328 2332 1351 2332 1325 2332 1325 2333 1351 2333 1352 2333 1325 2334 1352 2334 1323 2334 1323 2335 1352 2335 1368 2335 1323 2336 1368 2336 1342 2336 1360 2337 1369 2337 1370 2337 1370 2338 1369 2338 1371 2338 1370 2339 1371 2339 1372 2339 1372 2340 1371 2340 1373 2340 1372 2341 1373 2341 1374 2341 1374 2342 1373 2342 1375 2342 1374 2343 1375 2343 1342 2343 1342 2344 1375 2344 1376 2344 1342 2345 1376 2345 1321 2345 1354 2346 1377 2346 1355 2346 1355 2347 1377 2347 1378 2347 1355 2348 1378 2348 1344 2348 1347 2349 1233 2349 1358 2349 1358 2350 1233 2350 1379 2350 1358 2351 1379 2351 1359 2351 1357 2352 1340 2352 1380 2352 1380 2353 1340 2353 1381 2353 1380 2354 1381 2354 1367 2354 1367 2355 1381 2355 1382 2355 1367 2356 1330 2356 1380 2356 1380 2357 1330 2357 1332 2357 1380 2358 1332 2358 1357 2358 1357 2359 1332 2359 1333 2359 1357 2360 1333 2360 1335 2360 1366 2361 1382 2361 1339 2361 1339 2362 1382 2362 1381 2362 1339 2363 1381 2363 1340 2363 1366 2364 1365 2364 1382 2364 1382 2365 1365 2365 1349 2365 1382 2366 1349 2366 1367 2366 1367 2367 1349 2367 1351 2367 1365 2368 1363 2368 1349 2368 1349 2369 1363 2369 1383 2369 1349 2370 1383 2370 1350 2370 1363 2371 1361 2371 1383 2371 1383 2372 1361 2372 1384 2372 1383 2373 1384 2373 1350 2373 1350 2374 1384 2374 1385 2374 1350 2375 1385 2375 1352 2375 1352 2376 1385 2376 1368 2376 1342 2377 1368 2377 1374 2377 1374 2378 1368 2378 1385 2378 1374 2379 1385 2379 1372 2379 1372 2380 1385 2380 1384 2380 1372 2381 1384 2381 1370 2381 1370 2382 1384 2382 1361 2382 1370 2383 1361 2383 1360 2383 1369 2384 1386 2384 1371 2384 1371 2385 1386 2385 1387 2385 1371 2386 1387 2386 1373 2386 1373 2387 1387 2387 1388 2387 1373 2388 1388 2388 1375 2388 1375 2389 1388 2389 1389 2389 1375 2390 1389 2390 1376 2390 1376 2391 1389 2391 1390 2391 1376 2392 1390 2392 1321 2392 1321 2393 1390 2393 1319 2393 1386 2394 1391 2394 1387 2394 1387 2395 1391 2395 1392 2395 1387 2396 1392 2396 1388 2396 1388 2397 1392 2397 1393 2397 1388 2398 1393 2398 1389 2398 1389 2399 1393 2399 1394 2399 1389 2400 1394 2400 1390 2400 1390 2401 1394 2401 1395 2401 1390 2402 1395 2402 1319 2402 1319 2403 1395 2403 1317 2403 1391 2404 1354 2404 1392 2404 1392 2405 1354 2405 1353 2405 1392 2406 1353 2406 1393 2406 1393 2407 1353 2407 1356 2407 1393 2408 1356 2408 1394 2408 1395 2409 1394 2409 1396 2409 1396 2410 1394 2410 1356 2410 1396 2411 1356 2411 1343 2411 1343 2412 1356 2412 1355 2412 1343 2413 1355 2413 1344 2413 1317 2414 1395 2414 1254 2414 1254 2415 1395 2415 1396 2415 1254 2416 1396 2416 1238 2416 1238 2417 1396 2417 1343 2417 1238 2418 1343 2418 1346 2418 1377 2419 1397 2419 1398 2419 1377 2420 1354 2420 1397 2420 1399 2421 1362 2421 1364 2421 1360 2422 1362 2422 1400 2422 1401 2423 1400 2423 1362 2423 1401 2424 1362 2424 1399 2424 1402 2425 1403 2425 1404 2425 1359 2426 1405 2426 1341 2426 1406 2427 1364 2427 1348 2427 1401 2428 1399 2428 1407 2428 1400 2429 1401 2429 1408 2429 1409 2430 1397 2430 1354 2430 1410 2431 1369 2431 1360 2431 1410 2432 1360 2432 1400 2432 1410 2433 1400 2433 1408 2433 1410 2434 1408 2434 1411 2434 1410 2435 1411 2435 1412 2435 1413 2436 1412 2436 1414 2436 1414 2437 1412 2437 1411 2437 1414 2438 1411 2438 1415 2438 1415 2439 1411 2439 1416 2439 1415 2440 1416 2440 1417 2440 1417 2441 1416 2441 1418 2441 1417 2442 1418 2442 1419 2442 1419 2443 1418 2443 1420 2443 1421 2444 1398 2444 1422 2444 1422 2445 1398 2445 1397 2445 1422 2446 1397 2446 1423 2446 1423 2447 1397 2447 1409 2447 1423 2448 1409 2448 1424 2448 1424 2449 1409 2449 1425 2449 1426 2450 1403 2450 1427 2450 1427 2451 1403 2451 1402 2451 1427 2452 1402 2452 1428 2452 1428 2453 1402 2453 1379 2453 1404 2454 1405 2454 1402 2454 1402 2455 1405 2455 1359 2455 1402 2456 1359 2456 1379 2456 1426 2457 1429 2457 1403 2457 1403 2458 1429 2458 1430 2458 1403 2459 1430 2459 1404 2459 1404 2460 1430 2460 1431 2460 1404 2461 1431 2461 1405 2461 1405 2462 1431 2462 1432 2462 1405 2463 1432 2463 1341 2463 1341 2464 1432 2464 1338 2464 1429 2465 1419 2465 1430 2465 1430 2466 1419 2466 1420 2466 1430 2467 1420 2467 1431 2467 1431 2468 1420 2468 1433 2468 1431 2469 1433 2469 1432 2469 1432 2470 1433 2470 1406 2470 1432 2471 1406 2471 1338 2471 1338 2472 1406 2472 1348 2472 1420 2473 1418 2473 1433 2473 1433 2474 1418 2474 1407 2474 1433 2475 1407 2475 1406 2475 1406 2476 1407 2476 1399 2476 1406 2477 1399 2477 1364 2477 1411 2478 1408 2478 1416 2478 1416 2479 1408 2479 1401 2479 1416 2480 1401 2480 1418 2480 1418 2481 1401 2481 1407 2481 1413 2482 1434 2482 1412 2482 1412 2483 1434 2483 1424 2483 1412 2484 1424 2484 1410 2484 1410 2485 1424 2485 1425 2485 1410 2486 1425 2486 1369 2486 1369 2487 1425 2487 1386 2487 1424 2488 1434 2488 1423 2488 1423 2489 1434 2489 1435 2489 1423 2490 1435 2490 1422 2490 1386 2491 1425 2491 1391 2491 1391 2492 1425 2492 1409 2492 1391 2493 1409 2493 1354 2493 266 2494 1436 2494 1437 2494 265 2495 1436 2495 266 2495 275 2496 1438 2496 281 2496 281 2497 1438 2497 1439 2497 281 2498 1439 2498 282 2498 273 2499 1440 2499 274 2499 274 2500 1440 2500 1438 2500 274 2501 1438 2501 275 2501 270 2502 1441 2502 271 2502 271 2503 1441 2503 1442 2503 271 2504 1442 2504 272 2504 272 2505 1442 2505 1440 2505 272 2506 1440 2506 273 2506 268 2507 1443 2507 269 2507 269 2508 1443 2508 1441 2508 269 2509 1441 2509 270 2509 266 2510 1437 2510 267 2510 267 2511 1437 2511 1443 2511 267 2512 1443 2512 268 2512 262 2513 1444 2513 263 2513 263 2514 1444 2514 1445 2514 263 2515 1445 2515 264 2515 264 2516 1445 2516 1436 2516 264 2517 1436 2517 265 2517 1446 2518 1447 2518 1448 2518 1446 2519 1449 2519 1447 2519 1450 2520 1451 2520 1452 2520 1453 2521 1451 2521 1450 2521 1454 2522 1453 2522 1450 2522 1454 2523 1455 2523 1453 2523 1447 2524 1456 2524 1448 2524 1448 2525 1456 2525 1457 2525 1448 2526 1457 2526 1458 2526 1451 2527 1459 2527 1452 2527 1452 2528 1459 2528 1449 2528 1452 2529 1449 2529 1446 2529 1460 2530 1461 2530 1462 2530 1462 2531 1461 2531 1463 2531 1462 2532 1463 2532 1464 2532 1464 2533 1463 2533 1455 2533 1464 2534 1455 2534 1454 2534 1465 2535 1466 2535 1467 2535 1465 2536 1467 2536 1468 2536 1465 2537 1468 2537 1469 2537 1465 2538 1469 2538 1470 2538 1465 2539 1470 2539 1471 2539 1465 2540 1471 2540 1472 2540 1465 2541 1472 2541 1473 2541 1465 2542 1473 2542 1474 2542 1465 2543 1474 2543 1475 2543 1465 2544 1475 2544 1476 2544 1477 2545 1478 2545 1479 2545 1478 2546 1480 2546 1479 2546 1481 2547 1482 2547 1483 2547 1482 2548 1484 2548 1483 2548 1485 2549 1486 2549 1487 2549 1469 2550 1488 2550 1470 2550 1488 2551 1489 2551 1470 2551 1486 2552 1490 2552 1491 2552 1491 2553 1492 2553 1493 2553 1481 2554 1494 2554 1495 2554 1482 2555 1481 2555 1495 2555 1493 2556 1496 2556 1497 2556 1497 2557 1498 2557 1499 2557 1499 2558 1500 2558 1501 2558 1502 2559 1503 2559 1504 2559 1504 2560 1505 2560 1502 2560 1506 2561 1480 2561 1507 2561 1478 2562 1508 2562 1480 2562 1507 2563 1480 2563 1508 2563 1477 2564 1509 2564 1510 2564 1511 2565 1469 2565 1468 2565 1509 2566 1512 2566 1513 2566 1514 2567 1515 2567 1489 2567 1511 2568 1488 2568 1469 2568 1467 2569 1501 2569 1516 2569 1467 2570 1516 2570 1517 2570 1467 2571 1517 2571 1468 2571 1518 2572 1506 2572 1503 2572 1518 2573 1503 2573 1502 2573 1518 2574 1502 2574 1519 2574 1518 2575 1519 2575 1494 2575 1518 2576 1494 2576 1481 2576 1520 2577 1515 2577 1514 2577 1520 2578 1514 2578 1521 2578 1520 2579 1521 2579 1513 2579 1520 2580 1513 2580 1512 2580 1501 2581 1500 2581 1522 2581 1522 2582 1500 2582 1523 2582 1522 2583 1523 2583 1524 2583 1524 2584 1523 2584 1525 2584 1524 2585 1525 2585 1526 2585 1526 2586 1525 2586 1527 2586 1526 2587 1527 2587 1528 2587 1528 2588 1527 2588 1529 2588 1528 2589 1529 2589 1530 2589 1530 2590 1529 2590 1531 2590 1530 2591 1531 2591 1507 2591 1507 2592 1531 2592 1503 2592 1507 2593 1503 2593 1506 2593 1468 2594 1517 2594 1532 2594 1532 2595 1517 2595 1533 2595 1532 2596 1533 2596 1534 2596 1534 2597 1533 2597 1535 2597 1534 2598 1535 2598 1536 2598 1536 2599 1535 2599 1537 2599 1536 2600 1537 2600 1510 2600 1510 2601 1537 2601 1478 2601 1510 2602 1478 2602 1477 2602 1468 2603 1532 2603 1511 2603 1511 2604 1532 2604 1534 2604 1511 2605 1534 2605 1521 2605 1521 2606 1534 2606 1536 2606 1521 2607 1536 2607 1513 2607 1513 2608 1536 2608 1510 2608 1513 2609 1510 2609 1509 2609 1487 2610 1538 2610 1485 2610 1485 2611 1538 2611 1539 2611 1485 2612 1539 2612 1540 2612 1540 2613 1539 2613 1541 2613 1540 2614 1541 2614 1542 2614 1542 2615 1541 2615 1543 2615 1542 2616 1543 2616 1544 2616 1544 2617 1543 2617 1545 2617 1544 2618 1545 2618 1546 2618 1546 2619 1545 2619 1547 2619 1546 2620 1547 2620 1548 2620 1548 2621 1547 2621 1549 2621 1548 2622 1549 2622 1550 2622 1550 2623 1549 2623 1484 2623 1550 2624 1484 2624 1482 2624 1486 2625 1485 2625 1490 2625 1490 2626 1485 2626 1540 2626 1490 2627 1540 2627 1551 2627 1551 2628 1540 2628 1542 2628 1551 2629 1542 2629 1552 2629 1552 2630 1542 2630 1544 2630 1552 2631 1544 2631 1553 2631 1553 2632 1544 2632 1546 2632 1553 2633 1546 2633 1554 2633 1554 2634 1546 2634 1548 2634 1554 2635 1548 2635 1555 2635 1555 2636 1548 2636 1550 2636 1555 2637 1550 2637 1556 2637 1556 2638 1550 2638 1482 2638 1556 2639 1482 2639 1495 2639 1491 2640 1490 2640 1492 2640 1492 2641 1490 2641 1551 2641 1492 2642 1551 2642 1557 2642 1557 2643 1551 2643 1552 2643 1557 2644 1552 2644 1558 2644 1558 2645 1552 2645 1553 2645 1558 2646 1553 2646 1559 2646 1559 2647 1553 2647 1554 2647 1559 2648 1554 2648 1560 2648 1560 2649 1554 2649 1555 2649 1560 2650 1555 2650 1561 2650 1561 2651 1555 2651 1556 2651 1561 2652 1556 2652 1562 2652 1562 2653 1556 2653 1495 2653 1562 2654 1495 2654 1494 2654 1493 2655 1492 2655 1563 2655 1563 2656 1492 2656 1557 2656 1563 2657 1557 2657 1564 2657 1564 2658 1557 2658 1558 2658 1564 2659 1558 2659 1565 2659 1565 2660 1558 2660 1559 2660 1565 2661 1559 2661 1566 2661 1566 2662 1559 2662 1560 2662 1566 2663 1560 2663 1567 2663 1567 2664 1560 2664 1561 2664 1567 2665 1561 2665 1568 2665 1568 2666 1561 2666 1562 2666 1568 2667 1562 2667 1569 2667 1569 2668 1562 2668 1494 2668 1569 2669 1494 2669 1519 2669 1493 2670 1563 2670 1496 2670 1496 2671 1563 2671 1564 2671 1496 2672 1564 2672 1570 2672 1570 2673 1564 2673 1565 2673 1570 2674 1565 2674 1571 2674 1571 2675 1565 2675 1566 2675 1571 2676 1566 2676 1572 2676 1572 2677 1566 2677 1567 2677 1572 2678 1567 2678 1573 2678 1573 2679 1567 2679 1568 2679 1573 2680 1568 2680 1574 2680 1574 2681 1568 2681 1569 2681 1574 2682 1569 2682 1505 2682 1505 2683 1569 2683 1519 2683 1505 2684 1519 2684 1502 2684 1497 2685 1496 2685 1498 2685 1498 2686 1496 2686 1570 2686 1498 2687 1570 2687 1575 2687 1575 2688 1570 2688 1571 2688 1575 2689 1571 2689 1576 2689 1576 2690 1571 2690 1572 2690 1576 2691 1572 2691 1577 2691 1577 2692 1572 2692 1573 2692 1577 2693 1573 2693 1578 2693 1578 2694 1573 2694 1574 2694 1578 2695 1574 2695 1579 2695 1579 2696 1574 2696 1505 2696 1579 2697 1505 2697 1504 2697 1499 2698 1498 2698 1500 2698 1500 2699 1498 2699 1575 2699 1500 2700 1575 2700 1523 2700 1523 2701 1575 2701 1576 2701 1523 2702 1576 2702 1525 2702 1525 2703 1576 2703 1577 2703 1525 2704 1577 2704 1527 2704 1527 2705 1577 2705 1578 2705 1527 2706 1578 2706 1529 2706 1529 2707 1578 2707 1579 2707 1529 2708 1579 2708 1531 2708 1531 2709 1579 2709 1504 2709 1531 2710 1504 2710 1503 2710 1501 2711 1522 2711 1516 2711 1516 2712 1522 2712 1524 2712 1516 2713 1524 2713 1580 2713 1580 2714 1524 2714 1526 2714 1580 2715 1526 2715 1581 2715 1581 2716 1526 2716 1528 2716 1581 2717 1528 2717 1582 2717 1582 2718 1528 2718 1530 2718 1582 2719 1530 2719 1583 2719 1583 2720 1530 2720 1507 2720 1583 2721 1507 2721 1508 2721 1508 2722 1478 2722 1583 2722 1583 2723 1478 2723 1537 2723 1583 2724 1537 2724 1582 2724 1582 2725 1537 2725 1535 2725 1582 2726 1535 2726 1581 2726 1581 2727 1535 2727 1533 2727 1581 2728 1533 2728 1580 2728 1580 2729 1533 2729 1517 2729 1580 2730 1517 2730 1516 2730 1489 2731 1488 2731 1514 2731 1514 2732 1488 2732 1511 2732 1514 2733 1511 2733 1521 2733 1584 2734 1585 2734 1586 2734 1584 2735 1586 2735 1587 2735 1584 2736 1587 2736 1588 2736 1584 2737 1588 2737 1589 2737 1588 2738 1590 2738 1591 2738 1588 2739 1591 2739 1592 2739 1588 2740 1592 2740 1593 2740 1588 2741 1593 2741 1594 2741 1588 2742 1594 2742 1595 2742 1588 2743 1595 2743 1596 2743 1588 2744 1596 2744 1597 2744 1588 2745 1597 2745 1598 2745 1588 2746 1598 2746 1599 2746 1588 2747 1599 2747 1600 2747 1588 2748 1600 2748 1589 2748 1595 2749 1601 2749 1602 2749 1603 2750 1593 2750 1592 2750 1592 2751 1604 2751 1603 2751 1599 2752 1605 2752 1600 2752 1600 2753 1605 2753 1606 2753 1600 2754 1606 2754 1589 2754 1597 2755 1607 2755 1598 2755 1598 2756 1607 2756 1605 2756 1598 2757 1605 2757 1599 2757 1595 2758 1602 2758 1596 2758 1596 2759 1602 2759 1607 2759 1596 2760 1607 2760 1597 2760 1595 2761 1594 2761 1601 2761 1601 2762 1594 2762 1593 2762 1601 2763 1593 2763 1603 2763 1592 2764 1591 2764 1604 2764 1604 2765 1591 2765 1590 2765 1604 2766 1590 2766 1608 2766 1483 2767 1609 2767 1481 2767 1481 2768 1609 2768 1610 2768 1481 2769 1610 2769 1518 2769 1518 2770 1610 2770 1608 2770 1611 2771 1612 2771 1585 2771 1611 2772 1585 2772 1584 2772 1611 2773 1584 2773 1613 2773 1611 2774 1613 2774 1614 2774 1611 2775 1614 2775 1615 2775 1616 2776 1617 2776 1618 2776 1618 2777 1617 2777 1619 2777 1618 2778 1619 2778 1620 2778 1620 2779 1619 2779 1621 2779 1620 2780 1621 2780 1622 2780 1622 2781 1621 2781 1623 2781 1622 2782 1623 2782 1624 2782 1624 2783 1623 2783 1625 2783 1624 2784 1625 2784 1626 2784 1626 2785 1625 2785 1627 2785 1626 2786 1627 2786 1628 2786 1629 2787 1626 2787 1630 2787 1630 2788 1626 2788 1628 2788 1630 2789 1628 2789 1631 2789 1631 2790 1628 2790 1632 2790 1631 2791 1632 2791 1633 2791 1633 2792 1632 2792 1634 2792 1633 2793 1634 2793 1635 2793 1635 2794 1634 2794 1636 2794 1635 2795 1636 2795 1637 2795 1637 2796 1636 2796 1638 2796 1637 2797 1638 2797 1639 2797 1639 2798 1638 2798 1640 2798 1639 2799 1640 2799 1641 2799 1641 2800 1640 2800 1642 2800 1641 2801 1642 2801 1643 2801 1643 2802 1642 2802 1644 2802 1643 2803 1644 2803 1645 2803 1645 2804 1644 2804 1646 2804 1645 2805 1646 2805 1614 2805 1614 2806 1646 2806 1615 2806 1585 2807 1612 2807 1647 2807 1647 2808 1612 2808 1648 2808 1647 2809 1648 2809 1649 2809 1649 2810 1648 2810 1650 2810 1649 2811 1650 2811 1651 2811 1651 2812 1650 2812 1652 2812 1651 2813 1652 2813 1653 2813 1653 2814 1652 2814 1654 2814 1653 2815 1654 2815 1655 2815 1655 2816 1654 2816 1656 2816 1657 2817 1658 2817 1659 2817 1660 2818 1661 2818 1662 2818 1661 2819 1663 2819 1662 2819 1664 2820 1665 2820 1458 2820 1665 2821 1448 2821 1458 2821 1666 2822 1657 2822 1462 2822 1664 2823 1663 2823 1667 2823 1665 2824 1664 2824 1667 2824 1667 2825 1663 2825 1661 2825 1659 2826 1658 2826 1668 2826 1668 2827 1658 2827 1669 2827 1668 2828 1669 2828 1670 2828 1670 2829 1669 2829 1671 2829 1670 2830 1671 2830 1672 2830 1672 2831 1671 2831 1673 2831 1672 2832 1673 2832 1674 2832 1674 2833 1673 2833 1675 2833 1674 2834 1675 2834 1676 2834 1676 2835 1675 2835 1661 2835 1676 2836 1661 2836 1660 2836 1462 2837 1464 2837 1666 2837 1666 2838 1464 2838 1454 2838 1666 2839 1454 2839 1677 2839 1677 2840 1454 2840 1450 2840 1677 2841 1450 2841 1678 2841 1678 2842 1450 2842 1452 2842 1678 2843 1452 2843 1679 2843 1679 2844 1452 2844 1446 2844 1679 2845 1446 2845 1680 2845 1680 2846 1446 2846 1448 2846 1680 2847 1448 2847 1665 2847 1657 2848 1666 2848 1681 2848 1681 2849 1666 2849 1677 2849 1681 2850 1677 2850 1682 2850 1682 2851 1677 2851 1678 2851 1682 2852 1678 2852 1683 2852 1683 2853 1678 2853 1679 2853 1683 2854 1679 2854 1684 2854 1684 2855 1679 2855 1680 2855 1684 2856 1680 2856 1685 2856 1685 2857 1680 2857 1665 2857 1685 2858 1665 2858 1667 2858 1657 2859 1681 2859 1658 2859 1658 2860 1681 2860 1682 2860 1658 2861 1682 2861 1669 2861 1669 2862 1682 2862 1683 2862 1669 2863 1683 2863 1671 2863 1671 2864 1683 2864 1684 2864 1671 2865 1684 2865 1673 2865 1673 2866 1684 2866 1685 2866 1673 2867 1685 2867 1675 2867 1675 2868 1685 2868 1667 2868 1675 2869 1667 2869 1661 2869 1686 2870 1687 2870 1439 2870 1688 2871 1689 2871 1690 2871 1691 2872 1692 2872 1693 2872 1692 2873 1694 2873 1693 2873 1687 2874 1695 2874 1696 2874 1696 2875 1697 2875 1688 2875 1694 2876 1692 2876 1698 2876 1699 2877 1694 2877 1698 2877 1444 2878 1694 2878 1699 2878 1444 2879 1699 2879 1700 2879 1444 2880 1700 2880 1445 2880 1690 2881 1689 2881 1701 2881 1701 2882 1689 2882 1702 2882 1701 2883 1702 2883 1703 2883 1703 2884 1702 2884 1704 2884 1703 2885 1704 2885 1705 2885 1705 2886 1704 2886 1706 2886 1705 2887 1706 2887 1707 2887 1707 2888 1706 2888 1708 2888 1707 2889 1708 2889 1709 2889 1709 2890 1708 2890 1710 2890 1709 2891 1710 2891 1711 2891 1711 2892 1710 2892 1712 2892 1711 2893 1712 2893 1713 2893 1713 2894 1712 2894 1692 2894 1713 2895 1692 2895 1691 2895 1439 2896 1438 2896 1686 2896 1686 2897 1438 2897 1440 2897 1686 2898 1440 2898 1714 2898 1714 2899 1440 2899 1442 2899 1714 2900 1442 2900 1715 2900 1715 2901 1442 2901 1441 2901 1715 2902 1441 2902 1716 2902 1716 2903 1441 2903 1443 2903 1716 2904 1443 2904 1717 2904 1717 2905 1443 2905 1437 2905 1717 2906 1437 2906 1718 2906 1718 2907 1437 2907 1436 2907 1718 2908 1436 2908 1719 2908 1719 2909 1436 2909 1445 2909 1719 2910 1445 2910 1700 2910 1687 2911 1686 2911 1695 2911 1695 2912 1686 2912 1714 2912 1695 2913 1714 2913 1720 2913 1720 2914 1714 2914 1715 2914 1720 2915 1715 2915 1721 2915 1721 2916 1715 2916 1716 2916 1721 2917 1716 2917 1722 2917 1722 2918 1716 2918 1717 2918 1722 2919 1717 2919 1723 2919 1723 2920 1717 2920 1718 2920 1723 2921 1718 2921 1724 2921 1724 2922 1718 2922 1719 2922 1724 2923 1719 2923 1725 2923 1725 2924 1719 2924 1700 2924 1725 2925 1700 2925 1699 2925 1696 2926 1695 2926 1697 2926 1697 2927 1695 2927 1720 2927 1697 2928 1720 2928 1726 2928 1726 2929 1720 2929 1721 2929 1726 2930 1721 2930 1727 2930 1727 2931 1721 2931 1722 2931 1727 2932 1722 2932 1728 2932 1728 2933 1722 2933 1723 2933 1728 2934 1723 2934 1729 2934 1729 2935 1723 2935 1724 2935 1729 2936 1724 2936 1730 2936 1730 2937 1724 2937 1725 2937 1730 2938 1725 2938 1731 2938 1731 2939 1725 2939 1699 2939 1731 2940 1699 2940 1698 2940 1688 2941 1697 2941 1689 2941 1689 2942 1697 2942 1726 2942 1689 2943 1726 2943 1702 2943 1702 2944 1726 2944 1727 2944 1702 2945 1727 2945 1704 2945 1704 2946 1727 2946 1728 2946 1704 2947 1728 2947 1706 2947 1706 2948 1728 2948 1729 2948 1706 2949 1729 2949 1708 2949 1708 2950 1729 2950 1730 2950 1708 2951 1730 2951 1710 2951 1710 2952 1730 2952 1731 2952 1710 2953 1731 2953 1712 2953 1712 2954 1731 2954 1698 2954 1712 2955 1698 2955 1692 2955 1707 2956 1541 2956 1705 2956 1705 2957 1541 2957 1539 2957 1705 2958 1539 2958 1703 2958 1703 2959 1539 2959 1538 2959 1703 2960 1538 2960 1701 2960 1701 2961 1538 2961 1487 2961 1701 2962 1487 2962 1690 2962 1541 2963 1707 2963 1543 2963 1543 2964 1707 2964 1709 2964 1543 2965 1709 2965 1545 2965 1545 2966 1709 2966 1711 2966 1545 2967 1711 2967 1547 2967 1547 2968 1711 2968 1713 2968 1547 2969 1713 2969 1549 2969 1549 2970 1713 2970 1691 2970 1549 2971 1691 2971 1484 2971 1484 2972 1691 2972 1693 2972 1484 2973 1693 2973 1483 2973 1732 2974 1676 2974 1733 2974 1733 2975 1676 2975 1660 2975 1733 2976 1660 2976 1734 2976 1734 2977 1660 2977 1662 2977 1734 2978 1662 2978 1735 2978 1676 2979 1732 2979 1674 2979 1674 2980 1732 2980 1736 2980 1674 2981 1736 2981 1672 2981 1672 2982 1736 2982 1737 2982 1672 2983 1737 2983 1670 2983 1670 2984 1737 2984 1738 2984 1670 2985 1738 2985 1668 2985 1668 2986 1738 2986 1609 2986 1668 2987 1609 2987 1659 2987 1610 2988 1739 2988 1608 2988 1605 2989 1740 2989 1606 2989 1740 2990 1741 2990 1606 2990 1742 2991 1743 2991 1735 2991 1743 2992 1734 2992 1735 2992 1744 2993 1610 2993 1609 2993 1742 2994 1741 2994 1745 2994 1743 2995 1742 2995 1745 2995 1745 2996 1741 2996 1740 2996 1608 2997 1739 2997 1604 2997 1604 2998 1739 2998 1746 2998 1604 2999 1746 2999 1603 2999 1603 3000 1746 3000 1747 3000 1603 3001 1747 3001 1601 3001 1601 3002 1747 3002 1748 3002 1601 3003 1748 3003 1602 3003 1602 3004 1748 3004 1749 3004 1602 3005 1749 3005 1607 3005 1607 3006 1749 3006 1740 3006 1607 3007 1740 3007 1605 3007 1609 3008 1738 3008 1744 3008 1744 3009 1738 3009 1737 3009 1744 3010 1737 3010 1750 3010 1750 3011 1737 3011 1736 3011 1750 3012 1736 3012 1751 3012 1751 3013 1736 3013 1732 3013 1751 3014 1732 3014 1752 3014 1752 3015 1732 3015 1733 3015 1752 3016 1733 3016 1753 3016 1753 3017 1733 3017 1734 3017 1753 3018 1734 3018 1743 3018 1610 3019 1744 3019 1754 3019 1754 3020 1744 3020 1750 3020 1754 3021 1750 3021 1755 3021 1755 3022 1750 3022 1751 3022 1755 3023 1751 3023 1756 3023 1756 3024 1751 3024 1752 3024 1756 3025 1752 3025 1757 3025 1757 3026 1752 3026 1753 3026 1757 3027 1753 3027 1758 3027 1758 3028 1753 3028 1743 3028 1758 3029 1743 3029 1745 3029 1610 3030 1754 3030 1739 3030 1739 3031 1754 3031 1755 3031 1739 3032 1755 3032 1746 3032 1746 3033 1755 3033 1756 3033 1746 3034 1756 3034 1747 3034 1747 3035 1756 3035 1757 3035 1747 3036 1757 3036 1748 3036 1748 3037 1757 3037 1758 3037 1748 3038 1758 3038 1749 3038 1749 3039 1758 3039 1745 3039 1749 3040 1745 3040 1740 3040 1466 3041 1759 3041 1760 3041 1466 3042 1465 3042 1759 3042 1761 3043 1762 3043 1763 3043 1761 3044 1764 3044 1762 3044 283 3045 1765 3045 276 3045 283 3046 1766 3046 1765 3046 1766 3047 1767 3047 1765 3047 1768 3048 1769 3048 1767 3048 1768 3049 1767 3049 1766 3049 1770 3050 1771 3050 1769 3050 1770 3051 1769 3051 1768 3051 1772 3052 1773 3052 1771 3052 1772 3053 1771 3053 1770 3053 1774 3054 1775 3054 1773 3054 1774 3055 1773 3055 1772 3055 1774 3056 1776 3056 1777 3056 1774 3057 1777 3057 1775 3057 1777 3058 1776 3058 1778 3058 1779 3059 1780 3059 1778 3059 1779 3060 1778 3060 1776 3060 1781 3061 1782 3061 1780 3061 1781 3062 1780 3062 1779 3062 1783 3063 1764 3063 1782 3063 1783 3064 1782 3064 1781 3064 1762 3065 1764 3065 1783 3065 1762 3066 1784 3066 1763 3066 1784 3067 1785 3067 1786 3067 1786 3068 1763 3068 1784 3068 1786 3069 1785 3069 1787 3069 1788 3070 1789 3070 1787 3070 1788 3071 1787 3071 1785 3071 1790 3072 1791 3072 1789 3072 1790 3073 1789 3073 1788 3073 1792 3074 1793 3074 1791 3074 1792 3075 1791 3075 1790 3075 1792 3076 1794 3076 1795 3076 1792 3077 1795 3077 1793 3077 1794 3078 1796 3078 1797 3078 1797 3079 1795 3079 1794 3079 1796 3080 1798 3080 1799 3080 1799 3081 1797 3081 1796 3081 1798 3082 1800 3082 1801 3082 1801 3083 1799 3083 1798 3083 1800 3084 1760 3084 1802 3084 1802 3085 1801 3085 1800 3085 1759 3086 1802 3086 1760 3086 29 3087 1803 3087 119 3087 29 3088 75 3088 1803 3088 57 3089 1804 3089 59 3089 57 3090 1805 3090 1804 3090 1806 3091 1807 3091 1808 3091 1809 3092 1810 3092 1811 3092 1809 3093 1811 3093 1806 3093 1812 3094 1813 3094 1810 3094 1812 3095 1810 3095 1809 3095 1814 3096 1813 3096 1812 3096 1815 3097 1816 3097 1817 3097 1818 3098 1819 3098 1820 3098 1820 3099 1819 3099 1821 3099 105 3100 106 3100 1822 3100 59 3101 1804 3101 1823 3101 59 3102 1823 3102 61 3102 61 3103 1823 3103 1824 3103 61 3104 1824 3104 63 3104 1824 3105 1825 3105 63 3105 65 3106 63 3106 1825 3106 1825 3107 1826 3107 65 3107 69 3108 1827 3108 1828 3108 69 3109 1828 3109 71 3109 71 3110 1828 3110 1829 3110 71 3111 1829 3111 73 3111 1829 3112 1830 3112 73 3112 75 3113 73 3113 1830 3113 1830 3114 1803 3114 75 3114 1831 3115 1832 3115 1833 3115 1832 3116 1817 3116 1833 3116 1834 3117 1833 3117 1817 3117 1817 3118 1835 3118 1834 3118 1836 3119 1820 3119 1837 3119 1837 3120 1820 3120 1838 3120 1837 3121 1838 3121 1839 3121 67 3122 65 3122 1826 3122 67 3123 1826 3123 1840 3123 67 3124 1840 3124 1827 3124 67 3125 1827 3125 69 3125 111 3126 1841 3126 109 3126 109 3127 1841 3127 1842 3127 109 3128 1842 3128 107 3128 107 3129 1842 3129 1843 3129 107 3130 1843 3130 106 3130 106 3131 1843 3131 1844 3131 106 3132 1844 3132 1822 3132 1810 3133 1813 3133 1845 3133 1845 3134 1813 3134 1846 3134 1845 3135 1846 3135 1832 3135 1832 3136 1846 3136 1815 3136 1832 3137 1815 3137 1817 3137 1817 3138 1816 3138 1835 3138 1835 3139 1816 3139 1847 3139 1835 3140 1847 3140 1848 3140 1848 3141 1847 3141 1849 3141 1848 3142 1849 3142 1850 3142 1850 3143 1849 3143 1851 3143 1850 3144 1851 3144 1852 3144 1852 3145 1851 3145 1853 3145 1852 3146 1853 3146 1818 3146 1818 3147 1853 3147 1854 3147 1818 3148 1854 3148 1819 3148 1822 3149 1844 3149 1855 3149 1855 3150 1844 3150 1856 3150 1855 3151 1856 3151 1821 3151 1821 3152 1856 3152 1838 3152 1821 3153 1838 3153 1820 3153 1805 3154 1857 3154 1804 3154 1804 3155 1857 3155 1858 3155 1804 3156 1858 3156 1823 3156 1823 3157 1858 3157 1859 3157 1823 3158 1859 3158 1824 3158 1824 3159 1859 3159 1860 3159 1824 3160 1860 3160 1825 3160 1825 3161 1860 3161 1861 3161 1825 3162 1861 3162 1826 3162 1826 3163 1861 3163 1862 3163 1826 3164 1862 3164 1840 3164 1840 3165 1862 3165 1863 3165 1840 3166 1863 3166 1827 3166 1827 3167 1863 3167 1864 3167 1827 3168 1864 3168 1828 3168 1828 3169 1864 3169 1865 3169 1828 3170 1865 3170 1829 3170 1829 3171 1865 3171 1866 3171 1829 3172 1866 3172 1830 3172 1830 3173 1866 3173 1867 3173 1830 3174 1867 3174 1803 3174 1803 3175 1867 3175 1868 3175 1803 3176 1868 3176 119 3176 119 3177 1868 3177 117 3177 1857 3178 1869 3178 1858 3178 1858 3179 1869 3179 1870 3179 1858 3180 1870 3180 1859 3180 1859 3181 1870 3181 1871 3181 1859 3182 1871 3182 1860 3182 1860 3183 1871 3183 1872 3183 1860 3184 1872 3184 1861 3184 1861 3185 1872 3185 1873 3185 1861 3186 1873 3186 1862 3186 1862 3187 1873 3187 1874 3187 1862 3188 1874 3188 1863 3188 1863 3189 1874 3189 1875 3189 1863 3190 1875 3190 1864 3190 1864 3191 1875 3191 1876 3191 1864 3192 1876 3192 1865 3192 1865 3193 1876 3193 1877 3193 1865 3194 1877 3194 1866 3194 1866 3195 1877 3195 1878 3195 1866 3196 1878 3196 1867 3196 1867 3197 1878 3197 1879 3197 1867 3198 1879 3198 1868 3198 1868 3199 1879 3199 1880 3199 1868 3200 1880 3200 117 3200 117 3201 1880 3201 115 3201 1869 3202 1881 3202 1870 3202 1870 3203 1881 3203 1882 3203 1870 3204 1882 3204 1871 3204 1871 3205 1882 3205 1883 3205 1871 3206 1883 3206 1872 3206 1872 3207 1883 3207 1884 3207 1872 3208 1884 3208 1873 3208 1873 3209 1884 3209 1885 3209 1873 3210 1885 3210 1874 3210 1874 3211 1885 3211 1886 3211 1874 3212 1886 3212 1875 3212 1875 3213 1886 3213 1887 3213 1875 3214 1887 3214 1876 3214 1876 3215 1887 3215 1888 3215 1876 3216 1888 3216 1877 3216 1877 3217 1888 3217 1889 3217 1877 3218 1889 3218 1878 3218 1878 3219 1889 3219 1890 3219 1878 3220 1890 3220 1879 3220 1879 3221 1890 3221 1891 3221 1879 3222 1891 3222 1880 3222 1880 3223 1891 3223 1892 3223 1880 3224 1892 3224 115 3224 115 3225 1892 3225 113 3225 1881 3226 1808 3226 1882 3226 1882 3227 1808 3227 1893 3227 1882 3228 1893 3228 1883 3228 1883 3229 1893 3229 1894 3229 1883 3230 1894 3230 1884 3230 1884 3231 1894 3231 1895 3231 1884 3232 1895 3232 1885 3232 1885 3233 1895 3233 1896 3233 1885 3234 1896 3234 1886 3234 1886 3235 1896 3235 1897 3235 1886 3236 1897 3236 1887 3236 1887 3237 1897 3237 1898 3237 1887 3238 1898 3238 1888 3238 1888 3239 1898 3239 1899 3239 1888 3240 1899 3240 1889 3240 1889 3241 1899 3241 1900 3241 1889 3242 1900 3242 1890 3242 1890 3243 1900 3243 1901 3243 1890 3244 1901 3244 1891 3244 1891 3245 1901 3245 1902 3245 1891 3246 1902 3246 1892 3246 1892 3247 1902 3247 1841 3247 1892 3248 1841 3248 113 3248 113 3249 1841 3249 111 3249 1842 3250 1841 3250 1903 3250 1903 3251 1841 3251 1902 3251 1903 3252 1902 3252 1904 3252 1904 3253 1902 3253 1901 3253 1904 3254 1901 3254 1905 3254 1905 3255 1901 3255 1900 3255 1905 3256 1900 3256 1906 3256 1906 3257 1900 3257 1899 3257 1906 3258 1899 3258 1907 3258 1907 3259 1899 3259 1898 3259 1907 3260 1898 3260 1908 3260 1908 3261 1898 3261 1897 3261 1908 3262 1897 3262 1909 3262 1909 3263 1897 3263 1896 3263 1909 3264 1896 3264 1910 3264 1910 3265 1896 3265 1895 3265 1910 3266 1895 3266 1911 3266 1911 3267 1895 3267 1894 3267 1911 3268 1894 3268 1807 3268 1807 3269 1894 3269 1893 3269 1807 3270 1893 3270 1808 3270 1843 3271 1842 3271 1839 3271 1839 3272 1842 3272 1903 3272 1839 3273 1903 3273 1837 3273 1837 3274 1903 3274 1904 3274 1837 3275 1904 3275 1836 3275 1836 3276 1904 3276 1905 3276 1836 3277 1905 3277 1912 3277 1912 3278 1905 3278 1906 3278 1912 3279 1906 3279 1913 3279 1913 3280 1906 3280 1907 3280 1913 3281 1907 3281 1914 3281 1914 3282 1907 3282 1908 3282 1914 3283 1908 3283 1834 3283 1834 3284 1908 3284 1909 3284 1834 3285 1909 3285 1833 3285 1833 3286 1909 3286 1910 3286 1833 3287 1910 3287 1831 3287 1831 3288 1910 3288 1911 3288 1831 3289 1911 3289 1811 3289 1811 3290 1911 3290 1807 3290 1811 3291 1807 3291 1806 3291 1811 3292 1810 3292 1831 3292 1831 3293 1810 3293 1845 3293 1831 3294 1845 3294 1832 3294 1834 3295 1835 3295 1914 3295 1914 3296 1835 3296 1848 3296 1914 3297 1848 3297 1913 3297 1913 3298 1848 3298 1850 3298 1913 3299 1850 3299 1912 3299 1912 3300 1850 3300 1852 3300 1912 3301 1852 3301 1836 3301 1836 3302 1852 3302 1818 3302 1836 3303 1818 3303 1820 3303 1844 3304 1843 3304 1856 3304 1856 3305 1843 3305 1839 3305 1856 3306 1839 3306 1838 3306 128 3307 1915 3307 1916 3307 128 3308 1916 3308 1917 3308 128 3309 1917 3309 171 3309 1821 3310 1819 3310 1918 3310 1821 3311 1918 3311 1919 3311 1821 3312 1919 3312 1920 3312 1821 3313 1920 3313 1921 3313 1821 3314 1921 3314 1855 3314 1915 3315 128 3315 1922 3315 1922 3316 128 3316 103 3316 1922 3317 103 3317 1923 3317 1923 3318 103 3318 79 3318 1923 3319 79 3319 1924 3319 1924 3320 79 3320 94 3320 1924 3321 94 3321 1925 3321 1925 3322 94 3322 92 3322 1925 3323 92 3323 1926 3323 1926 3324 92 3324 91 3324 1926 3325 91 3325 1927 3325 1927 3326 91 3326 104 3326 1927 3327 104 3327 1928 3327 1928 3328 104 3328 87 3328 1928 3329 87 3329 1929 3329 1929 3330 87 3330 85 3330 1929 3331 85 3331 1930 3331 1930 3332 85 3332 83 3332 1930 3333 83 3333 1931 3333 1931 3334 83 3334 82 3334 1931 3335 82 3335 1932 3335 1932 3336 82 3336 105 3336 1932 3337 105 3337 1822 3337 1932 3338 1822 3338 1933 3338 1933 3339 1822 3339 1855 3339 1933 3340 1855 3340 1921 3340 1918 3341 1819 3341 1934 3341 1934 3342 1819 3342 1854 3342 1934 3343 1854 3343 1935 3343 1935 3344 1854 3344 1853 3344 1935 3345 1853 3345 1936 3345 1936 3346 1853 3346 1851 3346 1936 3347 1851 3347 1937 3347 1938 3348 1939 3348 1940 3348 1941 3349 179 3349 183 3349 1941 3350 183 3350 171 3350 1941 3351 171 3351 1917 3351 1941 3352 1917 3352 1940 3352 1941 3353 1940 3353 1939 3353 1942 3354 1943 3354 1944 3354 1945 3355 1943 3355 1942 3355 1945 3356 1942 3356 1946 3356 1945 3357 1946 3357 1947 3357 1945 3358 1947 3358 1948 3358 1945 3359 1948 3359 1949 3359 1944 3360 1943 3360 1950 3360 1950 3361 1943 3361 1951 3361 1950 3362 1951 3362 1952 3362 1952 3363 1951 3363 1953 3363 1953 3364 1951 3364 1954 3364 1953 3365 1954 3365 1955 3365 1955 3366 1954 3366 510 3366 1955 3367 510 3367 1956 3367 1956 3368 510 3368 515 3368 1956 3369 515 3369 1957 3369 1957 3370 515 3370 594 3370 1957 3371 594 3371 1958 3371 1958 3372 594 3372 596 3372 1958 3373 596 3373 1959 3373 1959 3374 596 3374 598 3374 1959 3375 598 3375 1960 3375 1960 3376 598 3376 641 3376 1960 3377 641 3377 640 3377 1960 3378 640 3378 1961 3378 1961 3379 640 3379 639 3379 1961 3380 639 3380 1962 3380 1962 3381 639 3381 636 3381 1962 3382 636 3382 1963 3382 1963 3383 636 3383 634 3383 1963 3384 634 3384 1964 3384 1964 3385 634 3385 631 3385 1964 3386 631 3386 1965 3386 1965 3387 631 3387 629 3387 1965 3388 629 3388 1966 3388 1966 3389 629 3389 625 3389 1966 3390 625 3390 624 3390 1966 3391 624 3391 1967 3391 1967 3392 624 3392 623 3392 1967 3393 623 3393 346 3393 1967 3394 346 3394 1968 3394 1968 3395 346 3395 518 3395 1968 3396 518 3396 1969 3396 1969 3397 518 3397 523 3397 1969 3398 523 3398 1970 3398 1970 3399 523 3399 1971 3399 1971 3400 523 3400 619 3400 1971 3401 619 3401 618 3401 1971 3402 618 3402 1972 3402 1972 3403 618 3403 341 3403 1972 3404 341 3404 1973 3404 1973 3405 341 3405 340 3405 1973 3406 340 3406 1974 3406 1974 3407 340 3407 613 3407 1974 3408 613 3408 1975 3408 1975 3409 613 3409 611 3409 1975 3410 611 3410 608 3410 1975 3411 608 3411 1976 3411 1976 3412 608 3412 606 3412 1976 3413 606 3413 1977 3413 1977 3414 606 3414 604 3414 1977 3415 604 3415 602 3415 1977 3416 602 3416 1978 3416 1978 3417 602 3417 336 3417 1978 3418 336 3418 335 3418 1978 3419 335 3419 1979 3419 1979 3420 335 3420 495 3420 1979 3421 495 3421 1980 3421 1980 3422 495 3422 679 3422 1980 3423 679 3423 1981 3423 1981 3424 679 3424 516 3424 1981 3425 516 3425 1982 3425 1982 3426 516 3426 172 3426 1982 3427 172 3427 1983 3427 1983 3428 172 3428 174 3428 1983 3429 174 3429 1984 3429 1984 3430 174 3430 189 3430 1984 3431 189 3431 1985 3431 1985 3432 189 3432 191 3432 1985 3433 191 3433 1986 3433 1986 3434 191 3434 180 3434 1986 3435 180 3435 1987 3435 180 3436 179 3436 1987 3436 1987 3437 179 3437 1941 3437 1987 3438 1941 3438 1988 3438 218 3439 1989 3439 219 3439 218 3440 1990 3440 1989 3440 1991 3441 1992 3441 1990 3441 1993 3442 1994 3442 1991 3442 1995 3443 1996 3443 1993 3443 1997 3444 1998 3444 1995 3444 1999 3445 2000 3445 1997 3445 2001 3446 2002 3446 2003 3446 2001 3447 2003 3447 2004 3447 2003 3448 2005 3448 2004 3448 219 3449 1989 3449 2006 3449 219 3450 2006 3450 205 3450 205 3451 2006 3451 2007 3451 205 3452 2007 3452 207 3452 207 3453 2007 3453 2008 3453 207 3454 2008 3454 209 3454 209 3455 2008 3455 2009 3455 209 3456 2009 3456 211 3456 2009 3457 2010 3457 211 3457 214 3458 211 3458 2010 3458 2010 3459 2011 3459 214 3459 215 3460 214 3460 2011 3460 2011 3461 2012 3461 215 3461 220 3462 215 3462 2012 3462 2012 3463 2013 3463 220 3463 2014 3464 1814 3464 2015 3464 2015 3465 1814 3465 1812 3465 2015 3466 1812 3466 2016 3466 2016 3467 1812 3467 1809 3467 2016 3468 1809 3468 2017 3468 2017 3469 1809 3469 1806 3469 2017 3470 1806 3470 2018 3470 2018 3471 1806 3471 1808 3471 2018 3472 1808 3472 2019 3472 2019 3473 1808 3473 1881 3473 2019 3474 1881 3474 2020 3474 2020 3475 1881 3475 1869 3475 2020 3476 1869 3476 2021 3476 2021 3477 1869 3477 1857 3477 2021 3478 1857 3478 2013 3478 2013 3479 1857 3479 1805 3479 2013 3480 1805 3480 220 3480 220 3481 1805 3481 57 3481 1999 3482 2022 3482 2000 3482 2000 3483 2022 3483 2023 3483 2000 3484 2023 3484 2024 3484 2024 3485 2023 3485 2025 3485 2024 3486 2025 3486 2026 3486 2026 3487 2025 3487 2027 3487 2026 3488 2027 3488 2028 3488 2028 3489 2027 3489 2029 3489 2028 3490 2029 3490 2030 3490 2030 3491 2029 3491 2031 3491 2030 3492 2031 3492 2032 3492 2032 3493 2031 3493 2033 3493 2032 3494 2033 3494 2034 3494 2034 3495 2033 3495 2035 3495 2034 3496 2035 3496 2036 3496 2036 3497 2035 3497 2037 3497 2036 3498 2037 3498 2017 3498 2017 3499 2037 3499 2016 3499 2038 3500 2002 3500 2027 3500 2027 3501 2002 3501 2001 3501 2027 3502 2001 3502 2029 3502 2029 3503 2001 3503 2004 3503 2029 3504 2004 3504 2031 3504 2031 3505 2004 3505 2039 3505 2031 3506 2039 3506 2033 3506 2033 3507 2039 3507 2040 3507 2033 3508 2040 3508 2035 3508 2035 3509 2040 3509 2041 3509 2035 3510 2041 3510 2037 3510 2037 3511 2041 3511 2042 3511 2037 3512 2042 3512 2016 3512 2016 3513 2042 3513 2015 3513 2004 3514 2005 3514 2039 3514 2039 3515 2005 3515 2043 3515 2039 3516 2043 3516 2040 3516 2040 3517 2043 3517 2044 3517 2040 3518 2044 3518 2045 3518 2040 3519 2045 3519 2041 3519 2041 3520 2045 3520 2046 3520 2041 3521 2046 3521 2042 3521 2042 3522 2046 3522 2047 3522 2042 3523 2047 3523 2015 3523 2015 3524 2047 3524 2014 3524 2021 3525 2013 3525 2048 3525 2048 3526 2013 3526 2012 3526 2048 3527 2012 3527 2049 3527 2049 3528 2012 3528 2011 3528 2049 3529 2011 3529 2050 3529 2050 3530 2011 3530 2010 3530 2050 3531 2010 3531 2051 3531 2051 3532 2010 3532 2009 3532 2051 3533 2009 3533 2052 3533 2052 3534 2009 3534 2008 3534 2052 3535 2008 3535 2053 3535 2053 3536 2008 3536 2007 3536 2053 3537 2007 3537 2054 3537 2054 3538 2007 3538 2006 3538 2054 3539 2006 3539 1992 3539 1992 3540 2006 3540 1989 3540 1992 3541 1989 3541 1990 3541 2020 3542 2021 3542 2055 3542 2055 3543 2021 3543 2048 3543 2055 3544 2048 3544 2056 3544 2056 3545 2048 3545 2049 3545 2056 3546 2049 3546 2057 3546 2057 3547 2049 3547 2050 3547 2057 3548 2050 3548 2058 3548 2058 3549 2050 3549 2051 3549 2058 3550 2051 3550 2059 3550 2059 3551 2051 3551 2052 3551 2059 3552 2052 3552 2060 3552 2060 3553 2052 3553 2053 3553 2060 3554 2053 3554 2061 3554 2061 3555 2053 3555 2054 3555 2061 3556 2054 3556 1994 3556 1994 3557 2054 3557 1992 3557 1994 3558 1992 3558 1991 3558 2019 3559 2020 3559 2062 3559 2062 3560 2020 3560 2055 3560 2062 3561 2055 3561 2063 3561 2063 3562 2055 3562 2056 3562 2063 3563 2056 3563 2064 3563 2064 3564 2056 3564 2057 3564 2064 3565 2057 3565 2065 3565 2065 3566 2057 3566 2058 3566 2065 3567 2058 3567 2066 3567 2066 3568 2058 3568 2059 3568 2066 3569 2059 3569 2067 3569 2067 3570 2059 3570 2060 3570 2067 3571 2060 3571 2068 3571 2068 3572 2060 3572 2061 3572 2068 3573 2061 3573 1996 3573 1996 3574 2061 3574 1994 3574 1996 3575 1994 3575 1993 3575 2018 3576 2019 3576 2069 3576 2069 3577 2019 3577 2062 3577 2069 3578 2062 3578 2070 3578 2070 3579 2062 3579 2063 3579 2070 3580 2063 3580 2071 3580 2071 3581 2063 3581 2064 3581 2071 3582 2064 3582 2072 3582 2072 3583 2064 3583 2065 3583 2072 3584 2065 3584 2073 3584 2073 3585 2065 3585 2066 3585 2073 3586 2066 3586 2074 3586 2074 3587 2066 3587 2067 3587 2074 3588 2067 3588 2075 3588 2075 3589 2067 3589 2068 3589 2075 3590 2068 3590 1998 3590 1998 3591 2068 3591 1996 3591 1998 3592 1996 3592 1995 3592 2017 3593 2018 3593 2036 3593 2036 3594 2018 3594 2069 3594 2036 3595 2069 3595 2034 3595 2034 3596 2069 3596 2070 3596 2034 3597 2070 3597 2032 3597 2032 3598 2070 3598 2071 3598 2032 3599 2071 3599 2030 3599 2030 3600 2071 3600 2072 3600 2030 3601 2072 3601 2028 3601 2028 3602 2072 3602 2073 3602 2028 3603 2073 3603 2026 3603 2026 3604 2073 3604 2074 3604 2026 3605 2074 3605 2024 3605 2024 3606 2074 3606 2075 3606 2024 3607 2075 3607 2000 3607 2000 3608 2075 3608 1998 3608 2000 3609 1998 3609 1997 3609 2023 3610 2022 3610 2025 3610 2025 3611 2022 3611 2038 3611 2025 3612 2038 3612 2027 3612 2076 3613 1997 3613 2077 3613 2076 3614 1999 3614 1997 3614 584 3615 586 3615 2078 3615 2078 3616 2079 3616 584 3616 584 3617 2079 3617 326 3617 314 3618 582 3618 2080 3618 1949 3619 2077 3619 2078 3619 1949 3620 2078 3620 586 3620 1949 3621 586 3621 587 3621 1949 3622 587 3622 589 3622 1949 3623 589 3623 1945 3623 218 3624 314 3624 1990 3624 1990 3625 314 3625 2080 3625 1990 3626 2080 3626 1991 3626 1991 3627 2080 3627 2081 3627 1991 3628 2081 3628 1993 3628 1993 3629 2081 3629 2082 3629 1993 3630 2082 3630 1995 3630 1995 3631 2082 3631 2079 3631 1995 3632 2079 3632 1997 3632 1997 3633 2079 3633 2078 3633 1997 3634 2078 3634 2077 3634 1951 3635 591 3635 1954 3635 1954 3636 591 3636 511 3636 1954 3637 511 3637 510 3637 1945 3638 589 3638 1943 3638 1943 3639 589 3639 591 3639 1943 3640 591 3640 1951 3640 326 3641 2079 3641 327 3641 327 3642 2079 3642 2082 3642 327 3643 2082 3643 582 3643 582 3644 2082 3644 2081 3644 582 3645 2081 3645 2080 3645 2083 3646 2084 3646 500 3646 328 3647 2083 3647 500 3647 2085 3648 348 3648 2086 3648 348 3649 344 3649 2086 3649 2087 3650 2086 3650 344 3650 344 3651 343 3651 2087 3651 2088 3652 2087 3652 343 3652 343 3653 621 3653 2088 3653 2089 3654 2088 3654 621 3654 621 3655 620 3655 2089 3655 2090 3656 2089 3656 620 3656 2091 3657 502 3657 2084 3657 2084 3658 502 3658 501 3658 2084 3659 501 3659 500 3659 2083 3660 328 3660 2085 3660 2085 3661 328 3661 349 3661 2085 3662 349 3662 348 3662 522 3663 2092 3663 622 3663 622 3664 2092 3664 2090 3664 622 3665 2090 3665 620 3665 2093 3666 345 3666 2094 3666 2094 3667 345 3667 347 3667 2094 3668 347 3668 2095 3668 2096 3669 2097 3669 333 3669 333 3670 332 3670 2096 3670 2098 3671 2096 3671 332 3671 332 3672 504 3672 2098 3672 2099 3673 2098 3673 504 3673 334 3674 333 3674 2097 3674 334 3675 2097 3675 2095 3675 334 3676 2095 3676 347 3676 2092 3677 522 3677 2100 3677 2100 3678 522 3678 521 3678 2100 3679 521 3679 520 3679 2100 3680 520 3680 2093 3680 2093 3681 520 3681 519 3681 2093 3682 519 3682 345 3682 502 3683 2091 3683 503 3683 503 3684 2091 3684 2099 3684 503 3685 2099 3685 504 3685 2101 3686 1813 3686 2102 3686 2103 3687 2104 3687 2105 3687 1937 3688 1851 3688 2106 3688 2106 3689 1851 3689 1849 3689 2106 3690 1849 3690 2107 3690 2107 3691 1849 3691 1847 3691 2107 3692 1847 3692 2108 3692 2108 3693 1847 3693 1816 3693 2108 3694 1816 3694 2109 3694 2109 3695 1816 3695 1815 3695 2109 3696 1815 3696 2110 3696 2110 3697 1815 3697 2101 3697 2101 3698 1815 3698 1846 3698 2101 3699 1846 3699 1813 3699 2102 3700 1813 3700 2111 3700 2111 3701 1813 3701 1814 3701 2111 3702 1814 3702 2112 3702 2112 3703 1814 3703 2014 3703 2112 3704 2014 3704 2113 3704 2113 3705 2014 3705 2047 3705 2113 3706 2047 3706 2114 3706 2114 3707 2047 3707 2115 3707 2115 3708 2047 3708 2046 3708 2115 3709 2046 3709 2116 3709 2116 3710 2046 3710 2045 3710 2116 3711 2045 3711 2117 3711 2117 3712 2045 3712 2044 3712 2117 3713 2044 3713 2043 3713 2117 3714 2043 3714 2118 3714 2118 3715 2043 3715 2005 3715 2118 3716 2005 3716 2003 3716 2118 3717 2003 3717 2119 3717 2119 3718 2003 3718 2002 3718 2119 3719 2002 3719 2120 3719 2120 3720 2002 3720 2038 3720 2120 3721 2038 3721 2022 3721 2120 3722 2022 3722 2104 3722 2104 3723 2022 3723 1999 3723 2104 3724 1999 3724 2105 3724 2105 3725 1999 3725 2076 3725 2121 3726 1936 3726 2122 3726 2122 3727 1936 3727 1937 3727 2122 3728 1937 3728 2106 3728 2122 3729 2106 3729 2123 3729 2123 3730 2106 3730 2107 3730 2123 3731 2107 3731 2124 3731 2124 3732 2107 3732 2108 3732 2124 3733 2108 3733 2109 3733 2125 3734 2126 3734 2127 3734 2127 3735 2126 3735 2128 3735 2127 3736 2128 3736 2129 3736 2129 3737 2128 3737 2130 3737 2129 3738 2130 3738 2131 3738 2131 3739 2130 3739 2132 3739 2131 3740 2132 3740 2133 3740 2131 3741 2134 3741 2129 3741 2129 3742 2134 3742 2135 3742 2129 3743 2135 3743 2127 3743 2127 3744 2135 3744 2136 3744 2127 3745 2136 3745 2125 3745 2125 3746 2136 3746 2137 3746 2134 3747 2121 3747 2135 3747 2135 3748 2121 3748 2122 3748 2135 3749 2122 3749 2136 3749 2136 3750 2122 3750 2123 3750 2136 3751 2123 3751 2137 3751 2137 3752 2123 3752 2124 3752 2138 3753 2139 3753 2140 3753 2141 3754 2140 3754 2139 3754 2141 3755 2139 3755 2142 3755 2141 3756 2142 3756 2143 3756 2141 3757 2143 3757 2144 3757 2141 3758 2144 3758 2145 3758 2146 3759 1921 3759 2147 3759 2147 3760 1921 3760 1920 3760 2147 3761 1920 3761 1919 3761 1936 3762 2121 3762 1935 3762 1935 3763 2121 3763 2148 3763 1935 3764 2148 3764 1934 3764 1934 3765 2148 3765 2149 3765 1934 3766 2149 3766 1918 3766 1918 3767 2149 3767 2147 3767 1918 3768 2147 3768 1919 3768 2131 3769 2133 3769 2150 3769 2150 3770 2133 3770 2138 3770 2150 3771 2138 3771 2140 3771 2145 3772 2151 3772 2141 3772 2141 3773 2151 3773 2152 3773 2141 3774 2152 3774 2140 3774 2140 3775 2152 3775 2153 3775 2140 3776 2153 3776 2150 3776 2150 3777 2153 3777 2154 3777 2150 3778 2154 3778 2131 3778 2131 3779 2154 3779 2134 3779 2151 3780 2146 3780 2152 3780 2152 3781 2146 3781 2147 3781 2152 3782 2147 3782 2153 3782 2153 3783 2147 3783 2149 3783 2153 3784 2149 3784 2154 3784 2154 3785 2149 3785 2148 3785 2154 3786 2148 3786 2134 3786 2134 3787 2148 3787 2121 3787 2155 3788 1928 3788 2156 3788 2156 3789 1928 3789 1929 3789 2156 3790 1929 3790 1930 3790 2156 3791 1930 3791 2157 3791 2157 3792 1930 3792 1931 3792 2157 3793 1931 3793 2158 3793 2158 3794 1931 3794 1932 3794 2158 3795 1932 3795 2159 3795 2159 3796 1932 3796 1933 3796 2159 3797 1933 3797 2146 3797 2146 3798 1933 3798 1921 3798 2160 3799 2161 3799 2162 3799 2162 3800 2161 3800 2163 3800 2162 3801 2163 3801 2164 3801 2164 3802 2163 3802 2165 3802 2164 3803 2165 3803 2166 3803 2166 3804 2165 3804 2167 3804 2166 3805 2167 3805 2168 3805 2168 3806 2167 3806 2169 3806 2168 3807 2169 3807 2144 3807 2144 3808 2169 3808 2145 3808 2161 3809 2170 3809 2163 3809 2163 3810 2170 3810 2171 3810 2163 3811 2171 3811 2165 3811 2165 3812 2171 3812 2172 3812 2165 3813 2172 3813 2167 3813 2167 3814 2172 3814 2173 3814 2167 3815 2173 3815 2169 3815 2169 3816 2173 3816 2174 3816 2169 3817 2174 3817 2145 3817 2145 3818 2174 3818 2151 3818 2170 3819 2155 3819 2171 3819 2171 3820 2155 3820 2156 3820 2171 3821 2156 3821 2172 3821 2172 3822 2156 3822 2157 3822 2172 3823 2157 3823 2173 3823 2173 3824 2157 3824 2158 3824 2173 3825 2158 3825 2174 3825 2174 3826 2158 3826 2159 3826 2174 3827 2159 3827 2151 3827 2151 3828 2159 3828 2146 3828 2175 3829 1923 3829 2176 3829 2176 3830 1923 3830 1924 3830 2176 3831 1924 3831 2177 3831 1928 3832 2155 3832 1927 3832 1927 3833 2155 3833 2178 3833 1927 3834 2178 3834 1926 3834 1926 3835 2178 3835 2179 3835 1926 3836 2179 3836 1925 3836 1925 3837 2179 3837 2177 3837 1925 3838 2177 3838 1924 3838 2180 3839 2181 3839 2182 3839 2182 3840 2181 3840 2183 3840 2182 3841 2183 3841 2184 3841 2184 3842 2183 3842 2185 3842 2184 3843 2185 3843 2186 3843 2186 3844 2185 3844 2187 3844 2186 3845 2187 3845 2188 3845 2188 3846 2187 3846 2189 3846 2188 3847 2189 3847 2160 3847 2160 3848 2189 3848 2161 3848 2181 3849 2190 3849 2183 3849 2183 3850 2190 3850 2191 3850 2183 3851 2191 3851 2185 3851 2185 3852 2191 3852 2192 3852 2185 3853 2192 3853 2187 3853 2187 3854 2192 3854 2193 3854 2187 3855 2193 3855 2189 3855 2189 3856 2193 3856 2194 3856 2189 3857 2194 3857 2161 3857 2161 3858 2194 3858 2170 3858 2190 3859 2175 3859 2191 3859 2191 3860 2175 3860 2176 3860 2191 3861 2176 3861 2192 3861 2192 3862 2176 3862 2177 3862 2192 3863 2177 3863 2193 3863 2193 3864 2177 3864 2179 3864 2193 3865 2179 3865 2194 3865 2194 3866 2179 3866 2178 3866 2194 3867 2178 3867 2170 3867 2170 3868 2178 3868 2155 3868 2195 3869 2196 3869 2197 3869 1916 3870 1915 3870 2195 3870 2198 3871 2199 3871 2200 3871 2200 3872 2199 3872 2201 3872 2200 3873 2201 3873 2202 3873 2202 3874 2201 3874 2197 3874 2202 3875 2197 3875 2196 3875 1923 3876 2175 3876 1922 3876 1922 3877 2175 3877 2203 3877 1922 3878 2203 3878 1915 3878 1915 3879 2203 3879 2196 3879 1915 3880 2196 3880 2195 3880 2198 3881 2200 3881 2204 3881 2204 3882 2200 3882 2205 3882 2204 3883 2205 3883 2180 3883 2180 3884 2205 3884 2181 3884 2200 3885 2202 3885 2205 3885 2205 3886 2202 3886 2206 3886 2205 3887 2206 3887 2181 3887 2181 3888 2206 3888 2190 3888 2202 3889 2196 3889 2206 3889 2206 3890 2196 3890 2203 3890 2206 3891 2203 3891 2190 3891 2190 3892 2203 3892 2175 3892 1917 3893 1916 3893 2195 3893 1917 3894 2195 3894 2207 3894 1917 3895 2207 3895 1940 3895 2207 3896 2195 3896 2208 3896 2208 3897 2195 3897 2197 3897 2208 3898 2197 3898 2209 3898 2209 3899 2197 3899 2201 3899 2209 3900 2201 3900 2210 3900 2210 3901 2201 3901 2199 3901 1939 3902 1988 3902 1941 3902 2211 3903 2212 3903 2213 3903 2213 3904 2212 3904 2214 3904 2213 3905 2214 3905 2215 3905 1988 3906 1939 3906 2216 3906 2216 3907 1939 3907 2217 3907 2216 3908 2217 3908 2215 3908 2215 3909 2217 3909 2218 3909 2215 3910 2218 3910 2213 3910 2219 3911 2220 3911 2221 3911 1939 3912 1938 3912 2217 3912 2217 3913 1938 3913 2222 3913 2217 3914 2222 3914 2218 3914 2218 3915 2222 3915 2223 3915 2218 3916 2223 3916 2213 3916 2213 3917 2223 3917 2221 3917 2213 3918 2221 3918 2211 3918 2211 3919 2221 3919 2220 3919 2210 3920 2224 3920 2209 3920 1938 3921 1940 3921 2222 3921 2222 3922 1940 3922 2207 3922 2222 3923 2207 3923 2223 3923 2223 3924 2207 3924 2208 3924 2223 3925 2208 3925 2221 3925 2221 3926 2208 3926 2209 3926 2221 3927 2209 3927 2219 3927 2219 3928 2209 3928 2224 3928 1969 3929 2225 3929 1968 3929 1969 3930 1970 3930 2225 3930 2225 3931 1970 3931 2226 3931 2226 3932 1970 3932 1971 3932 2226 3933 1971 3933 2227 3933 2227 3934 1971 3934 1972 3934 2227 3935 1972 3935 2228 3935 2228 3936 1972 3936 1973 3936 2228 3937 1973 3937 1974 3937 2229 3938 2230 3938 2231 3938 2231 3939 2230 3939 2232 3939 2231 3940 2232 3940 2233 3940 2233 3941 2232 3941 2234 3941 2233 3942 2234 3942 2235 3942 2235 3943 2234 3943 2236 3943 2235 3944 2236 3944 2237 3944 2235 3945 2238 3945 2233 3945 2233 3946 2238 3946 2239 3946 2233 3947 2239 3947 2231 3947 2231 3948 2239 3948 2240 3948 2231 3949 2240 3949 2229 3949 2229 3950 2240 3950 2241 3950 2238 3951 2225 3951 2239 3951 2239 3952 2225 3952 2226 3952 2239 3953 2226 3953 2240 3953 2240 3954 2226 3954 2227 3954 2240 3955 2227 3955 2241 3955 2241 3956 2227 3956 2228 3956 1963 3957 2242 3957 1962 3957 2242 3958 1963 3958 2243 3958 2243 3959 1963 3959 1964 3959 2243 3960 1964 3960 2244 3960 1968 3961 2225 3961 1967 3961 1967 3962 2225 3962 2245 3962 1967 3963 2245 3963 1966 3963 1966 3964 2245 3964 2246 3964 1966 3965 2246 3965 1965 3965 1965 3966 2246 3966 2244 3966 1965 3967 2244 3967 1964 3967 2247 3968 2248 3968 2249 3968 2249 3969 2248 3969 2250 3969 2249 3970 2250 3970 2251 3970 2235 3971 2237 3971 2252 3971 2252 3972 2237 3972 2253 3972 2252 3973 2253 3973 2254 3973 2254 3974 2253 3974 2255 3974 2254 3975 2255 3975 2256 3975 2256 3976 2255 3976 2251 3976 2256 3977 2251 3977 2250 3977 2248 3978 2257 3978 2250 3978 2250 3979 2257 3979 2258 3979 2250 3980 2258 3980 2256 3980 2256 3981 2258 3981 2259 3981 2256 3982 2259 3982 2254 3982 2254 3983 2259 3983 2260 3983 2254 3984 2260 3984 2252 3984 2252 3985 2260 3985 2261 3985 2252 3986 2261 3986 2235 3986 2235 3987 2261 3987 2238 3987 2257 3988 2242 3988 2258 3988 2258 3989 2242 3989 2243 3989 2258 3990 2243 3990 2259 3990 2259 3991 2243 3991 2244 3991 2259 3992 2244 3992 2260 3992 2260 3993 2244 3993 2246 3993 2260 3994 2246 3994 2261 3994 2261 3995 2246 3995 2245 3995 2261 3996 2245 3996 2238 3996 2238 3997 2245 3997 2225 3997 2262 3998 1956 3998 2263 3998 2263 3999 1956 3999 1957 3999 2263 4000 1957 4000 1958 4000 2263 4001 1958 4001 2264 4001 2264 4002 1958 4002 1959 4002 2264 4003 1959 4003 2265 4003 2265 4004 1959 4004 1960 4004 2265 4005 1960 4005 2266 4005 2266 4006 1960 4006 1961 4006 2266 4007 1961 4007 2242 4007 2242 4008 1961 4008 1962 4008 2267 4009 2268 4009 2269 4009 2269 4010 2268 4010 2270 4010 2269 4011 2270 4011 2271 4011 2271 4012 2270 4012 2272 4012 2271 4013 2272 4013 2273 4013 2273 4014 2272 4014 2274 4014 2273 4015 2274 4015 2275 4015 2275 4016 2274 4016 2276 4016 2275 4017 2276 4017 2247 4017 2247 4018 2276 4018 2248 4018 2268 4019 2277 4019 2270 4019 2270 4020 2277 4020 2278 4020 2270 4021 2278 4021 2272 4021 2272 4022 2278 4022 2279 4022 2272 4023 2279 4023 2274 4023 2274 4024 2279 4024 2280 4024 2274 4025 2280 4025 2276 4025 2276 4026 2280 4026 2281 4026 2276 4027 2281 4027 2248 4027 2248 4028 2281 4028 2257 4028 2277 4029 2262 4029 2278 4029 2278 4030 2262 4030 2263 4030 2278 4031 2263 4031 2279 4031 2279 4032 2263 4032 2264 4032 2279 4033 2264 4033 2280 4033 2280 4034 2264 4034 2265 4034 2280 4035 2265 4035 2281 4035 2281 4036 2265 4036 2266 4036 2281 4037 2266 4037 2257 4037 2257 4038 2266 4038 2242 4038 2282 4039 1944 4039 2283 4039 2283 4040 1944 4040 1950 4040 2283 4041 1950 4041 2284 4041 2284 4042 1950 4042 1952 4042 2284 4043 1952 4043 2285 4043 2285 4044 1952 4044 1953 4044 2285 4045 1953 4045 2286 4045 2286 4046 1953 4046 1955 4046 2286 4047 1955 4047 2262 4047 2262 4048 1955 4048 1956 4048 2287 4049 2288 4049 2289 4049 2289 4050 2288 4050 2290 4050 2289 4051 2290 4051 2291 4051 2291 4052 2290 4052 2292 4052 2291 4053 2292 4053 2293 4053 2293 4054 2292 4054 2294 4054 2293 4055 2294 4055 2295 4055 2295 4056 2294 4056 2296 4056 2295 4057 2296 4057 2267 4057 2267 4058 2296 4058 2268 4058 2288 4059 2297 4059 2290 4059 2290 4060 2297 4060 2298 4060 2290 4061 2298 4061 2292 4061 2292 4062 2298 4062 2299 4062 2292 4063 2299 4063 2294 4063 2294 4064 2299 4064 2300 4064 2294 4065 2300 4065 2296 4065 2296 4066 2300 4066 2301 4066 2296 4067 2301 4067 2268 4067 2268 4068 2301 4068 2277 4068 2297 4069 2282 4069 2298 4069 2298 4070 2282 4070 2283 4070 2298 4071 2283 4071 2299 4071 2299 4072 2283 4072 2284 4072 2299 4073 2284 4073 2300 4073 2300 4074 2284 4074 2285 4074 2300 4075 2285 4075 2301 4075 2301 4076 2285 4076 2286 4076 2301 4077 2286 4077 2277 4077 2277 4078 2286 4078 2262 4078 2302 4079 2303 4079 2304 4079 2303 4080 2305 4080 2304 4080 2288 4081 2287 4081 2306 4081 2306 4082 2287 4082 2307 4082 2306 4083 2307 4083 2308 4083 2308 4084 2307 4084 2309 4084 2308 4085 2309 4085 2305 4085 2305 4086 2309 4086 2310 4086 1944 4087 2282 4087 1942 4087 1942 4088 2282 4088 2311 4088 1942 4089 2311 4089 1946 4089 1946 4090 2311 4090 2312 4090 1946 4091 2312 4091 1947 4091 1947 4092 2312 4092 2302 4092 2297 4093 2288 4093 2313 4093 2313 4094 2288 4094 2306 4094 2313 4095 2306 4095 2303 4095 2303 4096 2306 4096 2308 4096 2303 4097 2308 4097 2305 4097 2282 4098 2297 4098 2311 4098 2311 4099 2297 4099 2313 4099 2311 4100 2313 4100 2312 4100 2312 4101 2313 4101 2303 4101 2312 4102 2303 4102 2302 4102 2314 4103 2302 4103 2315 4103 2316 4104 1948 4104 2314 4104 2314 4105 1948 4105 1947 4105 2314 4106 1947 4106 2302 4106 2310 4107 2317 4107 2305 4107 2305 4108 2317 4108 2318 4108 2305 4109 2318 4109 2304 4109 2304 4110 2318 4110 2315 4110 2304 4111 2315 4111 2302 4111 2319 4112 2320 4112 2077 4112 2077 4113 2320 4113 2105 4113 2077 4114 2105 4114 2076 4114 1948 4115 2316 4115 1949 4115 1949 4116 2316 4116 2319 4116 1949 4117 2319 4117 2077 4117 2321 4118 2215 4118 2214 4118 1987 4119 1988 4119 2322 4119 2322 4120 1988 4120 2216 4120 2322 4121 2216 4121 2323 4121 2323 4122 2216 4122 2215 4122 2323 4123 2215 4123 2321 4123 2214 4124 2212 4124 2321 4124 2321 4125 2212 4125 2324 4125 2321 4126 2324 4126 2325 4126 2326 4127 1984 4127 2327 4127 2327 4128 1984 4128 1985 4128 2327 4129 1985 4129 2328 4129 2328 4130 1985 4130 1986 4130 2328 4131 1986 4131 2322 4131 2322 4132 1986 4132 1987 4132 2329 4133 2330 4133 2331 4133 2331 4134 2330 4134 2332 4134 2331 4135 2332 4135 2325 4135 2325 4136 2332 4136 2321 4136 2330 4137 2333 4137 2332 4137 2332 4138 2333 4138 2334 4138 2332 4139 2334 4139 2321 4139 2321 4140 2334 4140 2323 4140 2333 4141 2326 4141 2334 4141 2334 4142 2326 4142 2327 4142 2334 4143 2327 4143 2323 4143 2323 4144 2327 4144 2328 4144 2323 4145 2328 4145 2322 4145 2335 4146 1979 4146 2336 4146 2336 4147 1979 4147 1980 4147 2336 4148 1980 4148 2337 4148 2337 4149 1980 4149 1981 4149 2337 4150 1981 4150 2338 4150 2338 4151 1981 4151 1982 4151 2338 4152 1982 4152 2339 4152 2339 4153 1982 4153 1983 4153 2339 4154 1983 4154 2326 4154 2326 4155 1983 4155 1984 4155 2340 4156 2341 4156 2342 4156 2342 4157 2341 4157 2343 4157 2342 4158 2343 4158 2344 4158 2344 4159 2343 4159 2345 4159 2344 4160 2345 4160 2346 4160 2346 4161 2345 4161 2347 4161 2346 4162 2347 4162 2348 4162 2348 4163 2347 4163 2349 4163 2348 4164 2349 4164 2329 4164 2329 4165 2349 4165 2330 4165 2341 4166 2350 4166 2343 4166 2343 4167 2350 4167 2351 4167 2343 4168 2351 4168 2345 4168 2345 4169 2351 4169 2352 4169 2345 4170 2352 4170 2347 4170 2347 4171 2352 4171 2353 4171 2347 4172 2353 4172 2349 4172 2349 4173 2353 4173 2354 4173 2349 4174 2354 4174 2330 4174 2330 4175 2354 4175 2333 4175 2350 4176 2335 4176 2351 4176 2351 4177 2335 4177 2336 4177 2351 4178 2336 4178 2352 4178 2352 4179 2336 4179 2337 4179 2352 4180 2337 4180 2353 4180 2353 4181 2337 4181 2338 4181 2353 4182 2338 4182 2354 4182 2354 4183 2338 4183 2339 4183 2354 4184 2339 4184 2333 4184 2333 4185 2339 4185 2326 4185 2228 4186 1974 4186 2355 4186 2355 4187 1974 4187 1975 4187 2355 4188 1975 4188 2356 4188 2356 4189 1975 4189 1976 4189 2356 4190 1976 4190 2357 4190 2357 4191 1976 4191 1977 4191 2357 4192 1977 4192 2358 4192 2358 4193 1977 4193 1978 4193 2358 4194 1978 4194 2335 4194 2335 4195 1978 4195 1979 4195 2230 4196 2229 4196 2359 4196 2359 4197 2229 4197 2360 4197 2359 4198 2360 4198 2361 4198 2361 4199 2360 4199 2362 4199 2361 4200 2362 4200 2363 4200 2363 4201 2362 4201 2364 4201 2363 4202 2364 4202 2365 4202 2365 4203 2364 4203 2366 4203 2365 4204 2366 4204 2340 4204 2340 4205 2366 4205 2341 4205 2229 4206 2241 4206 2360 4206 2360 4207 2241 4207 2367 4207 2360 4208 2367 4208 2362 4208 2362 4209 2367 4209 2368 4209 2362 4210 2368 4210 2364 4210 2364 4211 2368 4211 2369 4211 2364 4212 2369 4212 2366 4212 2366 4213 2369 4213 2370 4213 2366 4214 2370 4214 2341 4214 2341 4215 2370 4215 2350 4215 2241 4216 2228 4216 2367 4216 2367 4217 2228 4217 2355 4217 2367 4218 2355 4218 2368 4218 2368 4219 2355 4219 2356 4219 2368 4220 2356 4220 2369 4220 2369 4221 2356 4221 2357 4221 2369 4222 2357 4222 2370 4222 2370 4223 2357 4223 2358 4223 2370 4224 2358 4224 2350 4224 2350 4225 2358 4225 2335 4225 2371 4226 2372 4226 2373 4226 2371 4227 2373 4227 2374 4227 2374 4228 2373 4228 2375 4228 2374 4229 2375 4229 2376 4229 2373 4230 2372 4230 2377 4230 2377 4231 2378 4231 2373 4231 2375 4232 2373 4232 2378 4232 2378 4233 2379 4233 2375 4233 2380 4234 2376 4234 2381 4234 2381 4235 2376 4235 2375 4235 2381 4236 2375 4236 2382 4236 2382 4237 2375 4237 2379 4237 2382 4238 2379 4238 2383 4238 2383 4239 2379 4239 2384 4239 2383 4240 2384 4240 2103 4240 2103 4241 2384 4241 2104 4241 2385 4242 2118 4242 2386 4242 2386 4243 2118 4243 2119 4243 2386 4244 2119 4244 2387 4244 2387 4245 2119 4245 2120 4245 2387 4246 2120 4246 2384 4246 2384 4247 2120 4247 2104 4247 2388 4248 2377 4248 2389 4248 2389 4249 2377 4249 2372 4249 2389 4250 2372 4250 2390 4250 2390 4251 2372 4251 2371 4251 2388 4252 2385 4252 2377 4252 2377 4253 2385 4253 2386 4253 2377 4254 2386 4254 2378 4254 2378 4255 2386 4255 2387 4255 2378 4256 2387 4256 2379 4256 2379 4257 2387 4257 2384 4257 2391 4258 2112 4258 2392 4258 2392 4259 2112 4259 2113 4259 2392 4260 2113 4260 2393 4260 2393 4261 2113 4261 2114 4261 2393 4262 2114 4262 2115 4262 2393 4263 2115 4263 2394 4263 2394 4264 2115 4264 2116 4264 2394 4265 2116 4265 2395 4265 2395 4266 2116 4266 2117 4266 2395 4267 2117 4267 2385 4267 2385 4268 2117 4268 2118 4268 2396 4269 2397 4269 2398 4269 2398 4270 2397 4270 2399 4270 2398 4271 2399 4271 2400 4271 2400 4272 2399 4272 2401 4272 2400 4273 2401 4273 2402 4273 2402 4274 2401 4274 2403 4274 2402 4275 2403 4275 2404 4275 2404 4276 2403 4276 2405 4276 2404 4277 2405 4277 2390 4277 2390 4278 2405 4278 2389 4278 2397 4279 2406 4279 2399 4279 2399 4280 2406 4280 2407 4280 2399 4281 2407 4281 2401 4281 2401 4282 2407 4282 2408 4282 2401 4283 2408 4283 2403 4283 2403 4284 2408 4284 2409 4284 2403 4285 2409 4285 2405 4285 2405 4286 2409 4286 2410 4286 2405 4287 2410 4287 2389 4287 2389 4288 2410 4288 2388 4288 2406 4289 2391 4289 2407 4289 2407 4290 2391 4290 2392 4290 2407 4291 2392 4291 2408 4291 2408 4292 2392 4292 2393 4292 2408 4293 2393 4293 2409 4293 2409 4294 2393 4294 2394 4294 2409 4295 2394 4295 2410 4295 2410 4296 2394 4296 2395 4296 2410 4297 2395 4297 2388 4297 2388 4298 2395 4298 2385 4298 2124 4299 2109 4299 2411 4299 2411 4300 2109 4300 2110 4300 2411 4301 2110 4301 2412 4301 2412 4302 2110 4302 2101 4302 2412 4303 2101 4303 2413 4303 2413 4304 2101 4304 2102 4304 2413 4305 2102 4305 2414 4305 2414 4306 2102 4306 2111 4306 2414 4307 2111 4307 2391 4307 2391 4308 2111 4308 2112 4308 2126 4309 2125 4309 2415 4309 2415 4310 2125 4310 2416 4310 2415 4311 2416 4311 2417 4311 2417 4312 2416 4312 2418 4312 2417 4313 2418 4313 2419 4313 2419 4314 2418 4314 2420 4314 2419 4315 2420 4315 2421 4315 2421 4316 2420 4316 2422 4316 2421 4317 2422 4317 2396 4317 2396 4318 2422 4318 2397 4318 2125 4319 2137 4319 2416 4319 2416 4320 2137 4320 2423 4320 2416 4321 2423 4321 2418 4321 2418 4322 2423 4322 2424 4322 2418 4323 2424 4323 2420 4323 2420 4324 2424 4324 2425 4324 2420 4325 2425 4325 2422 4325 2422 4326 2425 4326 2426 4326 2422 4327 2426 4327 2397 4327 2397 4328 2426 4328 2406 4328 2137 4329 2124 4329 2423 4329 2423 4330 2124 4330 2411 4330 2423 4331 2411 4331 2424 4331 2424 4332 2411 4332 2412 4332 2424 4333 2412 4333 2425 4333 2425 4334 2412 4334 2413 4334 2425 4335 2413 4335 2426 4335 2426 4336 2413 4336 2414 4336 2426 4337 2414 4337 2406 4337 2406 4338 2414 4338 2391 4338 2427 4339 2380 4339 2428 4339 2428 4340 2380 4340 2381 4340 2428 4341 2381 4341 2429 4341 2429 4342 2381 4342 2382 4342 2429 4343 2382 4343 2430 4343 2430 4344 2382 4344 2383 4344 2430 4345 2383 4345 2320 4345 2320 4346 2383 4346 2103 4346 2320 4347 2103 4347 2105 4347 2317 4348 2431 4348 2318 4348 2319 4349 2316 4349 2432 4349 2432 4350 2316 4350 2314 4350 2432 4351 2314 4351 2433 4351 2433 4352 2314 4352 2315 4352 2433 4353 2315 4353 2434 4353 2434 4354 2315 4354 2318 4354 2434 4355 2318 4355 2435 4355 2435 4356 2318 4356 2431 4356 2435 4357 2436 4357 2434 4357 2320 4358 2319 4358 2430 4358 2430 4359 2319 4359 2432 4359 2430 4360 2432 4360 2429 4360 2429 4361 2432 4361 2433 4361 2429 4362 2433 4362 2428 4362 2428 4363 2433 4363 2434 4363 2428 4364 2434 4364 2427 4364 2427 4365 2434 4365 2436 4365 2251 4366 2437 4366 2249 4366 2437 4367 2247 4367 2249 4367 2224 4368 2438 4368 2439 4368 2436 4369 2440 4369 2441 4369 2442 4370 2376 4370 2380 4370 2442 4371 2374 4371 2376 4371 2374 4372 2442 4372 2443 4372 2443 4373 2371 4373 2374 4373 2444 4374 2404 4374 2445 4374 2444 4375 2402 4375 2404 4375 2446 4376 2421 4376 2396 4376 2447 4377 2415 4377 2417 4377 2448 4378 2128 4378 2449 4378 2130 4379 2128 4379 2448 4379 2130 4380 2448 4380 2132 4380 2138 4381 2450 4381 2451 4381 2139 4382 2138 4382 2451 4382 2142 4383 2139 4383 2451 4383 2452 4384 2142 4384 2451 4384 2142 4385 2452 4385 2143 4385 2453 4386 2166 4386 2168 4386 2166 4387 2453 4387 2454 4387 2164 4388 2166 4388 2454 4388 2162 4389 2164 4389 2454 4389 2455 4390 2162 4390 2454 4390 2186 4391 2188 4391 2456 4391 2457 4392 2186 4392 2456 4392 2457 4393 2184 4393 2186 4393 2184 4394 2457 4394 2458 4394 2182 4395 2184 4395 2458 4395 2182 4396 2458 4396 2180 4396 2204 4397 2459 4397 2198 4397 2307 4398 2460 4398 2309 4398 2289 4399 2461 4399 2287 4399 2462 4400 2291 4400 2293 4400 2293 4401 2463 4401 2462 4401 2295 4402 2463 4402 2293 4402 2269 4403 2464 4403 2267 4403 2269 4404 2465 4404 2464 4404 2271 4405 2465 4405 2269 4405 2466 4406 2273 4406 2275 4406 2251 4407 2467 4407 2437 4407 2255 4408 2467 4408 2251 4408 2234 4409 2468 4409 2236 4409 2469 4410 2359 4410 2361 4410 2361 4411 2470 4411 2469 4411 2363 4412 2470 4412 2361 4412 2363 4413 2365 4413 2471 4413 2344 4414 2472 4414 2342 4414 2473 4415 2346 4415 2348 4415 2348 4416 2474 4416 2473 4416 2325 4417 2324 4417 2475 4417 2461 4418 2476 4418 2477 4418 2462 4419 2478 4419 2476 4419 2463 4420 2478 4420 2462 4420 2479 4421 2480 4421 2464 4421 2465 4422 2479 4422 2464 4422 2481 4423 2479 4423 2465 4423 2482 4424 2437 4424 2467 4424 2467 4425 2483 4425 2482 4425 2484 4426 2485 4426 2483 4426 2468 4427 2485 4427 2484 4427 2486 4428 2487 4428 2488 4428 2469 4429 2486 4429 2488 4429 2489 4430 2486 4430 2469 4430 2470 4431 2489 4431 2469 4431 2490 4432 2471 4432 2472 4432 2472 4433 2491 4433 2490 4433 2473 4434 2492 4434 2491 4434 2492 4435 2473 4435 2474 4435 2493 4436 2494 4436 2474 4436 2495 4437 2494 4437 2493 4437 2476 4438 2496 4438 2477 4438 2497 4439 2496 4439 2476 4439 2478 4440 2497 4440 2476 4440 2479 4441 2498 4441 2480 4441 2499 4442 2498 4442 2479 4442 2481 4443 2499 4443 2479 4443 2500 4444 2482 4444 2483 4444 2483 4445 2501 4445 2500 4445 2485 4446 2501 4446 2483 4446 2486 4447 2502 4447 2487 4447 2503 4448 2502 4448 2486 4448 2489 4449 2503 4449 2486 4449 2491 4450 2504 4450 2490 4450 2505 4451 2504 4451 2491 4451 2492 4452 2505 4452 2491 4452 2495 4453 2506 4453 2494 4453 2440 4454 2507 4454 2441 4454 2507 4455 2440 4455 2508 4455 2509 4456 2507 4456 2508 4456 2510 4457 2509 4457 2508 4457 2511 4458 2510 4458 2508 4458 2511 4459 2512 4459 2510 4459 2512 4460 2511 4460 2513 4460 2514 4461 2512 4461 2513 4461 2515 4462 2516 4462 2517 4462 2518 4463 2515 4463 2517 4463 2519 4464 2515 4464 2518 4464 2520 4465 2519 4465 2518 4465 2521 4466 2520 4466 2518 4466 2521 4467 2522 4467 2520 4467 2522 4468 2521 4468 2523 4468 2524 4469 2522 4469 2523 4469 2525 4470 2526 4470 2523 4470 2525 4471 2527 4471 2526 4471 2527 4472 2525 4472 2528 4472 2529 4473 2527 4473 2528 4473 2530 4474 2529 4474 2528 4474 2439 4475 2530 4475 2528 4475 2439 4476 2438 4476 2530 4476 2443 4477 2442 4477 2441 4477 2507 4478 2443 4478 2441 4478 2445 4479 2443 4479 2507 4479 2509 4480 2445 4480 2507 4480 2509 4481 2444 4481 2445 4481 2444 4482 2509 4482 2510 4482 2510 4483 2531 4483 2444 4483 2531 4484 2510 4484 2512 4484 2446 4485 2512 4485 2514 4485 2532 4486 2446 4486 2514 4486 2449 4487 2447 4487 2516 4487 2515 4488 2449 4488 2516 4488 2448 4489 2449 4489 2515 4489 2519 4490 2448 4490 2515 4490 2450 4491 2448 4491 2519 4491 2520 4492 2450 4492 2519 4492 2520 4493 2451 4493 2450 4493 2451 4494 2520 4494 2522 4494 2522 4495 2452 4495 2451 4495 2452 4496 2522 4496 2524 4496 2453 4497 2452 4497 2524 4497 2455 4498 2454 4498 2526 4498 2527 4499 2455 4499 2526 4499 2456 4500 2455 4500 2527 4500 2529 4501 2456 4501 2527 4501 2457 4502 2456 4502 2529 4502 2530 4503 2457 4503 2529 4503 2530 4504 2458 4504 2457 4504 2458 4505 2530 4505 2438 4505 2160 4506 2162 4506 2455 4506 2160 4507 2455 4507 2456 4507 2160 4508 2456 4508 2188 4508 2427 4509 2436 4509 2441 4509 2427 4510 2441 4510 2442 4510 2427 4511 2442 4511 2380 4511 2435 4512 2431 4512 2496 4512 2435 4513 2496 4513 2440 4513 2435 4514 2440 4514 2436 4514 2230 4515 2359 4515 2469 4515 2230 4516 2469 4516 2488 4516 2230 4517 2488 4517 2232 4517 2329 4518 2331 4518 2493 4518 2329 4519 2493 4519 2474 4519 2329 4520 2474 4520 2348 4520 2219 4521 2224 4521 2439 4521 2219 4522 2439 4522 2506 4522 2219 4523 2506 4523 2220 4523 2210 4524 2199 4524 2198 4524 2210 4525 2198 4525 2459 4525 2210 4526 2459 4526 2438 4526 2210 4527 2438 4527 2224 4527 2496 4528 2431 4528 2477 4528 2477 4529 2431 4529 2317 4529 2477 4530 2317 4530 2460 4530 2460 4531 2317 4531 2310 4531 2460 4532 2310 4532 2309 4532 2506 4533 2495 4533 2220 4533 2220 4534 2495 4534 2475 4534 2220 4535 2475 4535 2211 4535 2211 4536 2475 4536 2324 4536 2211 4537 2324 4537 2212 4537 2404 4538 2390 4538 2445 4538 2445 4539 2390 4539 2371 4539 2445 4540 2371 4540 2443 4540 2398 4541 2400 4541 2531 4541 2531 4542 2400 4542 2402 4542 2531 4543 2402 4543 2444 4543 2512 4544 2446 4544 2531 4544 2531 4545 2446 4545 2396 4545 2531 4546 2396 4546 2398 4546 2417 4547 2419 4547 2532 4547 2532 4548 2419 4548 2421 4548 2532 4549 2421 4549 2446 4549 2128 4550 2126 4550 2449 4550 2449 4551 2126 4551 2415 4551 2449 4552 2415 4552 2447 4552 2138 4553 2133 4553 2450 4553 2450 4554 2133 4554 2132 4554 2450 4555 2132 4555 2448 4555 2168 4556 2144 4556 2453 4556 2453 4557 2144 4557 2143 4557 2453 4558 2143 4558 2452 4558 2438 4559 2459 4559 2458 4559 2458 4560 2459 4560 2204 4560 2458 4561 2204 4561 2180 4561 2477 4562 2460 4562 2461 4562 2461 4563 2460 4563 2307 4563 2461 4564 2307 4564 2287 4564 2476 4565 2461 4565 2462 4565 2462 4566 2461 4566 2289 4566 2462 4567 2289 4567 2291 4567 2480 4568 2463 4568 2464 4568 2464 4569 2463 4569 2295 4569 2464 4570 2295 4570 2267 4570 2481 4571 2465 4571 2466 4571 2466 4572 2465 4572 2271 4572 2466 4573 2271 4573 2273 4573 2481 4574 2500 4574 2499 4574 2500 4575 2481 4575 2482 4575 2482 4576 2481 4576 2466 4576 2482 4577 2466 4577 2437 4577 2437 4578 2466 4578 2275 4578 2437 4579 2275 4579 2247 4579 2483 4580 2467 4580 2484 4580 2484 4581 2467 4581 2255 4581 2484 4582 2255 4582 2253 4582 2253 4583 2237 4583 2484 4583 2484 4584 2237 4584 2236 4584 2484 4585 2236 4585 2468 4585 2487 4586 2468 4586 2488 4586 2488 4587 2468 4587 2234 4587 2488 4588 2234 4588 2232 4588 2365 4589 2340 4589 2471 4589 2471 4590 2340 4590 2342 4590 2471 4591 2342 4591 2472 4591 2491 4592 2472 4592 2473 4592 2473 4593 2472 4593 2344 4593 2473 4594 2344 4594 2346 4594 2495 4595 2493 4595 2475 4595 2475 4596 2493 4596 2331 4596 2475 4597 2331 4597 2325 4597 2363 4598 2471 4598 2470 4598 2470 4599 2471 4599 2490 4599 2470 4600 2490 4600 2489 4600 2489 4601 2490 4601 2504 4601 2489 4602 2504 4602 2503 4602 2463 4603 2480 4603 2478 4603 2478 4604 2480 4604 2498 4604 2478 4605 2498 4605 2497 4605 2468 4606 2487 4606 2485 4606 2485 4607 2487 4607 2502 4607 2485 4608 2502 4608 2501 4608 2474 4609 2494 4609 2492 4609 2492 4610 2494 4610 2506 4610 2492 4611 2506 4611 2505 4611 2501 4612 2517 4612 2500 4612 2500 4613 2517 4613 2513 4613 2500 4614 2513 4614 2499 4614 2499 4615 2513 4615 2511 4615 2499 4616 2511 4616 2498 4616 2498 4617 2511 4617 2508 4617 2498 4618 2508 4618 2497 4618 2497 4619 2508 4619 2440 4619 2497 4620 2440 4620 2496 4620 2517 4621 2501 4621 2518 4621 2518 4622 2501 4622 2502 4622 2518 4623 2502 4623 2521 4623 2521 4624 2502 4624 2503 4624 2521 4625 2503 4625 2523 4625 2523 4626 2503 4626 2504 4626 2523 4627 2504 4627 2525 4627 2525 4628 2504 4628 2505 4628 2525 4629 2505 4629 2528 4629 2528 4630 2505 4630 2506 4630 2528 4631 2506 4631 2439 4631 2417 4632 2532 4632 2447 4632 2447 4633 2532 4633 2514 4633 2447 4634 2514 4634 2516 4634 2516 4635 2514 4635 2513 4635 2516 4636 2513 4636 2517 4636 2523 4637 2526 4637 2524 4637 2524 4638 2526 4638 2454 4638 2524 4639 2454 4639 2453 4639 2086 4640 2087 4640 2085 4640 2085 4641 2087 4641 2088 4641 2085 4642 2088 4642 2083 4642 2083 4643 2088 4643 2089 4643 2083 4644 2089 4644 2084 4644 2084 4645 2089 4645 2090 4645 2084 4646 2090 4646 2091 4646 2091 4647 2090 4647 2092 4647 2091 4648 2092 4648 2099 4648 2099 4649 2092 4649 2100 4649 2099 4650 2100 4650 2098 4650 2098 4651 2100 4651 2093 4651 2098 4652 2093 4652 2096 4652 2096 4653 2093 4653 2094 4653 2096 4654 2094 4654 2097 4654 2097 4655 2094 4655 2095 4655 2533 4656 2534 4656 2535 4656 2535 4657 2534 4657 2536 4657 2535 4658 2536 4658 2537 4658 2537 4659 2536 4659 2538 4659 2537 4660 2538 4660 2539 4660 2539 4661 2538 4661 2540 4661 2539 4662 2540 4662 2541 4662 2541 4663 2540 4663 2542 4663 2541 4664 2542 4664 2543 4664 2543 4665 2542 4665 2544 4665 2543 4666 2544 4666 2545 4666 2545 4667 2544 4667 2546 4667 2545 4668 2546 4668 2547 4668 2547 4669 2546 4669 2548 4669 2547 4670 2548 4670 2549 4670 2549 4671 2548 4671 2550 4671 2549 4672 2550 4672 2551 4672 2551 4673 2550 4673 2552 4673 2551 4674 2552 4674 2553 4674 2553 4675 2552 4675 2554 4675 2553 4676 2554 4676 2555 4676 2555 4677 2554 4677 2556 4677 2555 4678 2556 4678 2557 4678 2557 4679 2556 4679 2558 4679 2557 4680 2558 4680 2559 4680 2559 4681 2558 4681 2560 4681 2559 4682 2560 4682 2561 4682 2561 4683 2560 4683 2562 4683 2561 4684 2562 4684 2563 4684 2563 4685 2562 4685 2564 4685 2563 4686 2564 4686 2565 4686 2565 4687 2564 4687 2566 4687 2565 4688 2566 4688 2567 4688 2567 4689 2566 4689 2568 4689 2567 4690 2568 4690 2569 4690 2569 4691 2568 4691 2570 4691 2552 4692 2571 4692 2554 4692 2554 4693 2571 4693 2572 4693 2554 4694 2572 4694 2556 4694 2556 4695 2572 4695 2573 4695 2556 4696 2573 4696 2558 4696 2558 4697 2573 4697 2574 4697 2558 4698 2574 4698 2560 4698 2560 4699 2574 4699 2575 4699 2560 4700 2575 4700 2562 4700 2562 4701 2575 4701 2576 4701 2562 4702 2576 4702 2564 4702 2564 4703 2576 4703 2577 4703 2564 4704 2577 4704 2566 4704 2566 4705 2577 4705 2578 4705 2566 4706 2578 4706 2568 4706 2568 4707 2578 4707 2579 4707 2568 4708 2579 4708 2570 4708 2570 4709 2579 4709 2580 4709 2570 4710 2580 4710 2569 4710 2569 4711 2580 4711 2581 4711 2569 4712 2581 4712 2567 4712 2567 4713 2581 4713 2582 4713 2567 4714 2582 4714 2565 4714 2565 4715 2582 4715 2583 4715 2565 4716 2583 4716 2563 4716 2563 4717 2583 4717 2584 4717 2563 4718 2584 4718 2561 4718 2561 4719 2584 4719 2585 4719 2561 4720 2585 4720 2559 4720 2559 4721 2585 4721 2586 4721 2559 4722 2586 4722 2557 4722 2557 4723 2586 4723 2587 4723 2557 4724 2587 4724 2555 4724 2555 4725 2587 4725 2588 4725 2555 4726 2588 4726 2553 4726 2553 4727 2588 4727 2589 4727 2553 4728 2589 4728 2551 4728 2551 4729 2589 4729 2590 4729 2551 4730 2590 4730 2549 4730 2549 4731 2590 4731 2591 4731 2549 4732 2591 4732 2547 4732 2547 4733 2591 4733 2592 4733 2547 4734 2592 4734 2545 4734 2545 4735 2592 4735 2593 4735 2545 4736 2593 4736 2543 4736 2543 4737 2593 4737 2594 4737 2543 4738 2594 4738 2541 4738 2541 4739 2594 4739 2595 4739 2541 4740 2595 4740 2539 4740 2539 4741 2595 4741 2596 4741 2539 4742 2596 4742 2537 4742 2537 4743 2596 4743 2597 4743 2537 4744 2597 4744 2535 4744 2535 4745 2597 4745 2598 4745 2535 4746 2598 4746 2533 4746 2533 4747 2598 4747 2599 4747 2533 4748 2599 4748 2534 4748 2534 4749 2599 4749 2600 4749 2534 4750 2600 4750 2536 4750 2536 4751 2600 4751 2601 4751 2536 4752 2601 4752 2538 4752 2538 4753 2601 4753 2602 4753 2538 4754 2602 4754 2540 4754 2540 4755 2602 4755 2603 4755 2540 4756 2603 4756 2542 4756 2542 4757 2603 4757 2604 4757 2542 4758 2604 4758 2544 4758 2544 4759 2604 4759 2605 4759 2544 4760 2605 4760 2546 4760 2546 4761 2605 4761 2606 4761 2546 4762 2606 4762 2548 4762 2548 4763 2606 4763 2607 4763 2548 4764 2607 4764 2550 4764 2550 4765 2607 4765 2608 4765 2550 4766 2608 4766 2552 4766 2552 4767 2608 4767 2571 4767 2598 4768 2597 4768 1774 4768 1439 4769 1687 4769 2603 4769 1439 4770 2603 4770 2602 4770 1439 4771 2602 4771 2601 4771 1439 4772 2601 4772 2600 4772 1439 4773 2600 4773 283 4773 1439 4774 283 4774 282 4774 1794 4775 1792 4775 2584 4775 1794 4776 2584 4776 2583 4776 1794 4777 2583 4777 2582 4777 1794 4778 2582 4778 2581 4778 1794 4779 2581 4779 1760 4779 1794 4780 1760 4780 1800 4780 1794 4781 1800 4781 1798 4781 1794 4782 1798 4782 1796 4782 1466 4783 1760 4783 2581 4783 1466 4784 2581 4784 2580 4784 1466 4785 2580 4785 1497 4785 1466 4786 1497 4786 1499 4786 1466 4787 1499 4787 1501 4787 1466 4788 1501 4788 1467 4788 1772 4789 1770 4789 1768 4789 1772 4790 1768 4790 1766 4790 1772 4791 1766 4791 283 4791 1772 4792 283 4792 2600 4792 1772 4793 2600 4793 2599 4793 1772 4794 2599 4794 2598 4794 1772 4795 2598 4795 1774 4795 1487 4796 1486 4796 2574 4796 1487 4797 2574 4797 2573 4797 1487 4798 2573 4798 2572 4798 1487 4799 2572 4799 2571 4799 1487 4800 2571 4800 2608 4800 1487 4801 2608 4801 2607 4801 1487 4802 2607 4802 1690 4802 2595 4803 1776 4803 2596 4803 2596 4804 1776 4804 1774 4804 2596 4805 1774 4805 2597 4805 2592 4806 1781 4806 2593 4806 2593 4807 1781 4807 1779 4807 2593 4808 1779 4808 2594 4808 2594 4809 1779 4809 1776 4809 2594 4810 1776 4810 2595 4810 2586 4811 1788 4811 2587 4811 2587 4812 1788 4812 1785 4812 2587 4813 1785 4813 2588 4813 2588 4814 1785 4814 1784 4814 2588 4815 1784 4815 2589 4815 2589 4816 1784 4816 1762 4816 2589 4817 1762 4817 2590 4817 2590 4818 1762 4818 1783 4818 2590 4819 1783 4819 2591 4819 2591 4820 1783 4820 1781 4820 2591 4821 1781 4821 2592 4821 2586 4822 2585 4822 1788 4822 1788 4823 2585 4823 1790 4823 2585 4824 2584 4824 1790 4824 1790 4825 2584 4825 1792 4825 2605 4826 2604 4826 1696 4826 1696 4827 2604 4827 2603 4827 1696 4828 2603 4828 1687 4828 1696 4829 1688 4829 2605 4829 2605 4830 1688 4830 2606 4830 1688 4831 1690 4831 2606 4831 2606 4832 1690 4832 2607 4832 2576 4833 2575 4833 1491 4833 1491 4834 2575 4834 2574 4834 1491 4835 2574 4835 1486 4835 2578 4836 2577 4836 1493 4836 1493 4837 2577 4837 2576 4837 1493 4838 2576 4838 1491 4838 2580 4839 2579 4839 1497 4839 1497 4840 2579 4840 2578 4840 1497 4841 2578 4841 1493 4841 2609 4842 2610 4842 2611 4842 2611 4843 2610 4843 2612 4843 1235 4844 1246 4844 1802 4844 1801 4845 1802 4845 1246 4845 1246 4846 1248 4846 1801 4846 1799 4847 1801 4847 1248 4847 1248 4848 1240 4848 1799 4848 1797 4849 1799 4849 1240 4849 1240 4850 1231 4850 1797 4850 1795 4851 1797 4851 1231 4851 1791 4852 1793 4852 1136 4852 1136 4853 1141 4853 1791 4853 1789 4854 1791 4854 1141 4854 1141 4855 1143 4855 1789 4855 1787 4856 1789 4856 1143 4856 1143 4857 1137 4857 1787 4857 1787 4858 1137 4858 1786 4858 1786 4859 1137 4859 1132 4859 1786 4860 1132 4860 1763 4860 1125 4861 1763 4861 1132 4861 1782 4862 1029 4862 1780 4862 1780 4863 1029 4863 1026 4863 1780 4864 1026 4864 1778 4864 1778 4865 1026 4865 1024 4865 1778 4866 1024 4866 1777 4866 1775 4867 925 4867 1773 4867 1773 4868 925 4868 930 4868 1773 4869 930 4869 1771 4869 1771 4870 930 4870 932 4870 1771 4871 932 4871 1769 4871 1769 4872 932 4872 926 4872 1769 4873 926 4873 1767 4873 1767 4874 926 4874 921 4874 923 4875 925 4875 1775 4875 923 4876 1775 4876 1777 4876 923 4877 1777 4877 1024 4877 1134 4878 1136 4878 1793 4878 1134 4879 1793 4879 1795 4879 1134 4880 1795 4880 1231 4880 1465 4881 1233 4881 1759 4881 1759 4882 1233 4882 1235 4882 1759 4883 1235 4883 1802 4883 1763 4884 1125 4884 1761 4884 1761 4885 1125 4885 1037 4885 1761 4886 1037 4886 1764 4886 1764 4887 1037 4887 1034 4887 1764 4888 1034 4888 1782 4888 1782 4889 1034 4889 1036 4889 1782 4890 1036 4890 1029 4890 284 4891 276 4891 921 4891 921 4892 276 4892 1765 4892 921 4893 1765 4893 1767 4893 2613 4894 2614 4894 2615 4894 2615 4895 2614 4895 2616 4895 1639 4896 1641 4896 1735 4896 1735 4897 1641 4897 1643 4897 1457 4898 1629 4898 1458 4898 1458 4899 1629 4899 1630 4899 1458 4900 1630 4900 1631 4900 1458 4901 1631 4901 1664 4901 1664 4902 1631 4902 1633 4902 1664 4903 1633 4903 1663 4903 1663 4904 1633 4904 1662 4904 1662 4905 1633 4905 1635 4905 1662 4906 1635 4906 1735 4906 1735 4907 1635 4907 1637 4907 1735 4908 1637 4908 1639 4908 1735 4909 1643 4909 1742 4909 1742 4910 1643 4910 1645 4910 1742 4911 1645 4911 1741 4911 1741 4912 1645 4912 1606 4912 1606 4913 1645 4913 1614 4913 1606 4914 1614 4914 1589 4914 1589 4915 1614 4915 1613 4915 1589 4916 1613 4916 1584 4916 1609 4917 1483 4917 1659 4917 1659 4918 1483 4918 1693 4918 2617 4919 2618 4919 2619 4919 2618 4920 2617 4920 2620 4920 2620 4921 2617 4921 2621 4921 2620 4922 2621 4922 2622 4922 2622 4923 2621 4923 2623 4923 2622 4924 2623 4924 2624 4924 2624 4925 2623 4925 2625 4925 2624 4926 2625 4926 2626 4926 2626 4927 2625 4927 2627 4927 2626 4928 2627 4928 2628 4928 2628 4929 2627 4929 2629 4929 2628 4930 2629 4930 2630 4930 2630 4931 2629 4931 2631 4931 2630 4932 2631 4932 2632 4932 2632 4933 2631 4933 2633 4933 2632 4934 2633 4934 2634 4934 2634 4935 2633 4935 2635 4935 2634 4936 2635 4936 2636 4936 2636 4937 2635 4937 2637 4937 2636 4938 2637 4938 2638 4938 2638 4939 2637 4939 2639 4939 2638 4940 2639 4940 2640 4940 2640 4941 2639 4941 2641 4941 2640 4942 2641 4942 2642 4942 2642 4943 2641 4943 2643 4943 2642 4944 2643 4944 2644 4944 2644 4945 2643 4945 2645 4945 2644 4946 2645 4946 2646 4946 2646 4947 2645 4947 2647 4947 2646 4948 2647 4948 2648 4948 2648 4949 2647 4949 2649 4949 2648 4950 2649 4950 2650 4950 2650 4951 2649 4951 2651 4951 2650 4952 2651 4952 2652 4952 2652 4953 2651 4953 2653 4953 2652 4954 2653 4954 2654 4954 2654 4955 2653 4955 2655 4955 2654 4956 2655 4956 2656 4956 2656 4957 2655 4957 2657 4957 2656 4958 2657 4958 2658 4958 2658 4959 2657 4959 2659 4959 2658 4960 2659 4960 2660 4960 2660 4961 2659 4961 2661 4961 2660 4962 2661 4962 2662 4962 2662 4963 2661 4963 2663 4963 2662 4964 2663 4964 2664 4964 2665 4965 2666 4965 2667 4965 2667 4966 2666 4966 2668 4966 2667 4967 2668 4967 2669 4967 2669 4968 2668 4968 2670 4968 2669 4969 2670 4969 2671 4969 2671 4970 2670 4970 2672 4970 2671 4971 2672 4971 2673 4971 2673 4972 2672 4972 2674 4972 2673 4973 2674 4973 2675 4973 2675 4974 2674 4974 2676 4974 2675 4975 2676 4975 2677 4975 2677 4976 2676 4976 2678 4976 2679 4977 2680 4977 2610 4977 2610 4978 2680 4978 2612 4978 2681 4979 2679 4979 2609 4979 2609 4980 2679 4980 2610 4980 2611 4981 2682 4981 2609 4981 2609 4982 2682 4982 2681 4982 2611 4983 2612 4983 2682 4983 2682 4984 2612 4984 2680 4984 1465 4985 1476 4985 1233 4985 1233 4986 1476 4986 1379 4986 2613 4987 2615 4987 2683 4987 2683 4988 2615 4988 2684 4988 2615 4989 2616 4989 2684 4989 2684 4990 2616 4990 2685 4990 2685 4991 2616 4991 2686 4991 2686 4992 2616 4992 2614 4992 2683 4993 2686 4993 2613 4993 2613 4994 2686 4994 2614 4994 1629 4995 1457 4995 315 4995 1629 4996 315 4996 322 4996 1629 4997 322 4997 2687 4997 1629 4998 2687 4998 1626 4998 315 4999 1457 4999 1456 4999 315 5000 1456 5000 1447 5000 315 5001 1447 5001 1449 5001 315 5002 1449 5002 1459 5002 315 5003 1459 5003 1451 5003 315 5004 1451 5004 1453 5004 315 5005 1453 5005 1455 5005 315 5006 1455 5006 1463 5006 315 5007 1463 5007 1461 5007 315 5008 1461 5008 1460 5008 1444 5009 1462 5009 1694 5009 1694 5010 1462 5010 1657 5010 1694 5011 1657 5011 1693 5011 1693 5012 1657 5012 1659 5012 2688 5013 2689 5013 2690 5013 2688 5014 2691 5014 2689 5014 194 5015 2692 5015 2693 5015 194 5016 2694 5016 2692 5016 2689 5017 2695 5017 2690 5017 2696 5018 2697 5018 2698 5018 2699 5019 2700 5019 2701 5019 2702 5020 2703 5020 2704 5020 2705 5021 2706 5021 2703 5021 2707 5022 2708 5022 2709 5022 2710 5023 2711 5023 2712 5023 2713 5024 2712 5024 2711 5024 2714 5025 2715 5025 2716 5025 2717 5026 2718 5026 2716 5026 2692 5027 2719 5027 2693 5027 2720 5028 2721 5028 2722 5028 2722 5029 2721 5029 2723 5029 2722 5030 2723 5030 2724 5030 2723 5031 2725 5031 2724 5031 2726 5032 2727 5032 2728 5032 2729 5033 2730 5033 2731 5033 2732 5034 2733 5034 2734 5034 2734 5035 2733 5035 2735 5035 2734 5036 2735 5036 2736 5036 2735 5037 2737 5037 2736 5037 2738 5038 2739 5038 2691 5038 2691 5039 2739 5039 2689 5039 2740 5040 2696 5040 2741 5040 2742 5041 2701 5041 2743 5041 2744 5042 2745 5042 2705 5042 2706 5043 2705 5043 2745 5043 2746 5044 2747 5044 2748 5044 2749 5045 2750 5045 2751 5045 2749 5046 2751 5046 2752 5046 2749 5047 2752 5047 2753 5047 2749 5048 2753 5048 2754 5048 2755 5049 2695 5049 2756 5049 2756 5050 2695 5050 2689 5050 2756 5051 2689 5051 2757 5051 2757 5052 2689 5052 2739 5052 2757 5053 2739 5053 2758 5053 2758 5054 2739 5054 2759 5054 2758 5055 2759 5055 2760 5055 2760 5056 2759 5056 2737 5056 2760 5057 2737 5057 2761 5057 2761 5058 2737 5058 2735 5058 2761 5059 2735 5059 2762 5059 2762 5060 2735 5060 2733 5060 2762 5061 2733 5061 2763 5061 2763 5062 2733 5062 2764 5062 2763 5063 2764 5063 2765 5063 2765 5064 2764 5064 2766 5064 2765 5065 2766 5065 2767 5065 2767 5066 2766 5066 2768 5066 2767 5067 2768 5067 2769 5067 2769 5068 2768 5068 2731 5068 2769 5069 2731 5069 2770 5069 2770 5070 2731 5070 2730 5070 2770 5071 2730 5071 2771 5071 2771 5072 2730 5072 2772 5072 2771 5073 2772 5073 2773 5073 2773 5074 2772 5074 2774 5074 2773 5075 2774 5075 2775 5075 2775 5076 2774 5076 2776 5076 2775 5077 2776 5077 2777 5077 2777 5078 2776 5078 2778 5078 2777 5079 2778 5079 2779 5079 2779 5080 2778 5080 2780 5080 2779 5081 2780 5081 2781 5081 2781 5082 2780 5082 2727 5082 2781 5083 2727 5083 2782 5083 2782 5084 2727 5084 2783 5084 2782 5085 2783 5085 2784 5085 2784 5086 2783 5086 2725 5086 2784 5087 2725 5087 2785 5087 2785 5088 2725 5088 2723 5088 2785 5089 2723 5089 2786 5089 2786 5090 2723 5090 2721 5090 2786 5091 2721 5091 2787 5091 2787 5092 2721 5092 2788 5092 2787 5093 2788 5093 2789 5093 2789 5094 2788 5094 2719 5094 2789 5095 2719 5095 2697 5095 2697 5096 2719 5096 2692 5096 2697 5097 2692 5097 2698 5097 2698 5098 2692 5098 2694 5098 2790 5099 2791 5099 2792 5099 2792 5100 2791 5100 2793 5100 2792 5101 2793 5101 2741 5101 2741 5102 2793 5102 2794 5102 2741 5103 2794 5103 2740 5103 2704 5104 2700 5104 2795 5104 2795 5105 2700 5105 2796 5105 2795 5106 2796 5106 2797 5106 2797 5107 2796 5107 2798 5107 2797 5108 2798 5108 2799 5108 2799 5109 2798 5109 2800 5109 2799 5110 2800 5110 2801 5110 2801 5111 2800 5111 2802 5111 2801 5112 2802 5112 2803 5112 2803 5113 2802 5113 2804 5113 2803 5114 2804 5114 2805 5114 2805 5115 2804 5115 2806 5115 2805 5116 2806 5116 2807 5116 2807 5117 2806 5117 2808 5117 2807 5118 2808 5118 2809 5118 2809 5119 2808 5119 2810 5119 2809 5120 2810 5120 2811 5120 2811 5121 2810 5121 2812 5121 2811 5122 2812 5122 2813 5122 2813 5123 2812 5123 2814 5123 2813 5124 2814 5124 2815 5124 2815 5125 2814 5125 2816 5125 2815 5126 2816 5126 2817 5126 2817 5127 2816 5127 2818 5127 2817 5128 2818 5128 2819 5128 2819 5129 2818 5129 2820 5129 2819 5130 2820 5130 2821 5130 2821 5131 2820 5131 2822 5131 2821 5132 2822 5132 2823 5132 2823 5133 2822 5133 2824 5133 2823 5134 2824 5134 2825 5134 2825 5135 2824 5135 2826 5135 2825 5136 2826 5136 2827 5136 2827 5137 2826 5137 2828 5137 2827 5138 2828 5138 2829 5138 2829 5139 2828 5139 2830 5139 2829 5140 2830 5140 2831 5140 2831 5141 2830 5141 2832 5141 2831 5142 2832 5142 2833 5142 2833 5143 2832 5143 2834 5143 2833 5144 2834 5144 2835 5144 2835 5145 2834 5145 2836 5145 2835 5146 2836 5146 2837 5146 2837 5147 2836 5147 2838 5147 2837 5148 2838 5148 2839 5148 2839 5149 2838 5149 2840 5149 2839 5150 2840 5150 2791 5150 2791 5151 2840 5151 2793 5151 2841 5152 2842 5152 2843 5152 2843 5153 2842 5153 2844 5153 2843 5154 2844 5154 2790 5154 2790 5155 2844 5155 2845 5155 2790 5156 2845 5156 2791 5156 2846 5157 2847 5157 2848 5157 2848 5158 2847 5158 2849 5158 2848 5159 2849 5159 2850 5159 2850 5160 2849 5160 2851 5160 2850 5161 2851 5161 2852 5161 2852 5162 2851 5162 2853 5162 2852 5163 2853 5163 2854 5163 2854 5164 2853 5164 2855 5164 2854 5165 2855 5165 2856 5165 2856 5166 2855 5166 2857 5166 2856 5167 2857 5167 2858 5167 2858 5168 2857 5168 2859 5168 2858 5169 2859 5169 2860 5169 2860 5170 2859 5170 2861 5170 2860 5171 2861 5171 2753 5171 2753 5172 2861 5172 2754 5172 2709 5173 2708 5173 2862 5173 2862 5174 2708 5174 2863 5174 2862 5175 2863 5175 2864 5175 2864 5176 2863 5176 2865 5176 2864 5177 2865 5177 2866 5177 2866 5178 2865 5178 2867 5178 2866 5179 2867 5179 2868 5179 2868 5180 2867 5180 2869 5180 2868 5181 2869 5181 2750 5181 2750 5182 2869 5182 2870 5182 2750 5183 2870 5183 2751 5183 2708 5184 2707 5184 2871 5184 2871 5185 2707 5185 2872 5185 2871 5186 2872 5186 2710 5186 2710 5187 2872 5187 2873 5187 2710 5188 2873 5188 2711 5188 2712 5189 2713 5189 2874 5189 2874 5190 2713 5190 2875 5190 2874 5191 2875 5191 2876 5191 2876 5192 2875 5192 2877 5192 2876 5193 2877 5193 2878 5193 2878 5194 2877 5194 2879 5194 2878 5195 2879 5195 2714 5195 2714 5196 2879 5196 2880 5196 2714 5197 2880 5197 2715 5197 2693 5198 2719 5198 2720 5198 2720 5199 2719 5199 2788 5199 2720 5200 2788 5200 2721 5200 2724 5201 2725 5201 2726 5201 2726 5202 2725 5202 2783 5202 2726 5203 2783 5203 2727 5203 2778 5204 2881 5204 2780 5204 2780 5205 2881 5205 2728 5205 2780 5206 2728 5206 2727 5206 2774 5207 2882 5207 2776 5207 2776 5208 2882 5208 2881 5208 2776 5209 2881 5209 2778 5209 2730 5210 2729 5210 2772 5210 2772 5211 2729 5211 2882 5211 2772 5212 2882 5212 2774 5212 2729 5213 2731 5213 2883 5213 2883 5214 2731 5214 2768 5214 2883 5215 2768 5215 2766 5215 2883 5216 2766 5216 2732 5216 2732 5217 2766 5217 2764 5217 2732 5218 2764 5218 2733 5218 2736 5219 2737 5219 2738 5219 2738 5220 2737 5220 2759 5220 2738 5221 2759 5221 2739 5221 2743 5222 2755 5222 2742 5222 2742 5223 2755 5223 2756 5223 2742 5224 2756 5224 2884 5224 2884 5225 2756 5225 2757 5225 2884 5226 2757 5226 2885 5226 2885 5227 2757 5227 2758 5227 2885 5228 2758 5228 2886 5228 2886 5229 2758 5229 2760 5229 2886 5230 2760 5230 2887 5230 2887 5231 2760 5231 2761 5231 2887 5232 2761 5232 2888 5232 2888 5233 2761 5233 2762 5233 2888 5234 2762 5234 2889 5234 2889 5235 2762 5235 2763 5235 2889 5236 2763 5236 2890 5236 2890 5237 2763 5237 2765 5237 2890 5238 2765 5238 2891 5238 2891 5239 2765 5239 2767 5239 2891 5240 2767 5240 2892 5240 2892 5241 2767 5241 2769 5241 2892 5242 2769 5242 2893 5242 2893 5243 2769 5243 2770 5243 2893 5244 2770 5244 2894 5244 2894 5245 2770 5245 2771 5245 2894 5246 2771 5246 2895 5246 2895 5247 2771 5247 2773 5247 2895 5248 2773 5248 2896 5248 2896 5249 2773 5249 2775 5249 2896 5250 2775 5250 2897 5250 2897 5251 2775 5251 2777 5251 2897 5252 2777 5252 2898 5252 2898 5253 2777 5253 2779 5253 2898 5254 2779 5254 2899 5254 2899 5255 2779 5255 2781 5255 2899 5256 2781 5256 2900 5256 2900 5257 2781 5257 2782 5257 2900 5258 2782 5258 2901 5258 2901 5259 2782 5259 2784 5259 2901 5260 2784 5260 2902 5260 2902 5261 2784 5261 2785 5261 2902 5262 2785 5262 2903 5262 2903 5263 2785 5263 2786 5263 2903 5264 2786 5264 2904 5264 2904 5265 2786 5265 2787 5265 2904 5266 2787 5266 2905 5266 2905 5267 2787 5267 2789 5267 2905 5268 2789 5268 2740 5268 2740 5269 2789 5269 2697 5269 2740 5270 2697 5270 2696 5270 2740 5271 2794 5271 2905 5271 2905 5272 2794 5272 2906 5272 2905 5273 2906 5273 2904 5273 2904 5274 2906 5274 2907 5274 2904 5275 2907 5275 2903 5275 2903 5276 2907 5276 2908 5276 2903 5277 2908 5277 2902 5277 2902 5278 2908 5278 2909 5278 2902 5279 2909 5279 2901 5279 2901 5280 2909 5280 2910 5280 2901 5281 2910 5281 2900 5281 2900 5282 2910 5282 2911 5282 2900 5283 2911 5283 2899 5283 2899 5284 2911 5284 2912 5284 2899 5285 2912 5285 2898 5285 2898 5286 2912 5286 2913 5286 2898 5287 2913 5287 2897 5287 2897 5288 2913 5288 2914 5288 2897 5289 2914 5289 2896 5289 2896 5290 2914 5290 2915 5290 2896 5291 2915 5291 2895 5291 2895 5292 2915 5292 2916 5292 2895 5293 2916 5293 2894 5293 2894 5294 2916 5294 2917 5294 2894 5295 2917 5295 2893 5295 2893 5296 2917 5296 2918 5296 2893 5297 2918 5297 2892 5297 2892 5298 2918 5298 2919 5298 2892 5299 2919 5299 2891 5299 2891 5300 2919 5300 2920 5300 2891 5301 2920 5301 2890 5301 2890 5302 2920 5302 2921 5302 2890 5303 2921 5303 2889 5303 2889 5304 2921 5304 2922 5304 2889 5305 2922 5305 2888 5305 2888 5306 2922 5306 2923 5306 2888 5307 2923 5307 2887 5307 2887 5308 2923 5308 2924 5308 2887 5309 2924 5309 2886 5309 2886 5310 2924 5310 2925 5310 2886 5311 2925 5311 2885 5311 2885 5312 2925 5312 2926 5312 2885 5313 2926 5313 2884 5313 2884 5314 2926 5314 2927 5314 2884 5315 2927 5315 2742 5315 2742 5316 2927 5316 2699 5316 2742 5317 2699 5317 2701 5317 2794 5318 2793 5318 2906 5318 2906 5319 2793 5319 2840 5319 2906 5320 2840 5320 2907 5320 2907 5321 2840 5321 2838 5321 2907 5322 2838 5322 2908 5322 2908 5323 2838 5323 2836 5323 2908 5324 2836 5324 2909 5324 2909 5325 2836 5325 2834 5325 2909 5326 2834 5326 2910 5326 2910 5327 2834 5327 2832 5327 2910 5328 2832 5328 2911 5328 2911 5329 2832 5329 2830 5329 2911 5330 2830 5330 2912 5330 2912 5331 2830 5331 2828 5331 2912 5332 2828 5332 2913 5332 2913 5333 2828 5333 2826 5333 2913 5334 2826 5334 2914 5334 2914 5335 2826 5335 2824 5335 2914 5336 2824 5336 2915 5336 2915 5337 2824 5337 2822 5337 2915 5338 2822 5338 2916 5338 2916 5339 2822 5339 2820 5339 2916 5340 2820 5340 2917 5340 2917 5341 2820 5341 2818 5341 2917 5342 2818 5342 2918 5342 2918 5343 2818 5343 2816 5343 2918 5344 2816 5344 2919 5344 2919 5345 2816 5345 2814 5345 2919 5346 2814 5346 2920 5346 2920 5347 2814 5347 2812 5347 2920 5348 2812 5348 2921 5348 2921 5349 2812 5349 2810 5349 2921 5350 2810 5350 2922 5350 2922 5351 2810 5351 2808 5351 2922 5352 2808 5352 2923 5352 2923 5353 2808 5353 2806 5353 2923 5354 2806 5354 2924 5354 2924 5355 2806 5355 2804 5355 2924 5356 2804 5356 2925 5356 2925 5357 2804 5357 2802 5357 2925 5358 2802 5358 2926 5358 2926 5359 2802 5359 2800 5359 2926 5360 2800 5360 2927 5360 2927 5361 2800 5361 2798 5361 2927 5362 2798 5362 2699 5362 2699 5363 2798 5363 2796 5363 2699 5364 2796 5364 2700 5364 2791 5365 2845 5365 2839 5365 2839 5366 2845 5366 2928 5366 2839 5367 2928 5367 2837 5367 2837 5368 2928 5368 2929 5368 2837 5369 2929 5369 2835 5369 2835 5370 2929 5370 2930 5370 2835 5371 2930 5371 2833 5371 2833 5372 2930 5372 2931 5372 2833 5373 2931 5373 2831 5373 2831 5374 2931 5374 2932 5374 2831 5375 2932 5375 2829 5375 2829 5376 2932 5376 2933 5376 2829 5377 2933 5377 2827 5377 2827 5378 2933 5378 2934 5378 2827 5379 2934 5379 2825 5379 2825 5380 2934 5380 2935 5380 2825 5381 2935 5381 2823 5381 2823 5382 2935 5382 2936 5382 2823 5383 2936 5383 2821 5383 2821 5384 2936 5384 2937 5384 2821 5385 2937 5385 2819 5385 2819 5386 2937 5386 2938 5386 2819 5387 2938 5387 2817 5387 2817 5388 2938 5388 2939 5388 2817 5389 2939 5389 2815 5389 2815 5390 2939 5390 2940 5390 2815 5391 2940 5391 2813 5391 2813 5392 2940 5392 2941 5392 2813 5393 2941 5393 2811 5393 2811 5394 2941 5394 2942 5394 2811 5395 2942 5395 2809 5395 2809 5396 2942 5396 2943 5396 2809 5397 2943 5397 2807 5397 2807 5398 2943 5398 2944 5398 2807 5399 2944 5399 2805 5399 2805 5400 2944 5400 2945 5400 2805 5401 2945 5401 2803 5401 2803 5402 2945 5402 2946 5402 2803 5403 2946 5403 2801 5403 2801 5404 2946 5404 2947 5404 2801 5405 2947 5405 2799 5405 2799 5406 2947 5406 2948 5406 2799 5407 2948 5407 2797 5407 2797 5408 2948 5408 2949 5408 2797 5409 2949 5409 2795 5409 2795 5410 2949 5410 2702 5410 2795 5411 2702 5411 2704 5411 2845 5412 2844 5412 2928 5412 2928 5413 2844 5413 2950 5413 2928 5414 2950 5414 2929 5414 2929 5415 2950 5415 2951 5415 2929 5416 2951 5416 2930 5416 2930 5417 2951 5417 2952 5417 2930 5418 2952 5418 2931 5418 2931 5419 2952 5419 2953 5419 2931 5420 2953 5420 2932 5420 2932 5421 2953 5421 2954 5421 2932 5422 2954 5422 2933 5422 2933 5423 2954 5423 2955 5423 2933 5424 2955 5424 2934 5424 2934 5425 2955 5425 2956 5425 2934 5426 2956 5426 2935 5426 2935 5427 2956 5427 2957 5427 2935 5428 2957 5428 2936 5428 2936 5429 2957 5429 2958 5429 2936 5430 2958 5430 2937 5430 2937 5431 2958 5431 2959 5431 2937 5432 2959 5432 2938 5432 2938 5433 2959 5433 2960 5433 2938 5434 2960 5434 2939 5434 2939 5435 2960 5435 2961 5435 2939 5436 2961 5436 2940 5436 2940 5437 2961 5437 2962 5437 2940 5438 2962 5438 2941 5438 2941 5439 2962 5439 2963 5439 2941 5440 2963 5440 2942 5440 2942 5441 2963 5441 2964 5441 2942 5442 2964 5442 2943 5442 2943 5443 2964 5443 2965 5443 2943 5444 2965 5444 2944 5444 2944 5445 2965 5445 2966 5445 2944 5446 2966 5446 2945 5446 2945 5447 2966 5447 2967 5447 2945 5448 2967 5448 2946 5448 2946 5449 2967 5449 2968 5449 2946 5450 2968 5450 2947 5450 2947 5451 2968 5451 2969 5451 2947 5452 2969 5452 2948 5452 2948 5453 2969 5453 2970 5453 2948 5454 2970 5454 2949 5454 2949 5455 2970 5455 2744 5455 2949 5456 2744 5456 2702 5456 2702 5457 2744 5457 2705 5457 2702 5458 2705 5458 2703 5458 2844 5459 2842 5459 2950 5459 2950 5460 2842 5460 2971 5460 2950 5461 2971 5461 2951 5461 2951 5462 2971 5462 2972 5462 2951 5463 2972 5463 2952 5463 2952 5464 2972 5464 2973 5464 2952 5465 2973 5465 2953 5465 2953 5466 2973 5466 2974 5466 2953 5467 2974 5467 2954 5467 2954 5468 2974 5468 2975 5468 2954 5469 2975 5469 2955 5469 2955 5470 2975 5470 2976 5470 2955 5471 2976 5471 2956 5471 2956 5472 2976 5472 2977 5472 2956 5473 2977 5473 2957 5473 2957 5474 2977 5474 2978 5474 2957 5475 2978 5475 2958 5475 2958 5476 2978 5476 2979 5476 2958 5477 2979 5477 2959 5477 2959 5478 2979 5478 2980 5478 2959 5479 2980 5479 2960 5479 2960 5480 2980 5480 2981 5480 2960 5481 2981 5481 2961 5481 2961 5482 2981 5482 2982 5482 2961 5483 2982 5483 2962 5483 2962 5484 2982 5484 2983 5484 2962 5485 2983 5485 2963 5485 2963 5486 2983 5486 2984 5486 2963 5487 2984 5487 2964 5487 2964 5488 2984 5488 2985 5488 2964 5489 2985 5489 2965 5489 2965 5490 2985 5490 2986 5490 2965 5491 2986 5491 2966 5491 2966 5492 2986 5492 2987 5492 2966 5493 2987 5493 2967 5493 2967 5494 2987 5494 2988 5494 2967 5495 2988 5495 2968 5495 2968 5496 2988 5496 2989 5496 2968 5497 2989 5497 2969 5497 2969 5498 2989 5498 2990 5498 2969 5499 2990 5499 2970 5499 2970 5500 2990 5500 2991 5500 2970 5501 2991 5501 2744 5501 2744 5502 2991 5502 2992 5502 2744 5503 2992 5503 2745 5503 2841 5504 2993 5504 2842 5504 2842 5505 2993 5505 2994 5505 2842 5506 2994 5506 2971 5506 2971 5507 2994 5507 2995 5507 2971 5508 2995 5508 2972 5508 2972 5509 2995 5509 2996 5509 2972 5510 2996 5510 2973 5510 2973 5511 2996 5511 2997 5511 2973 5512 2997 5512 2974 5512 2974 5513 2997 5513 2998 5513 2974 5514 2998 5514 2975 5514 2975 5515 2998 5515 2999 5515 2975 5516 2999 5516 2976 5516 2976 5517 2999 5517 3000 5517 2976 5518 3000 5518 2977 5518 2977 5519 3000 5519 3001 5519 2977 5520 3001 5520 2978 5520 2978 5521 3001 5521 3002 5521 2978 5522 3002 5522 2979 5522 2979 5523 3002 5523 3003 5523 2979 5524 3003 5524 2980 5524 2980 5525 3003 5525 3004 5525 2980 5526 3004 5526 2981 5526 2981 5527 3004 5527 3005 5527 2981 5528 3005 5528 2982 5528 2982 5529 3005 5529 3006 5529 2982 5530 3006 5530 2983 5530 2983 5531 3006 5531 3007 5531 2983 5532 3007 5532 2984 5532 2984 5533 3007 5533 3008 5533 2984 5534 3008 5534 2985 5534 2985 5535 3008 5535 3009 5535 2985 5536 3009 5536 2986 5536 2986 5537 3009 5537 3010 5537 2986 5538 3010 5538 2987 5538 2987 5539 3010 5539 3011 5539 2987 5540 3011 5540 2988 5540 2988 5541 3011 5541 3012 5541 2988 5542 3012 5542 2989 5542 2989 5543 3012 5543 3013 5543 2989 5544 3013 5544 2990 5544 2990 5545 3013 5545 3014 5545 2990 5546 3014 5546 2991 5546 2991 5547 3014 5547 3015 5547 2991 5548 3015 5548 2992 5548 2992 5549 3015 5549 3016 5549 2992 5550 3016 5550 2745 5550 2745 5551 3016 5551 2746 5551 2745 5552 2746 5552 2706 5552 2706 5553 2746 5553 2748 5553 2993 5554 3017 5554 2994 5554 2994 5555 3017 5555 3018 5555 2994 5556 3018 5556 2995 5556 2995 5557 3018 5557 3019 5557 2995 5558 3019 5558 2996 5558 2996 5559 3019 5559 3020 5559 2996 5560 3020 5560 2997 5560 2997 5561 3020 5561 3021 5561 2997 5562 3021 5562 2998 5562 2998 5563 3021 5563 3022 5563 2998 5564 3022 5564 2999 5564 2999 5565 3022 5565 3023 5565 2999 5566 3023 5566 3000 5566 3000 5567 3023 5567 3024 5567 3000 5568 3024 5568 3001 5568 3001 5569 3024 5569 3025 5569 3001 5570 3025 5570 3002 5570 3002 5571 3025 5571 3026 5571 3002 5572 3026 5572 3003 5572 3003 5573 3026 5573 3027 5573 3003 5574 3027 5574 3004 5574 3004 5575 3027 5575 3028 5575 3004 5576 3028 5576 3005 5576 3005 5577 3028 5577 3029 5577 3005 5578 3029 5578 3006 5578 3006 5579 3029 5579 3030 5579 3006 5580 3030 5580 3007 5580 3007 5581 3030 5581 3031 5581 3007 5582 3031 5582 3008 5582 3008 5583 3031 5583 3032 5583 3008 5584 3032 5584 3009 5584 3009 5585 3032 5585 3033 5585 3009 5586 3033 5586 3010 5586 3010 5587 3033 5587 3034 5587 3010 5588 3034 5588 3011 5588 3011 5589 3034 5589 3035 5589 3011 5590 3035 5590 3012 5590 3012 5591 3035 5591 3036 5591 3012 5592 3036 5592 3013 5592 3013 5593 3036 5593 3037 5593 3013 5594 3037 5594 3014 5594 3014 5595 3037 5595 3038 5595 3014 5596 3038 5596 3015 5596 3015 5597 3038 5597 3039 5597 3015 5598 3039 5598 3016 5598 3016 5599 3039 5599 3040 5599 3016 5600 3040 5600 2746 5600 2746 5601 3040 5601 3041 5601 2746 5602 3041 5602 2747 5602 3017 5603 2846 5603 3018 5603 3018 5604 2846 5604 2848 5604 3018 5605 2848 5605 3019 5605 3019 5606 2848 5606 2850 5606 3019 5607 2850 5607 3020 5607 3020 5608 2850 5608 2852 5608 3020 5609 2852 5609 3021 5609 3021 5610 2852 5610 2854 5610 3021 5611 2854 5611 3022 5611 3022 5612 2854 5612 2856 5612 3022 5613 2856 5613 3023 5613 3023 5614 2856 5614 2858 5614 3023 5615 2858 5615 3024 5615 3024 5616 2858 5616 2860 5616 3024 5617 2860 5617 3025 5617 3025 5618 2860 5618 2753 5618 3025 5619 2753 5619 3026 5619 3026 5620 2753 5620 2752 5620 3026 5621 2752 5621 3027 5621 3027 5622 2752 5622 2751 5622 3027 5623 2751 5623 3028 5623 3028 5624 2751 5624 2870 5624 3028 5625 2870 5625 3029 5625 3029 5626 2870 5626 2869 5626 3029 5627 2869 5627 3030 5627 3030 5628 2869 5628 2867 5628 3030 5629 2867 5629 3031 5629 3031 5630 2867 5630 2865 5630 3031 5631 2865 5631 3032 5631 3032 5632 2865 5632 2863 5632 3032 5633 2863 5633 3033 5633 3033 5634 2863 5634 2708 5634 3033 5635 2708 5635 3034 5635 3034 5636 2708 5636 2871 5636 3034 5637 2871 5637 3035 5637 3035 5638 2871 5638 2710 5638 3035 5639 2710 5639 3036 5639 3036 5640 2710 5640 2712 5640 3036 5641 2712 5641 3037 5641 3037 5642 2712 5642 2874 5642 3037 5643 2874 5643 3038 5643 3038 5644 2874 5644 2876 5644 3038 5645 2876 5645 3039 5645 3039 5646 2876 5646 2878 5646 3039 5647 2878 5647 3040 5647 3040 5648 2878 5648 2714 5648 3040 5649 2714 5649 3041 5649 2747 5650 3041 5650 2718 5650 2718 5651 3041 5651 2714 5651 2718 5652 2714 5652 2716 5652 3042 5653 3043 5653 3044 5653 3045 5654 3046 5654 3047 5654 3045 5655 3047 5655 3048 5655 3049 5656 1413 5656 1414 5656 3050 5657 3051 5657 3052 5657 3052 5658 3051 5658 3053 5658 3052 5659 3053 5659 3054 5659 3055 5660 3042 5660 3048 5660 1429 5661 3056 5661 1419 5661 1428 5662 3057 5662 3058 5662 1428 5663 3058 5663 3050 5663 1428 5664 3050 5664 3052 5664 1428 5665 3052 5665 1427 5665 3058 5666 3044 5666 3050 5666 3050 5667 3044 5667 3043 5667 3050 5668 3043 5668 3051 5668 3059 5669 3056 5669 3054 5669 3054 5670 3056 5670 1429 5670 3054 5671 1429 5671 3052 5671 3052 5672 1429 5672 1426 5672 3052 5673 1426 5673 1427 5673 1417 5674 1419 5674 3060 5674 3060 5675 1419 5675 3056 5675 3060 5676 3056 5676 3061 5676 3061 5677 3056 5677 3059 5677 3061 5678 3059 5678 3062 5678 3062 5679 3059 5679 3063 5679 3062 5680 3063 5680 3064 5680 3064 5681 3063 5681 3065 5681 3064 5682 3065 5682 3047 5682 3047 5683 3065 5683 3055 5683 3047 5684 3055 5684 3048 5684 1415 5685 1417 5685 3066 5685 3066 5686 1417 5686 3067 5686 3066 5687 3067 5687 3068 5687 3068 5688 3067 5688 3069 5688 3068 5689 3069 5689 3070 5689 3070 5690 3069 5690 3071 5690 3070 5691 3071 5691 3072 5691 3072 5692 3071 5692 3073 5692 3072 5693 3073 5693 3074 5693 3074 5694 3073 5694 3046 5694 3074 5695 3046 5695 3075 5695 3075 5696 3046 5696 3045 5696 3076 5697 3077 5697 3078 5697 3078 5698 3077 5698 3079 5698 3078 5699 3079 5699 3075 5699 3075 5700 3079 5700 3080 5700 3075 5701 3080 5701 3074 5701 1414 5702 1415 5702 3081 5702 3081 5703 1415 5703 3066 5703 3081 5704 3066 5704 3082 5704 3082 5705 3066 5705 3068 5705 3082 5706 3068 5706 3083 5706 3083 5707 3068 5707 3070 5707 3083 5708 3070 5708 3084 5708 3085 5709 3086 5709 3087 5709 3087 5710 3086 5710 3088 5710 3087 5711 3088 5711 3089 5711 3089 5712 3088 5712 3090 5712 3089 5713 3090 5713 3091 5713 3091 5714 3090 5714 3092 5714 3091 5715 3092 5715 3093 5715 3093 5716 3092 5716 3094 5716 3093 5717 3094 5717 3095 5717 3095 5718 3094 5718 1422 5718 3095 5719 1422 5719 1435 5719 3086 5720 3096 5720 3088 5720 3088 5721 3096 5721 3097 5721 3088 5722 3097 5722 3098 5722 3088 5723 3098 5723 3090 5723 3090 5724 3098 5724 3099 5724 3090 5725 3099 5725 3092 5725 3092 5726 3099 5726 3094 5726 3094 5727 3099 5727 1421 5727 3094 5728 1421 5728 1422 5728 3059 5729 3054 5729 3063 5729 3063 5730 3054 5730 3053 5730 3063 5731 3053 5731 3065 5731 3065 5732 3053 5732 3051 5732 3065 5733 3051 5733 3055 5733 3055 5734 3051 5734 3043 5734 3055 5735 3043 5735 3042 5735 3047 5736 3046 5736 3064 5736 3064 5737 3046 5737 3073 5737 3064 5738 3073 5738 3062 5738 3062 5739 3073 5739 3071 5739 3062 5740 3071 5740 3061 5740 3061 5741 3071 5741 3069 5741 3061 5742 3069 5742 3060 5742 3060 5743 3069 5743 3067 5743 3060 5744 3067 5744 1417 5744 3074 5745 3080 5745 3072 5745 3072 5746 3080 5746 3100 5746 3072 5747 3100 5747 3070 5747 3070 5748 3100 5748 3084 5748 3080 5749 3079 5749 3100 5749 3100 5750 3079 5750 3101 5750 3100 5751 3101 5751 3084 5751 3084 5752 3101 5752 3102 5752 3084 5753 3102 5753 3083 5753 3083 5754 3102 5754 3103 5754 3083 5755 3103 5755 3082 5755 3082 5756 3103 5756 3104 5756 3082 5757 3104 5757 3081 5757 3081 5758 3104 5758 3049 5758 3081 5759 3049 5759 1414 5759 3079 5760 3077 5760 3101 5760 3101 5761 3077 5761 3105 5761 3101 5762 3105 5762 3102 5762 3102 5763 3105 5763 3106 5763 3102 5764 3106 5764 3103 5764 3103 5765 3106 5765 3107 5765 3103 5766 3107 5766 3104 5766 3104 5767 3107 5767 3049 5767 3049 5768 3107 5768 3108 5768 3049 5769 3108 5769 1413 5769 3076 5770 3109 5770 3077 5770 3077 5771 3109 5771 3110 5771 3077 5772 3110 5772 3105 5772 3105 5773 3110 5773 3111 5773 3105 5774 3111 5774 3106 5774 3106 5775 3111 5775 3112 5775 3106 5776 3112 5776 3107 5776 3107 5777 3112 5777 3113 5777 3107 5778 3113 5778 3108 5778 3108 5779 3113 5779 3114 5779 3108 5780 3114 5780 1413 5780 1413 5781 3114 5781 1434 5781 3109 5782 3085 5782 3110 5782 3110 5783 3085 5783 3087 5783 3110 5784 3087 5784 3111 5784 3111 5785 3087 5785 3089 5785 3111 5786 3089 5786 3112 5786 3112 5787 3089 5787 3091 5787 3112 5788 3091 5788 3113 5788 3113 5789 3091 5789 3093 5789 3113 5790 3093 5790 3114 5790 3114 5791 3093 5791 3095 5791 3114 5792 3095 5792 1434 5792 1434 5793 3095 5793 1435 5793 3057 5794 3115 5794 3058 5794 3057 5795 3116 5795 3115 5795 2688 5796 3117 5796 3118 5796 2688 5797 2690 5797 3117 5797 3115 5798 3044 5798 3058 5798 3119 5799 2695 5799 2755 5799 3120 5800 3076 5800 3078 5800 3121 5801 3122 5801 3123 5801 3124 5802 3123 5802 3122 5802 3096 5803 3086 5803 3125 5803 3117 5804 3126 5804 3118 5804 3127 5805 3118 5805 3126 5805 3127 5806 3126 5806 3128 5806 3127 5807 3128 5807 3129 5807 3127 5808 3129 5808 3130 5808 3130 5809 3129 5809 3131 5809 3130 5810 3131 5810 3116 5810 3131 5811 3115 5811 3116 5811 3119 5812 2755 5812 2743 5812 3119 5813 3132 5813 3133 5813 3133 5814 3134 5814 3135 5814 3135 5815 3134 5815 3136 5815 3134 5816 3137 5816 3138 5816 3134 5817 3138 5817 3136 5817 3136 5818 3138 5818 3139 5818 3136 5819 3139 5819 3140 5819 3140 5820 3139 5820 3141 5820 3140 5821 3141 5821 3142 5821 3143 5822 3144 5822 3145 5822 3146 5823 3147 5823 3148 5823 3146 5824 3148 5824 3149 5824 3149 5825 3148 5825 3150 5825 3149 5826 3150 5826 3151 5826 3151 5827 3150 5827 3152 5827 3147 5828 3153 5828 3154 5828 3147 5829 3154 5829 3148 5829 3148 5830 3154 5830 3155 5830 3148 5831 3155 5831 3150 5831 2747 5832 3156 5832 2748 5832 3156 5833 3157 5833 3158 5833 3157 5834 3159 5834 3158 5834 3158 5835 3159 5835 3160 5835 3160 5836 3159 5836 3161 5836 3160 5837 3161 5837 3162 5837 3162 5838 3161 5838 3163 5838 3162 5839 3163 5839 3164 5839 3157 5840 3123 5840 3159 5840 3159 5841 3123 5841 3124 5841 3159 5842 3124 5842 3161 5842 3161 5843 3124 5843 3165 5843 3161 5844 3165 5844 3163 5844 3166 5845 3125 5845 3165 5845 3166 5846 3165 5846 3124 5846 3166 5847 3124 5847 3122 5847 3042 5848 3044 5848 3167 5848 3167 5849 3044 5849 3115 5849 3167 5850 3115 5850 3168 5850 3168 5851 3115 5851 3131 5851 3168 5852 3131 5852 3169 5852 3169 5853 3131 5853 3129 5853 3169 5854 3129 5854 3135 5854 3135 5855 3129 5855 3128 5855 3135 5856 3128 5856 3133 5856 3133 5857 3128 5857 3126 5857 3133 5858 3126 5858 3119 5858 3119 5859 3126 5859 3117 5859 3119 5860 3117 5860 2695 5860 2695 5861 3117 5861 2690 5861 2704 5862 3170 5862 2700 5862 2700 5863 3170 5863 3144 5863 2700 5864 3144 5864 2701 5864 2701 5865 3144 5865 3143 5865 2701 5866 3143 5866 2743 5866 2743 5867 3143 5867 3132 5867 2743 5868 3132 5868 3119 5868 3042 5869 3167 5869 3048 5869 3048 5870 3167 5870 3142 5870 3048 5871 3142 5871 3045 5871 3045 5872 3142 5872 3141 5872 3045 5873 3141 5873 3171 5873 3045 5874 3171 5874 3075 5874 3075 5875 3171 5875 3172 5875 3075 5876 3172 5876 3078 5876 3078 5877 3172 5877 3173 5877 3078 5878 3173 5878 3120 5878 2706 5879 3153 5879 2703 5879 2703 5880 3153 5880 3147 5880 2703 5881 3147 5881 2704 5881 2704 5882 3147 5882 3146 5882 2704 5883 3146 5883 3170 5883 2717 5884 3121 5884 2718 5884 2718 5885 3121 5885 3123 5885 2718 5886 3123 5886 2747 5886 2747 5887 3123 5887 3157 5887 2747 5888 3157 5888 3156 5888 3109 5889 3164 5889 3085 5889 3085 5890 3164 5890 3163 5890 3085 5891 3163 5891 3086 5891 3086 5892 3163 5892 3165 5892 3086 5893 3165 5893 3125 5893 3142 5894 3167 5894 3140 5894 3140 5895 3167 5895 3168 5895 3140 5896 3168 5896 3136 5896 3136 5897 3168 5897 3169 5897 3136 5898 3169 5898 3135 5898 3143 5899 3137 5899 3132 5899 3132 5900 3137 5900 3134 5900 3132 5901 3134 5901 3133 5901 3171 5902 3141 5902 3174 5902 3174 5903 3141 5903 3139 5903 3174 5904 3139 5904 3175 5904 3175 5905 3139 5905 3138 5905 3175 5906 3138 5906 3145 5906 3145 5907 3138 5907 3137 5907 3145 5908 3137 5908 3143 5908 3144 5909 3170 5909 3145 5909 3145 5910 3170 5910 3176 5910 3145 5911 3176 5911 3175 5911 3175 5912 3176 5912 3177 5912 3175 5913 3177 5913 3174 5913 3174 5914 3177 5914 3178 5914 3174 5915 3178 5915 3171 5915 3171 5916 3178 5916 3172 5916 3170 5917 3146 5917 3176 5917 3176 5918 3146 5918 3149 5918 3176 5919 3149 5919 3177 5919 3177 5920 3149 5920 3151 5920 3177 5921 3151 5921 3178 5921 3178 5922 3151 5922 3179 5922 3178 5923 3179 5923 3172 5923 3172 5924 3179 5924 3173 5924 3120 5925 3173 5925 3152 5925 3152 5926 3173 5926 3179 5926 3152 5927 3179 5927 3151 5927 3150 5928 3155 5928 3152 5928 3152 5929 3155 5929 3180 5929 3152 5930 3180 5930 3120 5930 3120 5931 3180 5931 3181 5931 3120 5932 3181 5932 3076 5932 2706 5933 2748 5933 3153 5933 3153 5934 2748 5934 3156 5934 3153 5935 3156 5935 3154 5935 3154 5936 3156 5936 3158 5936 3154 5937 3158 5937 3155 5937 3155 5938 3158 5938 3160 5938 3155 5939 3160 5939 3180 5939 3180 5940 3160 5940 3162 5940 3180 5941 3162 5941 3181 5941 3181 5942 3162 5942 3164 5942 3181 5943 3164 5943 3076 5943 3076 5944 3164 5944 3109 5944 2619 5945 3182 5945 2617 5945 2617 5946 3182 5946 3183 5946 2617 5947 3183 5947 2621 5947 2621 5948 3183 5948 3184 5948 2621 5949 3184 5949 2623 5949 2623 5950 3184 5950 3185 5950 2623 5951 3185 5951 2625 5951 2625 5952 3185 5952 3186 5952 2625 5953 3186 5953 2627 5953 2627 5954 3186 5954 3187 5954 2627 5955 3187 5955 2629 5955 2629 5956 3187 5956 3188 5956 2629 5957 3188 5957 2631 5957 2631 5958 3188 5958 3189 5958 2631 5959 3189 5959 2633 5959 2633 5960 3189 5960 3190 5960 2633 5961 3190 5961 2635 5961 2635 5962 3190 5962 3191 5962 2635 5963 3191 5963 2637 5963 2637 5964 3191 5964 3192 5964 2637 5965 3192 5965 2639 5965 2639 5966 3192 5966 3193 5966 2639 5967 3193 5967 2641 5967 3182 5968 2619 5968 3194 5968 3194 5969 2619 5969 2618 5969 3194 5970 2618 5970 3195 5970 3195 5971 2618 5971 2620 5971 3195 5972 2620 5972 3196 5972 3196 5973 2620 5973 2622 5973 3196 5974 2622 5974 3197 5974 3197 5975 2622 5975 2624 5975 3197 5976 2624 5976 3198 5976 3198 5977 2624 5977 2626 5977 3198 5978 2626 5978 3199 5978 3199 5979 2626 5979 2628 5979 3199 5980 2628 5980 3200 5980 3200 5981 2628 5981 2630 5981 3200 5982 2630 5982 3201 5982 3201 5983 2630 5983 2632 5983 3201 5984 2632 5984 3202 5984 3202 5985 2632 5985 2634 5985 3202 5986 2634 5986 3203 5986 3203 5987 2634 5987 2636 5987 3203 5988 2636 5988 3204 5988 3204 5989 2636 5989 2638 5989 3204 5990 2638 5990 3205 5990 3205 5991 2638 5991 2640 5991 3205 5992 2640 5992 3206 5992 2664 5993 3207 5993 2662 5993 2662 5994 3207 5994 3208 5994 2662 5995 3208 5995 2660 5995 2660 5996 3208 5996 3209 5996 2660 5997 3209 5997 2658 5997 2658 5998 3209 5998 3210 5998 2658 5999 3210 5999 2656 5999 2656 6000 3210 6000 3211 6000 2656 6001 3211 6001 2654 6001 2654 6002 3211 6002 3212 6002 2654 6003 3212 6003 2652 6003 2652 6004 3212 6004 3213 6004 2652 6005 3213 6005 2650 6005 2650 6006 3213 6006 3214 6006 2650 6007 3214 6007 2648 6007 2648 6008 3214 6008 3215 6008 2648 6009 3215 6009 2646 6009 2646 6010 3215 6010 3216 6010 2646 6011 3216 6011 2644 6011 2644 6012 3216 6012 3217 6012 2644 6013 3217 6013 2642 6013 2642 6014 3217 6014 3206 6014 2642 6015 3206 6015 2640 6015 3207 6016 2664 6016 3218 6016 3218 6017 2664 6017 2663 6017 3218 6018 2663 6018 3219 6018 3219 6019 2663 6019 2661 6019 3219 6020 2661 6020 3220 6020 3220 6021 2661 6021 2659 6021 3220 6022 2659 6022 3221 6022 3221 6023 2659 6023 2657 6023 3221 6024 2657 6024 3222 6024 3222 6025 2657 6025 2655 6025 3222 6026 2655 6026 3223 6026 3223 6027 2655 6027 2653 6027 3223 6028 2653 6028 3224 6028 3224 6029 2653 6029 2651 6029 3224 6030 2651 6030 3225 6030 3225 6031 2651 6031 2649 6031 3225 6032 2649 6032 3226 6032 3226 6033 2649 6033 2647 6033 3226 6034 2647 6034 3227 6034 3227 6035 2647 6035 2645 6035 3227 6036 2645 6036 3228 6036 3228 6037 2645 6037 2643 6037 3228 6038 2643 6038 3229 6038 3229 6039 2643 6039 2641 6039 3229 6040 2641 6040 3193 6040 2666 6041 3230 6041 2668 6041 2668 6042 3230 6042 3231 6042 2668 6043 3231 6043 2670 6043 2670 6044 3231 6044 3232 6044 2670 6045 3232 6045 2672 6045 3230 6046 2666 6046 3233 6046 3233 6047 2666 6047 2665 6047 3233 6048 2665 6048 3234 6048 3234 6049 2665 6049 2667 6049 3234 6050 2667 6050 3235 6050 3235 6051 2667 6051 2669 6051 3235 6052 2669 6052 3236 6052 3236 6053 2669 6053 2671 6053 3236 6054 2671 6054 3237 6054 2677 6055 3238 6055 2675 6055 2675 6056 3238 6056 3239 6056 2675 6057 3239 6057 2673 6057 2673 6058 3239 6058 3237 6058 2673 6059 3237 6059 2671 6059 3238 6060 2677 6060 3240 6060 3240 6061 2677 6061 2678 6061 3240 6062 2678 6062 3241 6062 3241 6063 2678 6063 2676 6063 3241 6064 2676 6064 3242 6064 3242 6065 2676 6065 2674 6065 3242 6066 2674 6066 3243 6066 3243 6067 2674 6067 2672 6067 3243 6068 2672 6068 3232 6068 3244 6069 3245 6069 3246 6069 3246 6070 3245 6070 3247 6070 3246 6071 3247 6071 3248 6071 3248 6072 3247 6072 3249 6072 3248 6073 3249 6073 3250 6073 3250 6074 3249 6074 3251 6074 3250 6075 3251 6075 3252 6075 3252 6076 3251 6076 3253 6076 3252 6077 3253 6077 3254 6077 3254 6078 3253 6078 3255 6078 3254 6079 3255 6079 3256 6079 3256 6080 3255 6080 3257 6080 3256 6081 3257 6081 3258 6081 3258 6082 3257 6082 3259 6082 3258 6083 3259 6083 3260 6083 3260 6084 3259 6084 3261 6084 3260 6085 3261 6085 3262 6085 3262 6086 3261 6086 3263 6086 1640 6087 3264 6087 3265 6087 1640 6088 1638 6088 3264 6088 1638 6089 1636 6089 3266 6089 3266 6090 3264 6090 1638 6090 1636 6091 1634 6091 3267 6091 3267 6092 3266 6092 1636 6092 1634 6093 1632 6093 3268 6093 3268 6094 3267 6094 1634 6094 1632 6095 1628 6095 3269 6095 3269 6096 3268 6096 1632 6096 1628 6097 1627 6097 3270 6097 3270 6098 3269 6098 1628 6098 3270 6099 1627 6099 3271 6099 1627 6100 1625 6100 3272 6100 1627 6101 3272 6101 3271 6101 1625 6102 1623 6102 3273 6102 3273 6103 3272 6103 1625 6103 1623 6104 1621 6104 3274 6104 3274 6105 3273 6105 1623 6105 1621 6106 1619 6106 3275 6106 3275 6107 3274 6107 1621 6107 1619 6108 1617 6108 3276 6108 3276 6109 3275 6109 1619 6109 1617 6110 1616 6110 3277 6110 3277 6111 3276 6111 1617 6111 3277 6112 1616 6112 3278 6112 1616 6113 1618 6113 3279 6113 1616 6114 3279 6114 3278 6114 1618 6115 1620 6115 3280 6115 3280 6116 3279 6116 1618 6116 1620 6117 1622 6117 3281 6117 3281 6118 3280 6118 1620 6118 317 6119 3281 6119 1622 6119 317 6120 1622 6120 1624 6120 317 6121 1624 6121 318 6121 318 6122 1624 6122 319 6122 319 6123 1624 6123 1626 6123 319 6124 1626 6124 320 6124 320 6125 1626 6125 321 6125 321 6126 1626 6126 2687 6126 321 6127 2687 6127 322 6127 1640 6128 3282 6128 1642 6128 1640 6129 3265 6129 3282 6129 1651 6130 3283 6130 3284 6130 1651 6131 3284 6131 1649 6131 1653 6132 3285 6132 3283 6132 1653 6133 3283 6133 1651 6133 3285 6134 1653 6134 3286 6134 1655 6135 3287 6135 3286 6135 1655 6136 3286 6136 1653 6136 1656 6137 3288 6137 3287 6137 1656 6138 3287 6138 1655 6138 1654 6139 3289 6139 3288 6139 1654 6140 3288 6140 1656 6140 1652 6141 3290 6141 3289 6141 1652 6142 3289 6142 1654 6142 1650 6143 3291 6143 3290 6143 1650 6144 3290 6144 1652 6144 1648 6145 3292 6145 3291 6145 1648 6146 3291 6146 1650 6146 3292 6147 1648 6147 3293 6147 1612 6148 3294 6148 3293 6148 1612 6149 3293 6149 1648 6149 1611 6150 3295 6150 3294 6150 1611 6151 3294 6151 1612 6151 1615 6152 3296 6152 3295 6152 1615 6153 3295 6153 1611 6153 1646 6154 3297 6154 3296 6154 1646 6155 3296 6155 1615 6155 1644 6156 3298 6156 3297 6156 1644 6157 3297 6157 1646 6157 1642 6158 3282 6158 3298 6158 1642 6159 3298 6159 1644 6159 3299 6160 3300 6160 1647 6160 3299 6161 1647 6161 1649 6161 3299 6162 1649 6162 3284 6162 1585 6163 3301 6163 1586 6163 1586 6164 3301 6164 3302 6164 1586 6165 3302 6165 1587 6165 1647 6166 3300 6166 1585 6166 1585 6167 3300 6167 3303 6167 1585 6168 3303 6168 3301 6168 1588 6169 1587 6169 3302 6169 1588 6170 3302 6170 3301 6170 1588 6171 3301 6171 3303 6171 1588 6172 3303 6172 3300 6172 1588 6173 3300 6173 3299 6173 1588 6174 3299 6174 3304 6174 3304 6175 3305 6175 2681 6175 1590 6176 1588 6176 3304 6176 1590 6177 3304 6177 2681 6177 1590 6178 2681 6178 2682 6178 1590 6179 2682 6179 1608 6179 2679 6180 2681 6180 3305 6180 2679 6181 3305 6181 1471 6181 2679 6182 1471 6182 1470 6182 2679 6183 1470 6183 1489 6183 2679 6184 1489 6184 1515 6184 2679 6185 1515 6185 1520 6185 2679 6186 1520 6186 1512 6186 2679 6187 1512 6187 1509 6187 2679 6188 1509 6188 1477 6188 2679 6189 1477 6189 1479 6189 2679 6190 1479 6190 1480 6190 2679 6191 1480 6191 2680 6191 2682 6192 2680 6192 1608 6192 1608 6193 2680 6193 1518 6193 2680 6194 1480 6194 1518 6194 1518 6195 1480 6195 1506 6195 1471 6196 3305 6196 1472 6196 1472 6197 3305 6197 3306 6197 1472 6198 3306 6198 1473 6198 1473 6199 3306 6199 1474 6199 1474 6200 3306 6200 3307 6200 1474 6201 3307 6201 1475 6201 1475 6202 3307 6202 1476 6202 1476 6203 3307 6203 3308 6203 1476 6204 3308 6204 1379 6204 1379 6205 3308 6205 1428 6205 262 6206 261 6206 2685 6206 3309 6207 316 6207 315 6207 3309 6208 315 6208 2684 6208 3309 6209 2684 6209 2685 6209 3309 6210 2685 6210 261 6210 315 6211 1460 6211 2684 6211 2684 6212 1460 6212 1462 6212 2684 6213 1462 6213 2683 6213 2683 6214 1462 6214 1444 6214 2683 6215 1444 6215 2686 6215 2686 6216 1444 6216 262 6216 2686 6217 262 6217 2685 6217 3310 6218 2846 6218 3311 6218 3310 6219 2847 6219 2846 6219 194 6220 196 6220 3312 6220 202 6221 3313 6221 200 6221 202 6222 3314 6222 3313 6222 3315 6223 3316 6223 3314 6223 3317 6224 3318 6224 3315 6224 3319 6225 2843 6225 2790 6225 3319 6226 2790 6226 3320 6226 3321 6227 2841 6227 2843 6227 3322 6228 3323 6228 3324 6228 3313 6229 3325 6229 200 6229 198 6230 200 6230 3325 6230 3325 6231 3326 6231 198 6231 196 6232 198 6232 3326 6232 3326 6233 3312 6233 196 6233 3327 6234 2792 6234 2741 6234 3328 6235 3329 6235 3330 6235 3328 6236 3330 6236 3331 6236 3331 6237 3330 6237 3332 6237 3331 6238 3332 6238 3333 6238 3333 6239 3332 6239 3319 6239 3333 6240 3319 6240 3320 6240 3329 6241 3334 6241 3335 6241 3329 6242 3335 6242 3330 6242 3336 6243 3337 6243 3338 6243 3338 6244 3337 6244 3339 6244 3337 6245 3340 6245 3341 6245 3337 6246 3341 6246 3339 6246 3339 6247 3341 6247 3342 6247 3339 6248 3342 6248 3343 6248 3340 6249 3322 6249 3324 6249 3340 6250 3324 6250 3341 6250 3341 6251 3324 6251 3344 6251 3341 6252 3344 6252 3342 6252 3345 6253 3311 6253 3344 6253 3345 6254 3344 6254 3324 6254 3345 6255 3324 6255 3323 6255 3327 6256 2741 6256 3346 6256 3346 6257 2741 6257 2696 6257 3346 6258 2696 6258 3347 6258 3347 6259 2696 6259 2698 6259 3347 6260 2698 6260 3312 6260 3312 6261 2698 6261 2694 6261 3312 6262 2694 6262 194 6262 3348 6263 3328 6263 3349 6263 3349 6264 3328 6264 3350 6264 3349 6265 3350 6265 3351 6265 3351 6266 3350 6266 3352 6266 3351 6267 3352 6267 3317 6267 2790 6268 2792 6268 3320 6268 3320 6269 2792 6269 3353 6269 3320 6270 3353 6270 3333 6270 3333 6271 3353 6271 3354 6271 3333 6272 3354 6272 3331 6272 3331 6273 3354 6273 3355 6273 3331 6274 3355 6274 3328 6274 3328 6275 3355 6275 3350 6275 3356 6276 3323 6276 3357 6276 3357 6277 3323 6277 3322 6277 3357 6278 3322 6278 3358 6278 3358 6279 3322 6279 3340 6279 3358 6280 3340 6280 3359 6280 3359 6281 3340 6281 3337 6281 3359 6282 3337 6282 3360 6282 3360 6283 3337 6283 3336 6283 3360 6284 3336 6284 3361 6284 3361 6285 3336 6285 3334 6285 3361 6286 3334 6286 3348 6286 3348 6287 3334 6287 3329 6287 3348 6288 3329 6288 3328 6288 3347 6289 3312 6289 3362 6289 3362 6290 3312 6290 3326 6290 3362 6291 3326 6291 3363 6291 3363 6292 3326 6292 3325 6292 3363 6293 3325 6293 3316 6293 3316 6294 3325 6294 3313 6294 3316 6295 3313 6295 3314 6295 3346 6296 3347 6296 3364 6296 3364 6297 3347 6297 3362 6297 3364 6298 3362 6298 3365 6298 3365 6299 3362 6299 3363 6299 3365 6300 3363 6300 3318 6300 3318 6301 3363 6301 3316 6301 3318 6302 3316 6302 3315 6302 3327 6303 3346 6303 3366 6303 3366 6304 3346 6304 3364 6304 3366 6305 3364 6305 3367 6305 3367 6306 3364 6306 3365 6306 3367 6307 3365 6307 3352 6307 3352 6308 3365 6308 3318 6308 3352 6309 3318 6309 3317 6309 3352 6310 3350 6310 3367 6310 3367 6311 3350 6311 3355 6311 3367 6312 3355 6312 3366 6312 3366 6313 3355 6313 3354 6313 3366 6314 3354 6314 3327 6314 3327 6315 3354 6315 3353 6315 3327 6316 3353 6316 2792 6316 3330 6317 3335 6317 3332 6317 3332 6318 3335 6318 3368 6318 3332 6319 3368 6319 3319 6319 3319 6320 3368 6320 3321 6320 3319 6321 3321 6321 2843 6321 3334 6322 3336 6322 3335 6322 3335 6323 3336 6323 3338 6323 3335 6324 3338 6324 3368 6324 3368 6325 3338 6325 3369 6325 3368 6326 3369 6326 3321 6326 3321 6327 3369 6327 3370 6327 3321 6328 3370 6328 2841 6328 2993 6329 2841 6329 3343 6329 3343 6330 2841 6330 3370 6330 3343 6331 3370 6331 3339 6331 3339 6332 3370 6332 3369 6332 3339 6333 3369 6333 3338 6333 2993 6334 3343 6334 3017 6334 3017 6335 3343 6335 3342 6335 3017 6336 3342 6336 2846 6336 2846 6337 3342 6337 3344 6337 2846 6338 3344 6338 3311 6338 1060 6339 2868 6339 1032 6339 1377 6340 1398 6340 3125 6340 1377 6341 3125 6341 3166 6341 1377 6342 3166 6342 3122 6342 1377 6343 3122 6343 3121 6343 1377 6344 3121 6344 2717 6344 1377 6345 2717 6345 2716 6345 1377 6346 2716 6346 1378 6346 899 6347 920 6347 2749 6347 899 6348 2749 6348 2754 6348 899 6349 2754 6349 2861 6349 899 6350 2861 6350 900 6350 3345 6351 3323 6351 241 6351 3345 6352 241 6352 253 6352 3345 6353 253 6353 885 6353 3345 6354 885 6354 886 6354 3323 6355 3356 6355 3371 6355 3323 6356 3371 6356 3372 6356 3323 6357 3372 6357 3373 6357 3323 6358 3373 6358 239 6358 3323 6359 239 6359 241 6359 886 6360 2851 6360 2849 6360 886 6361 2849 6361 2847 6361 886 6362 2847 6362 3310 6362 886 6363 3310 6363 3311 6363 886 6364 3311 6364 3345 6364 900 6365 2861 6365 2859 6365 900 6366 2859 6366 2857 6366 900 6367 2857 6367 903 6367 2750 6368 2749 6368 920 6368 2750 6369 920 6369 936 6369 2750 6370 936 6370 918 6370 2750 6371 918 6371 915 6371 2750 6372 915 6372 1032 6372 2750 6373 1032 6373 2868 6373 1346 6374 1345 6374 2875 6374 1346 6375 2875 6375 2713 6375 1346 6376 2713 6376 2711 6376 1346 6377 2711 6377 2873 6377 1346 6378 2873 6378 1236 6378 1378 6379 2716 6379 2715 6379 1378 6380 2715 6380 2880 6380 1378 6381 2880 6381 2879 6381 1378 6382 2879 6382 1344 6382 3125 6383 1398 6383 1421 6383 3125 6384 1421 6384 3099 6384 3125 6385 3099 6385 3098 6385 3125 6386 3098 6386 3097 6386 3125 6387 3097 6387 3096 6387 2851 6388 886 6388 2853 6388 2853 6389 886 6389 903 6389 2853 6390 903 6390 2855 6390 2855 6391 903 6391 2857 6391 2868 6392 1060 6392 2866 6392 2866 6393 1060 6393 1023 6393 2866 6394 1023 6394 2864 6394 2864 6395 1023 6395 1020 6395 2864 6396 1020 6396 2862 6396 2862 6397 1020 6397 1131 6397 2862 6398 1131 6398 1147 6398 2862 6399 1147 6399 2709 6399 2709 6400 1147 6400 1129 6400 2709 6401 1129 6401 2707 6401 2707 6402 1129 6402 1126 6402 2707 6403 1126 6403 2872 6403 2872 6404 1126 6404 1244 6404 2872 6405 1244 6405 2873 6405 2873 6406 1244 6406 1250 6406 2873 6407 1250 6407 1236 6407 1236 6408 1250 6408 1239 6408 2875 6409 1345 6409 2877 6409 2877 6410 1345 6410 1344 6410 2877 6411 1344 6411 2879 6411 840 6412 194 6412 2693 6412 2728 6413 866 6413 2726 6413 229 6414 3374 6414 231 6414 223 6415 225 6415 3375 6415 223 6416 3375 6416 195 6416 223 6417 195 6417 194 6417 223 6418 194 6418 840 6418 865 6419 881 6419 2724 6419 865 6420 2724 6420 2726 6420 865 6421 2726 6421 866 6421 2688 6422 849 6422 2691 6422 2691 6423 849 6423 857 6423 2691 6424 857 6424 859 6424 2691 6425 859 6425 2738 6425 2738 6426 859 6426 861 6426 2738 6427 861 6427 863 6427 2738 6428 863 6428 2736 6428 2736 6429 863 6429 874 6429 2736 6430 874 6430 2734 6430 2734 6431 874 6431 873 6431 2734 6432 873 6432 2732 6432 2732 6433 873 6433 872 6433 2732 6434 872 6434 2883 6434 2883 6435 872 6435 871 6435 2883 6436 871 6436 2729 6436 2729 6437 871 6437 870 6437 2729 6438 870 6438 2882 6438 2882 6439 870 6439 869 6439 2882 6440 869 6440 2881 6440 2881 6441 869 6441 868 6441 2881 6442 868 6442 2728 6442 2728 6443 868 6443 867 6443 2728 6444 867 6444 866 6444 2724 6445 881 6445 2722 6445 2722 6446 881 6446 877 6446 2722 6447 877 6447 2720 6447 2720 6448 877 6448 878 6448 2720 6449 878 6449 880 6449 2720 6450 880 6450 2693 6450 2693 6451 880 6451 882 6451 2693 6452 882 6452 840 6452 3376 6453 235 6453 3374 6453 3374 6454 235 6454 233 6454 3374 6455 233 6455 231 6455 3375 6456 225 6456 3376 6456 3376 6457 225 6457 227 6457 3376 6458 227 6458 235 6458 3377 6459 3057 6459 216 6459 216 6460 3057 6460 212 6460 3057 6461 1428 6461 212 6461 212 6462 1428 6462 3308 6462 3057 6463 856 6463 3116 6463 856 6464 3057 6464 884 6464 884 6465 3057 6465 3377 6465 884 6466 3377 6466 3378 6466 3378 6467 3377 6467 3379 6467 3378 6468 3379 6468 3380 6468 3380 6469 3379 6469 3381 6469 3381 6470 3379 6470 3382 6470 3381 6471 3382 6471 3383 6471 3383 6472 3382 6472 3384 6472 3384 6473 3382 6473 3385 6473 3384 6474 3385 6474 3386 6474 3386 6475 3385 6475 3387 6475 3386 6476 3387 6476 3388 6476 3389 6477 3388 6477 3390 6477 3390 6478 3388 6478 3387 6478 856 6479 855 6479 3116 6479 3116 6480 855 6480 854 6480 3116 6481 854 6481 3130 6481 3130 6482 854 6482 853 6482 3130 6483 853 6483 3127 6483 3127 6484 853 6484 852 6484 3127 6485 852 6485 851 6485 3127 6486 851 6486 3118 6486 3118 6487 851 6487 846 6487 3118 6488 846 6488 848 6488 849 6489 2688 6489 848 6489 848 6490 2688 6490 3118 6490 3391 6491 3392 6491 3393 6491 3394 6492 3391 6492 3393 6492 3389 6493 3390 6493 3395 6493 3395 6494 3390 6494 3393 6494 3395 6495 3393 6495 3392 6495 3396 6496 843 6496 842 6496 3396 6497 842 6497 884 6497 3396 6498 884 6498 3378 6498 3396 6499 3378 6499 3380 6499 3396 6500 3380 6500 3381 6500 3396 6501 3381 6501 3383 6501 3396 6502 3383 6502 3384 6502 3396 6503 3384 6503 3386 6503 3396 6504 3386 6504 3388 6504 3396 6505 3388 6505 3389 6505 3396 6506 3389 6506 3397 6506 3394 6507 3398 6507 3391 6507 3391 6508 3398 6508 3399 6508 3391 6509 3399 6509 3392 6509 3392 6510 3399 6510 3400 6510 3392 6511 3400 6511 3395 6511 3397 6512 3389 6512 3400 6512 3400 6513 3389 6513 3395 6513 3189 6514 3240 6514 3241 6514 3188 6515 3240 6515 3189 6515 3240 6516 3188 6516 3187 6516 3187 6517 3186 6517 3240 6517 3197 6518 3198 6518 230 6518 3208 6519 3400 6519 3209 6519 3238 6520 3186 6520 3239 6520 3238 6521 3240 6521 3186 6521 843 6522 3396 6522 3397 6522 843 6523 3397 6523 3218 6523 843 6524 3218 6524 3219 6524 843 6525 3219 6525 3220 6525 845 6526 843 6526 3220 6526 845 6527 3220 6527 3221 6527 845 6528 3221 6528 3222 6528 845 6529 3222 6529 850 6529 850 6530 3222 6530 3223 6530 850 6531 3223 6531 3224 6531 850 6532 3224 6532 3225 6532 850 6533 3225 6533 3226 6533 850 6534 3226 6534 3227 6534 850 6535 3227 6535 847 6535 3227 6536 862 6536 860 6536 3227 6537 860 6537 858 6537 3227 6538 858 6538 847 6538 232 6539 234 6539 3194 6539 232 6540 3194 6540 3195 6540 232 6541 3195 6541 3196 6541 232 6542 3196 6542 3197 6542 232 6543 3197 6543 230 6543 3398 6544 3204 6544 3205 6544 3398 6545 3205 6545 3206 6545 3398 6546 3206 6546 3217 6546 3398 6547 3217 6547 3216 6547 3398 6548 3216 6548 3215 6548 3398 6549 3215 6549 3214 6549 3398 6550 3214 6550 3213 6550 3398 6551 3213 6551 3212 6551 3398 6552 3212 6552 3211 6552 3398 6553 3211 6553 3399 6553 228 6554 230 6554 3198 6554 228 6555 3198 6555 3199 6555 228 6556 3199 6556 3200 6556 228 6557 3200 6557 3201 6557 228 6558 3201 6558 3202 6558 228 6559 3202 6559 3203 6559 228 6560 3203 6560 3204 6560 228 6561 3204 6561 3398 6561 3397 6562 3400 6562 3208 6562 3397 6563 3208 6563 3207 6563 3397 6564 3207 6564 3218 6564 3185 6565 3184 6565 3235 6565 3185 6566 3235 6566 3236 6566 3185 6567 3236 6567 3237 6567 3185 6568 3237 6568 3239 6568 3185 6569 3239 6569 3186 6569 862 6570 3227 6570 3228 6570 862 6571 3228 6571 3229 6571 862 6572 3229 6572 3193 6572 862 6573 3193 6573 3192 6573 862 6574 3192 6574 3191 6574 864 6575 862 6575 3191 6575 864 6576 3191 6576 3190 6576 864 6577 3190 6577 3189 6577 864 6578 3189 6578 3241 6578 864 6579 3241 6579 3242 6579 864 6580 3242 6580 3243 6580 864 6581 3243 6581 3232 6581 864 6582 3232 6582 875 6582 875 6583 3232 6583 3231 6583 875 6584 3231 6584 3230 6584 875 6585 3230 6585 3233 6585 875 6586 3233 6586 876 6586 234 6587 226 6587 3194 6587 3194 6588 226 6588 224 6588 3194 6589 224 6589 841 6589 3233 6590 879 6590 876 6590 879 6591 3233 6591 883 6591 883 6592 3233 6592 3234 6592 883 6593 3234 6593 3183 6593 3183 6594 3234 6594 3235 6594 3183 6595 3235 6595 3184 6595 3194 6596 841 6596 3182 6596 3182 6597 841 6597 883 6597 3182 6598 883 6598 3183 6598 3211 6599 3210 6599 3399 6599 3399 6600 3210 6600 3209 6600 3399 6601 3209 6601 3400 6601 3245 6602 3401 6602 3247 6602 3247 6603 3401 6603 3402 6603 3247 6604 3402 6604 3249 6604 3249 6605 3402 6605 3403 6605 3249 6606 3403 6606 3251 6606 3251 6607 3403 6607 3404 6607 3251 6608 3404 6608 3253 6608 3253 6609 3404 6609 3405 6609 3401 6610 3245 6610 3406 6610 3406 6611 3245 6611 3244 6611 3252 6612 3407 6612 3250 6612 3250 6613 3407 6613 3408 6613 3250 6614 3408 6614 3248 6614 3248 6615 3408 6615 3409 6615 3248 6616 3409 6616 3246 6616 3246 6617 3409 6617 3410 6617 3246 6618 3410 6618 3244 6618 3244 6619 3410 6619 3406 6619 3411 6620 3407 6620 3254 6620 3254 6621 3407 6621 3252 6621 3262 6622 3412 6622 3260 6622 3260 6623 3412 6623 3413 6623 3260 6624 3413 6624 3258 6624 3258 6625 3413 6625 3414 6625 3258 6626 3414 6626 3256 6626 3256 6627 3414 6627 3415 6627 3256 6628 3415 6628 3254 6628 3254 6629 3415 6629 3411 6629 3412 6630 3262 6630 3416 6630 3416 6631 3262 6631 3263 6631 3255 6632 3417 6632 3257 6632 3257 6633 3417 6633 3418 6633 3257 6634 3418 6634 3259 6634 3259 6635 3418 6635 3419 6635 3259 6636 3419 6636 3261 6636 3261 6637 3419 6637 3420 6637 3261 6638 3420 6638 3263 6638 3263 6639 3420 6639 3416 6639 3417 6640 3255 6640 3405 6640 3405 6641 3255 6641 3253 6641 3421 6642 184 6642 3422 6642 3422 6643 184 6643 324 6643 3422 6644 324 6644 3423 6644 3423 6645 324 6645 351 6645 3423 6646 351 6646 3424 6646 3424 6647 351 6647 354 6647 3424 6648 354 6648 3425 6648 3425 6649 354 6649 356 6649 3425 6650 356 6650 3426 6650 3426 6651 356 6651 642 6651 3426 6652 642 6652 3427 6652 3427 6653 642 6653 358 6653 3427 6654 358 6654 3428 6654 3428 6655 358 6655 361 6655 3428 6656 361 6656 3429 6656 3429 6657 361 6657 363 6657 3429 6658 363 6658 3430 6658 3430 6659 363 6659 365 6659 3430 6660 365 6660 3431 6660 3431 6661 365 6661 367 6661 3431 6662 367 6662 3432 6662 3432 6663 367 6663 370 6663 3432 6664 370 6664 3433 6664 3433 6665 370 6665 372 6665 3433 6666 372 6666 3434 6666 3434 6667 372 6667 374 6667 3434 6668 374 6668 285 6668 285 6669 374 6669 286 6669 3274 6670 3427 6670 3273 6670 3278 6671 3424 6671 3277 6671 3277 6672 3424 6672 3425 6672 210 6673 212 6673 3308 6673 210 6674 3308 6674 3285 6674 210 6675 3285 6675 3286 6675 210 6676 3286 6676 3287 6676 210 6677 3287 6677 305 6677 210 6678 305 6678 307 6678 210 6679 307 6679 208 6679 3426 6680 3427 6680 3274 6680 3426 6681 3274 6681 3275 6681 3426 6682 3275 6682 3276 6682 3426 6683 3276 6683 3277 6683 3426 6684 3277 6684 3425 6684 305 6685 3287 6685 3288 6685 305 6686 3288 6686 3289 6686 305 6687 3289 6687 303 6687 316 6688 3309 6688 3424 6688 316 6689 3424 6689 3278 6689 316 6690 3278 6690 3279 6690 316 6691 3279 6691 3280 6691 316 6692 3280 6692 3281 6692 316 6693 3281 6693 317 6693 3304 6694 3299 6694 3305 6694 3305 6695 3299 6695 3284 6695 3305 6696 3284 6696 3306 6696 3306 6697 3284 6697 3283 6697 3306 6698 3283 6698 3307 6698 3307 6699 3283 6699 3285 6699 3307 6700 3285 6700 3308 6700 208 6701 307 6701 206 6701 206 6702 307 6702 309 6702 206 6703 309 6703 204 6703 204 6704 309 6704 311 6704 204 6705 311 6705 217 6705 217 6706 311 6706 313 6706 3273 6707 3427 6707 3272 6707 3272 6708 3427 6708 3428 6708 3272 6709 3428 6709 3271 6709 3271 6710 3428 6710 3429 6710 3271 6711 3429 6711 3270 6711 3270 6712 3429 6712 3430 6712 3270 6713 3430 6713 3269 6713 3269 6714 3430 6714 3268 6714 3268 6715 3430 6715 3431 6715 3268 6716 3431 6716 3267 6716 3267 6717 3431 6717 3432 6717 3267 6718 3432 6718 3266 6718 3266 6719 3432 6719 3433 6719 3266 6720 3433 6720 3264 6720 3264 6721 3433 6721 3434 6721 3264 6722 3434 6722 3265 6722 3265 6723 3434 6723 285 6723 3265 6724 285 6724 3282 6724 3282 6725 285 6725 287 6725 3282 6726 287 6726 3298 6726 3298 6727 287 6727 289 6727 3298 6728 289 6728 3297 6728 3297 6729 289 6729 291 6729 3297 6730 291 6730 3296 6730 3296 6731 291 6731 293 6731 3296 6732 293 6732 3295 6732 3295 6733 293 6733 295 6733 3295 6734 295 6734 3294 6734 3294 6735 295 6735 297 6735 3294 6736 297 6736 3293 6736 3293 6737 297 6737 3292 6737 3292 6738 297 6738 299 6738 3292 6739 299 6739 3291 6739 3291 6740 299 6740 301 6740 3291 6741 301 6741 3290 6741 3290 6742 301 6742 303 6742 3290 6743 303 6743 3289 6743 3435 6744 3421 6744 3436 6744 3436 6745 3421 6745 3422 6745 3436 6746 3422 6746 3437 6746 3437 6747 3422 6747 3423 6747 3437 6748 3423 6748 3309 6748 3309 6749 3423 6749 3424 6749 254 6750 277 6750 255 6750 254 6751 3435 6751 277 6751 277 6752 3435 6752 3436 6752 277 6753 3436 6753 278 6753 278 6754 3436 6754 279 6754 279 6755 3436 6755 3437 6755 279 6756 3437 6756 280 6756 3309 6757 261 6757 3437 6757 3437 6758 261 6758 280 6758 202 6759 254 6759 3438 6759 3439 6760 3440 6760 3317 6760 3317 6761 3315 6761 3439 6761 3441 6762 3349 6762 3351 6762 3442 6763 3348 6763 3349 6763 3442 6764 3349 6764 3441 6764 3443 6765 3361 6765 3348 6765 3443 6766 3348 6766 3442 6766 3444 6767 3360 6767 3361 6767 3444 6768 3361 6768 3443 6768 3317 6769 3440 6769 3351 6769 3441 6770 3351 6770 3440 6770 3360 6771 3444 6771 3445 6771 3446 6772 3357 6772 3358 6772 260 6773 3447 6773 258 6773 258 6774 3447 6774 3448 6774 258 6775 3448 6775 256 6775 256 6776 3448 6776 3438 6776 256 6777 3438 6777 254 6777 3439 6778 3315 6778 3438 6778 3438 6779 3315 6779 3314 6779 3438 6780 3314 6780 202 6780 237 6781 3449 6781 238 6781 238 6782 3449 6782 3450 6782 238 6783 3450 6783 244 6783 244 6784 3450 6784 3451 6784 244 6785 3451 6785 246 6785 246 6786 3451 6786 3452 6786 246 6787 3452 6787 260 6787 260 6788 3452 6788 3453 6788 260 6789 3453 6789 3447 6789 3358 6790 3359 6790 3446 6790 3446 6791 3359 6791 3454 6791 3446 6792 3454 6792 3455 6792 3455 6793 3454 6793 3456 6793 3455 6794 3456 6794 248 6794 248 6795 3456 6795 237 6795 240 6796 239 6796 3457 6796 3457 6797 239 6797 3373 6797 3457 6798 3373 6798 3458 6798 3458 6799 3373 6799 3372 6799 3458 6800 3372 6800 3371 6800 3371 6801 3356 6801 3458 6801 3458 6802 3356 6802 3357 6802 3458 6803 3357 6803 3446 6803 3449 6804 3445 6804 3450 6804 3450 6805 3445 6805 3444 6805 3450 6806 3444 6806 3451 6806 3451 6807 3444 6807 3443 6807 3451 6808 3443 6808 3452 6808 3452 6809 3443 6809 3442 6809 3452 6810 3442 6810 3453 6810 3453 6811 3442 6811 3441 6811 3453 6812 3441 6812 3447 6812 3447 6813 3441 6813 3440 6813 3447 6814 3440 6814 3448 6814 3448 6815 3440 6815 3439 6815 3448 6816 3439 6816 3438 6816 3359 6817 3360 6817 3454 6817 3454 6818 3360 6818 3445 6818 3454 6819 3445 6819 3456 6819 3456 6820 3445 6820 3449 6820 3456 6821 3449 6821 237 6821 248 6822 240 6822 3455 6822 3455 6823 240 6823 3457 6823 3455 6824 3457 6824 3446 6824 3446 6825 3457 6825 3458 6825 3398 6826 3394 6826 58 6826 3398 6827 58 6827 60 6827 3398 6828 60 6828 62 6828 3398 6829 62 6829 64 6829 3398 6830 64 6830 66 6830 3398 6831 66 6831 68 6831 3398 6832 68 6832 70 6832 3398 6833 70 6833 72 6833 3398 6834 72 6834 74 6834 3398 6835 74 6835 228 6835 216 6836 213 6836 3385 6836 216 6837 3385 6837 3382 6837 216 6838 3382 6838 3379 6838 216 6839 3379 6839 3377 6839 40 6840 203 6840 41 6840 41 6841 203 6841 201 6841 41 6842 201 6842 42 6842 42 6843 201 6843 199 6843 42 6844 199 6844 43 6844 43 6845 199 6845 197 6845 43 6846 197 6846 44 6846 44 6847 197 6847 195 6847 44 6848 195 6848 14 6848 14 6849 195 6849 3375 6849 14 6850 3375 6850 0 6850 0 6851 3375 6851 7 6851 7 6852 3375 6852 3376 6852 7 6853 3376 6853 8 6853 8 6854 3376 6854 3374 6854 8 6855 3374 6855 30 6855 30 6856 3374 6856 74 6856 74 6857 3374 6857 229 6857 74 6858 229 6858 228 6858 58 6859 3394 6859 56 6859 56 6860 3394 6860 3393 6860 56 6861 3393 6861 221 6861 221 6862 3393 6862 3390 6862 221 6863 3390 6863 222 6863 222 6864 3390 6864 213 6864 213 6865 3390 6865 3387 6865 213 6866 3387 6866 3385 6866 202 6867 203 6867 3417 6867 202 6868 3417 6868 3405 6868 202 6869 3405 6869 3404 6869 202 6870 3404 6870 3403 6870 202 6871 3403 6871 3402 6871 202 6872 3402 6872 3401 6872 202 6873 3401 6873 3406 6873 202 6874 3406 6874 254 6874 254 6875 3406 6875 3410 6875 254 6876 3410 6876 3409 6876 254 6877 3409 6877 3408 6877 254 6878 3408 6878 3407 6878 254 6879 3407 6879 3411 6879 254 6880 3411 6880 3435 6880 3435 6881 3411 6881 3415 6881 3435 6882 3415 6882 3414 6882 3435 6883 3414 6883 3413 6883 3435 6884 3413 6884 3412 6884 3435 6885 3412 6885 3416 6885 40 6886 39 6886 184 6886 40 6887 184 6887 3421 6887 40 6888 3421 6888 3435 6888 40 6889 3435 6889 3416 6889 40 6890 3416 6890 3420 6890 40 6891 3420 6891 3419 6891 203 6892 40 6892 3419 6892 203 6893 3419 6893 3418 6893 203 6894 3418 6894 3417 6894 3459 6895 3460 6895 3461 6895 3461 6896 3460 6896 3462 6896 3461 6897 3462 6897 3463 6897 3463 6898 3462 6898 3464 6898 3463 6899 3464 6899 3465 6899 3465 6900 3464 6900 3466 6900 3465 6901 3466 6901 54 6901 54 6902 3466 6902 55 6902 54 6903 55 6903 46 6903 46 6904 55 6904 53 6904 46 6905 53 6905 47 6905 47 6906 53 6906 52 6906 47 6907 52 6907 48 6907 48 6908 52 6908 51 6908 48 6909 51 6909 49 6909 49 6910 51 6910 50 6910 10 6911 3466 6911 3464 6911 12 6912 3462 6912 3460 6912 12 6913 3460 6913 13 6913 13 6914 3460 6914 3459 6914 13 6915 3459 6915 1 6915 1 6916 3459 6916 3461 6916 1 6917 3461 6917 2 6917 2 6918 3461 6918 3463 6918 2 6919 3463 6919 3 6919 3 6920 3463 6920 3465 6920 11 6921 10 6921 3464 6921 11 6922 3464 6922 3462 6922 11 6923 3462 6923 12 6923 26 6924 55 6924 9 6924 9 6925 55 6925 3466 6925 9 6926 3466 6926 10 6926 54 6927 16 6927 3465 6927 3465 6928 16 6928 15 6928 3465 6929 15 6929 3 6929</p>
                </triangles>
            </mesh>
        </geometry>
    </library_geometries>
    <library_visual_scenes>
        <visual_scene id="VisualSceneNode" name="VisualScene">
            <node id="node" name="node">
                <instance_geometry url="#shape0-lib"/>
            </node>
        </visual_scene>
    </library_visual_scenes>
    <scene>
        <instance_visual_scene url="#VisualSceneNode"/>
    </scene>
</COLLADA>
