<?xml version="1.0" encoding="UTF-8"?>
<COLLADA xmlns="http://www.collada.org/2005/11/COLLADASchema" version="1.4.1">
    <asset>
        <contributor>
            <author>VCGLab</author>
            <authoring_tool>VCGLib | MeshLab</authoring_tool>
        </contributor>
        <created>Fri May 8 15:34:19 2026 GMT</created>
        <modified>Fri May 8 15:34:19 2026 GMT</modified>
        <up_axis>Y_UP</up_axis>
    </asset>
    <library_geometries>
        <geometry id="shape0-lib" name="shape0">
            <mesh>
                <source id="shape0-lib-positions" name="position">
                    <float_array id="shape0-lib-positions-array" count="7086">-0.144172 0.591163 0.047118 -0.144231 0.589523 0.0465595 -0.144359 0.585911 0.0505866 -0.144279 0.588162 0.0454555 -0.144311 0.587278 0.0439536 -0.146223 0.520135 -0.0264426 -0.145333 0.555336 -0.0406145 -0.146269 0.517991 -0.0262315 -0.144564 0.579923 -0.0264426 -0.145947 0.532134 0.046973 -0.145908 0.533753 0.0458551 -0.145915 0.533445 0.0356365 -0.142676 0.193947 -0.1095 -0.138998 0.121541 -0.1095 -0.139675 0.133435 -0.0406145 -0.143656 0.217753 -0.0406145 -0.145304 0.266399 -0.1095 -0.146212 0.302126 -0.0406145 -0.146881 0.338882 -0.1095 -0.147344 0.38653 -0.0406145 -0.136833 0.736377 -0.1095 -0.137625 0.723978 -0.0406145 -0.131637 0.808177 -0.0406145 -0.130888 0.817465 -0.1095 -0.124228 0.892263 -0.0406145 -0.146313 0.515938 -0.0256079 -0.14629 0.516994 0.0126537 -0.14629 0.517 0.0123081 -0.146316 0.515762 -0.00581452 -0.146208 0.520803 -0.00988107 -0.14623 0.519817 0.0058422 -0.146191 0.521597 0.00444117 -0.144461 0.582964 0.026634 -0.145333 0.555336 0.0243013 -0.145939 0.532514 0.026634 -0.144196 0.590493 0.0297666 -0.1442 0.590381 0.0294828 -0.144185 0.590803 0.0402455 -0.137625 0.723978 0.0519196 -0.142191 0.639689 0.0519196 -0.141458 0.655203 0.0905 -0.136833 0.736377 0.0905 -0.131637 0.808177 0.0519196 -0.130888 0.817465 0.0905 -0.124228 0.892263 0.0519196 -0.139675 0.133435 0.0519196 -0.142676 0.193947 0.0905 -0.143656 0.217753 0.0519196 -0.145304 0.266399 0.0905 -0.146212 0.302126 0.0519196 -0.146881 0.338882 0.0905 -0.147344 0.38653 0.0519196 -0.146269 0.518002 0.0527587 -0.147051 0.470942 0.0519196 -0.146745 0.492682 0.0905 -0.144587 0.579254 0.0502369 -0.145833 0.536767 0.0502369 -0.145333 0.555336 0.0519196 -0.14452 0.58122 0.0514821 -0.144527 0.581019 0.0511392 -0.144555 0.580195 0.0504543 -0.144517 0.581319 0.0531028 -0.144515 0.581375 0.0529052 -0.144762 0.573964 0.0905 -0.146651 0.498242 0.0116646 -0.146609 0.500629 0.0113999 -0.146621 0.499992 -0.0038225 -0.146658 0.497855 -0.00266771 -0.146696 0.495628 -0.00199132 -0.146735 0.493302 -0.00176225 -0.146929 0.480429 -0.00176225 -0.146889 0.483276 0.0116646 -0.144228 0.58963 -0.00338717 -0.144265 0.5886 -0.00533499 -0.144257 0.588792 0.0078613 -0.144234 0.58945 0.00916605 -0.144225 0.589689 0.00980383 -0.144196 0.590506 0.00023137 -0.144195 0.590545 0.00301558 -0.144195 0.590545 0.00120175 -0.144203 0.590301 0.017195 -0.144185 0.590821 0.0192233 -0.144186 0.59078 0.00539471 -0.143794 0.601396 0.0012031 -0.143086 0.619177 0.0012031 -0.143053 0.619969 -0.0115655 -0.143653 0.605061 -0.0115655 -0.14374 0.602807 -0.0117787 -0.14383 0.600434 -0.0124877 -0.143906 0.598421 -0.0135579 -0.143916 0.598148 0.00068361 -0.146291 0.516994 0.0275164 -0.146399 0.511702 0.0214634 -0.14643 0.510158 0.0233569 -0.146465 0.508362 0.0248344 -0.146658 0.497863 0.0372094 -0.146592 0.501606 0.0268973 -0.146784 0.490207 0.0268973 -0.147051 0.470942 0.0243013 -0.146582 0.502147 0.0415897 -0.146496 0.506798 0.0455778 -0.146213 0.52056 0.0516637 -0.144506 0.581649 0.0158502 -0.146024 0.5289 0.0158502 -0.144219 0.589865 0.0240659 -0.144219 0.589862 0.0238368 -0.14424 0.589256 0.02098 -0.144295 0.587719 0.0185296 -0.144304 0.587456 0.0182536 -0.144347 0.586249 0.0172591 -0.144397 0.584793 0.0164752 -0.144407 0.584516 0.0163666 -0.146126 0.524489 0.0336189 -0.146215 0.5205 0.0373276 -0.146215 0.520496 0.0375851 -0.146228 0.519881 0.040445 -0.146261 0.518336 0.0428975 -0.146267 0.518081 0.0431637 -0.146293 0.51686 0.0441684 -0.146323 0.515407 0.0449499 -0.146329 0.515123 0.0450613 -0.146389 0.51225 0.0455778 -0.146024 0.528921 0.0380287 -0.14605 0.527788 0.0394268 -0.146068 0.527037 0.0408492 -0.146071 0.526892 0.041224 -0.146084 0.526375 0.0441792 -0.146084 0.526375 0.0482657 -0.146086 0.526261 0.0497282 -0.145986 0.530509 0.0508928 -0.145982 0.530665 0.0366855 -0.144108 0.592953 0.0417381 -0.144022 0.595306 0.0422063 -0.144033 0.594994 0.0342356 -0.144122 0.592544 0.032692 -0.144132 0.592278 0.0324383 -0.144168 0.591274 0.0312186 -0.147406 0.411379 -0.1095 -0.147051 0.470942 -0.0406145 -0.146745 0.492682 -0.1095 -0.147406 0.411379 0.0905 -0.146858 0.485363 -0.0363664 -0.146812 0.4884 -0.0427487 -0.146755 0.492039 -0.0487516 -0.146685 0.496269 -0.0543663 -0.146645 0.498608 -0.057027 -0.146601 0.501079 -0.0595676 -0.146503 0.50635 -0.0642236 -0.146392 0.512053 -0.0683224 -0.144762 0.573964 -0.1095 -0.14642 0.510641 -0.0400276 -0.146456 0.508801 -0.0385152 -0.14645 0.509166 -0.0154741 -0.146444 0.509439 -0.0179026 -0.146433 0.510005 -0.0196809 -0.14643 0.510166 -0.02005 -0.146393 0.51205 -0.022887 -0.146386 0.512382 -0.0232332 -0.146358 0.513747 -0.0243901 -0.146377 0.512787 -0.0411819 -0.144299 0.587617 -0.0400594 -0.144478 0.582443 -0.0261508 -0.144419 0.584163 -0.0255974 -0.144369 0.5856 -0.0248732 -0.144294 0.587745 -0.0232016 -0.144252 0.588931 -0.0217984 -0.144234 0.589431 -0.0385695 -0.146506 0.506236 0.0259765 -0.146485 0.507301 0.0372094 -0.146478 0.507702 0.0372008 -0.146417 0.510807 0.0365446 -0.14638 0.512663 0.0355855 -0.146349 0.514157 0.0343683 -0.14632 0.515578 0.0325598 -0.146306 0.516256 0.0312261 -0.146301 0.516475 0.0306453 -0.146358 0.513705 0.0147978 -0.146363 0.513489 0.0170719 -0.146377 0.51278 0.0194384 -0.146215 0.5205 0.0242502 -0.146115 0.524986 0.0317546 -0.14608 0.526495 0.0293116 -0.146074 0.526786 0.0290054 -0.146047 0.527949 0.0280427 -0.146012 0.529413 0.0272508 -0.146006 0.529668 0.0271502 -0.144219 0.589865 0.0266119 -0.144445 0.583401 0.0266499 -0.144362 0.58582 0.0273381 -0.144313 0.587193 0.0283045 -0.144261 0.588682 0.0304547 -0.144245 0.589154 0.0328241 -0.144244 0.589154 0.0360538 -0.144244 0.589167 0.0364575 -0.14422 0.589844 0.0388732 -0.144043 0.594727 0.023981 -0.143993 0.59608 0.0246735 -0.142191 0.639689 0.0243013 -0.143832 0.600372 0.0149548 -0.14392 0.598048 0.0142532 -0.143997 0.595979 0.0131477 -0.144065 0.594108 0.0116177 -0.14412 0.592608 0.0097912 -0.144106 0.592997 0.0226148 -0.105157 1.06 -0.1095 -0.115048 0.979298 -0.1095 -0.1154 0.976212 -0.0406145 -0.1154 0.976212 0.0243013 -0.1154 0.976212 0.0519196 -0.115048 0.979298 0.0905 -0.105157 1.06 0.0905 -0.145858 0.53575 0.0503937 -0.145885 0.534666 0.0509564 -0.145906 0.533839 0.0518823 -0.145919 0.533335 0.0536689 -0.146265 0.518177 -0.071848 -0.146123 0.524613 -0.0747354 -0.145968 0.531269 -0.0769473 -0.145798 0.538142 -0.0784884 -0.145615 0.545169 -0.0793331 -0.145423 0.552187 -0.0794667 -0.14522 0.559188 -0.0788945 -0.14501 0.566153 -0.0776109 -0.144796 0.572906 -0.0756462 -0.144581 0.579413 -0.0730216 -0.141458 0.655203 -0.1095 -0.144367 0.585663 -0.0697338 -0.144147 0.591855 -0.0656099 -0.14396 0.596976 -0.0613964 -0.143772 0.601951 -0.0564157 -0.1436 0.606425 -0.0509275 -0.143437 0.61056 -0.044608 -0.143317 0.613552 -0.038845 -0.142191 0.639689 -0.0406145 -0.146056 0.527526 0.0159664 -0.14612 0.52477 0.0169421 -0.14616 0.522959 0.0183122 -0.146184 0.52191 0.0195924 -0.146201 0.52114 0.0210353 -0.146203 0.521017 0.0213496 -0.143209 0.616192 -0.0322724 -0.143128 0.618145 -0.0255096 -0.143076 0.619406 -0.0186077 -0.146845 0.486283 0.0194896 -0.146511 0.505969 0.00846268 -0.146489 0.507109 0.00712007 -0.146486 0.507263 -0.0366364 -0.146508 0.506136 -0.0345253 -0.146521 0.505435 -0.0322136 -0.146526 0.505199 -0.0298149 -0.146526 0.505199 -0.0136591 -0.146529 0.505011 -0.0115592 -0.146543 0.504289 -0.00909634 -0.146562 0.503282 -0.00718546 -0.146552 0.503778 0.0101568 -0.14414 0.592063 -0.0346358 -0.144179 0.590969 -0.0366867 -0.144186 0.59077 -0.0175451 -0.144179 0.590983 -0.0153826 -0.144179 0.590983 -0.00920986 -0.144177 0.591032 -0.0082169 -0.144147 0.591863 -0.00504204 -0.144207 0.590207 0.0129746 -0.144207 0.590207 0.0158855 -0.143147 0.617703 0.00828847 -0.143238 0.615504 0.0151829 -0.143743 0.602713 0.0151829 -0.146935 0.480003 -0.00884753 -0.146931 0.480296 -0.0159304 -0.146917 0.481296 -0.0229113 -0.146893 0.482984 -0.0297205 -0.143973 0.596621 0.0248785 -0.143858 0.599719 0.025397 -0.143432 0.610681 0.025397 -0.143554 0.607613 0.0302596 -0.143688 0.604155 0.0348532 -0.143918 0.598107 0.0348532 -0.143927 0.597852 0.0348492 -0.143953 0.597185 0.0422063 -0.144322 0.586969 0.042238 -0.144321 0.586969 0.039554 -0.144326 0.586852 0.0385925 -0.144344 0.586326 0.0373615 -0.146548 0.503971 0.0266644 -0.145919 0.533335 0.0584874 -0.145987 0.530509 0.0577318 -0.146124 0.524623 0.0537526 -0.146153 0.523332 0.0552209 -0.146102 0.52558 0.052064 -0.14437 0.585571 0.0490263 -0.144363 0.585774 0.0366708 -0.144397 0.584805 0.0476158 -0.134271 0.0491959 -0.1095 -0.134271 0.0491959 -0.0875 -0.139675 0.133435 0.0243013 -0.134271 0.0491959 0.0215 -0.144373 0.585493 -0.0411987 -0.144533 0.580846 -0.0421228 -0.144452 0.58322 -0.041889 -0.134271 0.0491959 0.0905 -0.138998 0.121541 0.0905 -0.146359 0.513705 0.00075084 -0.146354 0.513927 -0.00149962 -0.14634 0.514582 -0.00365497 -0.146331 0.515047 -0.0418736 -0.146279 0.517507 -0.0421228 -0.123626 0.898446 -0.1095 -0.143656 0.217753 0.0243013 -0.146212 0.302126 0.0243013 -0.147344 0.38653 0.0243013 -0.14659 0.501711 -0.00524345 -0.146576 0.502431 0.0108295 -0.146465 0.508334 0.00492145 -0.14646 0.508636 0.00410177 -0.14645 0.509166 0.00074087 -0.144209 0.590141 -0.0196161 -0.144083 0.593616 -0.00228954 -0.144107 0.592992 -0.0236341 -0.144114 0.592769 -0.0322918 -0.144106 0.592992 -0.0299764 -0.143944 0.597412 0.000411 -0.143976 0.596526 -0.0151018 -0.144024 0.595235 -0.00081566 -0.144031 0.595054 -0.0168899 -0.144068 0.594037 -0.00184285 -0.144073 0.593912 -0.0190143 -0.144098 0.593225 -0.0212743 -0.146276 0.51764 0.00920784 -0.146265 0.51816 -0.00834254 -0.146288 0.517075 -0.0073869 -0.146256 0.518589 0.00735409 -0.146175 0.522289 -0.0103818 -0.146161 0.522939 0.0037576 -0.14611 0.525217 -0.0107611 -0.146148 0.523505 0.00354363 -0.146078 0.526623 0.00302485 -0.14461 0.578583 -0.0107611 -0.144553 0.580258 0.00302485 -0.144531 0.58092 -0.0105308 -0.144454 0.583159 -0.00985092 -0.14446 0.582995 0.00341582 -0.144381 0.585294 -0.00870023 -0.14436 0.585877 0.00476867 -0.14432 0.587037 -0.00726148 -0.14431 0.587295 0.00594054 -0.144161 0.591472 0.00767316 -0.144151 0.591752 0.021072 -0.137625 0.723978 0.0243013 -0.131637 0.808177 0.0243013 -0.124228 0.892263 0.0243013 -0.145974 0.531018 0.0485851 -0.145875 0.535075 0.0354786 -0.145852 0.53605 0.0453517 -0.144464 0.582894 0.0354786 -0.144552 0.580292 0.0453517 -0.144484 0.582289 0.0457208 -0.144417 0.584228 0.0357061 -0.14442 0.584133 0.0468637 -0.146128 0.524409 0.0347386 -0.146168 0.522617 0.0497949 -0.146128 0.524409 0.0446151 -0.146138 0.523948 0.0473558 -0.123626 0.898446 0.0905 -0.146228 0.524409 0.0446151 -0.146228 0.524409 0.0347386 -0.146168 0.527037 0.0408492 -0.146173 0.52685 0.0413437 -0.146184 0.526375 0.0441792 -0.146124 0.528921 0.0380287 -0.146141 0.528223 0.0388184 -0.145976 0.535075 0.0354786 -0.14601 0.533687 0.035593 -0.146076 0.530952 0.036525 -0.144422 0.586969 0.039554 -0.144436 0.586576 0.0378153 -0.144464 0.585776 0.0366731 -0.144508 0.584498 0.0358111 -0.144564 0.582894 0.0354786 -0.144422 0.586969 0.042238 -0.14438 0.588162 0.0454555 -0.144405 0.587441 0.044341 -0.144273 0.591163 0.047118 -0.144326 0.589668 0.0466366 -0.144053 0.597185 0.0422063 -0.144122 0.595306 0.0422063 -0.144208 0.592952 0.0417382 -0.144345 0.589154 0.0360538 -0.144328 0.589621 0.0383911 -0.144281 0.59095 0.0403983 -0.144345 0.589154 0.0328241 -0.144361 0.588682 0.0304547 -0.144561 0.582964 0.026634 -0.144479 0.585331 0.0271103 -0.144409 0.587339 0.0284452 -0.146269 0.522617 0.0497949 -0.146245 0.523673 0.0480508 -0.146231 0.52429 0.0460247 -0.146369 0.518002 0.0527587 -0.146363 0.518272 0.0526886 -0.146303 0.521044 0.0513275 -0.146253 0.523332 0.0552209 -0.146202 0.52558 0.052064 -0.14622 0.524794 0.053504 -0.146184 0.526375 0.0482657 -0.146187 0.526207 0.0500396 -0.096 0 -0.1345 -0.096 0 -0.0875 -0.13381 0.0486031 -0.114047 -0.132762 0.0472553 -0.117647 -0.131995 0.0462698 -0.119432 -0.129947 0.0436373 -0.122919 -0.12793 0.0410446 -0.125423 -0.125491 0.037909 -0.127762 -0.121287 0.0325056 -0.130675 -0.117886 0.0281335 -0.13231 -0.114742 0.0240916 -0.133376 -0.111561 0.0200028 -0.134081 -0.106467 0.0134544 -0.1345 -0.109271 0.0491959 -0.0875 -0.109271 0.0491959 0.0215 -0.138148 0.0369359 0.0542978 -0.137118 0.0405907 0.1155 -0.136958 0.041129 0.0487326 -0.130829 0.0577307 0.104134 -0.126861 0.0659939 0.1155 -0.128436 0.0628745 0.107633 -0.123455 0.0721658 0.112094 -0.119957 0.0778424 0.1155 -0.118413 0.0801702 0.114492 -0.115284 0.084609 0.115238 -0.111948 0.088975 0.1155 -0.142342 0.0136978 0.1155 -0.142109 0.015938 0.0686138 -0.142689 0.00942385 0.0704427 -0.142917 0.00486329 0.0711784 -0.143 0 0.0714935 -0.143 0 0.1155 -0.140376 0.0272697 0.1155 -0.139309 0.0322802 0.0589898 -0.140731 0.0253704 0.0641017 -0.141269 0.0221834 0.0659024 -0.1326 0.0535385 0.1155 -0.132686 0.0533237 0.100007 -0.132733 0.0532076 0.099873 -0.133471 0.0513278 0.0973343 -0.134052 0.0497902 0.0941074 -0.134364 0.0489423 0.0265354 -0.134637 0.0481866 0.0314956 -0.135268 0.0463852 0.038028 -0.135683 0.0451571 0.0411868 -0.125998 0.0676275 0.110158 -0.114777 0.976141 0.096063 -0.104702 1.05986 0.0953229 -0.123604 0.892203 0.096063 -0.104881 0.890394 0.114873 -0.106192 0.812709 0.1155 -0.0990637 0.892744 0.1155 -0.131012 0.808127 0.096063 -0.112261 0.806634 0.114873 -0.112027 0.732569 0.1155 -0.136999 0.723938 0.096063 -0.118226 0.722762 0.114873 -0.116567 0.652345 0.1155 -0.141565 0.639661 0.096063 -0.122774 0.638802 0.114873 -0.119811 0.572058 0.1155 -0.144707 0.555318 0.096063 -0.125905 0.554776 0.114873 -0.121757 0.491729 0.1155 -0.127616 0.47071 0.114873 -0.145586 0.302139 0.096063 -0.12678 0.302551 0.114873 -0.119791 0.250092 0.1155 -0.121752 0.330725 0.1155 -0.127908 0.386627 0.114873 -0.143029 0.217777 0.096063 -0.124233 0.218505 0.114873 -0.116523 0.169502 0.1155 -0.120268 0.134515 0.114873 -0.125544 0.134221 0.113024 -0.134229 0.133738 0.106087 -0.137203 0.133572 0.101347 -0.0960876 0.974016 0.114873 -0.0904362 1.05539 0.113496 -0.101338 0.974613 0.113024 -0.0945814 1.05669 0.111155 -0.106048 0.975149 0.110046 -0.099007 1.05807 0.107146 -0.102882 1.05929 0.101078 -0.0906435 0.972654 0.1155 -0.146718 0.386533 0.096063 -0.146425 0.470934 0.096063 -0.122406 0.411379 0.1155 -0.139049 0.13347 0.096063 -0.11294 0.975932 0.101347 -0.121763 0.892025 0.101347 -0.109981 0.975596 0.106087 -0.118799 0.891738 0.106087 -0.114858 0.891358 0.110046 -0.11014 0.890902 0.113024 -0.0809337 1.05242 0.1155 -0.0847612 1.05361 0.115186 -0.130277 0.133958 0.110046 -0.0997701 1.05831 0.106219 -0.117528 0.807054 0.113024 -0.122253 0.80743 0.110046 -0.126199 0.807744 0.106087 -0.129168 0.80798 0.101347 -0.1235 0.723093 0.113024 -0.12823 0.723389 0.110046 -0.132181 0.723637 0.106087 -0.135154 0.723823 0.101347 -0.128053 0.639043 0.113024 -0.132788 0.63926 0.110046 -0.136742 0.63944 0.106087 -0.139718 0.639576 0.101347 -0.131186 0.554928 0.113024 -0.135925 0.555065 0.110046 -0.139881 0.555179 0.106087 -0.142859 0.555265 0.101347 -0.132899 0.470773 0.113024 -0.137639 0.470829 0.110046 -0.141598 0.470876 0.106087 -0.144576 0.470912 0.101347 -0.133192 0.3866 0.113024 -0.137932 0.386577 0.110046 -0.14189 0.386557 0.106087 -0.144869 0.386542 0.101347 -0.132063 0.302435 0.113024 -0.136802 0.302332 0.110046 -0.140759 0.302245 0.106087 -0.143737 0.30218 0.101347 -0.129513 0.218301 0.113024 -0.13425 0.218117 0.110046 -0.138205 0.217964 0.106087 -0.141182 0.217848 0.101347 -0.14638 0.517507 -0.0421228 -0.144633 0.580846 -0.0421228 -0.146626 0.505199 -0.0136591 -0.146626 0.505199 -0.0298149 -0.147029 0.480429 -0.00176225 -0.146835 0.493302 -0.00176225 -0.143753 0.605061 -0.0115655 -0.143153 0.619969 -0.0115655 -0.146125 0.5289 0.0158502 -0.144606 0.581649 0.0158502 -0.146315 0.5205 0.0373276 -0.146315 0.5205 0.0242502 -0.146596 0.506798 0.0455778 -0.146489 0.51225 0.0455778 -0.146586 0.507301 0.0372094 -0.146758 0.497863 0.0372094 -0.144653 0.580258 0.00302485 -0.146178 0.526623 0.00302485 -0.144307 0.590207 0.0158855 -0.144307 0.590207 0.0129746 -0.143532 0.610681 0.025397 -0.143958 0.599719 0.025397 -0.144018 0.598107 0.0348532 -0.143789 0.604155 0.0348532 -0.146323 0.520135 -0.0264426 -0.144665 0.579923 -0.0264426 -0.144279 0.590983 -0.00920986 -0.144279 0.590983 -0.0153826 -0.143186 0.619177 0.0012031 -0.143894 0.601396 0.0012031 -0.143844 0.602713 0.0151829 -0.143338 0.615504 0.0151829 -0.14621 0.525217 -0.0107611 -0.14471 0.578583 -0.0107611 -0.146459 0.513705 0.0147978 -0.146459 0.513705 0.00075084 -0.146885 0.490207 0.0268973 -0.146692 0.501606 0.0268973 -0.146752 0.498242 0.0116646 -0.146989 0.483276 0.0116646 -0.145934 0.536767 0.0502369 -0.144687 0.579254 0.0502369 -0.146019 0.533335 0.0584874 -0.146019 0.533335 0.0536689 -0.144652 0.580292 0.0453517 -0.145952 0.53605 0.0453517 0.0568716 1.14088 -0.1415 0.0568716 1.14088 -0.1095 0.0566283 1.14017 -0.114283 0.0509543 1.12832 -0.129269 0.0472956 1.12308 -0.132354 0.0483191 1.12443 -0.1415 0.0272189 1.10653 -0.1415 0.0351532 1.11138 -0.1415 0.0318428 1.10915 -0.1345 0.0234515 1.10477 -0.1345 0.0186309 1.10297 -0.1415 0.014477 1.10177 -0.1345 0.00959547 1.10077 -0.1415 0.00514235 1.10022 -0.1345 0.00032966 1.1 -0.1415 -0.00432019 1.10016 -0.1345 -0.00894407 1.10067 -0.1415 -0.0136753 1.10158 -0.1345 -0.018003 1.10276 -0.1415 -0.0226902 1.10446 -0.1345 -0.0266296 1.10623 -0.1415 -0.0311408 1.10871 -0.1345 -0.0346168 1.11099 -0.1415 -0.0388168 1.11425 -0.1345 -0.0417726 1.11693 -0.1415 -0.0566581 1.14025 -0.1415 -0.0560707 1.13864 -0.127349 -0.0576326 1.14331 -0.123009 -0.0455272 1.12092 -0.1345 -0.0486581 1.12489 -0.134072 -0.0479254 1.1239 -0.1415 0.039442 1.11479 -0.1345 0.0422434 1.11739 -0.1415 0.0402895 1.11554 -0.134478 0.0532346 1.13232 -0.1415 0.0560323 1.13854 -0.118183 0.0549592 1.13593 -0.122131 0.0532812 1.13241 -0.125934 -0.0590283 1.14925 -0.1415 -0.0584662 1.14652 -0.118691 -0.0588943 1.14853 -0.114201 -0.0590283 1.14925 -0.1095 0.0447924 1.12008 -0.133561 -0.0529272 1.13174 -0.1415 -0.0515131 1.12924 -0.13277 -0.0527983 1.1315 -0.131793 -0.0555045 1.13721 -0.128417 0.018393 1.13694 -0.1415 0.0127996 1.13342 -0.1415 0.00656437 1.13124 -0.1415 -0.0127996 1.13342 -0.1415 -0.00656437 1.13124 -0.1415 0 1.1305 -0.1415 0 1.1895 -0.1415 -0.00656437 1.18876 -0.1415 -0.037629 1.18899 -0.1415 -0.0318541 1.19524 -0.1415 -0.0250572 1.20035 -0.1415 -0.0174564 1.20418 -0.1415 -0.00929557 1.20658 -0.1415 -0.00083653 1.20749 -0.1415 0.00764935 1.20688 -0.1415 0.0158898 1.20476 -0.1415 0.0236205 1.20121 -0.1415 0.0305934 1.19634 -0.1415 0.0365848 1.19029 -0.1415 0.00656437 1.18876 -0.1415 0.023064 1.14161 -0.1415 0.0265786 1.1472 -0.1415 0.0287604 1.15344 -0.1415 0.0295 1.16 -0.1415 0.0287604 1.16656 -0.1415 0.0265786 1.1728 -0.1415 0.0448919 1.17552 -0.1415 -0.0421967 1.18181 -0.1415 -0.018393 1.18306 -0.1415 -0.023064 1.17839 -0.1415 -0.0265786 1.1728 -0.1415 -0.0287604 1.16656 -0.1415 -0.0295 1.16 -0.1415 -0.0287604 1.15344 -0.1415 -0.0265786 1.1472 -0.1415 -0.023064 1.14161 -0.1415 0.0127996 1.18658 -0.1415 0.0414025 1.18328 -0.1415 0.018393 1.18306 -0.1415 0.023064 1.17839 -0.1415 -0.0127996 1.18658 -0.1415 -0.018393 1.13694 -0.1415 -0.0663665 1.095 -0.0865 0.0482204 1.095 -0.0865 -0.049275 1.13165 -0.0865 -0.0565495 1.15404 -0.0865 0.0448919 1.17552 -0.0865 0.0414025 1.18328 -0.0865 -0.0421967 1.18181 -0.0865 0.0848389 1.06 -0.0865 -0.00083653 1.20749 -0.0865 -0.00929557 1.20658 -0.0865 0.00764935 1.20688 -0.0865 -0.0174564 1.20418 -0.0865 0.0158898 1.20476 -0.0865 -0.0250572 1.20035 -0.0865 0.0236205 1.20121 -0.0865 -0.0318541 1.19524 -0.0865 0.0305934 1.19634 -0.0865 -0.037629 1.18899 -0.0865 0.0365848 1.19029 -0.0865 0.0839737 1.04 -0.0865 0.0482204 1.04 -0.0865 -0.0565495 1.15404 0.0675 -0.049275 1.13165 0.0675 0.0482204 1.095 0.0675 -0.0663665 1.095 0.0675 0.0448919 1.17552 0.0675 0.0848389 1.06 0.0675 -0.0421967 1.18181 0.0675 0.0414025 1.18328 0.0675 -0.00083653 1.20749 0.0675 0.00764935 1.20688 0.0675 -0.00929557 1.20658 0.0675 0.0158898 1.20476 0.0675 -0.0174564 1.20418 0.0675 0.0236205 1.20121 0.0675 -0.0250572 1.20035 0.0675 0.0305934 1.19634 0.0675 -0.0318541 1.19524 0.0675 0.0365848 1.19029 0.0675 -0.037629 1.18899 0.0675 0.0482204 1.03 0.0675 0.0835662 1.03 0.0675 -0.0421967 1.18181 0.0905 -0.0448552 1.17563 0.0953583 -0.0461197 1.17137 0.0984861 -0.0473857 1.16329 0.103897 -0.0475 1.16 0.105896 -0.0473973 1.15688 0.107669 -0.046871 1.15229 0.110036 -0.0461455 1.14874 0.111655 -0.0451234 1.14516 0.11306 -0.0436348 1.14123 0.114302 -0.0391961 1.13317 0.1155 -0.0422238 1.13824 0.114991 0.119859 0.070136 -0.1345 -0.0452886 0.157946 -0.1345 0.121599 0.075251 -0.132345 0.115267 0.130106 -0.113978 0.00898666 0.238413 -0.0955 0.109442 0.185 -0.0955 0.0561823 0.395083 -0.1495 0.00734706 0.253256 -0.1495 0.0172154 0.408501 -0.1345 -0.0316198 0.266673 -0.1345 0.0656375 0.391828 -0.1495 0.0656375 0.391828 -0.1345 0.0873287 0.454824 -0.116037 0.0856327 0.491415 -0.115063 0.0877207 0.455962 -0.114034 0.0794638 0.880487 -0.1095 0.0807057 0.965289 -0.115063 0.0814796 0.970263 -0.1095 0.0848365 1.06 -0.109844 0.0619035 0.965837 -0.133873 0.0544429 0.879266 -0.1345 0.0563962 0.967823 -0.1345 0.064538 1.05705 -0.134025 0.0598874 0.870757 -0.133873 0.0811138 0.62378 -0.1095 0.0791694 0.680906 -0.115063 0.0793723 0.707227 -0.1095 0.0603623 0.680562 -0.133873 0.0558718 0.632386 -0.1345 0.0543118 0.711531 -0.1345 0.0593736 0.775658 -0.133873 0.0840159 0.540366 -0.1095 0.0816525 0.586135 -0.115063 0.0628533 0.585494 -0.133873 0.0584715 0.553268 -0.1345 0.0668459 0.490477 -0.133873 0.0698313 0.404007 -0.134238 0.0621105 0.474191 -0.1345 0.0667881 0.395169 -0.1345 0.072858 0.412798 -0.133444 0.0721234 0.49074 -0.132024 0.0790163 0.430683 -0.129913 0.0768576 0.490977 -0.129046 0.0804895 0.434961 -0.128576 0.0596512 1.05634 -0.1345 0.0669292 1.0574 -0.133434 0.0671853 0.965683 -0.132024 0.0735735 1.05836 -0.130333 0.0764785 1.05879 -0.128102 0.0719235 0.965545 -0.129046 0.0848389 1.06 -0.1095 0.0787918 0.79069 -0.1095 0.0781837 0.775705 -0.115063 0.0786959 0.870507 -0.115063 0.0537918 0.79069 -0.1345 0.0880781 0.457 -0.1095 0.0879832 0.456724 -0.111843 0.0765513 0.423524 -0.131677 0.0830639 0.442438 -0.125551 0.0808113 0.491174 -0.125087 0.0845617 0.446788 -0.123199 0.083786 0.491323 -0.120347 0.0857467 0.450229 -0.120817 0.0862904 0.451808 -0.119474 0.0714655 1.05806 -0.131579 0.0758803 0.96543 -0.125087 0.0790301 1.05916 -0.125469 0.0788575 0.965343 -0.120347 0.0811615 1.05947 -0.122506 0.0836798 1.05983 -0.116996 0.0840176 1.05988 -0.115832 0.065171 0.870687 -0.132024 0.0699107 0.870624 -0.129046 0.0738689 0.870571 -0.125087 0.0768471 0.870532 -0.120347 0.0646577 0.775671 -0.132024 0.0693978 0.775683 -0.129046 0.0733563 0.775693 -0.125087 0.0763348 0.7757 -0.120347 0.0656455 0.680659 -0.132024 0.0703849 0.680745 -0.129046 0.0743428 0.680818 -0.125087 0.0773207 0.680872 -0.120347 0.0681343 0.585674 -0.132024 0.0728717 0.585836 -0.129046 0.0768279 0.58597 -0.125087 0.0798046 0.586072 -0.120347 0.0286214 1.12209 0.1155 0.0305324 1.12361 0.1225 0.02375 1.11886 0.1225 0.0213853 1.11759 0.1155 0.016246 1.11537 0.1225 0.0134606 1.11445 0.1155 0.00824829 1.11322 0.1225 0.00510235 1.11277 0.1155 0 1.1125 0.1225 -0.00342015 1.11262 0.1155 -0.00824829 1.11322 0.1225 -0.0118325 1.114 0.1155 -0.016246 1.11537 0.1225 -0.0198639 1.11685 0.1155 -0.02375 1.11886 0.1225 -0.0272555 1.1211 0.1155 -0.0305324 1.12361 0.1225 -0.0337695 1.1266 0.1155 -0.0363871 1.12947 0.1225 0.0349358 1.12782 0.1155 0.0379121 1.13138 0.115181 0.0363871 1.12947 0.1225 -0.0411362 1.13625 0.1225 0.0475 1.16 0.101618 0.0475 1.16 0.1225 0.0474086 1.15706 0.103519 0.0467784 1.15175 0.1225 0.0465931 1.15076 0.107298 0.0458936 1.14775 0.108949 0.0446354 1.14375 0.1225 0.043739 1.14148 0.111985 0.0418831 1.13759 0.113516 0.0411362 1.13625 0.1225 0.0404842 1.13515 0.114303 -0.0446354 1.14375 0.1225 -0.0467784 1.15175 0.1225 -0.0475 1.16 0.1225 0 1.1305 0.1225 -0.00656437 1.13124 0.1225 0.00656437 1.13124 0.1225 0 1.1895 0.1225 0.00656437 1.18876 0.1225 0.0363871 1.19053 0.1225 0.0305324 1.19639 0.1225 0.02375 1.20114 0.1225 0.016246 1.20464 0.1225 0.00824829 1.20678 0.1225 0 1.2075 0.1225 -0.00824829 1.20678 0.1225 -0.016246 1.20464 0.1225 -0.02375 1.20114 0.1225 -0.0305324 1.19639 0.1225 -0.0363871 1.19053 0.1225 -0.00656437 1.18876 0.1225 -0.0127996 1.18658 0.1225 -0.0411362 1.18375 0.1225 -0.018393 1.18306 0.1225 -0.023064 1.17839 0.1225 -0.0446354 1.17625 0.1225 -0.0265786 1.1728 0.1225 -0.0467784 1.16825 0.1225 -0.0287604 1.16656 0.1225 -0.0295 1.16 0.1225 -0.0287604 1.15344 0.1225 -0.0265786 1.1472 0.1225 -0.023064 1.14161 0.1225 -0.018393 1.13694 0.1225 -0.0127996 1.13342 0.1225 0.0411362 1.18375 0.1225 0.0127996 1.18658 0.1225 0.018393 1.18306 0.1225 0.0446354 1.17625 0.1225 0.023064 1.17839 0.1225 0.0467784 1.16825 0.1225 0.0265786 1.1728 0.1225 0.0287604 1.16656 0.1225 0.0295 1.16 0.1225 0.0287604 1.15344 0.1225 0.0265786 1.1472 0.1225 0.023064 1.14161 0.1225 0.018393 1.13694 0.1225 0.0127996 1.13342 0.1225 0.082479 1.05966 0.101065 0.084367 1.05993 0.0953162 0.0470403 1.16659 0.0971044 0.079249 1.05919 0.106204 0.0848389 1.06 0.0905 0.0448919 1.17552 0.0905 0.0451493 1.17476 0.0910858 0.0761509 1.05874 0.109389 0.0735734 1.05836 0.111334 0.0703655 1.0579 0.113125 0.0645358 1.05705 0.115025 0.0596512 1.05634 0.1155 0.0817908 0.980371 0.0235774 0.0814831 0.970378 -0.0147 0.0817791 0.98 0.0175 0.0817791 0.98 -0.0265 0.0955159 0.343019 -0.0147 0.102876 0.253636 -0.0147 0.100946 0.275555 -0.0955 0.0938246 0.366229 -0.0955 0.0894929 0.432502 -0.0147 0.0818081 0.980918 -0.0369522 0.0818677 0.982787 -0.0445755 0.0817863 0.98023 -0.0317488 0.0818259 0.981476 0.0295597 0.111571 0.164374 -0.0147 0.0794672 0.880715 -0.0147 0.0787918 0.791033 -0.0147 0.0793344 0.71 -0.0372 0.0793394 0.709633 -0.0432496 0.0793542 0.70854 -0.049193 0.0793744 0.70708 -0.0540359 0.0834949 0.55317 -0.0842825 0.0838109 0.545324 -0.0806875 0.0841064 0.538208 -0.0757913 0.0843198 0.533191 -0.0710397 0.0845495 0.527898 -0.0641704 0.0846927 0.524652 -0.0582612 0.0848256 0.521674 -0.0500296 0.0848907 0.520228 -0.0419802 0.084901 0.52 -0.0372 0.0880781 0.457 -0.0955 0.0802153 0.66 -0.0872 0.0828518 0.57 -0.0872 0.0830776 0.56395 -0.0868332 0.0833053 0.558007 -0.0857403 0.0794256 0.703484 -0.0618812 0.0794988 0.698587 -0.068997 0.0795736 0.693834 -0.074014 0.079689 0.686934 -0.0793255 0.0797431 0.683848 -0.0811464 0.0798833 0.676248 -0.0844864 0.0800172 0.669435 -0.0863017 0.0800793 0.666399 -0.0867895 0.0837392 1.0343 -0.0862282 0.0835117 1.02863 -0.0854133 0.083168 1.01981 -0.0829998 0.0829704 1.01458 -0.0808488 0.0827864 1.00959 -0.0782248 0.0825022 1.00167 -0.072657 0.0822709 0.994987 -0.0661712 0.0821081 0.99015 -0.0598918 0.0820384 0.988043 -0.0565075 0.0819419 0.985088 -0.0506807 0.0814702 0.61143 0.0905 0.0838402 0.544611 0.0508744 0.0835259 0.552391 0.0545966 0.0832066 0.560565 0.0569016 0.0830923 0.563562 0.0573843 0.0828518 0.57 0.0578 0.0802153 0.66 0.0578 0.0794615 0.70105 0.0905 0.0848177 0.52185 0.0905 0.0895031 0.432331 0.0905 0.084901 0.52 0.0078 0.0848845 0.520366 0.013847 0.0848353 0.521458 0.0197877 0.0847698 0.522921 0.0246407 0.0846103 0.526517 0.0324831 0.0843952 0.531442 0.0396318 0.0841331 0.537575 0.045862 0.0800865 0.66605 0.0574332 0.079966 0.671993 0.0563403 0.0798722 0.676833 0.0548814 0.0797284 0.684678 0.051286 0.0796069 0.691794 0.0463892 0.0795263 0.696812 0.0416369 0.0794455 0.702123 0.0347379 0.0787918 0.79069 0.0905 0.0794085 0.704669 0.0302649 0.0793628 0.707915 0.0220893 0.0793391 0.70965 0.0137091 0.0793344 0.71 0.0078 0.0794638 0.880487 0.0905 0.0814796 0.970263 0.0905 0.081872 0.982921 0.0343397 0.0819866 0.986464 0.0420894 0.0821503 0.991414 0.0492978 0.0823556 0.997457 0.0554597 0.0826017 1.00447 0.0604937 0.0828839 1.01225 0.0642426 0.0831969 1.02056 0.0666013 0.0833756 1.02518 0.0672667 0.121599 0.075251 0.0905 0.121599 0.075251 0.0215 0.111575 0.164331 0.0905 0.121599 0.075251 -0.0875 0.102883 0.253551 0.0905 0.0955255 0.342891 0.0905 0.0168022 0.25 -0.1495 -0.131182 0.142944 -0.0875 -0.131182 0.142944 0.0905 -0.109271 0.0959561 -0.0875 -0.109271 0.0959561 0.0905 -0.109271 0.0491959 0.0905 0.112534 0.075251 -0.0875 0.112534 0.075251 0.0215 -0.101094 1.02053 0.0905 -0.101094 1.02053 -0.0875 -0.0663665 1.095 -0.0875 -0.0663665 1.095 0.0905 0.00301342 0.0248177 -0.0875 0.00886512 0.0233754 -0.1325 0.00886512 0.0233754 -0.0875 0.0142016 0.0205746 -0.1325 0.0142016 0.0205746 -0.0875 0.0187128 0.0165781 -0.1325 0.0187128 0.0165781 -0.0875 0.0221364 0.0116181 -0.1325 0.0221364 0.0116181 -0.0875 0.0242736 0.00598289 -0.1325 0.0242736 0.00598289 -0.0875 0.025 0 -0.1325 0.025 0 -0.0875 0.00301342 0.0248177 -0.1325 -0.00301342 0.0248177 -0.0875 -0.00301342 0.0248177 -0.1325 -0.00886512 0.0233754 -0.0875 -0.00886512 0.0233754 -0.1325 -0.0142016 0.0205746 -0.0875 -0.0142016 0.0205746 -0.1325 -0.0187128 0.0165781 -0.0875 -0.0187128 0.0165781 -0.1325 -0.0221364 0.0116181 -0.0875 -0.0221364 0.0116181 -0.1325 -0.0242736 0.00598289 -0.0875 -0.0242736 0.00598289 -0.1325 -0.025 0 -0.0875 -0.025 0 -0.1325 -0.0228667 -0.0101051 -0.0875 -0.0225242 -0.0108471 -0.1325 -0.0243732 -0.00556302 -0.1325 -0.0199467 -0.0150708 -0.0875 -0.0195458 -0.0155872 -0.1325 0.0225242 -0.0108471 -0.0875 0.0228667 -0.0101051 -0.1325 0.0199467 -0.0150708 -0.1325 0.0243732 -0.00556302 -0.0875 -0.0245726 -0.00460285 -0.0875 0.0195458 -0.0155872 -0.0875 0.0159676 -0.0192363 -0.1325 0.0155872 -0.0195458 -0.0875 0.0111407 -0.0223805 -0.1325 0.0108471 -0.0225242 -0.0875 0.00572226 -0.0243363 -0.1325 0.00556302 -0.0243732 -0.0875 0 -0.025 -0.1325 0 -0.025 -0.0875 -0.00556302 -0.0243732 -0.1325 -0.00572226 -0.0243363 -0.0875 -0.0108471 -0.0225242 -0.1325 -0.0111407 -0.0223805 -0.0875 -0.0155872 -0.0195458 -0.1325 -0.0159676 -0.0192363 -0.0875 0.0245726 -0.00460285 -0.1325 -0.0612248 -0.0207817 0.0905 -0.131844 -0.029021 0.0905 -0.064537 -0.0180025 0.0905 0.0612248 -0.0207817 0.0905 0.064537 -0.0180025 0.0905 0.131844 -0.029021 0.0905 0.0474497 -0.1 0.0905 0.0466989 -0.095742 0.0905 0.0528381 -0.0222605 0.0905 0.0499686 -0.125412 0.0905 0.0466989 -0.104258 0.0905 0.0482204 0.971 0.0905 0.0718352 0.947385 0.0905 0.0703027 0.869044 0.0905 0.0697918 0.79069 0.0905 0.0571619 0.00226054 0.0905 0.0528381 0.00226054 0.0905 0.0487752 0.00078174 0.0905 0.045463 -0.0019975 0.0905 0.0433011 -0.00574196 0.0905 0.0425503 -0.01 0.0905 0.0361163 -0.130079 0.0905 0.0218406 -0.133222 0.0905 0.0328381 -0.112261 0.0905 0.0371619 -0.112261 0.0905 0.0412248 -0.110782 0.0905 0.044537 -0.108002 0.0905 0.0371619 -0.0877395 0.0905 0.0433011 -0.014258 0.0905 0.045463 -0.0180025 0.0905 0.0487752 -0.0207817 0.0905 0.0482204 1.095 0.0905 0.0328381 -0.0877395 0.0905 -0.0328381 -0.0877395 0.0905 -0.0371619 -0.0877395 0.0905 -0.0425503 -0.01 0.0905 -0.0433011 -0.00574196 0.0905 -0.045463 -0.0019975 0.0905 -0.0487752 0.00078174 0.0905 -0.0528381 0.00226054 0.0905 0.0571619 -0.0222605 0.0905 0.127933 -0.0431057 0.0905 0.122523 -0.056685 0.0905 0.115676 -0.0695998 0.0905 0.107473 -0.0816985 0.0905 0.0980094 -0.0928394 0.0905 0.0873972 -0.102892 0.0905 0.0757603 -0.111738 0.0905 0.0632351 -0.119274 0.0905 0.044537 -0.0919975 0.0905 0.0412248 -0.0892183 0.0905 0.070462 0.700946 0.0905 0.0724724 0.611223 0.0905 0.0758226 0.521539 0.0905 0.0805119 0.431916 0.0905 0.0865391 0.342372 0.0905 0.093903 0.252929 0.0905 0.102602 0.163606 0.0905 0.112634 0.074422 0.0905 0.119332 0.0631262 0.0905 0.124901 0.0512331 0.0905 0.129288 0.0388551 0.0905 0.132451 0.0261095 0.0905 0.134361 0.0131168 0.0905 0.135 0 0.0905 0.0612248 0.00078174 0.0905 -0.0499686 -0.125412 0.0905 -0.0474497 -0.1 0.0905 -0.0466989 -0.104258 0.0905 -0.044537 -0.108002 0.0905 -0.0412248 -0.110782 0.0905 -0.0371619 -0.112261 0.0905 -0.0632351 -0.119274 0.0905 -0.0757603 -0.111738 0.0905 -0.0873972 -0.102892 0.0905 -0.0980094 -0.0928394 0.0905 -0.107473 -0.0816985 0.0905 -0.115676 -0.0695998 0.0905 -0.122523 -0.056685 0.0905 -0.127933 -0.0431057 0.0905 -0.0528381 -0.0222605 0.0905 -0.0412248 -0.0892183 0.0905 -0.044537 -0.0919975 0.0905 -0.0466989 -0.095742 0.0905 -0.0487752 -0.0207817 0.0905 -0.045463 -0.0180025 0.0905 -0.0433011 -0.014258 0.0905 -0.134209 -0.0145961 0.0905 -0.135 0 0.0905 -0.0612248 0.00078174 0.0905 -0.064537 -0.0019975 0.0905 -0.0666989 -0.00574196 0.0905 -0.0674497 -0.01 0.0905 -0.0666989 -0.014258 0.0905 0.134209 -0.0145961 0.0905 0.0666989 -0.014258 0.0905 0.0674497 -0.01 0.0905 0.0666989 -0.00574196 0.0905 0.064537 -0.0019975 0.0905 -0.0571619 -0.0222605 0.0905 -0.126212 0.76005 0.0905 -0.131546 0.672975 0.0905 -0.134342 0.210011 0.0905 -0.135357 0.585821 0.0905 -0.1366 0.277113 0.0905 -0.137644 0.498614 0.0905 -0.137955 0.34424 0.0905 -0.138406 0.411379 0.0905 -0.0571619 0.00226054 0.0905 -0.110984 0.933852 0.0905 -0.119357 0.847018 0.0905 -0.134613 0.0102177 0.0905 -0.133453 0.0203768 0.0905 -0.0218406 -0.133222 0.0905 -0.0361163 -0.130079 0.0905 -0.0328381 -0.112261 0.0905 0.0225503 -0.1 0.0905 -0.0233011 -0.095742 0.0905 0.0233011 -0.095742 0.0905 -0.025463 -0.0919975 0.0905 0.025463 -0.0919975 0.0905 -0.0287752 -0.0892183 0.0905 0.0287752 -0.0892183 0.0905 -0.0225503 -0.1 0.0905 0.0233011 -0.104258 0.0905 -0.0233011 -0.104258 0.0905 0.025463 -0.108002 0.0905 -0.025463 -0.108002 0.0905 0.0287752 -0.110782 0.0905 -0.0287752 -0.110782 0.0905 -0.00730875 -0.134802 0.0905 0.00730875 -0.134802 0.0905 0.12828 0.0631919 0.0540663 0.119928 0.061986 0.0554195 0.118189 0.0652402 0.0515152 0.114341 0.0717708 0.0398277 0.11336 0.0733112 0.0352936 0.123422 0.0722215 0.0386413 0.112634 0.074422 0.0305671 0.122233 0.0742163 0.031619 0.112559 0.0750437 0.0260527 0.121898 0.0747655 0.0284506 0.124543 0.0702707 0.0432536 0.125861 0.0678821 0.0476265 0.116564 0.0681021 0.0472638 0.130667 0.0339275 0.0707414 0.12928 0.0388794 0.0696072 0.138584 0.0352613 0.0704876 0.127744 0.0436626 0.0679867 0.136644 0.0421596 0.0685542 0.125458 0.049852 0.0650291 0.134004 0.0499189 0.064992 0.122392 0.0569657 0.0601546 0.131136 0.0570283 0.0601032 0.139751 0.030309 0.0712442 0.132217 0.0272715 0.0714591 0.140753 0.025251 0.0715 0.132618 0.025251 0.0715 0.134403 0.0126816 0.0715 0.135 0 0.0715 0.0755409 0.527898 0.0347702 0.0756839 0.524652 0.0288611 0.0753115 0.533191 0.0416397 0.0750984 0.538208 0.0463913 0.0748034 0.545324 0.0512875 0.0758166 0.521674 0.0206295 0.0758918 0.52 0.0078 0.0758815 0.520228 0.0125802 0.0744879 0.55317 0.0548825 0.0742985 0.558007 0.0563403 0.0740711 0.56395 0.0574332 0.0738458 0.57 0.0578 0.0748326 0.544611 -0.0802745 0.0745188 0.552391 -0.0839967 0.0751251 0.537575 -0.0752621 0.0753868 0.531442 -0.0690318 0.0756015 0.526517 -0.0618831 0.0757608 0.522921 -0.0540407 0.0758263 0.521458 -0.0491877 0.0741999 0.560565 -0.0863016 0.0740858 0.563562 -0.0867843 0.0738458 0.57 -0.0872 0.0758753 0.520366 -0.043247 0.0758918 0.52 -0.0372 0.0704075 0.704669 -0.0596648 0.0704445 0.702123 -0.0641378 0.0705252 0.696812 -0.0710369 0.0706057 0.691794 -0.0757892 0.070727 0.684678 -0.080686 0.070362 0.707915 -0.0514889 0.0708706 0.676833 -0.0842814 0.0709642 0.671993 -0.0857403 0.0703336 0.71 -0.0372 0.0703383 0.70965 -0.0431087 0.0710846 0.66605 -0.0868332 0.0712132 0.66 -0.0872 0.0707417 0.683848 0.0517464 0.0706877 0.686934 0.0499256 0.0705724 0.693834 0.044614 0.0704977 0.698587 0.039597 0.0704246 0.703484 0.0324812 0.0710153 0.669435 0.0569017 0.0708817 0.676248 0.0550863 0.0703735 0.70708 0.0246359 0.0703534 0.70854 0.019793 0.0712132 0.66 0.0578 0.0710774 0.666399 0.0573894 0.0703385 0.709633 0.0138496 0.0703336 0.71 0.0078 0.0482204 0.98654 -0.0537394 0.0482204 0.982937 -0.045041 0.0482204 0.991459 -0.0617671 0.0482204 0.997574 -0.0689264 0.0482204 1.00473 -0.075041 0.0482204 1.01276 -0.0799604 0.0482204 1.02146 -0.0835634 0.0482204 1.03061 -0.0857613 0.0482204 0.980739 -0.0358861 0.0482204 0.98 -0.0265 0.0482204 0.98 0.0175 0.0482204 1.0129 0.0644846 0.0482204 1.02132 0.0667404 0.0482204 1.005 0.0608013 0.0482204 0.997861 0.0558022 0.0482204 0.991698 0.0496394 0.0482204 0.986699 0.0425 0.0482204 0.983015 0.034601 0.0482204 0.98076 0.0261824 -0.114724 0.0426981 0.0461488 -0.118386 0.0383328 0.0526176 -0.120133 0.0362509 0.0550698 -0.124241 0.0313555 0.0597852 -0.128721 0.026017 0.0636975 -0.133453 0.0203768 0.066792 -0.133993 0.0164614 0.0684245 -0.134631 0.00997864 0.0703235 -0.134906 0.00502854 0.0711594 -0.135 0 0.0714935 -0.134998 -0.00080407 0.0715 -0.142998 -0.00080407 0.0715 -0.111911 0.0460494 0.0389571 -0.110135 0.0481666 0.0315934 -0.109486 0.0489405 0.026548 0.115689 -0.0840533 0.1155 0.10627 -0.0956857 0.1155 0.106395 -0.0955462 0.0715 0.0958449 -0.106126 0.0715 0.0956857 -0.10627 0.1155 0.0842483 -0.115548 0.0715 0.0840533 -0.115689 0.1155 0.071732 -0.123707 0.0715 0.0715 -0.123842 0.1155 0.0584326 -0.130517 0.0715 0.0581633 -0.130637 0.1155 0.0444952 -0.135901 0.0715 0.0441894 -0.136001 0.1155 0.0300721 -0.139802 0.0715 0.0297314 -0.139875 0.1155 0.0153207 -0.142177 0.0715 0.0149476 -0.142217 0.1155 0.00040203 -0.142999 0.0715 0 -0.143 0.1155 -0.014521 -0.142261 0.0715 -0.0149476 -0.142217 0.1155 -0.0292855 -0.139969 0.0715 -0.0297314 -0.139875 0.1155 -0.0437303 -0.136149 0.0715 -0.0441894 -0.136001 0.1155 -0.0576978 -0.130843 0.0715 -0.0581633 -0.130637 0.1155 -0.0710353 -0.124109 0.0715 -0.0715 -0.123842 0.1155 -0.0835973 -0.116019 0.0715 -0.0840533 -0.115689 0.1155 -0.0952467 -0.106663 0.0715 -0.0956857 -0.10627 0.1155 -0.105856 -0.0961429 0.0715 -0.10627 -0.0956857 0.1155 -0.11531 -0.0845729 0.0715 -0.115689 -0.0840533 0.1155 -0.123505 -0.0720795 0.0715 -0.123842 -0.0715 0.1155 -0.130352 -0.0587993 0.0715 -0.130637 -0.0581633 0.1155 -0.135776 -0.0448771 0.0715 -0.136001 -0.0441894 0.1155 -0.139717 -0.030465 0.0715 -0.139875 -0.0297314 0.1155 -0.142133 -0.0157204 0.0715 -0.142217 -0.0149476 0.1155 0.143 0 0.0715 0.143 0 0.1155 0.142219 -0.0149209 0.0715 0.142217 -0.0149476 0.1155 0.139886 -0.0296789 0.0715 0.139875 -0.0297314 0.1155 0.136026 -0.044113 0.0715 0.136001 -0.0441894 0.1155 0.130681 -0.0580654 0.0715 0.130637 -0.0581633 0.1155 0.123909 -0.0713839 0.0715 0.123842 -0.0715 0.1155 0.115784 -0.0839231 0.0715 0.0924715 0.109078 0.1155 0.102541 0.0996711 0.1155 0.0979905 0.104148 0.11501 0.116797 0.0825067 0.10392 0.119739 0.0781765 0.1155 0.118606 0.0798846 0.101233 0.120255 0.0773801 0.0977708 0.126708 0.0662884 0.1155 0.1325 0.0537849 0.1155 0.121201 0.0758901 0.0944798 0.111658 0.0893386 0.1155 0.110484 0.0907867 0.109879 0.104496 0.0976197 0.113124 0.112976 0.087666 0.107949 0.137061 0.0407818 0.1155 0.14035 0.0274001 0.1155 0.142336 0.013764 0.1155 0.142437 0.0126754 0.0715 0.0922399 0.162345 0.114873 0.0822176 0.206119 0.1155 0.0544429 0.879266 0.1155 0.0600324 0.881007 0.114873 0.0563962 0.967823 0.1155 0.0569525 0.59556 0.1155 0.0620342 0.611107 0.114873 0.054582 0.693112 0.1155 0.0609025 0.498059 0.1155 0.0653906 0.521194 0.114873 0.066431 0.400635 0.1155 0.0700906 0.431341 0.114873 0.0735367 0.303313 0.1155 0.0761331 0.341569 0.114873 0.0835167 0.251897 0.114873 0.106146 0.163804 0.106087 0.0808565 0.970397 0.096063 0.0790084 0.970452 0.101347 0.0537918 0.79069 0.1155 0.0600222 0.70106 0.114873 0.0593548 0.791034 0.114873 0.0620548 0.97096 0.114873 0.110947 0.164308 0.096063 0.102251 0.25358 0.096063 0.0948908 0.342972 0.096063 0.0888672 0.432464 0.096063 0.0841819 0.522036 0.096063 0.080836 0.611669 0.096063 0.0788302 0.701341 0.096063 0.078165 0.791033 0.096063 0.0788405 0.880725 0.096063 0.109108 0.164115 0.101347 0.102209 0.163391 0.110046 0.0974951 0.162896 0.113024 0.0760313 0.970541 0.106087 0.0720745 0.97066 0.110046 0.0673365 0.970801 0.113024 0.0769917 0.880752 0.101347 0.0740136 0.880797 0.106087 0.0700555 0.880857 0.110046 0.0653159 0.880928 0.113024 0.076316 0.791033 0.101347 0.0733376 0.791033 0.106087 0.0693791 0.791033 0.110046 0.0646389 0.791033 0.113024 0.0769815 0.701313 0.101347 0.0740034 0.701269 0.106087 0.0700453 0.70121 0.110046 0.0653056 0.701139 0.113024 0.0789879 0.611613 0.101347 0.0760108 0.611525 0.106087 0.072054 0.611406 0.110046 0.067316 0.611265 0.113024 0.0823348 0.521954 0.101347 0.0793594 0.52182 0.106087 0.0754048 0.521643 0.110046 0.0706694 0.521431 0.113024 0.0870215 0.432354 0.101347 0.0840484 0.432176 0.106087 0.080097 0.43194 0.110046 0.0753653 0.431657 0.113024 0.093047 0.342834 0.101347 0.0900769 0.342612 0.106087 0.0861294 0.342317 0.110046 0.0814024 0.341963 0.113024 0.10041 0.253415 0.101347 0.0974433 0.253148 0.106087 0.0935007 0.252794 0.110046 0.0887796 0.25237 0.113024 0.0177984 0.2185 0.1815 -0.0177984 0.2185 0.1815 0 0.215 0.1815 0.0025 0.21433 0.1815 0.00433013 0.2125 0.1815 0.0132207 0.196 0.1815 0.005 0.21 0.1815 0.00433013 0.2075 0.1815 0.0025 0.20567 0.1815 0 0.205 0.1815 -0.0132207 0.196 0.1815 -0.0025 0.20567 0.1815 -0.00433013 0.2075 0.1815 -0.005 0.21 0.1815 -0.00433013 0.2125 0.1815 -0.0025 0.21433 0.1815 0.0177984 0.2185 0.19125 -0.0177984 0.2185 0.19125 0 0.2255 0.19125 -0.0025 0.22617 0.19125 -0.00433013 0.228 0.19125 -0.005 0.2305 0.19125 -0.005 0.2315 0.19125 -0.0204433 0.2315 0.19125 0.0204433 0.2315 0.19125 0.005 0.2315 0.19125 0.005 0.2305 0.19125 0.00433013 0.228 0.19125 0.0025 0.22617 0.19125 0.005 0.2315 0.18525 0.0204433 0.2315 0.18525 -0.0204433 0.2315 0.18525 -0.005 0.2315 0.18525 -0.005 0.2305 0.18525 0 0.2255 0.18525 0.0025 0.22617 0.18525 0.00433013 0.228 0.18525 0.005 0.2305 0.18525 -0.0025 0.22617 0.18525 -0.00433013 0.228 0.18525 0.0589273 -0.00051872 0.0655 0.0510727 -0.00051872 0.0655 0.055 0.00026247 0.0655 0.0477433 -0.00274334 0.0655 0.0622567 -0.00274334 0.0655 0.0455187 -0.00607272 0.0655 0.0644813 -0.00607272 0.0655 0.0447375 -0.01 0.0655 0.0652625 -0.01 0.0655 0.0455187 -0.0139273 0.0655 0.0644813 -0.0139273 0.0655 0.0477433 -0.0172567 0.0655 0.0622567 -0.0172567 0.0655 0.0510727 -0.0194813 0.0655 0.0589273 -0.0194813 0.0655 0.055 -0.0202625 0.0655 -0.0510727 -0.00051872 0.0655 -0.0589273 -0.00051872 0.0655 -0.055 0.00026247 0.0655 -0.0622567 -0.00274334 0.0655 -0.0477433 -0.00274334 0.0655 -0.0644813 -0.00607272 0.0655 -0.0455187 -0.00607272 0.0655 -0.0652625 -0.01 0.0655 -0.0447375 -0.01 0.0655 -0.0644813 -0.0139273 0.0655 -0.0455187 -0.0139273 0.0655 -0.0622567 -0.0172567 0.0655 -0.0477433 -0.0172567 0.0655 -0.0589273 -0.0194813 0.0655 -0.0510727 -0.0194813 0.0655 -0.055 -0.0202625 0.0655 -0.0310727 -0.0905187 0.0655 -0.0389273 -0.0905187 0.0655 -0.035 -0.0897375 0.0655 -0.0422567 -0.0927433 0.0655 -0.0277433 -0.0927433 0.0655 -0.0444813 -0.0960727 0.0655 -0.0255187 -0.0960727 0.0655 -0.0452625 -0.1 0.0655 -0.0247375 -0.1 0.0655 -0.0444813 -0.103927 0.0655 -0.0255187 -0.103927 0.0655 -0.0422567 -0.107257 0.0655 -0.0277433 -0.107257 0.0655 -0.0389273 -0.109481 0.0655 -0.0310727 -0.109481 0.0655 -0.035 -0.110262 0.0655 0.0389273 -0.0905187 0.0655 0.0310727 -0.0905187 0.0655 0.035 -0.0897375 0.0655 0.0277433 -0.0927433 0.0655 0.0422567 -0.0927433 0.0655 0.0255187 -0.0960727 0.0655 0.0444813 -0.0960727 0.0655 0.0247375 -0.1 0.0655 0.0452625 -0.1 0.0655 0.0255187 -0.103927 0.0655 0.0444813 -0.103927 0.0655 0.0277433 -0.107257 0.0655 0.0422567 -0.107257 0.0655 0.0310727 -0.109481 0.0655 0.0389273 -0.109481 0.0655 0.035 -0.110262 0.0655 0 0.21 0.160796 0.0045 0.21 0.1635 0.00389711 0.21225 0.1635 0.00225 0.213897 0.1635 0 0.2145 0.1635 -0.00225 0.213897 0.1635 -0.00389711 0.21225 0.1635 -0.0045 0.21 0.1635 -0.00389711 0.20775 0.1635 -0.00225 0.206103 0.1635 0 0.2055 0.1635 0.00225 0.206103 0.1635 0.00389711 0.20775 0.1635 -0.00225 0.213897 0.1685 -0.00389711 0.21225 0.1685 -0.0045 0.21 0.1685 0 0.2145 0.1685 0.00225 0.213897 0.1685 0.00389711 0.21225 0.1685 0.0045 0.21 0.1685 0.00225 0.206103 0.1685 0.00389711 0.20775 0.1685 0 0.2055 0.1685 -0.00225 0.206103 0.1685 -0.00389711 0.20775 0.1685 0 0.215 0.1685 0.0025 0.21433 0.1685 0 0.205 0.1685 -0.0025 0.20567 0.1685 0.00433013 0.2125 0.1685 0.005 0.21 0.1685 0.00433013 0.2075 0.1685 0.0025 0.20567 0.1685 -0.00433013 0.2075 0.1685 -0.005 0.21 0.1685 -0.00433013 0.2125 0.1685 -0.0025 0.21433 0.1685 -0.134123 -0.0153676 0.0715 -0.131681 -0.0297517 0.0715 -0.127701 -0.0437882 0.0715 -0.12223 -0.0573134 0.0715 -0.115331 -0.0701691 0.0715 -0.107085 -0.0822053 0.0715 -0.0975889 -0.0932813 0.0715 -0.0869526 -0.103268 0.0715 -0.0753006 -0.112048 0.0715 -0.0627692 -0.11952 0.0715 -0.0495047 -0.125596 0.0715 -0.0356619 -0.130205 0.0715 -0.0214027 -0.133293 0.0715 -0.00689343 -0.134824 0.0715 0.134212 -0.0145685 0.0715 0.131856 -0.0289668 0.0715 0.12796 -0.0430269 0.0715 0.122569 -0.0565844 0.0715 0.115747 -0.0694809 0.0715 0.107573 -0.081566 0.0715 0.0981428 -0.0926984 0.0715 0.0875661 -0.102748 0.0715 0.0759667 -0.111598 0.0715 0.06348 -0.119144 0.0715 0.0502519 -0.125299 0.0715 0.0364368 -0.12999 0.0715 0.0221962 -0.133163 0.0715 0.00769632 -0.13478 0.0715 -0.00656437 1.18876 0.0925 0.00656437 1.18876 0.0925 0 1.1895 0.0925 0.0127996 1.18658 0.0925 -0.0127996 1.18658 0.0925 0.018393 1.18306 0.0925 -0.018393 1.18306 0.0925 0.023064 1.17839 0.0925 -0.023064 1.17839 0.0925 0.0265786 1.1728 0.0925 -0.0265786 1.1728 0.0925 0.0287604 1.16656 0.0925 -0.0287604 1.16656 0.0925 0.0295 1.16 0.0925 -0.0295 1.16 0.0925 0.0287604 1.15344 0.0925 -0.0287604 1.15344 0.0925 0.0265786 1.1472 0.0925 -0.0265786 1.1472 0.0925 0.023064 1.14161 0.0925 -0.023064 1.14161 0.0925 0.018393 1.13694 0.0925 -0.018393 1.13694 0.0925 0.0127996 1.13342 0.0925 -0.0127996 1.13342 0.0925 0.00656437 1.13124 0.0925 -0.00656437 1.13124 0.0925 0 1.1305 0.0925 0.00656437 1.18876 -0.1115 -0.00656437 1.18876 -0.1115 0 1.1895 -0.1115 -0.0127996 1.18658 -0.1115 0.0127996 1.18658 -0.1115 -0.018393 1.18306 -0.1115 0.018393 1.18306 -0.1115 -0.023064 1.17839 -0.1115 0.023064 1.17839 -0.1115 -0.0265786 1.1728 -0.1115 0.0265786 1.1728 -0.1115 -0.0287604 1.16656 -0.1115 0.0287604 1.16656 -0.1115 -0.0295 1.16 -0.1115 0.0295 1.16 -0.1115 -0.0287604 1.15344 -0.1115 0.0287604 1.15344 -0.1115 -0.0265786 1.1472 -0.1115 0.0265786 1.1472 -0.1115 -0.023064 1.14161 -0.1115 0.023064 1.14161 -0.1115 -0.018393 1.13694 -0.1115 0.018393 1.13694 -0.1115 -0.0127996 1.13342 -0.1115 0.0127996 1.13342 -0.1115 -0.00656437 1.13124 -0.1115 0.00656437 1.13124 -0.1115 0 1.1305 -0.1115 -0.0605368 0.253011 0.1255 -0.0485747 0.194216 0.1255 -0.0605368 0.253011 0.1805 -0.0485747 0.194216 0.1805 0.0485745 0.194215 0.1255 0.0605366 0.25301 0.1255 0.0485745 0.194215 0.1805 0.0605366 0.25301 0.1805 -0.0142774 0.201194 0.1805 -0.0262394 0.259989 0.1805 -0.0142774 0.201194 0.1255 -0.0262394 0.259989 0.1255 0.0142772 0.201193 0.1805 0.0262392 0.259988 0.1805 0.0262392 0.259988 0.1255 0.0142772 0.201193 0.1255 0.0208502 0.2335 0.18525 -0.0208502 0.2335 0.18525 -0.0208502 0.2335 0.1845 0.0208502 0.2335 0.1845 -0.0284796 0.271 0.1845 0.0284796 0.271 0.1845 -0.0300462 1.01898 0.1115 -0.0124135 1.01942 0.1115 -0.0212495 1.01998 0.1115 -0.11007 0.341438 0.1115 -0.060625 0.292096 0.1115 0.0308333 0.369461 0.1115 0.0357235 0.374386 0.1115 0.0396887 0.380083 0.1115 0.0426094 0.386379 0.1115 0.0443978 0.393086 0.1115 0.045 0.4 0.1115 0.0448412 0.403561 0.1115 -0.109437 0.421013 0.1115 -0.11 0.31484 0.1115 -0.109196 0.3081 0.1115 -0.106897 0.301713 0.1115 -0.103221 0.296006 0.1115 -0.0983565 0.291272 0.1115 -0.092552 0.287752 0.1115 -0.0662704 0.288326 0.1115 -0.00381546 1.01731 0.1115 -0.038528 1.01644 0.1115 0.00427511 1.01371 0.1115 -0.0464288 1.01244 0.1115 0.0116045 1.00874 0.1115 -0.0535008 1.00712 0.1115 0.0179429 1.00256 0.1115 -0.0595224 1.00063 0.1115 0.0230915 0.99536 0.1115 -0.0643047 0.993175 0.1115 0.0268889 0.987362 0.1115 -0.0676978 0.984997 0.1115 0.0292161 0.978819 0.1115 -0.0695952 0.976349 0.1115 0.03 0.97 0.1115 -0.0790718 0.897337 0.1115 0.0299668 0.968177 0.1115 -0.107537 0.500568 0.1115 0.0384125 0.483525 0.1115 -0.104372 0.580083 0.1115 0.0334103 0.56359 0.1115 -0.0999413 0.659538 0.1115 0.0298361 0.643732 0.1115 -0.0942467 0.738912 0.1115 0.0276912 0.723925 0.1115 -0.0872896 0.818185 0.1115 0.0269761 0.804144 0.1115 0.0277238 0.886174 0.1115 -0.0726187 0.285922 0.1115 -0.0861048 0.285628 0.1115 -0.079345 0.285007 0.1115 0.00698392 0.128811 0.1105 -0.00698392 0.128811 0.1105 0.0208699 0.127301 0.1105 -0.0208699 0.127301 0.1105 0.0345112 0.124298 0.1105 -0.0345112 0.124298 0.1105 0.0477478 0.119838 0.1105 -0.0477478 0.119838 0.1105 0.0604247 0.113973 0.1105 -0.0604247 0.113973 0.1105 0.0723931 0.106772 0.1105 -0.0723931 0.106772 0.1105 0.0835128 0.0983189 0.1105 -0.0835128 0.0983189 0.1105 0.0936534 0.0887132 0.1105 -0.0936534 0.0887132 0.1105 0.102696 0.0780675 0.1105 -0.102696 0.0780675 0.1105 0.110535 0.0665065 0.1105 -0.110535 0.0665065 0.1105 0.117077 0.0541657 0.1105 -0.117077 0.0541657 0.1105 0.122247 0.0411899 0.1105 -0.122247 0.0411899 0.1105 0.125984 0.0277312 0.1105 -0.125984 0.0277312 0.1105 0.128244 0.0139473 0.1105 -0.128244 0.0139473 0.1105 0.129 0 0.1105 -0.129 0 0.1105 0.128244 -0.0139473 0.1105 -0.128244 -0.0139473 0.1105 0.125984 -0.0277312 0.1105 -0.125984 -0.0277312 0.1105 0.122247 -0.0411899 0.1105 -0.122247 -0.0411899 0.1105 0.117077 -0.0541657 0.1105 -0.117077 -0.0541657 0.1105 0.110535 -0.0665065 0.1105 -0.110535 -0.0665065 0.1105 0.102696 -0.0780675 0.1105 -0.102696 -0.0780675 0.1105 0.0936534 -0.0887132 0.1105 -0.0936534 -0.0887132 0.1105 0.0835128 -0.0983189 0.1105 -0.0835128 -0.0983189 0.1105 0.0723931 -0.106772 0.1105 -0.0723931 -0.106772 0.1105 0.0604247 -0.113973 0.1105 -0.0604247 -0.113973 0.1105 0.0477478 -0.119838 0.1105 -0.0477478 -0.119838 0.1105 0.0345112 -0.124298 0.1105 -0.0345112 -0.124298 0.1105 0.0208699 -0.127301 0.1105 -0.0208699 -0.127301 0.1105 0.00698392 -0.128811 0.1105 -0.00698392 -0.128811 0.1105 -0.0284796 0.271 0.1155 -0.0132207 0.196 0.1155 0.0132207 0.196 0.1155 0.0284796 0.271 0.1155 -0.0300462 1.01898 0.1155 -0.038528 1.01644 0.1155 -0.0464288 1.01244 0.1155 -0.0535008 1.00712 0.1155 -0.0595224 1.00063 0.1155 -0.0643047 0.993175 0.1155 -0.0676978 0.984997 0.1155 -0.0695952 0.976349 0.1155 -0.0212495 1.01998 0.1155 -0.0124135 1.01942 0.1155 -0.00381546 1.01731 0.1155 0.00427511 1.01371 0.1155 0.0116045 1.00874 0.1155 0.0179429 1.00256 0.1155 0.0230915 0.99536 0.1155 0.0268889 0.987362 0.1155 0.0292161 0.978819 0.1155 0.03 0.97 0.1155 -0.107537 0.500568 0.1155 -0.109437 0.421013 0.1155 -0.11007 0.341438 0.1155 -0.11 0.31484 0.1155 -0.104372 0.580083 0.1155 -0.0999413 0.659538 0.1155 -0.0942467 0.738912 0.1155 -0.0872896 0.818185 0.1155 -0.0790718 0.897337 0.1155 -0.0861048 0.285628 0.1155 -0.079345 0.285007 0.1155 -0.0726187 0.285922 0.1155 -0.0662704 0.288326 0.1155 -0.060625 0.292096 0.1155 -0.092552 0.287752 0.1155 -0.0983565 0.291272 0.1155 -0.103221 0.296006 0.1155 -0.106897 0.301713 0.1155 -0.109196 0.3081 0.1155 0.0308333 0.369461 0.1155 0.0443978 0.393086 0.1155 0.045 0.4 0.1155 0.0426094 0.386379 0.1155 0.0396887 0.380083 0.1155 0.0357235 0.374386 0.1155 0.0448412 0.403561 0.1155 0.0384125 0.483525 0.1155 0.0334103 0.56359 0.1155 0.0298361 0.643732 0.1155 0.0276912 0.723925 0.1155 0.0269761 0.804144 0.1155 0.0277238 0.886174 0.1155 0.0299668 0.968177 0.1155 0.0208699 -0.127301 0.1155 0.0345112 -0.124298 0.1155 0.0477478 -0.119838 0.1155 0.0604247 -0.113973 0.1155 0.0723931 -0.106772 0.1155 0.0835128 -0.0983189 0.1155 0.0936534 -0.0887132 0.1155 0.102696 -0.0780675 0.1155 0.110535 -0.0665065 0.1155 0.117077 -0.0541657 0.1155 0.122247 -0.0411899 0.1155 0.125984 -0.0277312 0.1155 0.128244 -0.0139473 0.1155 0.129 0 0.1155 0.00698392 -0.128811 0.1155 -0.00698392 -0.128811 0.1155 -0.0208699 -0.127301 0.1155 -0.0345112 -0.124298 0.1155 -0.0477478 -0.119838 0.1155 -0.0604247 -0.113973 0.1155 -0.0723931 -0.106772 0.1155 -0.0835128 -0.0983189 0.1155 -0.0936534 -0.0887132 0.1155 -0.102696 -0.0780675 0.1155 -0.110535 -0.0665065 0.1155 -0.117077 -0.0541657 0.1155 -0.122247 -0.0411899 0.1155 -0.125984 -0.0277312 0.1155 -0.128244 -0.0139473 0.1155 -0.129 0 0.1155 -0.0208699 0.127301 0.1155 -0.0345112 0.124298 0.1155 -0.0477478 0.119838 0.1155 -0.0604247 0.113973 0.1155 -0.0723931 0.106772 0.1155 -0.0835128 0.0983189 0.1155 -0.0936534 0.0887132 0.1155 -0.102696 0.0780675 0.1155 -0.110535 0.0665065 0.1155 -0.117077 0.0541657 0.1155 -0.122247 0.0411899 0.1155 -0.125984 0.0277312 0.1155 -0.128244 0.0139473 0.1155 -0.00698392 0.128811 0.1155 0.00698392 0.128811 0.1155 0.0208699 0.127301 0.1155 0.0345112 0.124298 0.1155 0.0477478 0.119838 0.1155 0.0604247 0.113973 0.1155 0.0723931 0.106772 0.1155 0.0835128 0.0983189 0.1155 0.0936534 0.0887132 0.1155 0.102696 0.0780675 0.1155 0.110535 0.0665065 0.1155 0.117077 0.0541657 0.1155 0.122247 0.0411899 0.1155 0.125984 0.0277312 0.1155 0.128244 0.0139473 0.1155 0.0494002 0.252525 -0.1435 0.081957 0.347077 -0.1435 0.0494002 0.252525 -0.1035 0.081957 0.347077 -0.1035 0.0482204 1.095 -0.0875 0.0482204 0.971 -0.0875 0.0718352 0.947385 -0.0875 0.0788084 0.46163 -0.0147 0.10183 0.171006 -0.0147 0.102526 0.164332 -0.0875 0.093847 0.253553 -0.0875 0.0925895 0.267752 -0.0147 0.0865002 0.342893 -0.0875 0.084915 0.364635 -0.0147 0.080487 0.432332 -0.0875 0.0704605 0.701051 -0.0875 0.0724662 0.611431 -0.0875 0.0697918 0.79069 -0.0875 0.0699098 0.753028 -0.0147 0.0700866 0.850214 -0.0147 0.0703027 0.869044 -0.0875 0.0758086 0.521852 -0.0875 -0.137644 0.498614 -0.0875 -0.138406 0.411379 -0.0875 -0.137955 0.34424 -0.0875 -0.1366 0.277113 -0.0875 -0.134342 0.210011 -0.0875 -0.135357 0.585821 -0.0875 -0.131546 0.672975 -0.0875 -0.126212 0.76005 -0.0875 -0.119357 0.847018 -0.0875 -0.110984 0.933852 -0.0875 -0.00988854 -0.0304338 -0.1325 -0.016 -0.0277128 -0.1325 -0.00334491 -0.0318247 -0.1325 0.00334491 -0.0318247 -0.1325 0.016 -0.0277128 -0.1325 0.00988854 -0.0304338 -0.1325 -0.016 0.0277128 -0.1325 -0.00988854 0.0304338 -0.1325 -0.00334491 0.0318247 -0.1325 0.00334491 0.0318247 -0.1325 0.016 0.0277128 -0.1325 0.00988854 0.0304338 -0.1325 0.0214122 0.0237806 -0.1325 0.0258885 0.0188091 -0.1325 0.0292335 0.0130156 -0.1325 0.0313007 0.00665317 -0.1325 0.032 0 -0.1325 0.0313007 -0.00665317 -0.1325 0.0292335 -0.0130156 -0.1325 0.0258885 -0.0188091 -0.1325 0.0214122 -0.0237806 -0.1325 -0.0214122 0.0237806 -0.1325 -0.0258885 0.0188091 -0.1325 -0.0292335 0.0130156 -0.1325 -0.0313007 0.00665317 -0.1325 -0.032 0 -0.1325 -0.0313007 -0.00665317 -0.1325 -0.0292335 -0.0130156 -0.1325 -0.0258885 -0.0188091 -0.1325 -0.0214122 -0.0237806 -0.1325 0.0535914 0.356844 -0.1435 0.0210346 0.262292 -0.1435 0.0210346 0.262292 -0.1035 0.0535914 0.356844 -0.1035 0.0168022 0.25 -0.0955 -0.092984 -0.0238742 -0.0875 0.092984 -0.0238742 -0.0875 0.096 0 -0.0875 -0.0892586 -0.03534 -0.0875 -0.0841254 -0.0462484 -0.0875 -0.0776656 -0.0564274 -0.0875 -0.069981 -0.0657165 -0.0875 -0.0611927 -0.0739693 -0.0875 -0.0514394 -0.0810555 -0.0875 -0.0408748 -0.0868634 -0.0875 -0.0296656 -0.0913014 -0.0875 -0.0179886 -0.0942996 -0.0875 -0.00602789 -0.0958106 -0.0875 0.00602789 -0.0958106 -0.0875 0.0179886 -0.0942996 -0.0875 0.0296656 -0.0913014 -0.0875 0.0408748 -0.0868634 -0.0875 0.0514394 -0.0810555 -0.0875 0.0611927 -0.0739693 -0.0875 0.069981 -0.0657165 -0.0875 0.0776656 -0.0564274 -0.0875 0.0841254 -0.0462484 -0.0875 0.0892586 -0.03534 -0.0875 -0.095243 -0.012032 -0.0875 0.095243 -0.012032 -0.0875 0.00988854 0.0304338 -0.1345 0.016 0.0277128 -0.1345 0.0214122 0.0237806 -0.1345 0.0258885 0.0188091 -0.1345 0.0292335 0.0130156 -0.1345 0.0313007 0.00665317 -0.1345 0.032 0 -0.1345 0.00334491 0.0318247 -0.1345 -0.00334491 0.0318247 -0.1345 -0.00988854 0.0304338 -0.1345 -0.016 0.0277128 -0.1345 -0.0214122 0.0237806 -0.1345 -0.0258885 0.0188091 -0.1345 -0.0292335 0.0130156 -0.1345 -0.0313007 0.00665317 -0.1345 -0.032 0 -0.1345 -0.00988854 -0.0304338 -0.1345 -0.016 -0.0277128 -0.1345 -0.0214122 -0.0237806 -0.1345 -0.0258885 -0.0188091 -0.1345 -0.0292335 -0.0130156 -0.1345 -0.0313007 -0.00665317 -0.1345 -0.00334491 -0.0318247 -0.1345 0.00334491 -0.0318247 -0.1345 0.00988854 -0.0304338 -0.1345 0.016 -0.0277128 -0.1345 0.0214122 -0.0237806 -0.1345 0.0258885 -0.0188091 -0.1345 0.0292335 -0.0130156 -0.1345 0.0313007 -0.00665317 -0.1345 0.0168022 0.25 -0.1345 0.096 0 -0.1345 -0.095243 -0.012032 -0.1345 -0.092984 -0.0238742 -0.1345 -0.0892586 -0.03534 -0.1345 -0.0841254 -0.0462484 -0.1345 -0.0776656 -0.0564274 -0.1345 -0.069981 -0.0657165 -0.1345 -0.0611927 -0.0739693 -0.1345 -0.0514394 -0.0810555 -0.1345 -0.0408748 -0.0868634 -0.1345 -0.0296656 -0.0913014 -0.1345 -0.0179886 -0.0942996 -0.1345 -0.00602789 -0.0958106 -0.1345 0.00602789 -0.0958106 -0.1345 0.0179886 -0.0942996 -0.1345 0.0296656 -0.0913014 -0.1345 0.0408748 -0.0868634 -0.1345 0.0514394 -0.0810555 -0.1345 0.0611927 -0.0739693 -0.1345 0.069981 -0.0657165 -0.1345 0.0776656 -0.0564274 -0.1345 0.0841254 -0.0462484 -0.1345 0.0892586 -0.03534 -0.1345 0.092984 -0.0238742 -0.1345 0.095243 -0.012032 -0.1345 -0.146048 0.532134 0.046973 -0.146076 0.530951 0.0487375 -0.146087 0.530509 0.0508928 -0.146087 0.530509 0.0577318 -0.144459 0.585911 0.0505866 -0.144462 0.585841 0.0500162 -0.144491 0.584983 0.0478696 -0.144521 0.584133 0.0468637 -0.144593 0.582044 0.0456341 -0.144614 0.581422 0.0525958 -0.144617 0.581319 0.0531028 -0.146004 0.533927 0.0457793 -0.146007 0.533805 0.051941 -0.145976 0.535063 0.0506929 -0.144652 0.580289 0.0505019 -0.144628 0.581019 0.0511393 -0.146566 0.508334 0.00492146 -0.146558 0.50877 0.0245473 -0.146552 0.509046 0.00235497 -0.146945 0.486283 0.0194895 -0.146478 0.51278 0.0194385 -0.146461 0.513628 0.0161547 -0.146466 0.51336 -0.0240999 -0.144044 0.597412 0.000411 -0.144092 0.59613 -0.0002272 -0.144066 0.596828 0.0136642 -0.146456 0.513825 -0.00090643 -0.146638 0.504562 0.0265311 -0.146647 0.504078 0.00997359 -0.146677 0.502431 0.0108295 -0.146736 0.499145 0.0116269 -0.146413 0.515938 -0.0256079 -0.146441 0.514582 -0.00365498 -0.14641 0.516049 -0.00620954 -0.146389 0.517075 -0.0073869 -0.146392 0.516939 -0.0259671 -0.146348 0.519011 -0.00894333 -0.146309 0.520803 -0.00988107 -0.146236 0.524051 -0.0107014 -0.14431 0.590141 -0.0196161 -0.144363 0.588644 -0.0221831 -0.144348 0.589065 -0.00456091 -0.144328 0.58963 -0.00338733 -0.144298 0.590471 -0.00012234 -0.144284 0.590863 -0.0170064 -0.144291 0.590665 0.0047193 -0.144262 0.591472 0.00767316 -0.144271 0.591208 -0.00708227 -0.144169 0.594037 -0.00184285 -0.144231 0.592322 -0.00411642 -0.144191 0.59342 0.0108693 -0.144166 0.594108 0.0116177 -0.14653 0.510158 0.0233568 -0.14649 0.512199 0.0206419 -0.146519 0.510704 -0.0210734 -0.146533 0.510005 -0.019681 -0.146549 0.509219 -0.0165497 -0.14655 0.509166 -0.0154741 -0.14655 0.509166 0.00074087 -0.144295 0.590545 0.00120175 -0.144295 0.590545 0.00301558 -0.146611 0.505969 0.00846268 -0.146606 0.506236 0.0259765 -0.146595 0.506828 0.00749395 -0.146486 0.512382 -0.0232332 -0.144632 0.580887 -0.0264001 -0.14461 0.58152 -0.010395 -0.14452 0.584163 -0.0255974 -0.144554 0.583159 -0.00985092 -0.144461 0.585843 -0.0247228 -0.144467 0.585701 -0.00841205 -0.144395 0.587745 -0.0232016 -0.14442 0.587037 -0.00726143 -0.144011 0.598292 0.00072982 -0.14402 0.598048 0.0142532 -0.143883 0.601686 0.0151391 -0.143247 0.617703 0.00828854 -0.146261 0.522939 0.00375761 -0.146306 0.520948 0.00487574 -0.146305 0.520975 0.0214663 -0.146301 0.52114 0.0210354 -0.146275 0.522346 0.0189968 -0.146261 0.522959 0.0183122 -0.146228 0.524441 0.0171367 -0.146246 0.523634 0.00350033 -0.144207 0.592997 0.0226147 -0.144271 0.591211 0.0201212 -0.144237 0.59217 0.0323278 -0.144233 0.592278 0.0324383 -0.144155 0.594418 0.0339743 -0.144167 0.594083 0.0235466 -0.143654 0.607613 0.0302597 -0.144069 0.596749 0.0249216 -0.14633 0.519817 0.00584222 -0.146331 0.519764 0.0407166 -0.146319 0.520316 0.0390407 -0.146432 0.514995 0.0451077 -0.14645 0.514157 0.0343683 -0.146499 0.511709 0.0361406 -0.146557 0.508808 0.0370885 -0.146381 0.517438 0.043742 -0.146368 0.518081 0.0431637 -0.146368 0.518039 0.00830726 -0.146385 0.517255 0.0104514 -0.146391 0.516994 0.0126537 -0.146391 0.516994 0.0275164 -0.146401 0.516519 0.0305148 -0.146406 0.516256 0.031226 -0.146424 0.515407 0.0449499 -0.144312 0.590088 0.011435 -0.144334 0.58945 0.00916605 -0.144326 0.589687 0.0223814 -0.144319 0.589865 0.0240659 -0.144319 0.589865 0.0266119 -0.144315 0.589984 0.0280097 -0.144297 0.590493 0.0297666 -0.146168 0.527071 0.0160562 -0.144595 0.581982 0.00317921 -0.144494 0.584909 0.00418723 -0.144512 0.584388 0.0163201 -0.144498 0.584793 0.0164753 -0.146682 0.502147 0.0415896 -0.146429 0.51514 0.0332161 -0.144411 0.587295 0.00594057 -0.144427 0.586824 0.0176854 -0.144405 0.587456 0.0182537 -0.144373 0.588353 0.00719042 -0.144363 0.588647 0.0197703 -0.144299 0.590447 0.0179845 -0.144056 0.597107 0.0347906 -0.144094 0.59608 0.0246735 -0.146557 0.508801 -0.0385152 -0.146523 0.510517 -0.0673027 -0.146571 0.508076 -0.0377226 -0.146503 0.511536 -0.0405763 -0.144335 0.589431 -0.0385695 -0.144298 0.59046 -0.0666235 -0.144385 0.588026 -0.0397725 -0.144262 0.591476 -0.0358504 -0.147031 0.480296 -0.0159303 -0.147035 0.480003 -0.00884531 -0.1437 0.606425 -0.0509274 -0.143792 0.604077 -0.0116061 -0.146604 0.50635 -0.0642239 -0.146716 0.50027 -0.0587639 -0.146714 0.500398 -0.00411094 -0.14669 0.501711 -0.0052435 -0.146653 0.503732 -0.00793795 -0.146643 0.504289 -0.00909617 -0.146624 0.505319 -0.0315289 -0.146608 0.506136 -0.0345253 -0.146786 0.496232 -0.00212821 -0.146785 0.496269 -0.0543661 -0.146838 0.493132 -0.0503187 -0.146913 0.4884 -0.0427487 -0.146953 0.485729 -0.03723 -0.146993 0.482984 -0.0297205 -0.147017 0.481296 -0.0229113 -0.146365 0.518176 -0.0718478 -0.146478 0.512787 -0.0411819 -0.146403 0.516413 -0.0420736 -0.144532 0.583808 -0.0417564 -0.144468 0.585663 -0.0697338 -0.144729 0.577997 -0.0736579 -0.144789 0.57619 -0.0744163 -0.145039 0.568433 -0.0770295 -0.145284 0.560419 -0.0787202 -0.145321 0.559188 -0.0788944 -0.145556 0.551023 -0.0794934 -0.145716 0.545169 -0.0793331 -0.145899 0.538142 -0.0784883 -0.146069 0.53127 -0.0769477 -0.146258 0.523099 -0.0741253 -0.144065 0.596845 -0.0615151 -0.14424 0.592063 -0.0346359 -0.14421 0.592914 -0.0313466 -0.144207 0.592992 -0.0299764 -0.144207 0.592992 -0.0236341 -0.144202 0.593112 -0.0219374 -0.144173 0.593912 -0.0190143 -0.144121 0.595338 -0.0164859 -0.144077 0.596526 -0.0151018 -0.143976 0.599236 -0.0130652 -0.143901 0.601224 -0.0572081 -0.143177 0.619406 -0.0186075 -0.143229 0.618145 -0.0255096 -0.143325 0.615813 -0.0333467 -0.143417 0.613552 -0.038845 -0.143534 0.610639 -0.0444722 -0.146758 0.497855 -0.00266772 -0.146627 0.505127 -0.0123531 -0.144474 0.585493 -0.0411987 -0.143931 0.600434 -0.0124877 -0.104052 1.05965 -0.116966 -0.101633 1.0589 -0.122485 -0.105112 1.05999 -0.111017 -0.0979966 1.05776 -0.127246 -0.0943393 1.05661 -0.130323 -0.0923138 1.05598 -0.13157 -0.0868035 1.05425 -0.133755 -0.0809337 1.05242 -0.1345 -0.116666 0.172461 -0.1345 -0.119855 0.252066 -0.1345 -0.121768 0.331713 -0.1345 -0.122406 0.411379 -0.1345 -0.121757 0.491729 -0.1345 -0.119811 0.572058 -0.1345 -0.116567 0.652345 -0.1345 -0.112027 0.732569 -0.1345 -0.106192 0.812709 -0.1345 -0.0990637 0.892744 -0.1345 -0.0906435 0.972654 -0.1345 -0.112203 0.0929168 -0.1345 -0.115133 0.973007 -0.115063 -0.105481 0.884138 -0.133873 -0.124206 0.885924 -0.115063 -0.113 0.797237 -0.133873 -0.131754 0.798695 -0.115063 -0.118996 0.710218 -0.133873 -0.137772 0.711347 -0.115063 -0.123467 0.623107 -0.133873 -0.14226 0.623907 -0.115063 -0.126412 0.535931 -0.133873 -0.145216 0.536401 -0.115063 -0.146639 0.448858 -0.115063 -0.126082 0.274281 -0.133873 -0.144885 0.273763 -0.115063 -0.146529 0.361303 -0.115063 -0.122917 0.187113 -0.133873 -0.141708 0.186266 -0.115063 -0.118227 0.100013 -0.133873 -0.113295 0.9728 -0.120347 -0.110336 0.972465 -0.125087 -0.106402 0.97202 -0.129046 -0.101692 0.971488 -0.132024 -0.0964415 0.970894 -0.133873 -0.127719 0.361491 -0.133873 -0.127829 0.448717 -0.133873 -0.137 0.0988374 -0.115063 -0.135155 0.098953 -0.120347 -0.128232 0.0993867 -0.129046 -0.132182 0.0991392 -0.125087 -0.123501 0.099683 -0.132024 -0.122366 0.885748 -0.120347 -0.119401 0.885466 -0.125087 -0.11546 0.88509 -0.129046 -0.110741 0.88464 -0.132024 -0.12991 0.798551 -0.120347 -0.126941 0.79832 -0.125087 -0.122994 0.798014 -0.129046 -0.118268 0.797647 -0.132024 -0.135926 0.711236 -0.120347 -0.132953 0.711057 -0.125087 -0.129002 0.710819 -0.129046 -0.12427 0.710535 -0.132024 -0.140413 0.623828 -0.120347 -0.137437 0.623701 -0.125087 -0.133482 0.623533 -0.129046 -0.128746 0.623331 -0.132024 -0.143367 0.536355 -0.120347 -0.14039 0.536281 -0.125087 -0.136433 0.536182 -0.129046 -0.131694 0.536063 -0.132024 -0.14479 0.448844 -0.120347 -0.141812 0.448822 -0.125087 -0.137853 0.448792 -0.129046 -0.133113 0.448756 -0.132024 -0.14468 0.361321 -0.120347 -0.141701 0.361351 -0.125087 -0.137743 0.361391 -0.129046 -0.133003 0.361438 -0.132024 -0.143037 0.273814 -0.120347 -0.140059 0.273896 -0.125087 -0.136102 0.274005 -0.129046 -0.131364 0.274136 -0.132024 -0.139861 0.186349 -0.120347 -0.136886 0.186483 -0.125087 -0.132932 0.186661 -0.129046 -0.128196 0.186875 -0.132024 -0.146039 0.532514 0.026634 -0.146113 0.529413 0.0272508 -0.146104 0.529795 0.0271038 -0.146174 0.526786 0.0290054 -0.146198 0.525729 0.0303134 -0.146216 0.524964 0.0318105 -0.14616 0.527379 0.0284686</float_array>
                    <technique_common>
                        <accessor count="2362" source="#shape0-lib-positions-array" stride="3">
                            <param name="X" type="float"/>
                            <param name="Y" type="float"/>
                            <param name="Z" type="float"/>
                        </accessor>
                    </technique_common>
                </source>
                <source id="shape0-lib-normals" name="normal">
                    <float_array id="shape0-lib-normals-array" count="14196">-0.999363 0.0356884 0.000218572 -0.99937 0.0355028 5.18394e-05 -0.999378 0.0352629 -5.34848e-05 -0.999718 0.020335 -0.0122593 -0.999596 0.0277384 0.00613748 -0.999704 0.0243321 3.60522e-07 -0.998712 -0.0507286 -0.00104807 -0.998885 -0.0471579 0.00209615 -0.999342 -0.0362417 -0.00168274 -0.999538 -0.0302895 0.00252535 -0.999762 -0.021749 -0.00190701 -0.999907 -0.0134104 0.00254373 -0.99748 0.0709414 0.0012981 -0.997323 0.0731104 -0.00097442 -0.99614 0.087772 0.00101537 -0.998821 0.00650395 -0.0481128 -0.999723 0.0235455 -0.000168965 -0.999761 0.0218576 8.78584e-06 -0.999203 0.0292731 0.027153 -0.999362 0.0357159 1.288e-05 -0.998532 0.0540929 -0.002772 -0.998378 0.0568839 0.00221862 -0.997478 0.0709413 -0.00231775 -0.997322 0.0731103 0.00173983 -0.996139 0.0877719 -0.00181296 -0.998881 -0.0471577 -0.00374267 -0.999339 -0.0362416 0.00300453 -0.999531 -0.0302893 -0.00450898 -0.999758 -0.0217489 0.00340497 -0.9999 -0.0134103 -0.00454181 -0.99986 0.0166571 -0.00144867 -0.999217 0.0293014 -0.0266005 -0.999496 0.0314748 0.00416989 -0.999421 0.0340112 0.000161563 -0.999405 0.0344837 -0.000763642 -0.99942 0.0340503 -4.00798e-05 -0.999507 0.0314067 0.000121585 -0.999506 0.0314293 -0.00037479 -0.999173 0.0406427 0.00143944 -0.9992 0.0398754 0.00295768 -0.999144 0.0400245 0.0104219 -0.999844 0.017641 5.02388e-05 -0.999847 0.0175138 3.58642e-05 -0.999854 0.0170737 4.77683e-05 -0.999861 0.0166524 0.00012844 -0.999887 0.015045 0.00072001 -0.999873 0.0159138 -0.000432992 -0.99937 0.0354971 5.05603e-05 -0.999371 0.035475 4.89076e-05 -0.999375 0.0353613 4.72712e-05 -0.999368 0.0355484 4.64391e-05 -0.999382 0.0351579 0 -0.999421 0.0340212 1.62754e-05 -0.999367 0.035565 4.29721e-05 -0.999261 0.0384333 -5.79861e-06 -0.999207 0.0398135 -6.49756e-05 -0.999192 0.0401867 0.000478835 -0.999259 0.0384863 -9.9985e-06 -0.999275 0.0380843 -5.37739e-05 -0.999293 0.0375897 -1.8987e-05 -0.999297 0.0375034 -1.57058e-06 -0.999789 0.0205255 -4.00949e-05 -0.999796 0.0201897 0.000253649 -0.999799 0.0200243 0.000525617 -0.999858 0.016849 -0.000303137 -0.999905 0.0135878 0.00211888 -0.999913 0.0118355 0.0057738 -0.999894 0.00848774 0.0118159 -0.99988 0.0154989 0 -0.999847 0.0165273 0.00581721 -0.999778 0.0210496 -0.00124132 -0.999552 0.0287685 -0.00827384 -0.999475 0.0322807 0.00266932 -0.999387 0.0350018 -5.50214e-05 -0.999395 0.0347728 0.000180894 -0.999405 0.0344928 0.000596515 -0.999409 0.0343685 0.000878529 -0.999409 0.0343546 0.000912134 -0.999407 0.034433 0.000655789 -0.999409 0.0343686 0.000980424 -0.999754 0.0221967 -8.5757e-06 -0.999771 0.0214046 -5.26451e-06 -0.999763 0.0217733 -6.94199e-06 -0.999768 0.0215455 6.85296e-06 -0.999767 0.0216056 -8.40371e-06 -0.999773 0.0212917 8.31743e-05 -0.999779 0.0210219 0.000216384 -0.999781 0.0209187 0.00029566 -0.999784 0.0207776 0.0004119 -0.999806 0.0196197 0.00199356 -0.999716 0.0238175 0.00035137 -0.999735 0.023011 -0.000187674 -0.999736 0.0229923 -0.000199567 -0.999724 0.023474 0 -0.999719 0.0237186 6.08736e-05 -0.999723 0.0235281 1.75442e-05 -0.999718 0.0237267 -6.97733e-06 -0.99934 0.0363127 -6.8648e-05 -0.999333 0.0365098 -1.4949e-05 -0.999335 0.0364725 -1.32588e-05 -0.999352 0.0360026 2.08728e-05 -0.999355 0.0359076 3.60482e-05 -0.999349 0.0360713 2.35999e-06 -0.999972 -0.00724981 -0.00171798 -0.999992 0.00347108 0.00214941 -0.999965 0.00813107 -0.00188001 -0.999961 0.00813104 0.00335675 -0.999987 0.00347107 -0.00383776 -0.999969 -0.00724979 0.00306745 -0.99991 0.0134537 -0.000199877 -0.999887 0.0150191 -4.31798e-05 -0.999875 0.0157803 5.66546e-06 -0.999863 0.0165678 1.40036e-05 -0.999852 0.0171927 -2.66592e-05 -0.999845 0.017607 -7.34624e-05 -0.999832 0.0183094 -0.000191613 -0.999815 0.0192261 -0.000468435 -0.999698 0.0243893 -0.00289832 -0.999808 0.019602 -2.82645e-05 -0.999825 0.01869 -8.30639e-05 -0.99981 0.0194869 -3.97562e-05 -0.999804 0.0197744 -3.07705e-05 -0.999802 0.019908 -2.75954e-05 -0.999796 0.0201777 -4.97838e-05 -0.999794 0.0202964 -6.20923e-05 -0.999788 0.0206085 -0.000124138 -0.999704 0.0242892 -0.0014768 -0.999669 0.0244139 0.0080831 -0.999421 0.034013 -0.000267663 -0.999407 0.0344381 -0.000109367 -0.999399 0.0346778 -5.20559e-05 -0.999385 0.0350731 5.35705e-07 -0.999373 0.0353945 -1.90707e-06 -0.999372 0.0354391 -5.1199e-06 -0.999816 0.019179 -1.25636e-05 -0.999816 0.0191984 -1.0896e-05 -0.999808 0.0196126 1.12006e-05 -0.9998 0.0199981 -6.93348e-05 -0.999795 0.0202706 -0.000178419 -0.999792 0.020378 -0.000243761 -0.999792 0.0204048 -0.000268762 -0.999792 0.0203798 -0.000237888 -0.999797 0.0201706 5.42971e-05 -0.999783 0.0208247 4.98327e-05 -0.999779 0.0210261 0.000209668 -0.999722 0.0235297 0.00176545 -0.999752 0.0222544 5.35414e-05 -0.999747 0.0225177 -5.86449e-05 -0.999744 0.0226432 -0.000133705 -0.999741 0.0227542 -0.000265192 -0.999739 0.0228644 -0.000410961 -0.999735 0.023028 -0.000732564 -0.999727 0.0232991 -0.00153793 -0.999725 0.0233834 -0.00180496 -0.999612 0.0253233 -0.0115948 -0.999479 0.0322611 -0.000233989 -0.998662 0.0347801 -0.0382729 -0.999335 0.0348926 -0.0105458 -0.999388 0.0349497 -0.00116091 -0.999382 0.0351424 -8.60989e-05 -0.999379 0.0352315 5.47242e-05 -0.999399 0.0346799 -0.000115327 -0.999303 0.0373339 0.000189033 -0.999381 0.0351922 2.74414e-05 -0.999371 0.0354548 4.60776e-05 -0.99936 0.0357777 4.66523e-05 -0.999315 0.0369985 -3.74058e-05 -0.999114 0.0412121 -0.00853533 -0.999151 0.0411354 0.00243736 -0.999296 0.0375204 0.000172946 -0.999311 0.0371199 3.60459e-05 -0.999324 0.0367518 -6.54798e-06 -0.999339 0.0363582 1.31941e-05 -0.999333 0.0365094 -9.42455e-06 -0.992572 0.121658 0.000381206 -0.99261 0.121349 0 -0.99261 0.121349 0 -0.992741 0.120271 -0.000568135 -0.992572 0.121658 0 -0.999626 0.0261797 0.0079683 -0.999642 0.0265302 0.00347529 -0.999644 0.0266109 0.00174443 -0.999646 0.0266134 0.000295938 -0.999641 0.0267402 0.00189133 -0.997938 -0.0152092 -0.0623655 -0.999688 0.012251 -0.0217487 -0.999744 0.019507 -0.0114504 -0.999709 0.0231831 -0.00662766 -0.999665 0.0255989 -0.00383566 -0.999622 0.0274093 -0.0021064 -0.99958 0.0289513 -0.000987404 -0.99954 0.0303138 -0.000328971 -0.9995 0.0316304 -6.15023e-06 -0.999457 0.0329483 3.51003e-05 -0.999173 0.0406428 -0.00111558 -0.999259 0.037859 -0.00690675 -0.999231 0.0388752 -0.00512757 -0.999201 0.0397716 -0.003832 -0.999174 0.0405225 -0.00292159 -0.999146 0.0412535 -0.00218708 -0.99912 0.0419091 -0.00164016 -0.999095 0.0425055 -0.00122915 -0.999076 0.0429606 -0.000960375 -0.998535 0.0540931 0.00155251 -0.99838 0.056884 -0.00124258 -0.99969 0.0239274 0.00688112 -0.999687 0.0245867 0.004681 -0.999684 0.0249406 0.00321083 -0.999682 0.0250995 0.00235131 -0.999681 0.0251942 0.00167924 -0.999681 0.0252315 0.00128825 -0.99968 0.0253074 0.000404914 -0.999076 0.0429636 -0.000915059 -0.999071 0.0430935 -0.00054854 -0.999064 0.0432447 -0.000332545 -0.999059 0.0433657 -0.000220827 -0.999045 0.0436903 0 -0.999905 0.0137564 0.00086773 -0.999907 0.0136324 0.000472327 -0.999914 0.0131486 0 -0.999819 0.0190268 -1.23202e-06 -0.999818 0.0190697 3.50703e-10 -0.999823 0.0187941 -1.07181e-06 -0.999772 0.0213365 -3.4475e-05 -0.999807 0.019623 0 -0.999821 0.0189252 2.4295e-05 -0.999826 0.0186749 3.6268e-05 -0.999826 0.0186328 4.02991e-05 -0.999825 0.0186884 3.07485e-05 -0.999349 0.0360646 3.99579e-06 -0.999414 0.0342233 -0.000135532 -0.999253 0.038653 0.000113375 -0.999378 0.0352697 -3.05812e-05 -0.999353 0.0359809 -2.78156e-06 -0.999398 0.0346886 -2.70141e-05 -0.999006 0.0445665 0.000204558 -0.999356 0.0358773 3.87428e-05 -0.999058 0.0434031 0.000158218 -0.999068 0.0431703 0.000365331 -0.999074 0.0430323 0.000555192 -0.99917 0.0395026 0.00992857 -0.999022 0.0354098 0.0265 -0.999976 0.00671993 0.00151698 -0.99992 0.0126331 7.28457e-05 -0.999916 0.0129811 -2.64296e-05 -0.999913 0.0131832 -0.000103043 -0.999911 0.0133493 -0.000200213 -0.999909 0.0135043 -0.000371571 -0.999089 0.0411884 -0.0111863 -0.99889 0.0410198 -0.0231578 -0.993665 0.0385428 -0.105565 -0.999085 0.0427623 0 -0.999134 0.0415815 0.00129376 -0.999147 0.0412566 0.00177571 -0.999244 0.0378483 0.00888079 -0.999254 0.037096 0.0107153 -0.999145 0.0413472 0.000284587 -0.999175 0.0403276 0.00475147 -0.999171 0.0401122 0.00692728 -0.999292 0.0376168 -0.000221911 -0.999375 0.0353397 -0.000148559 -0.9994 0.0346233 -5.40008e-05 -0.999342 0.0362776 0.000155908 -0.999824 0.0187674 2.64857e-05 -0.999828 0.0185318 0.000100917 -0.999832 0.0183059 0.00022575 -0.999595 0.0284534 0 -0.999726 0.0219005 0.00832133 -0.997812 -0.0195117 0.0631679 -0.999669 0.0255809 0.00269049 -0.999649 0.0104943 0.0243421 -0.999696 0.0243893 0.00374076 -0.999723 0.0235568 -8.71304e-05 -0.999731 0.0232145 9.46424e-05 -0.999733 0.0231133 0.000182749 -0.999434 0.033627 -8.53085e-05 -0.99939 0.0349201 -1.49153e-06 -0.999398 0.0347025 -5.06882e-06 -0.997871 -0.0652043 0.00145951 -0.997949 -0.0640158 0 -0.997949 -0.0640158 0 -0.997949 -0.0640158 0 -0.997949 -0.0640158 0 -0.999485 0.0320627 -0.00137095 -0.999473 0.0319387 0.00581792 -0.999412 0.0320592 0.0121392 -0.999413 0.0342462 0.00114153 -0.997949 -0.0640158 0 -0.997869 -0.0652042 -0.00260596 -0.998711 -0.0507285 0.00187134 -0.999783 0.0208199 4.24232e-05 -0.99978 0.0209603 3.58984e-06 -0.999804 0.0197997 -0.000360145 -0.999777 0.0211185 0.000200918 -0.999773 0.0211953 0.0021801 -0.999549 0.0242828 0.0176912 -0.997565 0.0274941 -0.064094 -0.994517 0.104575 -0.000394045 -0.994419 0.105502 0.000789658 -0.996003 0.0893182 -0.000676814 -0.998887 -0.047158 0 -0.998887 -0.047158 0 -0.999541 -0.0302896 0 -0.999541 -0.0302896 0 -0.99991 -0.0134104 0 -0.99991 -0.0134104 0 -0.999994 0.00347109 0 -0.999994 0.00347109 0 -0.999839 0.0179459 3.74842e-05 -0.999837 0.0180423 4.37521e-05 -0.999834 0.0182479 3.45388e-05 -0.999831 0.0183641 4.00274e-05 -0.999812 0.0193762 2.65085e-09 -0.999815 0.0192507 -4.6553e-06 -0.999809 0.0195379 -1.56562e-06 -0.999829 0.0184789 0 -0.999834 0.0182344 -6.61748e-06 -0.999362 0.0357273 3.47828e-06 -0.999365 0.0356302 -9.83323e-06 -0.999356 0.035874 2.01152e-06 -0.999341 0.0363092 -5.54158e-07 -0.999399 0.0346655 7.84532e-05 -0.999341 0.0363117 -6.07593e-05 -0.999293 0.0375935 -9.39125e-05 -0.999306 0.0372455 -6.53492e-06 -0.999305 0.0372712 -4.68147e-06 -0.999316 0.0369898 1.14186e-05 -0.99932 0.0368622 -1.28661e-07 -0.99933 0.0366002 2.83165e-06 -0.999331 0.0365832 1.6777e-06 -0.999331 0.0365737 1.74681e-06 -0.999333 0.0365153 7.12232e-07 -0.999229 0.0392546 -5.58022e-05 -0.999778 0.0210559 -9.19273e-06 -0.999773 0.0212994 4.48147e-06 -0.999779 0.0210239 3.44477e-06 -0.999768 0.0215617 -9.7796e-06 -0.999767 0.0215941 -5.61666e-06 -0.999772 0.0213772 3.22752e-07 -0.999757 0.0220594 -2.41135e-06 -0.999753 0.0222163 4.91446e-06 -0.999748 0.0224631 -6.4244e-06 -0.999753 0.0222216 -4.43359e-05 -0.999746 0.0225393 -6.28024e-06 -0.999605 0.0280933 -0.000572928 -0.999596 0.0284235 0.000672416 -0.999433 0.0336841 3.24981e-05 -0.999417 0.0341301 5.4323e-05 -0.99942 0.0340597 3.84331e-05 -0.999403 0.0345357 4.43421e-05 -0.999402 0.0345861 5.39183e-05 -0.99939 0.0349345 3.8819e-05 -0.999388 0.0349938 4.45521e-05 -0.999381 0.0351885 4.07544e-05 -0.999377 0.0352982 5.34684e-05 -0.999349 0.0360682 1.19416e-06 -0.999353 0.0359633 -4.72632e-06 -0.999348 0.0361044 -7.67324e-06 -0.999344 0.0362036 -1.32221e-07 -0.998536 0.0540931 0 -0.998536 0.0540931 0 -0.997481 0.0709414 0 -0.997481 0.0709414 0 -0.996141 0.087772 0 -0.996141 0.087772 0 -0.994517 0.104575 0 -0.994517 0.104575 0 -0.999709 0.0241311 -2.53611e-06 -0.999736 0.0229782 -0.000224508 -0.999714 0.0239275 -4.64491e-05 -0.999698 0.0245852 -7.26694e-06 -0.999701 0.0244497 -2.45483e-05 -0.999564 0.0295072 -0.000524324 -0.999568 0.029371 -0.00117079 -0.999422 0.0339853 4.63463e-05 -0.999391 0.034897 0.000100271 -0.999409 0.0343658 -2.7088e-06 -0.999398 0.0347076 2.01832e-07 -0.9994 0.0346411 -1.05121e-05 -0.998887 -0.047158 0 -0.998887 -0.047158 0 -0.999541 -0.0302896 0 -0.999541 -0.0302896 0 -0.99991 -0.0134104 0 -0.99991 -0.0134104 0 -0.999994 0.00347109 0 -0.999994 0.00347109 0 -0.999756 0.0220739 -3.53273e-05 -0.999757 0.0220308 -4.51317e-05 -0.99976 0.0219032 -6.03356e-05 -0.999739 0.022851 0.000267904 -0.999316 0.036968 -9.43289e-05 -0.999315 0.0370187 -0.000108285 -0.998536 0.0540931 0 -0.998536 0.0540931 0 -0.997481 0.0709414 0 -0.997481 0.0709414 0 -0.996141 0.087772 0 -0.996141 0.087772 0 -0.994517 0.104575 0 -0.994517 0.104575 0 -0.994419 0.105502 0.000628561 -0.994516 0.104575 -0.00125992 -0.996002 0.0893182 0.00120845 0 -1 0 0 -1 0 4.01295e-05 0.93246 0.361272 0.0292211 0.934589 0.354528 -0.203394 0.964578 0.167991 0 0.986254 0.165238 0.0001167 0.776828 0.629713 -0.603386 0.603556 0.521196 0.715107 0.614523 0.333141 5.60126e-05 0.86355 0.504262 0 0.0963802 0.995345 -0.226657 0.0855221 0.970213 0.345658 0.295154 0.890733 0.000148928 0.595149 0.803615 0.430629 0.54429 0.719936 -0.435984 0.326967 0.838457 0 -0.99264 0.1211 0.684985 -0.711768 0.155507 -0.461947 -0.813151 0.354107 0.65108 -0.601578 0.462816 -0.00461844 -0.819059 0.57369 0.00812775 -0.529463 0.848294 -0.543743 -0.456278 0.704382 0.497771 -0.162725 0.851907 0 -0.20294 0.979191 0 -1 0 0 -1 0 -0.000567009 -0.861888 0.507098 0.583997 -0.687534 0.43156 -0.683079 -0.717959 0.133934 0 -0.97576 0.218844 0 -0.322259 0.946652 0.274282 -0.303617 0.912462 -0.30377 -0.593699 0.745148 -0.000453009 -0.617012 0.786954 0 0.632041 0.774935 0 0.632041 0.774935 0 0.195023 -0.980799 -0.00220593 0.195191 -0.980763 0 0.999429 -0.0337923 0.55547 0.814663 -0.166663 -0.633625 0.746634 -0.202624 0.691252 0.584009 -0.425564 0.358479 0.774423 -0.521308 -0.379469 0.536821 -0.753543 -0.00279534 0.55615 -0.831077 0 0.980776 -0.195135 0.00241839 0.980751 -0.195249 0 0.0363385 -0.99934 -0.573089 0.180613 -0.799342 0.649678 0.187122 -0.73682 -0.680183 0.437706 -0.588017 -0.339743 0.52901 -0.77764 0.369209 0.759827 -0.535115 0.00223775 0.831288 -0.555837 0 -0.87769 -0.479228 -0.783802 -0.526474 -0.329363 0.515076 -0.820903 -0.246607 0 -0.996425 -0.0844827 -0.764798 -0.634887 -0.109553 0 -0.393571 -0.919294 -0.972932 -0.0382974 -0.227894 0.656857 -0.343702 -0.671125 -0.700819 -0.489938 -0.518472 0 -0.672506 -0.740092 0 -0.41941 0.907797 0 -0.41941 0.907797 -9.17872e-05 0.87015 0.492787 0.296156 0.836933 0.460256 -0.337278 0.710117 0.618044 0 0.76126 0.648446 0 0.996993 0.0774882 -0.237284 0.967171 0.0909725 0.334987 0.903919 0.265923 -5.51291e-05 0.955195 0.295977 -0.789292 -0.614017 0 -0.789292 -0.614017 0 -0.789292 -0.614018 3.07954e-06 -0.78929 -0.614021 1.18425e-05 -0.789292 -0.614018 1.3568e-06 -0.789292 -0.614019 3.01998e-06 -0.789296 -0.614013 -3.24728e-05 -0.789293 -0.614017 -2.72104e-06 -0.789293 -0.614016 -8.06884e-06 -0.789291 -0.614019 2.90089e-05 -0.789293 -0.614016 -3.04114e-05 -0.78929 -0.61402 0.000111347 -0.789293 -0.614017 -0.000150735 0 -1 0 0 -1 0 -0.96206 0.272837 -0.000113167 -0.911557 0.410705 0.0196006 -0.840385 0.540661 -0.0379266 -0.820452 0.56881 0.0575645 -0.695396 0.500219 0.515952 -0.996076 0.0884986 -0.000728127 -0.998724 0.050422 0.00290407 -0.9998 0.0176146 0.00945746 -0.99885 0.0479526 0 -0.971374 0.237544 0.00215109 -0.969433 0.245333 0.00345191 -0.979556 0.201173 -0.000654681 -0.986017 0.166642 0.000666026 -0.990833 0.135031 0.00399439 -0.989662 0.143406 0.00192719 -0.908177 0.41839 0.0128335 -0.921429 0.388546 -0.000238555 -0.928024 0.37252 2.05693e-05 -0.930909 0.365252 0.000199073 -0.937104 0.349041 0.00246921 -0.965382 -0.237789 0.107211 -0.944154 0.329505 0.000386706 -0.939254 0.343222 0 -0.940516 0.339748 1.56075e-05 -0.943554 0.331219 0.000180326 -0.94679 0.321852 0.000743538 -0.95218 0.30553 0.00223464 -0.991479 0.124037 0.0398158 -0.862988 0.502921 0.0481923 -0.8737 0.486407 0.00755141 -0.88899 0.457912 -0.00363428 -0.986016 0.119694 0.115957 -0.990631 0.0888364 0.103728 -0.11108 0.00989365 0.993762 -0.992313 0.0727431 0.100113 -0.110719 0.00806128 0.993819 -0.112554 0.00991719 0.993596 -0.993689 0.0566168 0.096831 -0.11038 0.00624645 0.99387 -0.113202 0.00805108 0.993539 -0.994761 0.0404633 0.093878 -0.110069 0.00444695 0.993914 -0.113771 0.00616318 0.993488 -0.995527 0.0242875 0.0913031 -0.109783 0.00266023 0.993952 -0.114258 0.00425657 0.993442 -0.114659 0.00233404 0.993402 -0.995821 -0.0216633 0.0887156 -0.109061 -0.00265264 0.994032 -0.115182 -0.00154491 0.993343 -0.995156 -0.0360899 0.0914437 -0.10887 -0.00441514 0.994046 -0.115315 -0.00349436 0.993323 -0.329799 -0.0178802 0.943882 -0.393989 -0.0270314 0.918718 -0.845159 -0.0514828 0.532029 -0.885936 -0.0575482 0.460223 -0.99534 -0.0650389 0.0711982 -0.328006 0.0387507 0.94388 -0.476848 0.0592291 0.876988 -0.528315 0.0627765 0.846724 -0.654895 0.0818747 0.751272 -0.943616 0.116306 0.309938 -0.987914 0.121087 0.0967663 -0.111471 0.0117459 0.993698 -0.995823 -0.00721973 0.0910212 -0.990433 0.00343816 0.137955 -0.995995 0.00809879 0.0890426 -0.10952 0.000884478 0.993984 -0.114973 0.000399136 0.993369 -0.109265 -0.000885864 0.994012 -0.989426 -0.0467126 0.13731 -0.993785 -0.0504783 0.0992146 -0.990337 -0.0620378 0.124032 -0.976523 -0.0631275 0.205956 -0.945922 -0.059301 0.318927 -0.927517 -0.055445 0.369645 -0.94207 -0.0585382 0.330269 -0.073008 -0.00414719 0.997323 -0.120985 -0.004833 0.992643 -0.212846 -0.0141216 0.976984 -0.988637 0.104888 0.107683 -0.987268 0.103813 0.120522 -0.938714 0.0987075 0.330262 -0.938712 0.098707 0.330267 -0.842084 0.0885465 0.532028 -0.842089 0.0885475 0.53202 -0.703248 0.0739481 0.707088 -0.703247 0.073948 0.707089 -0.529123 0.0556384 0.846719 -0.529121 0.055638 0.84672 -0.328484 0.0345407 0.943878 -0.328488 0.0345413 0.943876 -0.111823 0.0117584 0.993659 -0.111031 0.013516 0.993725 -0.0794663 0.00739032 0.99681 -0.275009 0.0353562 0.960791 -0.569212 -0.0314743 0.821588 -0.531016 -0.0328167 0.846726 -0.677666 -0.0424672 0.734143 -0.705852 -0.0422791 0.707096 -0.787855 -0.0510192 0.613743 -0.702073 0.0843353 0.707093 -0.756934 0.092407 0.646925 -0.840451 0.102899 0.532027 -0.842116 0.103327 0.529305 -0.936963 0.114129 0.330264 -0.32902 0.0289902 0.943878 -0.329024 0.0289909 0.943876 -0.529988 0.0466982 0.846718 -0.529985 0.0466977 0.84672 -0.704392 0.062065 0.707092 -0.704395 0.0620656 0.707089 -0.843465 0.0743193 0.532018 -0.843464 0.0743189 0.53202 -0.940246 0.0828466 0.330262 -0.940245 0.0828461 0.330267 -0.988417 0.0870907 0.124283 -0.329464 0.023432 0.943877 -0.329462 0.0234317 0.943878 -0.530699 0.0377439 0.84672 -0.530701 0.0377442 0.846719 -0.705342 0.0501649 0.70709 -0.705339 0.0501645 0.707092 -0.844597 0.0600687 0.532022 -0.8446 0.0600692 0.532018 -0.941512 0.0669617 0.33026 -0.941511 0.0669615 0.330263 -0.989315 0.0703613 0.127694 -0.329808 0.0178663 0.943879 -0.329812 0.0178668 0.943877 -0.531262 0.0287799 0.846718 -0.531261 0.0287797 0.84672 -0.706091 0.0382507 0.707087 -0.706088 0.0382503 0.70709 -0.845492 0.0458021 0.53202 -0.845491 0.0458019 0.532022 -0.942502 0.0510572 0.330277 -0.942508 0.0510587 0.33026 -0.989963 0.0536295 0.130755 -0.330069 0.0122965 0.943877 -0.330063 0.0122958 0.943879 -0.531671 0.0198063 0.846719 -0.531673 0.0198064 0.846718 -0.706634 0.0263242 0.707089 -0.706636 0.0263245 0.707087 -0.846144 0.0315216 0.532022 -0.846145 0.0315218 0.53202 -0.943233 0.0351386 0.330268 -0.94323 0.0351379 0.330277 -0.990361 0.0368936 0.133505 -0.330225 0.00672221 0.943878 -0.33023 0.00672261 0.943877 -0.531932 0.0108287 0.846718 -0.53193 0.0108286 0.846719 -0.706975 0.014392 0.707093 -0.706978 0.0143924 0.707089 -0.846556 0.0172339 0.532021 -0.846555 0.0172338 0.532022 -0.943694 0.0192113 0.330262 -0.943692 0.0192108 0.330268 -0.990518 0.020164 0.135896 -0.330291 0.00114662 0.943878 -0.330292 0.00114664 0.943878 -0.532038 0.00184702 0.846718 -0.532039 0.00184705 0.846718 -0.707119 0.00245487 0.707091 -0.707117 0.00245467 0.707093 -0.846725 0.0029393 0.532023 -0.846726 0.00293949 0.532021 -0.943885 0.00327679 0.330259 -0.943884 0.00327658 0.330262 -0.330259 -0.00442968 0.94388 -0.330264 -0.00442943 0.943878 -0.531995 -0.007135 0.846718 -0.531994 -0.00713508 0.846718 -0.70706 -0.00948307 0.707089 -0.70706 -0.00948315 0.70709 -0.846656 -0.0113554 0.53202 -0.846654 -0.0113557 0.532023 -0.943804 -0.0126587 0.330264 -0.943806 -0.0126583 0.330259 -0.989677 -0.0132736 0.142697 -0.330143 -0.0100042 0.943878 -0.330137 -0.0100045 0.94388 -0.531797 -0.0161155 0.846719 -0.531798 -0.0161154 0.846718 -0.706797 -0.0214186 0.707092 -0.7068 -0.0214184 0.707089 -0.846341 -0.025647 0.532024 -0.846343 -0.0256467 0.53202 -0.943454 -0.0285894 0.330269 -0.943456 -0.0285891 0.330264 -0.989345 -0.0299796 0.142473 -0.942837 -0.0445131 0.330269 -0.942838 -0.0445128 0.330264 -0.845787 -0.0399309 0.532024 -0.845789 -0.0399307 0.532021 -0.706335 -0.0333469 0.707092 -0.70634 -0.0333466 0.707087 -0.531449 -0.02509 0.846719 -0.531444 -0.0250901 0.846722 -0.329927 -0.0155763 0.943878 -0.329926 -0.0155763 0.943878 -0.115365 -0.00544653 0.993308 0 0 1 0 0 1 0 1 0 0 1 0 0 0 1 0 0 1 0 0 1 0 0 1 0 0 1 0 0 1 0 1 0 0 1 0 0 0 1 0 0 1 0 0 -1 0 0 -1 0 0 -1 0 0 -1 0 1 0 0 1 0 0 0 -1 0 0 -1 0 0 1 0 0 1 0 0 -1 0 0 -1 0 1 0 0 1 0 0 0 -1 0 0 -1 0 0 1 0 0 1 0 0 1 0 0 1 0 1 0 0 1 0 0 0 1 0 0 1 0 0 -1 0 0 -1 0 0 1 0 0 1 0 1 0 0 1 0 0 0 -1 0 0 -1 0.945867 -0.324555 0 0.818035 -0.57513 0.00671708 0.521224 -0.853046 -0.025265 0.462063 -0.886457 0.0263092 0.38309 -0.92336 -0.0254504 0.316926 -0.94808 0.0264967 0.235881 -0.971445 -0.0255776 0.163951 -0.986108 0.0266805 0.0829001 -0.996227 -0.0256775 0.00687591 -0.99962 0.0266979 -0.0719288 -0.997078 -0.0257055 -0.150326 -0.988275 0.0267268 -0.22524 -0.973963 -0.0257647 -0.303922 -0.952327 0.0265464 -0.37288 -0.927526 -0.0256188 -0.449823 -0.892724 0.0265177 -0.511777 -0.858741 -0.0254526 -0.584614 -0.810885 0.0262971 -0.638314 -0.769362 -0.0252313 -0.947498 -0.319748 0.00292621 -0.785289 -0.619106 0.00537646 -0.749506 -0.661527 -0.024948 -0.704827 -0.708902 0.0260196 0.595712 -0.802778 0.0259762 0.646656 -0.762375 -0.0249127 0.664255 -0.747405 -0.0122982 0.920318 -0.391166 -0.0019637 0.975217 -0.212902 -0.0602107 0.933546 -0.358078 -0.0164766 0.902539 -0.430607 -0.000216246 0.869193 -0.494474 0.00025303 0.84876 -0.528573 -0.0147137 -0.966925 -0.254908 -0.00881746 -0.969576 -0.24473 -0.00535099 -0.978411 -0.206666 -0.000584023 -0.982723 -0.185083 0 0.756905 -0.653421 -0.0116721 0.774128 -0.632091 -0.0344545 0.708906 -0.705213 0.0112545 -0.842925 -0.537915 -0.0111737 -0.838138 -0.545072 -0.0205198 -0.869593 -0.493768 -0.000713782 -0.915953 -0.40128 0.00219831 -0.907616 -0.419437 -0.0174959 -0.930619 -0.365977 -0.00303725 0 0 -1 0 0 -1 0 0 -1 0 0 -1 0 0 -1 0 0 -1 0 0 -1 0 0 -1 0 0 -1 0 0 -1 0 0 -1 0 0 -1 0 0 -1 0 0 -1 0 0 -1 0 0 -1 0 0 -1 0 0 -1 0 0 -1 0 0 -1 0 0 -1 0 0 -1 0 0 -1 0 0 -1 0 0 -1 0 0 -1 0 0 -1 0 0 -1 0 0 -1 0 0 -1 0 0 -1 0 0 -1 0 0 -1 0 0 -1 0 0 -1 0 0 -1 0 0 -1 0 0 -1 0 0 -1 0 0 -1 0 0 -1 0 0 -1 0 0 -1 0 0 -1 0 0 -1 0 0 -1 0 0 -1 0 0 -1 0 0 -1 0 0 -1 0 0 -1 0 0 -1 0 0 -1 0 0 -1 0 0 -1 0 0 -1 0 0 -1 0 0 -1 0 0 -1 0 0 -1 0 0 1 0 0 1 0 0 1 0 0 1 0 0 1 0 0 1 0 0 1 0 0 1 0 0 1 0 0 1 0 0 1 0 0 1 0 0 1 0 0 1 0 0 1 0 0 1 0 0 1 0 0 1 0 0 1 0.951058 0.309013 0 0.951058 0.309013 0 0 0 -1 0 0 -1 0 0 -1 0 0 -1 0 0 -1 0 0 -1 0 0 -1 0 0 -1 0 0 -1 0 0 -1 0 0 -1 0 0 -1 0 0 -1 0 0 -1 0 0 -1 0 0 -1 0 0 -1 0 0 -1 0 0 -1 -0.884111 0.456971 0.0975996 -0.884162 0.457028 0.0968681 -0.858433 0.443679 0.257376 -0.84513 0.435185 0.310433 -0.800288 0.415299 0.432511 -0.729061 0.373469 0.573577 -0.753591 0.38905 0.52985 -0.673403 0.348219 0.652129 -0.676884 0.350137 0.647481 -0.602124 0.31062 0.735501 -0.586525 0.301491 0.751726 -0.514374 0.266229 0.815194 -0.429507 0.221245 0.875543 -0.426794 0.219691 0.877259 -0.327444 0.169798 0.929488 -0.0704014 0.0363882 0.996855 -0.088712 0.0468833 0.994953 -0.246611 0.126172 0.960866 -0.227876 0.115162 0.966856 0.175864 0.330752 -0.927187 0.175867 0.330758 -0.927184 0.175867 0.330758 -0.927184 0.175867 0.330758 -0.927184 -0.323386 0.111351 -0.939693 -0.323386 0.111351 -0.939693 0.325569 0.945518 0 0.325569 0.945518 -7.57732e-08 0.974225 0.0510016 -0.21974 0.992742 -0.0222908 -0.11818 0.993798 -0.0375776 -0.104659 0.112202 -0.00247478 -0.993682 0.111348 -0.00486877 -0.99377 0.110749 -0.00234839 -0.993846 0.990768 0.0206769 -0.13398 0.114462 0.00225612 -0.993425 0.108769 0.00113089 -0.994066 0.989944 0.0344414 -0.137204 0.11445 0.00376067 -0.993422 0.108315 0.00283804 -0.994113 0.104769 0.00781157 -0.994466 0.11354 0.00522487 -0.99352 0.10863 0.0045646 -0.994072 0.0732941 0.00433853 -0.997301 0.221592 0.0117631 -0.975069 0.329677 0.0203009 -0.943876 0.616601 0.0333831 -0.786567 0.0972785 -0.00357711 -0.995251 0.241253 -0.00858185 -0.970424 0.330024 -0.0135818 -0.943875 0.611026 -0.0218402 -0.791309 0.999276 -0.0374073 -0.00691571 0.991878 0.00689903 -0.127006 0.995526 -0.00537823 -0.0943342 0.992297 -0.00742587 -0.123658 0.11309 -0.00083134 -0.993585 0.110012 -0.00059432 -0.99393 0.113577 0.000746141 -0.993529 0.989441 0.0482122 -0.136682 0.996862 0.06311 -0.0477805 0.989031 0.0542638 -0.137376 0.531127 0.0311877 -0.846718 0.522745 0.0300414 -0.85196 0.382489 0.0204318 -0.923734 0.709813 0.0401253 -0.703247 0.706022 0.0393635 -0.707096 0.804963 0.0428389 -0.591777 0.845322 0.0487912 -0.532025 0.865627 0.0469969 -0.49848 0.904895 0.0480072 -0.42292 0.942428 0.0524335 -0.330273 0.942296 0.0524726 -0.330645 0.510855 -0.0210042 -0.859411 0.531648 -0.0205536 -0.846716 0.380002 -0.0131506 -0.924892 0.706599 -0.0273616 -0.707085 0.719703 -0.0270151 -0.693756 0.846174 -0.0306058 -0.532028 0.812975 -0.0332377 -0.581349 0.909849 -0.0317633 -0.413722 0.943185 -0.0364241 -0.330265 0.9602 -0.0358701 -0.277 0.990237 -0.0357657 -0.134724 0.330217 -0.00700215 -0.943879 0.330217 -0.00700213 -0.943879 0.531921 -0.0112792 -0.846719 0.53192 -0.0112792 -0.84672 0.706963 -0.0149909 -0.707091 0.706965 -0.0149909 -0.70709 0.846539 -0.0179505 -0.532024 0.846538 -0.0179506 -0.532025 0.943675 -0.0200103 -0.330269 0.943675 -0.0200103 -0.330269 0.994815 -0.0210948 -0.0994846 0.330287 -0.00178432 -0.943879 0.330286 -0.00178434 -0.943879 0.532031 -0.00287425 -0.84672 0.532032 -0.00287418 -0.846719 0.707112 -0.00382001 -0.707091 0.707112 -0.00382003 -0.707091 0.846717 -0.00457422 -0.532024 0.846717 -0.00457422 -0.532024 0.943874 -0.00509909 -0.330267 0.943873 -0.00509918 -0.330269 0.330274 0.00343392 -0.943879 0.330274 0.00343393 -0.943879 0.532012 0.00553145 -0.846719 0.53201 0.00553134 -0.84672 0.707084 0.00735159 -0.707092 0.707084 0.00735166 -0.707091 0.846684 0.0088031 -0.532023 0.846684 0.00880308 -0.532023 0.943836 0.00981318 -0.33027 0.943836 0.00981331 -0.330268 0.996296 0.0103588 -0.0853629 0.330178 0.00865128 -0.943879 0.330178 0.00865129 -0.943879 0.531857 0.0139356 -0.84672 0.531858 0.0139358 -0.846719 0.70688 0.0185217 -0.707091 0.706879 0.0185216 -0.707092 0.84644 0.0221784 -0.532023 0.846439 0.0221783 -0.532023 0.943563 0.0247231 -0.330268 0.943563 0.024723 -0.33027 0.996438 0.0261085 -0.0801856 0.329999 0.0138665 -0.943879 0.33 0.0138665 -0.943879 0.53157 0.0223365 -0.84672 0.53157 0.0223365 -0.84672 0.7065 0.029687 -0.70709 0.706499 0.0296869 -0.707091 0.845983 0.035548 -0.532024 0.845984 0.0355481 -0.532023 0.943055 0.0396271 -0.330269 0.943055 0.0396271 -0.330269 0.996011 0.0418523 -0.0788087 0.940719 0.325292 -0.0960849 0.943405 0.33158 -0.0065295 0.937041 0.322253 -0.134563 0.909539 0.315495 -0.270557 0.907976 0.314758 -0.2766 0.855065 0.293902 -0.427184 0.860871 0.297042 -0.413119 0.767039 0.265726 -0.583987 0.768962 0.266598 -0.581053 0.649033 0.223516 -0.727184 0.680467 0.238154 -0.692998 0.578623 0.199126 -0.790914 0.482545 0.169102 -0.859392 0.483032 0.169309 -0.859078 0.322854 0.108801 -0.940174 0.359787 0.125182 -0.924599 0.149756 0.0508766 -0.987413 0.227305 0.086724 -0.969954 0.0238225 0.00212865 -0.999714 0.0921224 0.0318549 -0.995238 0.573431 -0.818971 0.0215121 0.528374 -0.848685 -0.0235415 0.422493 -0.906081 0.0227059 0.368154 -0.929439 -0.0246007 0.258753 -0.965653 0.023681 0.196096 -0.980252 -0.0255285 0.0871799 -0.995893 0.0244194 0.0178252 -0.999496 -0.0262753 -0.0871785 -0.995877 0.0250924 -0.161138 -0.98657 -0.0267164 -0.258741 -0.965608 0.0255803 -0.334932 -0.941853 -0.0270999 -0.422462 -0.906015 0.0257577 -0.497829 -0.866844 -0.0273365 -0.573373 -0.818888 0.0258001 -0.644685 -0.76396 -0.0273174 -0.706888 -0.706856 0.0257746 0.767354 -0.641175 -0.00787511 0.706979 -0.706947 0.0201545 0.671579 -0.740596 -0.0223231 -0.770919 -0.636357 -0.0271034 -0.818873 -0.573412 0.0254205 -0.858102 -0.513341 -0.0118918 0.999519 -0.0310137 0 0.996157 -0.0871555 0.00872649 0.991424 -0.130636 -0.00357811 0.974392 -0.224838 0.00276434 0.965842 -0.258786 0.0133464 0.944368 -0.328761 -0.00928742 0.904464 -0.426278 0.0152398 0.90624 -0.422589 0.0121662 0.867039 -0.498235 -0.00240077 0.818964 -0.573475 0.020593 0.827162 -0.561887 0.00927485 -0.905872 -0.423127 0.0189591 -0.906136 -0.422541 0.0193958 -0.934692 -0.355426 -0.00473731 -0.962382 -0.271542 0.00921461 -0.965811 -0.258778 0.0155579 -0.979698 -0.200476 -0.00145524 -0.99361 -0.112837 0.00246602 -0.996129 -0.0871531 0.0114484 -0.999459 -0.0328777 0 0 0 1 0 0 1 0 0 1 0 0 1 0 0 1 0 0 1 0 0 1 0 0 1 0 0 1 0 0 1 0 0 1 0 0 1 0 0 1 0 0 1 0 0 1 0 0 1 0 0 1 0 0 1 0 0 1 0 0 1 0 0 1 0 0 1 0 0 1 0 0 1 0 0 1 0 0 1 0 0 1 0 0 1 0 0 1 0 0 1 0 0 1 0 0 1 0 0 1 0 0 1 0 0 1 0 0 1 0 0 1 0 0 1 0 0 1 0 0 1 0 0 1 0 0 1 0 0 1 0 0 1 0 0 1 0 0 1 0 0 1 0 0 1 0 0 1 0 0 1 0 0 1 0 0 1 0 0 1 0 0 1 0 0 1 0 0 1 0 0 1 0 0 1 0 0 1 0 0 1 0 0 1 0 0 1 0 0 1 0 0 1 0.898987 0.30941 0.30998 0.755789 0.262357 0.599959 0.940658 0.325272 0.0967489 0.946232 0.323422 0.00664804 0.934424 0.324549 0.146694 0.830751 0.283429 0.479083 0.802023 0.276668 0.529352 0.882752 0.305761 0.356734 0.680145 0.23425 0.694643 0.670039 0.231248 0.705388 0.571779 0.198295 0.796083 0.562322 0.195563 0.803461 0.463589 0.159588 0.87156 0.426481 0.148049 0.892298 0.295044 0.10079 0.950153 0.333184 0.111257 0.936275 0.219621 0.076621 0.972572 0.0764151 0.0252769 0.996756 0.0920926 0.0318448 0.995241 0.999534 -0.0305229 -6.76723e-05 0.999527 -0.0307492 0 0.996626 0.0820628 -0.00153669 0.996928 0.0783014 0.00162421 0.997741 0.0671568 -0.0015941 0.999558 -0.0297109 0.000528251 0.999535 -0.0304919 0.000157979 0.999528 -0.0307106 3.15095e-05 0.999591 -0.0285969 -0.00057096 0.995627 0.0934054 0.0015641 0.995288 0.0969501 -0.00147457 0.994441 0.105297 0.000678608 0.999972 -0.00748331 -1.81074e-05 0.999972 -0.00753099 2.71716e-05 0.999978 0.00670253 -2.43311e-05 0.999975 0.00707395 0.0003902 0.99997 0.00764756 0.00109205 0.999966 0.00810935 0.00172113 0.999976 0.00695536 -1.85604e-05 0.999391 0.03477 0.00299181 0.999187 0.0403188 0.000170144 0.99914 0.0414661 -2.76246e-05 0.999095 0.0425404 4.12667e-05 0.999045 0.0436874 0.000255636 0.998969 0.0453837 0.000723085 0.998578 0.0532241 0.00313273 0.998814 0.0486689 0.00169779 0.998775 0.0494807 0.000812831 0.998745 0.0500904 0.000240513 0.998731 0.0503657 0 0.999762 0.0208646 0.00639506 0.999545 0.0292817 -0.00728484 0.999173 0.0381345 0.014094 0.99866 0.0434346 0.0281283 0.992844 0.068434 0.0978696 0.999899 0.0142336 6.75862e-07 0.999889 0.0148675 5.05025e-05 0.999879 0.0155419 0.000194406 0.999866 0.016337 0.000494555 0.999855 0.0169952 0.000937323 0.999841 0.0177544 0.00156352 0.999818 0.0188592 0.00293222 0.999795 0.0197576 0.00439642 0.999763 0.0208409 0.006345 0.9993 -0.0374082 0 0.998808 -0.0432073 0.0226976 0.999084 -0.0403964 0.0141451 0.999203 -0.0387473 0.00959606 0.999287 -0.0372787 0.00603 0.999339 -0.0361468 0.00391056 0.999368 -0.0354278 0.00279698 0.9994 -0.0345964 0.00175006 0.999433 -0.0336723 0.000961585 0.999457 -0.0329394 0.000542884 0.999472 -0.032487 0.000361358 0.999483 -0.032155 0.000249872 0.999495 -0.0317894 0.000157619 0.99952 -0.0309788 1.10535e-06 0.999747 -0.0224768 -9.14495e-06 0.999748 -0.0224481 1.79844e-05 0.997227 0.0608115 -0.0429027 0.999003 0.0426974 -0.013014 0.999192 0.0393853 -0.00798985 0.999275 0.0376715 -0.0055086 0.999558 0.0292821 0.00513255 0.999736 0.0224086 -0.00508362 0.998633 0.0522681 -1.21688e-05 0.998623 0.052451 -0.000167955 0.99898 0.0451553 -4.36325e-06 0.998988 0.0449689 -7.49469e-07 0.998998 0.044747 4.83198e-07 0.999017 0.0443401 -6.147e-06 0.999045 0.0437028 -5.7508e-05 0.999079 0.0429059 -0.000208047 0.999118 0.0419814 -0.000534362 0.999297 0.0373424 -0.00320339 0.999772 0.0210726 -0.00340562 0.9998 0.0198815 -0.00214439 0.999819 0.0189678 -0.00136685 0.999838 0.0179989 -0.000707904 0.999857 0.0169033 -0.000250363 0.999872 0.016005 -6.18368e-05 0.999884 0.0152137 6.81708e-06 0.999972 0.00747027 -0.000142194 0.999953 0.00927227 -0.00300454 0.99996 0.00866892 -0.00214283 0.999968 0.00788505 -0.00119431 0.999975 0.00710971 -0.000376027 0.999977 0.00672433 0 0.999978 0.0066897 2.18839e-05 0.999972 -0.00753099 -2.44854e-05 0.999972 -0.00748331 1.63173e-05 0.999748 -0.0224481 -1.62064e-05 0.999747 -0.0224768 8.24089e-06 0.999524 -0.0308683 -8.75977e-07 0.999503 -0.0315248 -0.000121787 0.999492 -0.0318818 -0.000202337 0.999473 -0.0324681 -0.000398724 0.999449 -0.0331758 -0.000762436 0.99942 -0.0340274 -0.00142401 0.999383 -0.0350387 -0.00257848 0.99933 -0.0363103 -0.00461457 0.999264 -0.0376313 -0.00739952 0.999184 -0.0389712 -0.0105729 0.998913 -0.0423773 -0.0194439 0.9993 -0.0374082 0 0.993728 0.11182 0 0.993728 0.11182 0 0.993729 0.111813 3.75674e-06 0.993729 0.111816 0 0.993287 0.115639 -0.00293385 0.998001 0.0631809 0.00168082 0.998648 0.0519638 -0.0017315 0.998626 0.0524079 0 0.995289 0.0969502 -2.32587e-06 0.995288 0.0969609 6.80194e-06 0.996627 0.0820629 -5.39099e-06 0.996626 0.0820799 9.19065e-06 0.997742 0.0671569 -9.11147e-06 0.997741 0.0671817 1.21719e-05 0 0 -1 0 0 -1 0.906308 0.422619 0 0.906308 0.422619 0 1 0 0 1 0 0 1 0 0 0 -1 0 0 -1 0 0.906309 -0.422616 0 0.906311 -0.422612 0 0.906309 -0.422616 0 0.906309 -0.422616 0 0.906308 -0.422618 0 0.906308 -0.422618 0 -0.239315 -0.970942 0 -0.464723 -0.885456 0 -0.464723 -0.885456 0 -0.663123 -0.748511 0 -0.663123 -0.748511 0 -0.822984 -0.568064 0 -0.822984 -0.568064 0 -0.935016 -0.354606 0 -0.935016 -0.354606 0 -0.992709 -0.120536 0 -0.992709 -0.120536 0 -0.239315 -0.970942 0 0 -1 0 0 -1 0 0.239315 -0.970942 0 0.239315 -0.970942 0 0.464723 -0.885456 0 0.464723 -0.885456 0 0.663123 -0.748511 0 0.663123 -0.748511 0 0.822984 -0.568064 0 0.822984 -0.568064 0 0.935016 -0.354606 0 0.935016 -0.354606 0 0.992709 -0.120536 0 0.992709 -0.120536 0 0.943882 0.330279 0.00173824 0.862008 0.506892 -0.00179708 0.846724 0.53203 0.0014378 -0.862008 0.506892 0.00179708 -0.943882 0.330279 -0.00173824 0.955146 0.296129 -0.00208575 0.99371 0.111964 0.0020147 0.995717 0.0924535 0 -0.846724 0.53203 -0.0014378 -0.7231 0.690742 0.00148509 -0.707106 0.707106 -0.00111361 -0.5458 0.837915 0.00114939 -0.532031 0.846725 -0.000766192 -0.339521 0.940598 0.000789729 -0.33028 0.943883 -0.000394983 -0.115212 0.993341 0.000406616 -0.111964 0.993712 0 0.111964 0.993712 0 0.115212 0.993341 -0.000406616 0.330279 0.943883 0.000394984 0.339521 0.940598 -0.000789727 0.532031 0.846725 0.000766192 0.5458 0.837915 -0.0011494 0.707106 0.707106 0.00111361 0.7231 0.690742 -0.00148509 -0.955146 0.296129 0.00208575 -0.99371 0.111964 -0.0020147 -0.995717 0.0924535 0 0 0 -1 0 0 -1 0 0 -1 0 0 -1 0 0 -1 0 0 -1 0 0 -1 0 0 -1 0 0 -1 0 0 -1 0 0 -1 0 0 -1 0 0 -1 0 0 -1 0 0 -1 0 0 -1 0 0 -1 0 0 -1 0 0 -1 0 0 -1 0 0 -1 0 0 -1 0 0 -1 0 0 -1 0 0 -1 0 0 -1 0 0 -1 0 0 -1 0 0 -1 0 0 -1 0 0 -1 0 0 -1 0 0 -1 0 0 -1 0 0 -1 0 0 -1 0 0 -1 0 0 -1 0 0 -1 0 0 -1 0 0 -1 0 0 -1 0 0 -1 0 0 -1 0 0 -1 0 0 -1 0 0 -1 0 0 -1 0 0 -1 0 0 -1 0 0 -1 0 0 -1 0 0 -1 0 0 -1 0 0 -1 0 0 -1 0 0 -1 0 0 -1 0 0 -1 0 0 -1 0 0 -1 0 0 -1 0 0 -1 0 0 -1 0 0 -1 0 0 -1 0 0 -1 0 0 -1 0 0 -1 0 0 -1 0 0 -1 0 0 -1 0 0 -1 0 0 -1 0 0 -1 0 0 -1 0 0 -1 0 0 -1 0 0 -1 0 0 -1 0 0 -1 0 0 -1 0 0 -1 0 0 -1 0 0 -1 0 0 -1 0 0 -1 0 0 -1 0 0 -1 0 0 -1 0 0 -1 0 0 -1 0 0 -1 0 0 -1 0 0 -1 0 0 -1 0 0 -1 0 0 -1 0 0 -1 0 0 -1 0 0 -1 0 0 -1 0 0 -1 0 0 -1 0 0 -1 0 0 -1 0 0 -1 0 0 -1 0 0 -1 0 0 -1 0 0 -1 0 0 -1 0 0 -1 0 0 -1 0 0 -1 0 0 -1 0 0 -1 0 0 -1 0 0 -1 0 0 -1 0 0 -1 0 0 -1 0 0 -1 0 0 -1 0 0 -1 0 0 -1 0 0 -1 0 0 -1 0 0 -1 0 0 -1 0 0 -1 0 0 -1 0 0 -1 0 0 -1 0 0 -1 0 0 -1 0 0 -1 0 0 -1 0 0 -1 0 0 -1 0 0 -1 0 0 -1 0 0 -1 0.0066816 -0.766678 -0.641997 0.00482808 -0.946518 -0.322614 -0.0309067 -0.97406 -0.22417 0.00950584 -0.961472 -0.274737 -0.00628614 -0.990644 -0.13633 0.0149034 -0.984931 -0.172307 -0.018102 -0.998806 -0.0453729 0 -0.99757 -0.0696733 -0.00502411 -0.921437 -0.388495 0.0353356 -0.872536 -0.48727 -0.00401476 -0.897265 -0.441475 0.00388686 -0.807638 -0.589666 -0.0303002 -0.8345 -0.550174 0.00608504 -0.221629 -0.975112 -0.0399773 -0.332119 -0.94239 0.0166361 -0.265495 -0.963969 -0.0162467 -0.435972 -0.899813 -0.00068215 -0.417418 -0.908714 0.000835903 -0.565014 -0.825081 -0.000779706 -0.566824 -0.823839 0.000639304 -0.685972 -0.727627 -0.0137311 -0.7029 -0.711156 -0.00600064 -0.1524 -0.988301 0.0135953 -0.104065 -0.994478 -0.00751681 -0.0519919 -0.998619 0 -0.0202588 -0.999795 -0.918669 -0.395026 0.0013072 -0.973908 -0.226937 -0.00186451 -0.860151 -0.510039 0 -0.742764 -0.668176 -0.0429237 -0.820055 -0.572037 -0.0168263 -0.849584 -0.527416 -0.00630596 -0.868617 -0.495482 -0.00141223 -0.882156 -0.470957 0.000314475 -0.897331 -0.441357 -0.00090546 -0.905622 -0.424053 -0.00525473 -0.942551 -0.334052 -0.00252164 -0.936333 -0.35095 -0.0107518 -0.952106 -0.305769 -2.24583e-05 -0.962947 -0.269692 2.32389e-05 -0.970523 -0.240887 -0.00768955 -0.980897 -0.19453 0.000199134 -0.990058 -0.140639 -0.00231615 -0.989364 -0.145457 0.00116021 -0.998893 -0.0470241 -0.00111555 -0.998817 -0.0486363 0 0.0121476 0.876541 -0.481174 -0.0177859 0.82311 -0.567604 0.0177659 0.792289 -0.609887 -0.0180013 0.712107 -0.70184 0.00563729 0.687745 -0.72593 -0.00709918 0.580034 -0.814561 0.00711257 0.567014 -0.823678 -0.0071847 0.431338 -0.902162 -0.00405509 0.957415 -0.288688 0.0212514 0.940245 -0.339834 -0.0206048 0.908674 -0.416998 0 0.99886 -0.0477272 -0.00679624 0.998144 -0.0605164 0.00976234 0.98422 -0.176678 0.00664889 0.983515 -0.180705 0.00719335 0.416782 -0.908978 -0.00541283 0.288403 -0.957494 -0.0170958 0.270759 -0.962496 0.00993477 0.181215 -0.983393 0.00150069 0.159065 -0.987267 -0.00280635 0.0604108 -0.99817 0 0.0644251 -0.997923 0.00718856 0.431807 0.901937 -0.00710538 0.566613 0.823954 0.00709627 0.580415 0.81429 -0.00563981 0.687493 0.726169 0.0179819 0.712863 0.701073 -0.0177883 0.791715 0.610631 0.0177623 0.823611 0.566877 -0.0121591 0.876287 0.481635 0.00405488 0.957444 0.28859 -0.0212856 0.940025 0.34044 0.0205753 0.908992 0.416306 -0.00718675 0.416304 0.909197 0.00541688 0.28879 0.957377 0.0170949 0.271998 0.962146 -0.0099347 0.180478 0.983529 -0.00149872 0.158947 0.987286 0.00280681 0.0606199 0.998157 0 0.0644263 0.997922 -0.00665221 0.983495 0.180811 -0.00976979 0.984193 0.176831 0.00679244 0.998146 0.0604794 0 0.99886 0.0477266 0.00742636 -0.869009 0.494741 -0.0175294 -0.823715 0.566733 0.0180435 -0.792156 0.610052 -0.0126617 -0.726014 0.687563 0.012677 -0.687507 0.726067 -0.0180314 -0.610038 0.792167 0.0175307 -0.5666 0.823807 -0.00283888 -0.508227 0.861219 -0.00709156 -0.957417 0.288621 0.0182329 -0.929251 0.369 -0.017049 -0.908969 0.416516 -0.0223066 -0.288954 0.957083 0.0052802 -0.257363 0.966301 -0.00528542 -0.402421 0.91544 0.00805758 -0.416469 0.909114 0 -0.998253 0.0590806 -0.000936467 -0.998168 0.0605013 0.00132715 -0.979223 0.202784 0.0222177 -0.983257 0.180863 0.00993746 -0.180647 0.983498 0.00134988 -0.158592 0.987343 -0.00250801 -0.0605668 0.998161 0 -0.0640281 0.997948 0.00284174 -0.508151 -0.861263 -0.0175181 -0.567006 -0.823528 0.0180425 -0.609656 -0.792461 -0.0126718 -0.687721 -0.725865 0.0126679 -0.725826 -0.687761 -0.0180334 -0.792363 -0.609784 0.0175344 -0.823546 -0.566979 -0.00742441 -0.869051 -0.494666 0.022318 -0.288161 -0.957322 -0.00527704 -0.25756 -0.966248 0.00528624 -0.402258 -0.915511 -0.00805443 -0.416713 -0.909003 0.00709903 -0.957401 -0.288676 -0.0182151 -0.929319 -0.368829 0.0170627 -0.908884 -0.416699 0 -0.0640304 -0.997948 0.00251027 -0.0604598 -0.998168 -0.00135042 -0.158647 -0.987334 -0.00993606 -0.181039 -0.983426 -0.022203 -0.983277 -0.180756 -0.00132481 -0.979224 -0.202777 0.000932497 -0.998168 -0.0605029 0 -0.998253 -0.0590869 0.00505281 0.923864 0.382688 -0.00316932 0.792295 0.61013 0.00522038 0.760393 0.649442 -0.00510941 0.696723 0.717322 0.00522206 0.64944 0.760395 -0.00547447 0.574845 0.818244 0.00505855 0.522474 0.85264 -0.00307906 0.263899 0.964546 0.00352106 0.233442 0.972364 -0.00111723 0.991386 0.130967 0.0054372 0.996902 0.0784685 0 0.999041 0.0437915 -0.000731133 0.935758 0.352642 0.0010803 0.972372 0.233434 0.00239561 0.971201 0.238251 -0.00262764 0.891912 0.452201 0.00555201 0.848782 0.528713 0.00401106 0.852637 0.522488 -0.00174908 0.465836 0.884869 0.00374346 0.380377 0.924824 0.00319259 0.382697 0.923868 -0.00175886 0.142488 0.989795 0.00823277 0.0472511 0.998849 0 0.0784597 0.996917 0 1 0 0 1 0 0.0017458 0.258809 -0.965927 -0.00159179 0.272963 -0.962023 0.00160788 0.422616 -0.906307 -0.00142426 0.434452 -0.900694 0.00142981 0.573582 -0.819147 -0.00125686 0.582875 -0.812561 0.00127139 0.7071 -0.707112 -0.00107229 0.713976 -0.70017 0.00108262 0.819155 -0.573571 -0.00115734 0.82439 -0.566021 0.0011551 0.906306 -0.422621 -0.00085289 0.142802 -0.989751 0.00534998 0.0871581 -0.99618 0 0.0482974 -0.998833 -0.000679863 0.909457 -0.415798 0.000435663 0.957221 -0.289356 0.00541463 0.965911 -0.25882 -0.00270932 0.983353 -0.181683 0.00683329 0.99812 -0.0609113 0 0.996195 -0.0871545 -0.00694856 -0.82707 -0.562056 0.0180876 -0.768509 -0.639584 -0.00454148 -0.798207 -0.602367 0.00433121 -0.695626 -0.718391 -0.0062887 -0.709051 -0.70513 0.0059793 -0.59435 -0.804184 0.00501679 -0.595399 -0.803415 -0.00378322 -0.478573 -0.87804 -0.0140702 -0.490078 -0.871565 0.0156039 -0.386598 -0.922116 0.00432377 -0.398716 -0.917064 -0.00427989 -0.280729 -0.959778 0.00439628 -0.270669 -0.962663 -0.00313188 -0.166347 -0.986062 0.000945944 -0.159316 -0.987227 -0.00099831 -0.0662773 -0.997801 0 -0.064659 -0.997907 0 -0.00803344 -0.999968 0 -0.00803344 -0.999968 0.00768535 -0.882686 -0.4699 -0.0228221 -0.930778 -0.364871 0.0037165 -0.906962 -0.421196 -0.00327091 -0.963932 -0.26613 0.000317681 -0.961087 -0.276245 -0.000206001 -0.988591 -0.150625 4.80538e-06 -0.98844 -0.151612 -4.69138e-05 -0.998733 -0.0503162 0 -0.998722 -0.0505459 0.777147 -0.629319 0.000221197 0.708098 -0.706114 -0.000219247 0.707107 -0.707107 0.000251203 0.630559 -0.776141 -0.000251132 0.629319 -0.777147 0.000283274 0.54613 -0.8377 -0.000280738 0.544639 -0.838671 0.000313655 0.455743 -0.890111 -0.000311948 0.453992 -0.891005 0.000343583 0.360383 -0.932804 -0.000343368 0.358368 -0.93358 0.000375323 0.261075 -0.965319 -0.000372731 0.258818 -0.965926 0.000403959 0.158935 -0.987289 -0.000404915 0.156433 -0.987689 0.000435494 0.0550486 -0.998484 -0.000434005 0.0523389 -0.998629 0.000464356 -0.0494328 -0.998777 -0.000465537 -0.0523389 -0.998629 0.000496045 -0.153381 -0.988167 -0.000493997 -0.156432 -0.987689 0.000524931 -0.255646 -0.96677 -0.000525036 -0.258818 -0.965926 0.000555434 -0.35513 -0.934817 -0.000554314 -0.358368 -0.93358 0.000585019 -0.45073 -0.89266 -0.000584142 -0.453992 -0.891005 0.000615753 -0.541412 -0.840757 -0.000612718 -0.544639 -0.83867 0.000645538 -0.626183 -0.779676 -0.000642013 -0.629319 -0.777147 0.000674583 -0.704121 -0.71008 -0.00067184 -0.707107 -0.707107 0.0007026 -0.774364 -0.63274 -0.000702229 -0.777147 -0.629319 0.000733556 -0.836163 -0.54848 -0.000729625 -0.83867 -0.544639 0.000761097 -0.888825 -0.458246 -0.000760202 -0.891005 -0.453992 0.000790251 -0.931789 -0.363 -0.000789033 -0.93358 -0.358368 0.000818589 -0.964577 -0.263799 -0.000818239 -0.965926 -0.258818 0.000849346 -0.986839 -0.161705 -0.000844958 -0.987688 -0.156432 0.000877672 -0.998325 -0.0578531 -0.000873856 -0.998629 -0.0523389 0.000904037 -0.999996 -0.00287247 0 0.998634 -0.0522452 0 0.998629 -0.0523389 3.18808e-05 0.987732 -0.156157 -3.16933e-05 0.987689 -0.156433 6.27949e-05 0.966048 -0.258364 -6.41252e-05 0.965926 -0.258818 9.47868e-05 0.933816 -0.357753 -9.52874e-05 0.93358 -0.358368 0.00012731 0.891389 -0.45324 -0.000125701 0.891006 -0.453993 0.000159105 0.839231 -0.543774 -0.000156597 0.838671 -0.544639 0.000190226 0.777913 -0.628372 -0.000187956 0.646811 0.692373 0.319773 0.824268 0.566196 0.00234506 0.834971 0.550295 -0.000408358 0.851372 0.524562 0 0.90737 0.420326 0.00227833 0.906584 0.42202 0.00193222 0.888941 0.458022 -0.000334008 0.875252 0.483667 0.000438889 0.865287 0.501274 0.00170793 0.852952 0.521975 0.0038332 0.832691 0.553682 0.00791068 0.868403 0.495859 0.000306651 0.862676 0.505732 0.00501599 0.855906 0.516994 0.011934 0.8627 0.50571 0.00240178 0.749749 0.661578 0.0138184 0.769182 0.633197 0.0861422 0.702823 0.710494 -0.0351958 0.80995 0.586343 0.0135155 0.807375 0.589949 0.0102452 0.780758 0.624831 -0.00212669 0.943619 0.331032 0.0013252 0.946222 0.323499 0.00342056 0.927626 0.37351 -0.000961261 0.971095 0.238679 0.00253803 0.973181 0.22999 0.00472084 0.962686 0.27062 -0.000617263 0.998839 0.0481791 0 0.999015 0.0443657 0.00119556 0.989562 0.1441 -0.00129364 0.991147 0.132741 0.00258304 0.98095 0.194259 -0.000515065 0.115359 0.0121895 0.993249 0.112202 -0.00247479 0.993682 0.114058 0.00277151 0.99347 0.114766 0.00464946 0.993382 0.115254 0.00654037 0.993315 0.115518 0.00843422 0.99327 0.115553 0.0103207 0.993248 0.774931 0.0848304 0.626327 0.949995 -0.0346584 0.310336 0.943213 -0.0356521 0.330269 0.113139 0.000916233 0.993579 0.111913 0.000830037 0.993718 0.112014 -0.000823436 0.993706 0.0972425 -0.00357578 0.995254 0.112837 -0.0050071 0.993601 0.311271 -0.010649 0.950262 0.990261 0.113394 0.0807722 0.987488 0.111118 0.111894 0.989026 0.0963401 0.112007 0.989044 0.0963526 0.111837 0.990349 0.081546 0.112063 0.990378 0.0815654 0.111793 0.99145 0.0667332 0.112132 0.991493 0.066761 0.111736 0.99233 0.0519061 0.112189 0.992386 0.0519411 0.111678 0.992989 0.0370676 0.112244 0.993058 0.0371092 0.111622 0.993426 0.022221 0.112301 0.993508 0.022269 0.111565 0.99364 0.00736969 0.112359 0.993736 0.00742368 0.111508 0.993633 -0.00748321 0.112415 0.993719 -0.00743651 0.111659 0.993427 -0.0223346 0.112264 0.993479 -0.0223074 0.11181 0.992967 -0.0379965 0.112128 0.994596 -0.0372321 0.096919 0.841265 0.0960352 0.532026 0.866962 0.0970945 0.488825 0.937991 0.105319 0.330275 0.925357 0.106233 0.363907 0.967382 0.108084 0.229108 0.669842 0.0781424 0.73838 0.702753 0.0784729 0.707093 0.525965 0.0579992 0.848526 0.528861 0.0580155 0.846723 0.310334 0.0347368 0.949993 0.328457 0.034683 0.943882 0.099095 0.0121394 0.995004 0.846151 -0.031238 0.532028 0.847524 -0.0314615 0.529824 0.706623 -0.0265807 0.707091 0.718492 -0.0280686 0.694969 0.604182 -0.0220209 0.796542 0.531614 -0.0215174 0.846714 0.489527 -0.0180354 0.871802 0.330054 -0.0125729 0.943878 0.943648 -0.0212154 0.33027 0.943648 -0.0212155 0.33027 0.846515 -0.0190317 0.532025 0.846514 -0.0190316 0.532026 0.706942 -0.0158937 0.707093 0.706943 -0.0158938 0.707092 0.531904 -0.0119585 0.84672 0.531904 -0.0119585 0.84672 0.330208 -0.00742389 0.943879 0.330208 -0.00742391 0.943879 0.111468 -0.00250609 0.993765 0.943859 -0.00710835 0.330271 0.94386 -0.00710843 0.33027 0.846705 -0.00637673 0.532025 0.846705 -0.00637674 0.532025 0.707102 -0.00532536 0.707092 0.707101 -0.00532524 0.707093 0.532023 -0.00400671 0.84672 0.532023 -0.00400669 0.84672 0.330282 -0.00248737 0.943879 0.330282 -0.00248736 0.943879 0.1117 -0.000841213 0.993742 0.94386 0.00700047 0.330271 0.94386 0.00700051 0.330272 0.846706 0.00627993 0.532025 0.846705 0.00627997 0.532025 0.707101 0.00524453 0.707093 0.707103 0.00524443 0.707092 0.532024 0.00394591 0.84672 0.532024 0.00394589 0.84672 0.330283 0.00244962 0.943879 0.330282 0.00244963 0.943879 0.94365 0.0211076 0.330271 0.94365 0.0211076 0.330271 0.846518 0.018935 0.532024 0.846517 0.018935 0.532025 0.706945 0.015813 0.707092 0.706944 0.0158131 0.707093 0.531904 0.0118978 0.846721 0.531905 0.0118977 0.84672 0.330209 0.00738614 0.943879 0.330209 0.00738615 0.943879 0.110883 0.00248025 0.99383 0.943229 0.0352101 0.330273 0.943229 0.03521 0.330271 0.84614 0.0315857 0.532024 0.84614 0.0315857 0.532024 0.706629 0.0263779 0.707093 0.706629 0.0263778 0.707092 0.531669 0.0198467 0.84672 0.531667 0.0198468 0.846721 0.330062 0.012321 0.943879 0.330062 0.012321 0.943879 0.110027 0.00410724 0.99392 0.942598 0.0493047 0.330271 0.942597 0.0493047 0.330273 0.845573 0.0442297 0.532025 0.845573 0.0442296 0.532024 0.706158 0.0369372 0.707091 0.706156 0.0369373 0.707093 0.531312 0.0277916 0.846721 0.531313 0.0277916 0.84672 0.32984 0.0172531 0.943879 0.329841 0.0172531 0.943879 0.109337 0.00571909 0.993988 0.941755 0.0633884 0.330271 0.941755 0.0633884 0.330271 0.844816 0.0568636 0.532026 0.844817 0.0568635 0.532025 0.705525 0.047488 0.707092 0.705527 0.047488 0.707091 0.530838 0.0357299 0.84672 0.530837 0.0357299 0.846721 0.329545 0.0221812 0.943879 0.329545 0.0221812 0.943879 0.108806 0.00732357 0.994036 0.9407 0.0774578 0.330279 0.940703 0.0774575 0.330271 0.843875 0.0694847 0.532022 0.843872 0.0694848 0.532026 0.704737 0.0580284 0.707091 0.704737 0.0580284 0.707092 0.530243 0.0436605 0.846721 0.530244 0.0436605 0.84672 0.329177 0.0271046 0.943879 0.329176 0.0271045 0.943879 0.108431 0.00892824 0.994064 0.939438 0.0915098 0.330275 0.939437 0.0915099 0.330279 0.842736 0.0820904 0.532031 0.842742 0.0820903 0.532022 0.703792 0.0685554 0.70709 0.703791 0.0685554 0.707091 0.529534 0.0515812 0.846719 0.529531 0.0515811 0.846721 0.328735 0.0320218 0.943879 0.328735 0.0320218 0.943879 0.108208 0.0105404 0.994072 0 0 1 0 0 1 0 0 1 0 0 1 0 0 1 0 0 1 0 0 1 0 0 1 0 0 1 0 0 1 0 0 1 0 0 1 0 0 1 0 0 1 0 0 1 0 0 1 0 -1 0 0 -1 0 0 0 1 0 0 1 0 0 1 0 0 1 0 0 1 0 0 1 0 0 1 0 0 1 0 0 1 0 0 1 0 0 1 0 1 0 0 1 0 0 1 0 0 1 0 1 0 0 1 0 0 -0.258828 0.965924 0 -0.707101 0.707112 0 -0.707101 0.707112 0 -0.965926 0.258818 0 -0.965926 0.258818 0 -0.258828 0.965924 0 0.258828 0.965924 0 0.258828 0.965924 0 0.707101 0.707112 0 0.707101 0.707112 0 0.965926 0.258818 0 0.965926 0.258818 0 -1 0 0 -1 0 0 0 0 -1 0 0 -1 0 0 -1 0 0 -1 0 0 -1 0 0 -1 0 0 -1 0 0 -1 0 0 -1 0 0 -1 0 0 -1 0 0 -1 0 0 -1 0 0 -1 0 0 -1 0 0 -1 0 0 -1 0 0 -1 0 0 -1 0 0 -1 0 0 -1 0 0 -1 0 0 -1 0 0 -1 0 0 -1 0 0 -1 0 0 -1 0 0 -1 0 0 -1 0 0 -1 0 0 -1 0 0 -1 0 0 -1 0 0 -1 0 0 -1 0 0 -1 0 0 -1 0 0 -1 0 0 -1 0 0 -1 0 0 -1 0 0 -1 0 0 -1 0 0 -1 0 0 -1 0 0 -1 0 0 -1 0 0 -1 0 0 -1 0 0 -1 0 0 -1 0 0 -1 0 0 -1 0 0 -1 0 0 -1 0 0 -1 -0.510205 -0.13671 0.849118 -0.373495 -0.373497 0.849118 -0.136712 -0.510205 0.849118 0.136712 -0.510205 0.849118 0.373495 -0.373497 0.849118 0.510205 -0.13671 0.849118 0.510205 0.13671 0.849118 0.373495 0.373497 0.849118 0.136709 0.510206 0.849117 -0.136709 0.510206 0.849117 -0.373495 0.373497 0.849118 -0.510205 0.13671 0.849118 0.258825 -0.965924 0 0.707105 -0.707109 0 0.707105 -0.707109 0 0.965925 -0.258821 0 0.965925 -0.258821 0 0.258825 -0.965924 0 -0.258825 -0.965924 0 -0.258825 -0.965924 0 -0.707105 -0.707109 0 -0.707105 -0.707109 0 -0.965925 -0.258821 0 -0.965925 -0.258821 0 -0.258819 0.965926 0 -0.707105 0.707109 0 -0.707105 0.707109 0 -0.965925 0.258821 0 -0.965925 0.258821 0 -0.258819 0.965926 0 0.258819 0.965926 0 0.258819 0.965926 0 0.707105 0.707109 0 0.707105 0.707109 0 0.965925 0.258821 0 0.965925 0.258821 0 0 0 1 0 0 1 0 0 1 0 0 1 0 0 1 0 0 1 0 0 1 0 0 1 0 0 1 0 0 1 0 0 1 0 0 1 0 0 1 0 0 1 0 0 1 0 0 1 0 0 1 0 0 1 0 0 1 0 0 1 0 0 1 0 0 1 0 0 1 0 0 1 0.258828 -0.965924 0 0.707101 -0.707112 0 0.707101 -0.707112 0 0.965926 -0.258817 0 0.965926 -0.258817 0 0.258828 -0.965924 0 -0.258828 -0.965924 0 -0.258828 -0.965924 0 -0.707101 -0.707112 0 -0.707101 -0.707112 0 -0.965926 -0.258817 0 -0.965926 -0.258817 0 -0.258828 0.965924 0 -0.707101 0.707112 0 -0.707101 0.707112 0 -0.965926 0.258818 0 -0.965926 0.258818 0 -0.258828 0.965924 0 0.258828 0.965924 0 0.258828 0.965924 0 0.707101 0.707112 0 0.707101 0.707112 0 0.965926 0.258818 0 0.965926 0.258818 0 0.981173 0.173008 -0.0858416 0.976873 0.194314 -0.0892235 -0.976874 0.194311 -0.0892232 -0.981173 0.173008 -0.0858417 0.863026 0.498269 -0.0831465 0.640663 0.763515 -0.0812159 0.827943 0.553211 -0.0920243 0.340924 0.936676 -0.080056 0.553115 0.827797 -0.0938932 0 0.996821 -0.0796687 0.194213 0.976365 -0.0948283 -0.340923 0.936676 -0.0800559 -0.194213 0.976365 -0.0948283 -0.640663 0.763515 -0.0812159 -0.553115 0.827797 -0.0938932 -0.863027 0.498268 -0.0831462 -0.827943 0.553211 -0.0920243 0.976874 -0.194313 -0.089223 0.981172 -0.173009 -0.0858416 -0.981172 -0.173009 -0.0858417 -0.976874 -0.19431 -0.0892226 -0.863029 -0.498264 -0.0831449 -0.640659 -0.763518 -0.0812142 -0.827943 -0.55321 -0.0920233 -0.340943 -0.936669 -0.0800554 -0.553111 -0.8278 -0.0938912 0 -0.996821 -0.0796702 -0.194215 -0.976365 -0.0948298 0.340943 -0.936669 -0.0800554 0.194215 -0.976365 -0.0948299 0.640659 -0.763519 -0.0812143 0.553111 -0.8278 -0.0938912 0.863029 -0.498265 -0.0831452 0.827943 -0.55321 -0.0920234 0.981173 0.173008 -0.0858417 0.976874 0.194311 -0.0892232 -0.976873 0.194314 -0.0892235 -0.981173 0.173008 -0.0858416 0.863027 0.498268 -0.0831462 0.640663 0.763515 -0.0812159 0.827943 0.553211 -0.0920243 0.340923 0.936676 -0.0800559 0.553115 0.827797 -0.0938932 0 0.996821 -0.0796687 0.194213 0.976365 -0.0948283 -0.340924 0.936676 -0.080056 -0.194213 0.976365 -0.0948283 -0.640663 0.763515 -0.0812159 -0.553115 0.827797 -0.0938932 -0.863026 0.498269 -0.0831465 -0.827943 0.553211 -0.0920243 0.976874 -0.19431 -0.0892226 0.981172 -0.173009 -0.0858417 -0.981172 -0.173009 -0.0858416 -0.976874 -0.194313 -0.089223 -0.863029 -0.498265 -0.0831452 -0.640659 -0.763519 -0.0812143 -0.827943 -0.55321 -0.0920234 -0.340943 -0.936669 -0.0800554 -0.553111 -0.8278 -0.0938912 0 -0.996821 -0.0796702 -0.194215 -0.976365 -0.0948299 0.340943 -0.936669 -0.0800554 0.194215 -0.976365 -0.0948298 0.640659 -0.763518 -0.0812142 0.553111 -0.8278 -0.0938912 0.863029 -0.498264 -0.0831449 0.827943 -0.55321 -0.0920233 0.981173 0.173008 -0.0858416 0.976874 0.194311 -0.089223 -0.976874 0.194311 -0.0892231 -0.981173 0.173008 -0.0858418 0.863028 0.498267 -0.0831459 0.640664 0.763514 -0.081216 0.827942 0.553213 -0.0920243 0.340922 0.936677 -0.080056 0.553116 0.827797 -0.0938934 0 0.996821 -0.0796688 0.194213 0.976365 -0.0948283 -0.340922 0.936677 -0.0800561 -0.194213 0.976365 -0.0948284 -0.640664 0.763514 -0.081216 -0.553116 0.827797 -0.0938934 -0.863026 0.498269 -0.0831459 -0.827941 0.553214 -0.0920242 0.976874 -0.194311 -0.089223 0.981173 -0.173008 -0.0858416 -0.981173 -0.173008 -0.0858417 -0.976874 -0.194311 -0.0892231 -0.863026 -0.498269 -0.0831459 -0.640664 -0.763514 -0.081216 -0.827941 -0.553214 -0.0920243 -0.340922 -0.936677 -0.080056 -0.553116 -0.827797 -0.0938934 0 -0.996821 -0.0796688 -0.194212 -0.976365 -0.0948284 0.340921 -0.936677 -0.080056 0.194212 -0.976365 -0.0948283 0.640664 -0.763514 -0.081216 0.553116 -0.827797 -0.0938934 0.863028 -0.498267 -0.0831459 0.827942 -0.553213 -0.0920243 0.981173 0.173008 -0.0858418 0.976874 0.194311 -0.0892231 -0.976874 0.194311 -0.089223 -0.981173 0.173008 -0.0858416 0.863026 0.498269 -0.0831459 0.640664 0.763514 -0.081216 0.827941 0.553214 -0.0920242 0.340922 0.936677 -0.0800561 0.553116 0.827797 -0.0938934 0 0.996821 -0.0796688 0.194213 0.976365 -0.0948284 -0.340922 0.936677 -0.080056 -0.194213 0.976365 -0.0948283 -0.640664 0.763514 -0.081216 -0.553116 0.827797 -0.0938934 -0.863028 0.498267 -0.0831459 -0.827942 0.553213 -0.0920243 0.976874 -0.194311 -0.0892231 0.981173 -0.173008 -0.0858417 -0.981173 -0.173008 -0.0858416 -0.976874 -0.194311 -0.089223 -0.863028 -0.498267 -0.0831459 -0.640664 -0.763514 -0.081216 -0.827942 -0.553213 -0.0920243 -0.340921 -0.936677 -0.080056 -0.553116 -0.827797 -0.0938934 0 -0.996821 -0.0796688 -0.194212 -0.976365 -0.0948283 0.340922 -0.936677 -0.080056 0.194212 -0.976365 -0.0948284 0.640664 -0.763514 -0.081216 0.553116 -0.827797 -0.0938934 0.863026 -0.498269 -0.0831459 0.827941 -0.553214 -0.0920242 0 0 -1 0 0 -1 0 0 -1 0 0 -1 0 0 -1 0 0 -1 0 0 -1 0 0 -1 0 0 -1 0 0 -1 0 0 -1 0 0 -1 0 0 -1 0 0 -1 0 0 -1 0 0 -1 0 0 -1 0 0 -1 0 0 -1 0 0 -1 0 0 -1 0 0 -1 0 0 -1 0 0 -1 0 0 -1 0 0 -1 0 0 -1 0 0 -1 0 0 -1 0 0 -1 0 0 -1 0 0 -1 0 0 -1 0 0 -1 0 0 -1 0 0 -1 0 0 -1 0 0 -1 0 0 -1 0 0 -1 0 0 -1 0 0 -1 0 0 -1 0 0 -1 0 0 -1 0 0 -1 0 0 -1 0 0 -1 0 0 -1 0 0 -1 0 0 -1 0 0 -1 0 0 -1 0 0 -1 0 0 -1 0 0 -1 0 0 -1 0 0 -1 0 0 -1 0 0 -1 0 0 -1 0 0 -1 0 0 -1 -0.928976 0.370139 -0.000312672 -0.883944 0.467593 0.00031392 -0.883511 0.46841 -0.000390756 -0.828324 0.560249 0.000390964 -0.827691 0.561185 -0.000468749 -0.763025 0.646369 0.000467687 -0.762161 0.647387 -0.000545966 -0.688815 0.724937 0.000544373 -0.6877 0.725995 -0.000620318 -0.606565 0.795034 0.000623607 -0.605172 0.796094 -0.000700196 -0.517224 0.85585 0.000696186 -0.515553 0.856857 -0.000775896 -0.421843 0.906668 0.000772696 -0.419893 0.907573 -0.000847167 -0.321539 0.946896 0.000853351 -0.319302 0.947653 -0.000922014 -0.21748 0.976064 0.000929289 -0.214968 0.976621 -0.00100114 -0.110879 0.993834 0.00100036 -0.108117 0.994138 -0.00108035 -0.00297516 0.999995 0.00107101 0 0.999999 -0.00115288 0.104957 0.994476 0.00114774 0.108117 0.994137 -0.00122333 0.211654 0.977344 0.00122569 0.214968 0.97662 -0.00129971 0.315898 0.948792 0.00129758 0.319302 0.947652 -0.00137039 0.416434 0.909165 0.00137386 0.419892 0.907573 -0.00144933 0.512117 0.858914 0.00144193 0.515553 0.856856 -0.00152244 0.601816 0.798633 0.0015152 0.605172 0.796093 -0.00159381 0.684487 0.729023 0.00158939 0.687699 0.725994 -0.0016657 0.759163 0.650899 0.00166243 0.76216 0.647386 -0.00173504 0.82497 0.565174 0.0017377 0.827689 0.561184 -0.00180881 0.881142 0.472849 0.00180736 0.88351 0.468409 -0.00188024 0.927023 0.375 0.00187924 0.928975 0.370138 -0.00195251 0.962078 0.272766 0.00194959 0.963548 0.267528 -0.00202174 0.985894 0.167356 0.00202222 0.986825 0.161778 -0.00209766 0.998197 0.0599801 0.00208769 0.999214 0.00266353 -0.0395603 0.998533 0.0541406 0 -0.929243 0.36947 0.000237172 -0.96355 0.267529 -0.000233634 -0.963687 0.267035 0.000158062 -0.986827 0.161779 -0.000156449 -0.986877 0.161476 7.87292e-05 -0.998533 0.0541406 -7.88467e-05 -0.998539 0.0540381 0 0.990647 -0.136447 0 0.999283 -0.0378684 0 0.999764 -0.0192931 -0.00999575 0.998451 -0.0556301 -0.000226401 0.995198 -0.0978769 0.000277106 0.993541 -0.113397 -0.00415905 0.766046 -0.642785 0 0.766044 -0.642788 -1.01322e-06 0.766042 -0.642791 -2.71364e-06 0.766053 -0.642777 7.3599e-06 0.766042 -0.64279 -2.71816e-06 0.766044 -0.642788 -5.14565e-07 0.766047 -0.642785 -1.23389e-06 0.766041 -0.642791 -5.70088e-07 0.76603 -0.642804 -1.77928e-07 0.766008 -0.64283 0 0 0 1 0 0 1 0 0 1 0 0 1 0 0 1 0 0 1 0 0 1 0 0 1 0 0 1 0 0 1 0 0 1 0 0 1 0 0 1 0 0 1 0 0 1 0 0 1 0 0 1 0 0 1 0 0 1 0 0 1 0 0 1 0 0 1 0 0 1 0 0 1 0 0 1 0 0 1 -0.112028 0.993705 0 -0.330163 0.943924 0 -0.330163 0.943924 0 -0.532081 0.846693 0 -0.532081 0.846693 0 -0.707108 0.707106 0 -0.707108 0.707106 0 -0.846706 0.532061 0 -0.846706 0.532061 0 -0.943895 0.330245 0 -0.943895 0.330245 0 -0.993712 0.111969 0 -0.993712 0.111969 0 -0.112028 0.993705 0 0.112028 0.993705 0 0.112028 0.993705 0 0.330163 0.943924 0 0.330163 0.943924 0 0.532081 0.846693 0 0.532081 0.846693 0 0.707108 0.707106 0 0.707108 0.707106 0 0.846706 0.532061 0 0.846706 0.532061 0 0.943895 0.330245 0 0.943895 0.330245 0 0.993712 0.111969 0 0.993712 0.111969 0 0.11201 -0.993707 0 0.33018 -0.943918 0 0.33018 -0.943918 0 0.532081 -0.846693 0 0.532081 -0.846693 0 0.707099 -0.707115 0 0.707099 -0.707115 0 0.846711 -0.532053 0 0.846711 -0.532053 0 0.943895 -0.330245 0 0.943895 -0.330245 0 0.993712 -0.111969 0 0.993712 -0.111969 0 0.11201 -0.993707 0 -0.11201 -0.993707 0 -0.11201 -0.993707 0 -0.33018 -0.943918 0 -0.33018 -0.943918 0 -0.532081 -0.846693 0 -0.532081 -0.846693 0 -0.707099 -0.707115 0 -0.707099 -0.707115 0 -0.846711 -0.532053 0 -0.846711 -0.532053 0 -0.943895 -0.330245 0 -0.943895 -0.330245 0 -0.993712 -0.111969 0 -0.993712 -0.111969 0 0 0 -1 0 0 -1 0 0 -1 0 0 -1 0 0 -1 0 0 -1 0 0 -1 0 0 -1 0 0 -1 0 0 -1 0 0 -1 0 0 -1 0 0 -1 0 0 -1 0 0 -1 0 0 -1 0 0 -1 0 0 -1 0 0 -1 0 0 -1 0 0 -1 0 0 -1 0 0 -1 0 0 -1 0 0 -1 0 0 -1 0.112028 0.993705 0 0.330163 0.943924 0 0.330163 0.943924 0 0.532081 0.846693 0 0.532081 0.846693 0 0.707108 0.707106 0 0.707108 0.707106 0 0.846706 0.532061 0 0.846706 0.532061 0 0.943895 0.330245 0 0.943895 0.330245 0 0.993712 0.111969 0 0.993712 0.111969 0 0.112028 0.993705 0 -0.112028 0.993705 0 -0.112028 0.993705 0 -0.330163 0.943924 0 -0.330163 0.943924 0 -0.532081 0.846693 0 -0.532081 0.846693 0 -0.707108 0.707106 0 -0.707108 0.707106 0 -0.846706 0.532061 0 -0.846706 0.532061 0 -0.943895 0.330245 0 -0.943895 0.330245 0 -0.993712 0.111969 0 -0.993712 0.111969 0 -0.11201 -0.993707 0 -0.33018 -0.943918 0 -0.33018 -0.943918 0 -0.532081 -0.846693 0 -0.532081 -0.846693 0 -0.707099 -0.707115 0 -0.707099 -0.707115 0 -0.846711 -0.532053 0 -0.846711 -0.532053 0 -0.943895 -0.330245 0 -0.943895 -0.330245 0 -0.993712 -0.111969 0 -0.993712 -0.111969 0 -0.11201 -0.993707 0 0.11201 -0.993707 0 0.11201 -0.993707 0 0.33018 -0.943918 0 0.33018 -0.943918 0 0.532081 -0.846693 0 0.532081 -0.846693 0 0.707099 -0.707115 0 0.707099 -0.707115 0 0.846711 -0.532053 0 0.846711 -0.532053 0 0.943895 -0.330245 0 0.943895 -0.330245 0 0.993712 -0.111969 0 0.993712 -0.111969 0 -0.979925 -0.199368 0 -0.979925 -0.199368 0 0.979925 -0.199368 0 0.979925 -0.199368 0 0 0 1 0 0 1 0.199369 -0.979925 0 0.199369 -0.979925 0 0 0 -1 0 0 -1 -0.199369 0.979924 0 -0.199369 0.979924 0 0 0 1 0 0 1 0.199368 0.979925 0 0.199368 0.979925 0 0 0 -1 0 0 -1 -0.199369 -0.979925 0 -0.199369 -0.979925 0 0 0 1 0 0 1 0 0 1 0 0 1 0 0 1 0 0 1 0 0 1 0 0 1 0 0 1 0 0 1 0 0 1 0 1 0 0 1 0 0 0 1 0 0 1 0 0 1 0 0 1 0 0 1 0 0 1 0 0 1 0 0 1 0 0 1 0 0 1 0 0 1 0 0 1 0 0 1 0 0 1 0 0 1 0 0 1 0 0 1 0 0 1 0 0 1 0 0 1 0 0 1 0 0 1 0 0 1 0 0 1 0 0 1 0 0 1 0 0 1 0 0 1 0 0 1 0 0 1 0 0 1 0 0 1 0 0 1 0 0 1 0 0 1 0 0 1 0 0 1 0 0 1 0 0 1 0 0 1 0 0 1 0 0 1 0 0 1 0 0 1 0 0 1 0 0 1 0 0 1 0 0 1 0 0 1 0 0 1 0 0 1 0 0 1 0 0 1 0 0 1 0 0 1 0 0 1 0 0 1 0 0 1 0 0 1 0 0 1 0 0 1 0 0 1 0 0 1 0 0 1 0 0 1 0 0 1 0 0 1 0 0 1 0 0 1 0 0 1 0 0 1 0 0 1 0 0 1 0 0 1 0 0 1 0 0 1 0 0 1 0 0 1 0 0 1 0 0 1 0 0 1 0 0 1 0 0 1 0 0 1 0 0 1 0 0 1 0 0 1 0 0 1 0 0 1 0 0 1 0 0 1 0 0 1 0 0 1 0 0 1 0 0 1 0 0 1 0 0 1 0 0 1 0 0 1 0 0 1 0 0 1 0 0 1 0 0 1 0 0 1 0 0 1 0 0 1 0 0 1 -0.979925 -0.199368 0 -0.979925 -0.199368 0 -0.979924 -0.19937 7.12988e-06 -0.979925 -0.199368 0 -0.979925 -0.199368 -1.6478e-06 -0.979925 -0.199368 -2.57852e-06 -0.979925 -0.199368 -3.15291e-06 -0.979925 -0.199368 -9.5065e-07 -0.979925 -0.199369 0 -0.979925 -0.199369 0 -0.979925 -0.199368 8.55588e-07 -0.979925 -0.199368 0 -0.979925 -0.199368 0 -0.979925 -0.199368 0 0 -1 0 0 -1 0 0.979924 -0.19937 0 0.979924 -0.199369 3.12577e-06 0.979925 -0.199368 -1.22696e-06 0.979925 -0.199368 -6.65458e-07 0.979925 -0.199368 0 0.979925 -0.199368 2.30405e-06 0.979925 -0.199368 -2.53507e-06 0.979925 -0.199368 0 0.979925 -0.199368 -1.90131e-07 0.979925 -0.199368 1.94026e-07 0.979925 -0.199368 0 0.979925 -0.199368 0 0.979925 -0.199368 0 0.979925 -0.199368 0 0 1 0 0 1 0 0.113395 -0.99355 0 0.286779 -0.957997 0 0.286779 -0.957997 0 0.451417 -0.892313 0 0.451417 -0.892313 0 0.601656 -0.798755 0 0.601656 -0.798755 0 0.733121 -0.680098 0 0.733121 -0.680098 0 0.841558 -0.540167 0 0.841558 -0.540167 0 0.923655 -0.383225 0 0.923655 -0.383225 0 0.976767 -0.214306 0 0.976767 -0.214306 0 0.113395 -0.99355 0 -0.0635909 -0.997976 0 -0.0635909 -0.997976 0 -0.23865 -0.971106 0 -0.23865 -0.971106 0 -0.406152 -0.913806 0 -0.406152 -0.913806 0 -0.561005 -0.827813 0 -0.561005 -0.827813 0 -0.698218 -0.715885 0 -0.698218 -0.715885 0 -0.813543 -0.581504 0 -0.813543 -0.581504 0 -0.903352 -0.428899 0 -0.903352 -0.428899 0 -0.96484 -0.262838 0 -0.96484 -0.262838 0 -0.996073 -0.0885391 0 -0.996073 -0.0885391 0 0.999209 -0.0397787 0 0.999715 -0.0238722 0 0.999715 -0.0238722 0 0.999968 -0.00795701 0 0.999968 -0.00795701 0 0.999996 0.00265837 0 0.999996 0.00265837 0 0.999209 -0.0397787 0 0.998449 -0.0556762 0 0.998449 -0.0556762 0 0.997436 -0.0715598 0 0.997436 -0.0715598 0 0.996171 -0.087425 0 0.996171 -0.087425 0 0.994654 -0.103268 0 0.994654 -0.103268 0 0.992884 -0.119085 0 0.992884 -0.119085 0 0.312955 0.949768 0 0.0914237 0.995812 0 0.0914237 0.995812 0 -0.134822 0.99087 0 -0.134822 0.99087 0 -0.354119 0.935201 0 -0.354119 0.935201 0 -0.555302 0.831649 0 -0.555302 0.831649 0 0.312955 0.949768 0 0.518473 0.855094 0 0.518473 0.855094 0 0.697439 0.716644 0 0.697439 0.716644 0 0.840707 0.54149 0 0.840707 0.54149 0 0.940919 0.338631 0 0.940919 0.338631 0 0.992963 0.118426 0 0.992963 0.118426 0 -0.645832 0.763479 0 -0.645832 0.763479 0 -0.966235 0.257663 0 -0.996229 0.0867598 0 -0.996229 0.0867598 0 -0.966235 0.257663 0 -0.907148 0.420812 0 -0.907148 0.420812 0 -0.820742 0.571299 0 -0.820742 0.571299 0 -0.709645 0.704559 0 -0.709645 0.704559 0 -0.999007 -0.0445531 0 -0.999007 -0.0445531 0 -0.996784 -0.0801368 0 -0.996784 -0.0801368 0 -0.998054 -0.0623549 0 -0.998054 -0.0623549 0 -0.999007 -0.0445536 0 -0.999007 -0.0445536 0 -0.999642 -0.0267378 0 -0.999642 -0.0267378 0 -0.99996 -0.00891355 0 -0.99996 -0.00891355 0 -0.999959 0.00911489 0 -0.999959 0.00911489 0 -0.999626 0.0273416 0 -0.999626 0.0273416 0 -0.999834 0.0182296 0 -0.999834 0.0182296 0 -0.108119 0.994138 0 -0.214966 0.976622 0 -0.214966 0.976622 0 -0.319305 0.947652 0 -0.319305 0.947652 0 -0.419886 0.907577 0 -0.419886 0.907577 0 -0.515555 0.856856 0 -0.515555 0.856856 0 -0.605175 0.796093 0 -0.605175 0.796093 0 -0.687699 0.725996 0 -0.687699 0.725996 0 -0.762163 0.647385 0 -0.762163 0.647385 0 -0.827688 0.561188 0 -0.827688 0.561188 0 -0.883514 0.468406 0 -0.883514 0.468406 0 -0.928975 0.370142 0 -0.928975 0.370142 0 -0.96355 0.267529 0 -0.96355 0.267529 0 -0.986827 0.161779 0 -0.986827 0.161779 0 -0.998533 0.0541379 0 -0.998533 0.0541379 0 -0.108119 0.994138 0 0 1 0 0 1 0 0.108119 0.994138 0 0.108119 0.994138 0 0.214966 0.976622 0 0.214966 0.976622 0 0.319305 0.947652 0 0.319305 0.947652 0 0.419886 0.907577 0 0.419886 0.907577 0 0.515555 0.856856 0 0.515555 0.856856 0 0.605175 0.796093 0 0.605175 0.796093 0 0.687699 0.725996 0 0.687699 0.725996 0 0.762163 0.647385 0 0.762163 0.647385 0 0.827688 0.561188 0 0.827688 0.561188 0 0.883514 0.468406 0 0.883514 0.468406 0 0.928975 0.370142 0 0.928975 0.370142 0 0.96355 0.267529 0 0.96355 0.267529 0 0.986827 0.161779 0 0.986827 0.161779 0 0.998533 0.0541379 0 0.998533 0.0541379 0 0.108119 -0.994138 0 0.214966 -0.976622 0 0.214966 -0.976622 0 0.319305 -0.947652 0 0.319305 -0.947652 0 0.419886 -0.907577 0 0.419886 -0.907577 0 0.515555 -0.856856 0 0.515555 -0.856856 0 0.605175 -0.796093 0 0.605175 -0.796093 0 0.687699 -0.725996 0 0.687699 -0.725996 0 0.762163 -0.647385 0 0.762163 -0.647385 0 0.827688 -0.561188 0 0.827688 -0.561188 0 0.883514 -0.468406 0 0.883514 -0.468406 0 0.928975 -0.370142 0 0.928975 -0.370142 0 0.96355 -0.267529 0 0.96355 -0.267529 0 0.986827 -0.161779 0 0.986827 -0.161779 0 0.998533 -0.0541379 0 0.998533 -0.0541379 0 0.108119 -0.994138 0 0 -1 0 0 -1 0 -0.108119 -0.994138 0 -0.108119 -0.994138 0 -0.214966 -0.976622 0 -0.214966 -0.976622 0 -0.319305 -0.947652 0 -0.319305 -0.947652 0 -0.419886 -0.907577 0 -0.419886 -0.907577 0 -0.515555 -0.856856 0 -0.515555 -0.856856 0 -0.605175 -0.796093 0 -0.605175 -0.796093 0 -0.687699 -0.725996 0 -0.687699 -0.725996 0 -0.762163 -0.647385 0 -0.762163 -0.647385 0 -0.827688 -0.561188 0 -0.827688 -0.561188 0 -0.883514 -0.468406 0 -0.883514 -0.468406 0 -0.928975 -0.370142 0 -0.928975 -0.370142 0 -0.96355 -0.267529 0 -0.96355 -0.267529 0 -0.986827 -0.161779 0 -0.986827 -0.161779 0 -0.998533 -0.0541379 0 -0.998533 -0.0541379 0 0 0 1 0 0 1 0 0 1 0 0 1 0 0 1 0 0 1 0 0 1 0 0 1 0 0 1 0 0 1 0 0 1 0 0 1 0 0 1 0 0 1 0 0 1 0 0 1 0 0 1 0 0 1 0 0 1 0 0 1 0 0 1 0 0 1 0 0 1 0 0 1 0 0 1 0 0 1 0 0 1 0 0 1 0 0 1 0 0 1 0 0 1 0 0 1 0 0 1 0 0 1 0 0 1 0 0 1 0 0 1 0 0 1 0 0 1 0 0 1 0 0 1 0 0 1 0 0 1 0 0 1 0 0 1 0 0 1 0 0 1 0 0 1 0 0 1 0 0 1 0 0 1 0 0 1 0 0 1 0 0 1 0 0 1 0 0 1 0 0 1 0 0 1 0 0 1 0 0 1 0 0 1 0 0 1 0 0 1 0 0 1 0 0 1 0 0 1 0 0 1 0 0 1 0 0 1 0 0 1 0 0 1 0 0 1 0 0 1 0 0 1 0 0 1 0 0 1 0 0 1 0 0 1 0 0 1 0 0 1 0 0 1 0 0 1 0 0 1 0 0 1 0 0 1 0 0 1 0 0 1 0 0 1 0 0 1 0 0 1 0 0 1 0 0 1 0 0 1 0 0 1 0 0 1 0 0 1 0 0 1 0 0 1 0 0 1 0 0 1 0 0 1 0 0 1 0 0 1 0 0 1 0 0 1 0 0 1 0 0 1 0 0 1 0 0 1 0 0 1 0 0 1 0 0 1 0 0 1 0 0 1 0 0 1 0 0 1 0 0 1 0 0 1 0 0 1 0 0 1 0 0 1 0 0 1 0 0 1 0 0 1 0 0 1 0 0 1 0 0 1 0 0 1 0 0 1 0 0 1 0 0 1 0 0 1 0 0 1 0 0 1 0 0 1 0 0 1 0 0 1 0 0 1 0 0 1 0 0 1 0 0 1 0 0 1 0 0 1 0 0 1 0 0 1 0 0 1 0 0 1 0 0 1 0 0 1 0 0 1 0 0 1 0 0 1 0 0 1 0 0 1 0 0 1 0 0 1 0 0 1 0 0 1 0 0 1 0 0 1 0 0 1 0 0 1 0 0 1 0 0 1 0 0 1 0 0 1 0 0 1 0 0 1 0 0 1 0 0 1 0 0 1 0 0 1 0 0 1 0 0 1 0 0 1 0 0 1 0 0 1 0 0 1 0 0 1 0 0 1 0 0 1 0 0 1 0 0 1 0 0 1 0 0 1 0 0 1 0 0 1 0 0 1 0 0 1 0 0 1 0 0 1 0 0 1 0 0 1 0 0 1 0 0 1 0 0 1 0 0 1 0 -1 0 0 -1 0 0 0 -1 0 0 -1 0 -1 0 0 -1 0 0 0 1 0 0 1 0 1 0 0 1 0 0.945519 -0.325568 0 0.945519 -0.325568 0 0 -1 0 0 -1 0 -1 0 0 -1 0 0 -1 0 0 -1 0 0 -1 0 0 -1 0 0 -1 0 0 -1 0 0 -1 0 0 -1 0 0 -1 0 0 -1 0 0 -1 0 0 -1 0 0 -1 0 0 -1 0 0 -1 0 0 -1 0 0 -1 0 0 -1 0 0 -1 0 0 -1 0 0 -1 0 0 -1 0 0 -1 0 0 -0.707107 -0.707106 0 -0.707107 -0.707106 0 -0.998754 -0.0499049 0 -0.993747 -0.111651 0.000737595 -0.995302 -0.0968159 -0.000637269 -0.995469 -0.0950785 0.00135101 -0.996635 -0.0819571 -0.00122845 -0.996876 -0.0789667 0.00187826 -0.997746 -0.0670807 -0.00169058 -0.998021 -0.0628338 0.00227539 -0.995469 -0.0950786 -0.000968577 -0.996628 -0.0820525 0.000881332 -0.996876 -0.0789668 -0.00132174 -0.997742 -0.0671587 0.0011905 -0.998023 -0.0628339 -0.0015872 -0.998907 -0.0186296 -0.0428699 -0.8748 -0.0195786 -0.484089 -0.872642 -0.0255257 0.487693 -0.999972 -0.00745909 -0.000338468 -0.999959 -0.00830457 -0.00354404 -0.999966 -0.0079419 -0.00242314 -0.999971 -0.00744505 -0.00128098 -0.999976 -0.00695445 -0.000385306 -0.999961 -0.00841835 -0.0027338 -0.999995 0.0018192 0.00256244 -0.999978 0.00651995 -0.0012812 -0.999978 0.00651995 0.000886607 -0.999997 0.0018192 -0.00177325 -0.999931 -0.0113939 0.00295713 -0.999977 -0.00671427 0 -0.999975 -0.00710706 0.000383268 -0.999969 -0.00775807 0.00107172 -0.999964 -0.00827 0.00166654 -0.999958 -0.00888147 0.00244282 -0.999947 -0.0096643 0.00361956 -0.999972 -0.00746769 -0.000355271 -0.998635 -0.0521894 -0.00202244 -0.99875 -0.049977 -0.000187529 -0.998979 -0.0451689 -1.01212e-05 -0.998991 -0.0449032 -1.18165e-06 -0.999001 -0.0446841 1.07466e-06 -0.999019 -0.0442841 -1.17347e-05 -0.999044 -0.0437206 -0.000114548 -0.999071 -0.0430837 -0.000445891 -0.999098 -0.0424422 -0.00127154 -0.99912 -0.0418316 -0.0031979 -0.999115 -0.0412658 -0.0081278 -0.998997 -0.0409514 -0.0181254 -0.99798 -0.040379 -0.0490418 -0.874122 -0.0326156 -0.484611 -0.999766 -0.0180553 -0.0119155 -0.999828 -0.017672 -0.00556869 -0.999849 -0.0172388 -0.0023068 -0.999862 -0.0165694 -0.000697712 -0.999874 -0.0158896 -0.000160259 -0.999884 -0.0152013 1.69871e-05 -0.995291 -0.0969271 0.000484335 -0.993851 -0.110724 -0.000496822 -0.993741 -0.111713 0 -0.993711 -0.111973 0.000337145 -0.993662 -0.112406 0.000939885 -0.993733 -0.111782 0 -0.999736 -0.0224009 0.00508449 -0.999559 -0.0292381 -0.00512111 -0.99928 -0.0375531 0.00537274 -0.99917 -0.0398066 0.00859978 -0.998957 -0.0433927 0.0141977 -0.99779 -0.0562958 0.0352942 -0.999297 -0.0373296 0.00333123 -0.999124 -0.0418339 0.000594594 -0.999088 -0.0426914 0.000269928 -0.999057 -0.0434172 9.65279e-05 -0.99903 -0.0440455 2.47034e-05 -0.999008 -0.0445234 5.17812e-07 -0.998992 -0.0448863 -1.83456e-07 -0.998982 -0.0451102 3.58994e-06 -0.998752 -0.0499409 9.36933e-05 -0.998633 -0.0522501 0.0014121 -0.999877 -0.015696 2.61547e-05 -0.999863 -0.0165683 0.000161387 -0.999851 -0.0172811 0.000407638 -0.999836 -0.0180788 0.000759678 -0.999815 -0.0192007 0.00154235 -0.999796 -0.0200568 0.0023456 -0.999774 -0.0210033 0.00333359 -0.999808 0.0195585 -0.0014475 -0.999838 0.0179919 0 -0.999807 0.0195584 0.00209171 0.999962 -0.00874059 0 0.999977 0.00672765 0 0.999977 0.00672765 0 0.999796 0.0201772 0 0.999796 0.0201772 0 0.999435 0.0336234 0 0.999435 0.0336234 0 0.998892 0.0470669 0 0.998892 0.0470669 0 0.999962 -0.00874059 0 0.999656 -0.0262157 0 0.999656 -0.0262157 0 0.999045 -0.043683 0 0.999045 -0.043683 0 0.998129 -0.06114 0 0.998129 -0.06114 0 0.996908 -0.0785752 0 0.996908 -0.0785752 0 0.995383 -0.0959873 0 0.995383 -0.0959873 0 0.993553 -0.113371 0 0.993553 -0.113371 0 0 0 -1 0 0 -1 0 0 -1 0 0 -1 0 0 -1 0 0 -1 0 0 -1 0 0 -1 0 0 -1 0 0 -1 0 0 -1 0 0 -1 0 0 -1 0 0 -1 0 0 -1 0 0 -1 0 0 -1 0 0 -1 0 0 -1 0 0 -1 0 0 -1 0 0 -1 0 0 -1 0 0 -1 0 0 -1 0 0 -1 0 0 -1 0 0 -1 0 0 -1 0 0 -1 0 0 -1 0 0 -1 0 0 -1 0 0 -1 0 0 -1 0 0 -1 0 0 -1 0 0 -1 0 0 -1 0 0 -1 0 0 -1 0 0 -1 0 0 -1 0 0 -1 0 0 -1 0 0 -1 0 0 -1 0 0 -1 0 0 -1 0 0 -1 0 0 -1 0 0 -1 0 0 -1 0 0 -1 0 0 -1 0 0 -1 0 0 -1 0 0 -1 0 0 -1 -0.325569 -0.945518 0 -0.325569 -0.945518 0 0 0 1 0 0 1 0.325567 0.945519 0 0.325567 0.945519 0 0 0 -1 0 0 -1 0 0 -1 0 0 -1 0 0 1 0 0 1 0 0 1 0 0 1 0 0 1 0 0 1 0 0 1 0 0 1 0 0 1 0 0 1 0 0 1 0 0 1 0 0 1 0 0 1 0 0 1 0 0 1 0 0 1 0 0 1 0 0 1 0 0 1 0 0 1 0 0 1 0 0 1 0 0 1 0 0 1 0 0 1 0 0 1 0 0 1 0 0 1 0 0 1 0 0 1 0 0 1 0 0 1 0 0 1 0 0 1 0 0 1 0 0 1 0 0 1 0 0 1 0 0 1 0 0 1 0 0 1 0 0 1 0 0 1 0 0 1 0 0 1 0 0 1 0 0 1 0 0 1 0 0 1 0 0 1 0 0 1 0 0 1 0 0 1 0 0 1 0 0 1 0 0 1 0 0 1 0 0 1 0 0 1 0 0 1 0 0 1 0 0 1 0 0 1 0 0 1 0 0 1 0 0 1 0 0 1 0 0 1 0 0 1 0 0 1 0 0 1 0 0 1 0 0 1 0 0 1 0 0 1 0 0 1 0 0 1 0 0 1 0 0 1 0 0 1 0 0 1 0 0 1 0.945092 0.326805 0 0.945092 0.326805 0 0.945091 0.326809 0 0.945091 0.326809 0 0.945092 0.326806 5.13463e-06 0.945092 0.326804 0 -0.207912 -0.978148 0 -0.406737 -0.913545 0 -0.406737 -0.913545 0 -0.587785 -0.809017 0 -0.587785 -0.809017 0 -0.743144 -0.669131 0 -0.743144 -0.669131 0 -0.866026 -0.5 0 -0.866026 -0.5 0 -0.951056 -0.309017 0 -0.951056 -0.309017 0 -0.994522 -0.104528 0 -0.994522 -0.104528 0 -0.207912 -0.978148 0 0 -1 0 0 -1 0 0.207912 -0.978148 0 0.207912 -0.978148 0 0.406737 -0.913545 0 0.406737 -0.913545 0 0.587785 -0.809017 0 0.587785 -0.809017 0 0.743144 -0.669131 0 0.743144 -0.669131 0 0.866026 -0.5 0 0.866026 -0.5 0 0.951056 -0.309017 0 0.951056 -0.309017 0 0.994522 -0.104528 0 0.994522 -0.104528 0 0.207912 0.978148 0 0.406737 0.913545 0 0.406737 0.913545 0 0.587785 0.809017 0 0.587785 0.809017 0 0.743144 0.669131 0 0.743144 0.669131 0 0.866026 0.5 0 0.866026 0.5 0 0.951056 0.309017 0 0.951056 0.309017 0 0.994522 0.104528 0 0.994522 0.104528 0 0.207912 0.978148 0 0 1 0 0 1 0 -0.207912 0.978148 0 -0.207912 0.978148 0 -0.406737 0.913545 0 -0.406737 0.913545 0 -0.587785 0.809017 0 -0.587785 0.809017 0 -0.743144 0.669131 0 -0.743144 0.669131 0 -0.866026 0.5 0 -0.866026 0.5 0 -0.951056 0.309017 0 -0.951056 0.309017 0 -0.994522 0.104528 0 -0.994522 0.104528 0 0.94552 -0.325564 -0.000259206 0.945518 -0.325569 1.02742e-05 0.945518 -0.325569 6.42026e-06 0.945519 -0.325567 -1.77118e-05 0.945518 -0.32557 1.87422e-05 0.945519 -0.325568 -6.38558e-07 0.945518 -0.325569 4.80833e-06 0.945519 -0.325568 -1.19601e-06 0.945518 -0.325569 1.93765e-06 0.945518 -0.325569 2.05278e-06 0.945519 -0.325568 3.49246e-06 0.945519 -0.325568 -7.76103e-07 0.945519 -0.325568 0 0.945519 -0.325568 1.39395e-06 0.945518 -0.325569 5.33926e-06 0.945519 -0.325566 -7.91495e-06 0.945519 -0.325566 -6.83894e-06 0.945519 -0.325568 0 0.945519 -0.325568 0 0.945519 -0.325567 0 0.945519 -0.325567 0 0.945519 -0.325567 0 0.945518 -0.325568 -2.94677e-06 0.945519 -0.325568 0 -0.325569 -0.945518 0 -0.325569 -0.945518 -3.22036e-07 0.829037 -0.559193 0 0.829038 -0.559193 -1.70858e-06 0.946721 -0.322056 1.24892e-05 0.946721 -0.322056 0 0.946721 -0.322056 0 -0.998027 -0.062791 0 -0.998027 -0.062791 0 -0.982287 -0.18738 0 -0.982287 -0.18738 0 -0.951057 -0.309017 0 -0.951057 -0.309017 0 -0.904827 -0.42578 0 -0.904827 -0.42578 0 -0.844328 -0.535827 0 -0.844328 -0.535827 0 -0.770513 -0.637424 0 -0.770513 -0.637424 0 -0.684547 -0.728969 0 -0.684547 -0.728969 0 -0.587785 -0.809017 0 -0.587785 -0.809017 0 -0.481754 -0.876306 0 -0.481754 -0.876306 0 -0.368124 -0.929777 0 -0.368124 -0.929777 0 -0.24869 -0.968583 0 -0.24869 -0.968583 0 -0.125333 -0.992115 0 -0.125333 -0.992115 0 0 -1 0 0 -1 0 0.125333 -0.992115 0 0.125333 -0.992115 0 0.24869 -0.968583 0 0.24869 -0.968583 0 0.368124 -0.929777 0 0.368124 -0.929777 0 0.481754 -0.876306 0 0.481754 -0.876306 0 0.587785 -0.809017 0 0.587785 -0.809017 0 0.684547 -0.728969 0 0.684547 -0.728969 0 0.770513 -0.637424 0 0.770513 -0.637424 0 0.844328 -0.535827 0 0.844328 -0.535827 0 0.904827 -0.42578 0 0.904827 -0.42578 0 0.951057 -0.309017 0 0.951057 -0.309017 0 0.982287 -0.18738 0 0.982287 -0.18738 0 0.998027 -0.062791 0 0.998027 -0.062791 0 -0.999705 0.0243008 0 -0.999711 0.0240368 2.75641e-05 -0.99971 0.0240785 1.73448e-05 -0.999709 0.0241251 0 -0.999409 0.0343836 0.00013578 -0.999402 0.0345856 6.66982e-05 -0.999415 0.0342075 0.000247524 -0.999405 0.034478 3.60041e-05 -0.999405 0.0345047 9.56807e-05 -0.999703 0.0243621 -1.1008e-05 -0.999701 0.0244665 -3.17863e-06 -0.999695 0.0247142 1.73708e-06 -0.9997 0.0244807 -7.79139e-05 -0.999689 0.0249216 3.66616e-06 -0.999569 0.0293576 -0.000648003 -0.999569 0.0293258 -0.000931889 -0.999431 0.0337262 3.95831e-06 -0.999423 0.0339546 4.12238e-06 -0.999427 0.033837 -3.83314e-05 -0.999421 0.0340125 -5.6293e-06 -0.999812 0.0193686 -1.85433e-06 -0.999849 0.017323 -0.00102205 -0.999794 0.0202788 -7.74561e-07 -0.999312 0.037094 -1.52581e-06 -0.999783 0.0208288 -7.49331e-06 -0.999792 0.0204064 -1.62564e-06 -0.999785 0.020732 0 -0.999832 0.0183325 7.87633e-06 -0.999832 0.0183438 9.52147e-06 -0.99984 0.0178872 -1.39412e-05 -0.999847 0.0174935 4.95243e-05 -0.999874 0.015874 0.000407222 -0.999857 0.0169026 -0.000830729 -0.999787 0.0206341 -3.59146e-06 -0.999792 0.0203815 -2.52081e-05 -0.999784 0.0207871 -1.44803e-07 -0.999779 0.0210387 -1.5877e-06 -0.999778 0.0210582 -2.80945e-06 -0.99977 0.0214323 -5.53808e-06 -0.999773 0.0213045 -2.60648e-05 -0.999765 0.0217012 -5.90799e-07 -0.999753 0.022218 -2.14613e-05 -0.999744 0.0226257 -0.000122952 -0.999603 0.0281044 -0.00189971 -0.999615 0.0277289 -0.000498881 -0.999366 0.0356097 -4.44329e-06 -0.999363 0.0356857 9.96496e-07 -0.999361 0.0357482 2.96529e-06 -0.999359 0.0358048 2.00342e-06 -0.999357 0.0358692 0 -0.999357 0.0358509 2.81463e-07 -0.999355 0.0358972 1.33978e-06 -0.999349 0.0360651 -3.53266e-06 -0.999338 0.0363686 -5.10917e-06 -0.999334 0.0364939 9.74744e-07 -0.999321 0.0368416 -8.63268e-07 -0.999325 0.036749 1.5842e-05 -0.999801 0.0199353 2.00344e-06 -0.999802 0.019875 1.26156e-06 -0.999808 0.0195993 2.24347e-06 -0.999815 0.0192174 1.12306e-05 -0.999807 0.0196568 0 -0.999802 0.0199105 -1.11353e-05 -0.999807 0.0196654 1.84325e-06 -0.999376 0.0353346 -8.92474e-06 -0.999357 0.0358453 0 -0.999356 0.0358794 5.41777e-07 -0.999825 0.0187097 -3.14851e-06 -0.999823 0.0188162 5.15017e-06 -0.999818 0.0191001 8.24808e-07 -0.999815 0.0192144 4.48703e-06 -0.999815 0.0192462 8.63495e-07 -0.999794 0.0203154 -2.86026e-07 -0.999793 0.0203278 3.67492e-08 -0.999799 0.0200253 -1.2226e-06 -0.999426 0.0338862 2.78681e-05 -0.99943 0.0337487 7.56909e-06 -0.999415 0.0342016 -1.03711e-05 -0.999417 0.0341548 -1.85165e-05 -0.999397 0.0347285 1.81047e-05 -0.999401 0.0346082 -3.63134e-06 -0.999384 0.0351066 7.39077e-07 -0.999385 0.035072 -4.05169e-06 -0.999376 0.0353288 7.36547e-06 -0.999377 0.0352901 3.19046e-06 -0.999344 0.0362301 -6.49263e-06 -0.999352 0.0359991 2.2003e-05 -0.999305 0.0372693 6.20885e-06 -0.999308 0.0372007 -1.56523e-06 -0.999289 0.0376977 7.39923e-06 -0.99929 0.0376825 3.4969e-06 -0.999272 0.0381627 -6.52142e-06 -0.999208 0.03978 -0.000159104 -0.999218 0.039551 -0.000429272 -0.999189 0.0402765 -0.000238335 -0.999756 0.0220988 3.49626e-07 -0.999764 0.0217412 -3.93253e-05 -0.999757 0.0220263 -9.62426e-06 -0.99975 0.0223536 3.11021e-06 -0.999748 0.0224554 2.97053e-06 -0.999749 0.022426 6.27535e-06 -0.999346 0.0361591 -6.78473e-06 -0.999357 0.0358433 -3.37144e-05 -0.999336 0.0364306 9.31322e-06 -0.999337 0.0364199 1.06632e-05 -0.999362 0.0356159 -0.00247629 -0.999249 0.0387594 -0.00030384 -0.999303 0.0373249 0.000370122 -0.99928 0.0379481 -9.53025e-05 -0.99976 0.0219151 6.45324e-07 -0.999763 0.0217502 -3.1694e-06 -0.999765 0.0216992 -1.27855e-06 -0.999764 0.0217336 2.57905e-07 -0.999764 0.0217129 0 -0.99979 0.0204722 1.32727e-05 -0.999794 0.0202845 -1.86745e-05 -0.999804 0.0197809 1.01765e-05 -0.999812 0.0193949 0.000166725 -0.999808 0.0196197 3.37554e-05 -0.999774 0.0212723 7.20797e-08 -0.999773 0.0212902 3.75064e-07 -0.999777 0.0210979 1.43087e-06 -0.999775 0.0211982 0 -0.999778 0.0210546 3.92659e-06 -0.99978 0.020965 1.01522e-05 -0.999779 0.0210269 4.30651e-06 -0.999363 0.0356906 3.07533e-06 -0.999362 0.0357228 4.25683e-06 -0.99937 0.0354814 0 -0.999377 0.0352803 -2.95112e-06 -0.999361 0.0357542 5.87581e-09 -0.999308 0.0372091 -3.2199e-05 -0.999351 0.0360115 0 -0.999741 0.0227425 -1.24733e-05 -0.999738 0.0228926 1.07382e-05 -0.999596 0.0284124 -0.000179182 -0.999059 0.0188713 -0.0390584 -0.999347 0.0325526 0.0156941 -0.999586 0.0287808 -0.000135727 -0.999408 0.0344182 1.23792e-05 -0.99941 0.0343394 -9.67939e-06 -0.999402 0.0345825 7.61127e-07 -0.999717 0.0231779 -0.00532025 -0.999834 0.0182427 -4.91113e-05 -0.999787 0.0206219 -2.07753e-05 -0.999782 0.0208897 3.56305e-06 -0.999787 0.0206363 4.63892e-07 -0.999769 0.0215083 -2.11681e-07 -0.999768 0.021533 -1.53058e-06 -0.99939 0.0349333 4.0801e-06 -0.999392 0.034879 -8.83411e-06 -0.999383 0.0351351 1.42892e-06 -0.999376 0.0353334 -1.17399e-06 -0.999376 0.0353215 -2.14477e-06 -0.999372 0.0354369 -4.85123e-06 -0.999367 0.0355701 5.24076e-06 -0.999352 0.0359996 5.75576e-06 -0.999357 0.0358625 -4.4587e-06 -0.999357 0.0358634 -4.46214e-06 -0.999305 0.0372701 -2.49999e-06 -0.999314 0.0370391 5.87767e-06 -0.999321 0.0368574 2.43365e-05 -0.999325 0.0367261 8.22215e-07 -0.999814 0.0192624 -2.56084e-05 -0.999804 0.0197847 5.5372e-06 -0.999369 0.0355146 -7.10991e-06 -0.999359 0.0358002 3.3882e-06 -0.999907 0.0136119 -5.37774e-07 -0.999252 0.0386809 -7.49213e-06 -0.999831 0.0183799 -2.90416e-06 -0.999839 0.0179283 -4.76435e-05 -0.999834 0.0182229 -2.44634e-05 -0.999829 0.0184772 -1.26263e-05 -0.999841 0.0178195 -3.72265e-05 -0.999807 0.0196466 2.39281e-05 -0.999823 0.0188198 -2.16856e-06 -0.999816 0.0191759 4.01485e-07 -0.999812 0.0194004 -1.42205e-05 -0.999861 0.0166931 4.86331e-07 -0.999861 0.0166723 -6.82552e-07 -0.999874 0.0158725 2.11834e-06 -0.999883 0.0152733 7.37999e-05 -0.999888 0.0149801 0.000136426 -0.999889 0.0148699 0.000177113 -0.999889 0.0149244 0.000146151 -0.999886 0.0150994 -1.45043e-05 -0.999788 0.0205729 -2.45195e-05 -0.999799 0.0200711 -0.000131104 -0.999787 0.0206433 -3.05017e-05 -0.999777 0.021126 -1.9089e-06 -0.999416 0.0341841 -3.34829e-05 -0.999418 0.0341145 -4.56514e-05 -0.99945 0.0331726 3.9532e-05 -0.999484 0.0321205 0.000191381 -0.999536 0.0304408 0.000789301 -0.999563 0.0295282 0.00129916 -0.999589 0.0285999 0.00184642 -0.99962 0.0274328 0.00277856 -0.999642 0.0264876 0.00368541 -0.999659 0.0257047 0.00460538 -0.999671 0.0250649 0.0055166 -0.999676 0.0247035 0.00616907 -0.99962 0.0275601 0.000143053 -0.999335 0.0364699 -1.87544e-05 -0.999343 0.0362494 -6.49314e-05 -0.999339 0.0363469 -4.75689e-05 -0.999323 0.03679 1.02414e-05 -0.999326 0.0367063 0 -0.999337 0.0364146 -2.97023e-05 -0.999332 0.0365464 -1.72602e-05 -0.999328 0.03666 -9.40918e-06 -0.999321 0.0368506 -3.02211e-06 -0.999304 0.0373098 1.3934e-07 -0.999296 0.0375222 -1.03595e-05 -0.999149 0.0412503 3.33018e-05 -0.999165 0.0408479 8.60525e-05 -0.999195 0.0401108 0.000226944 -0.999224 0.0393964 0.000395289 -0.999264 0.0383575 0.00069033 -0.999191 0.0402266 4.61482e-05 -0.999849 0.0173933 9.8541e-07 -0.999854 0.0171129 -1.90152e-05 -0.999846 0.0175329 -9.22926e-07 -0.99982 0.018957 5.78571e-05 -0.999826 0.0186669 0 -0.999384 0.0351017 -4.45842e-05 -0.999376 0.0353332 6.90284e-07 -0.9994 0.034636 -3.47827e-06 -0.999271 0.0381701 -3.80447e-05 -0.999259 0.03849 1.18924e-05 -0.999289 0.0377092 -1.92475e-06 -0.906298 0.422617 0.00441453 -0.734358 0.678757 -0.00248598 -0.707064 0.707147 0.00219113 -0.601456 0.798903 -0.00226698 -0.573563 0.819159 0.00197047 -0.44933 0.893363 -0.00203852 -0.422602 0.906314 0.00173578 -0.282789 0.959181 -0.00178249 -0.258825 0.965923 0.00148446 -0.107076 0.99425 -0.00150606 -0.0871916 0.996191 0.00119876 0.0720468 0.997401 -0.00122335 0.0871916 0.996191 0.000896603 0.248708 0.968578 -0.00091346 0.258825 0.965924 0.000589348 0.824211 0.566282 -0.000818795 0.906306 0.422621 0.000798625 0.912035 0.410113 0 0.91406 0.405576 -0.00183791 0.947712 0.319126 0.000385029 0.965922 0.258808 0.00354017 0.974919 0.222516 -0.00444702 -0.843665 0.53687 0 -0.849225 0.528017 -0.0038669 -0.819173 0.573541 0.00238489 -0.999398 0.0346851 0 -0.996151 0.0871538 0.00930787 -0.988674 0.149883 -0.00764482 -0.956222 0.292406 0.0117622 -0.965927 0.258809 0.00193824 -0.919066 0.3941 -0.00151686 0.417606 0.908628 -0.000573139 0.422602 0.906315 0.000240716 0.572983 0.819567 -0.000231571 0.573564 0.819161 -0.000123775 0.710019 0.704182 0.000134228 0.707065 0.707148 -0.000519358 0.819175 0.573543 0.000461902 0.996195 0.0871576 0 0.997294 0.0733088 0.00550802 -0.843665 0.53687 0 -0.843665 0.53687 0 -0.734361 0.678759 0 -0.734361 0.678759 0 -0.601458 0.798905 0 -0.601458 0.798905 0 -0.449331 0.893365 0 -0.449331 0.893365 0 -0.282789 0.959182 0 -0.282789 0.959182 0 -0.107076 0.994251 0 -0.107076 0.994251 0 0.0720469 0.997401 0 0.0720469 0.997401 0 0.248709 0.968578 0 0.248709 0.968578 0 0.417606 0.908628 0 0.417606 0.908628 0 0.572983 0.819567 0 0.572983 0.819567 0 0.710019 0.704182 0 0.710019 0.704182 0 0.824211 0.566283 0 0.824211 0.566283 0 0.912035 0.410113 0 0.912035 0.410113 0 -0.852483 0.441814 -0.279417 -0.810099 0.416934 -0.412197 -0.79017 0.409031 -0.456427 -0.887944 0.45895 -0.0303268 -0.883925 0.457967 -0.0945718 -0.874514 0.449946 -0.181036 -0.697894 0.359922 -0.619193 -0.688928 0.356287 -0.631219 -0.561391 0.289997 -0.775075 -0.604737 0.308735 -0.73415 -0.453688 0.238897 -0.858542 -0.494552 0.256325 -0.830491 -0.318849 0.164084 -0.933494 -0.367772 0.185058 -0.911316 -0.244226 0.127567 -0.961291 -0.0841271 0.0409614 -0.995613 -0.108439 0.056049 -0.992522 0 0 -1 0 0 -1 0 0 -1 0 0 -1 0 0 -1 0 0 -1 0 0 -1 0 0 -1 0 0 -1 0 0 -1 0 0 -1 0 0 -1 0 0 -1 0 0 -1 0 0 -1 0 0 -1 0 0 -1 0 0 -1 0 0 -1 0 0 -1 0 0 -1 0 0 -1 0 0 -1 0 0 -1 0 0 -1 0 0 -1 0 0 -1 0 0 -1 0 0 -1 0 0 -1 0 0 -1 0 0 -1 0 0 -1 0 0 -1 0 0 -1 0 0 -1 0 0 -1 0 0 -1 0 0 -1 0 0 -1 0 0 -1 0 0 -1 0 0 -1 0 0 -1 0 0 -1 0 0 -1 0 0 -1 0 0 -1 0 0 -1 0 0 -1 0 0 -1 0 0 -1 0 0 -1 0 0 -1 0 0 -1 0 0 -1 0 0 -1 0 0 -1 0 0 -1 0 0 -1 0 0 -1 0 0 -1 0 0 -1 0 0 -1 0 0 -1 0 0 -1 0 0 -1 0 0 -1 0 0 -1 0 0 -1 0 0 -1 0 0 -1 0 0 -1 0 0 -1 0 0 -1 0 0 -1 0 0 -1 0 0 -1 0 0 -1 0 0 -1 0 0 -1 0 0 -1 0 0 -1 0 0 -1 0 0 -1 0 0 -1 0 0 -1 0 0 -1 0 0 -1 0 0 -1 0 0 -1 0 0 -1 0 0 -1 0 0 -1 0 0 -1 0 0 -1 -7.40312e-05 0.745613 -0.666379 -0.265253 0.740198 -0.617857 0.334249 0.825522 -0.454743 0 0.992445 -0.122687 0.47114 0.861104 -0.191119 -0.746217 0.621679 -0.238065 0 0.181792 -0.983337 0.420564 0.130487 -0.89783 -0.479068 0.474277 -0.738617 -9.57411e-05 0.507252 -0.861798 -0.000487546 -0.56825 -0.822856 -0.317012 -0.520253 -0.792995 0.342632 -0.209029 -0.91592 0 -0.197392 -0.980325 0 -0.976579 -0.215161 0.32679 -0.926192 -0.188086 -0.301672 -0.781498 -0.546127 -0.000330011 -0.830529 -0.556976 0 -1 0 0 -1 0 0 -0.258311 0.966062 0 -0.258311 0.966062 0 0.152386 0.988321 0.744382 0.155172 0.649474 -0.451827 0.419857 0.787129 0.772908 0.464669 0.432084 0.168335 0.692137 0.701861 -0.171551 0.948489 0.266345 0 0.965053 0.262055 0.00115631 -0.639404 0.76887 -0.245906 -0.63257 0.734429 0.243935 -0.226286 0.943022 0 -0.248223 0.968703 0 -0.962979 -0.269576 0.147698 -0.969652 -0.194833 -0.633539 -0.76895 0.085696 0.00128445 -0.862547 0.505975 0.70231 -0.687806 0.183533 0 0.480551 0.876967 0 0.480551 0.876967 -3.52276e-05 -0.938376 -0.345615 0.575856 -0.788587 -0.215686 -0.806142 -0.584142 -0.0944139 0 -0.997268 -0.0738741 0 -0.762281 -0.647246 -0.35236 -0.697311 -0.62418 0.530603 -0.742806 -0.40829 -5.15084e-05 -0.862918 -0.505344 0 -0.446887 -0.89459 0.233018 -0.451852 -0.861123 -0.359633 -0.566539 -0.741416 0 -0.624228 -0.781243 0 -0.110233 -0.993906 -0.852967 -0.00688796 -0.52192 0.915738 -0.136144 -0.378006 0 -0.235811 -0.971799 0 -0.883691 0.468071 0.000222051 -0.883691 0.468071 0.00039795 -0.933463 0.358673 0 -0.933464 0.358671 0 0.290598 0.956845 0.508813 0.262092 0.82001 -0.59593 0.0896538 0.798016 0 0.122974 0.99241 -0.000314584 0.635287 0.772276 0.430444 0.582723 0.689312 -0.509286 0.414803 0.754033 0 0.491217 0.871037 0.000268868 0.882684 0.469966 0.675831 0.661172 0.325735 -0.793422 0.477973 0.37686 -0.000244791 0.799295 0.600939 0 0.995499 0.0947678 0.662592 0.747736 0.0431516 -0.78203 0.598332 0.17444 -0.000152193 0.968209 0.250143 -2.89253e-05 0.956832 0.290642 0.510462 0.828306 0.230948 -0.394236 0.914672 0.0891839 0 0.997408 0.0719599 0.000909686 0.767661 0.640855 -0.3932 0.696747 0.599948 0.530288 0.741408 0.411228 -4.95627e-05 0.867174 0.498006 0 0.503044 0.864261 -0.802113 0.290487 0.521759 0.749261 0.428665 0.504831 0.00074236 0.626459 0.779454 0 0.128463 0.991714 -0.914308 0.041321 0.402906 0.935116 0.0944193 0.341529 0 0.244836 0.969564 0 -0.290552 0.956859 -0.518021 -0.253521 0.816934 0.6063 -0.0981548 0.789156 0 -0.12363 0.992328 0.000387895 -0.636461 0.771308 -0.428188 -0.580846 0.692295 0.514625 -0.420615 0.747158 0 -0.492727 0.870184 -0.00022225 -0.883916 0.467645 -0.648324 -0.681489 0.339483 0.77403 -0.502407 0.385312 0.000301932 -0.799719 0.600374 0 -0.999159 0.0409968 0.142384 -0.988281 0.0550182 -0.45254 -0.865838 0.213383 0.000177537 -0.968377 0.249493 0 -1 0 0 -1 0 0 -0.956806 0.290726 -0.564742 -0.794655 0.22269 0.425991 -0.900525 0.0870982 0 -0.997549 0.069973 0 -0.772786 0.634667 0.782419 -0.471445 0.40689 -0.910353 -0.357126 0.209089 0 -0.8539 0.520437 -0.000360851 -0.47121 0.882021 0.682785 -0.338176 0.647644 -0.817621 -0.346167 0.46007 0 -0.601138 0.799145 0 -0.0970118 0.995283 0.784606 -0.0562956 0.617434 -0.900229 -0.094446 0.42505 -0.000230131 -0.236589 0.97161 0 0.979043 0.203653 0.00130158 0.979044 0.203646 0.00133998 0.952696 0.303923 0 0.952696 0.303924 0 0.347632 -0.937631 0.0562459 0.338458 -0.939299 -0.221453 0.162098 -0.961604 0 0.150722 -0.988576 0 0.650747 -0.759295 0.633871 0.457802 -0.623398 -0.583748 0.414858 -0.697948 0 0.445589 -0.895238 0.732172 0.63428 -0.24822 0 0.998785 -0.0492824 0.491195 0.866029 -0.0933873 -0.745625 0.646341 -0.162129 0 0.798391 -0.602139 0.958361 0.190687 -0.212562 -0.726402 0.587152 -0.357202 2.69116e-05 0.956818 -0.290688 -0.463718 0.85502 -0.232177 0.37641 0.921868 -0.0920569 0 0.9973 -0.0734352 -0.000452567 0.76382 -0.64543 0.371781 0.69008 -0.620941 -0.529483 0.746338 -0.403271 4.66202e-05 0.863953 -0.503572 0 0.450212 -0.892922 -0.20219 0.457723 -0.8658 0.297881 0.580188 -0.758056 -0.000370134 0.624693 -0.78087 0 0.11502 -0.993363 0.873289 -0.00813912 -0.487134 -0.918699 0.149275 -0.365662 0 0.237988 -0.971268 8.91121e-05 -0.290582 -0.95685 0.724359 -0.246155 -0.643981 -0.849535 -0.0335547 -0.526465 0 -0.14721 -0.989105 -0.000227382 -0.646422 -0.76298 0.364669 -0.621552 -0.693318 -0.551198 -0.396729 -0.734021 8.03814e-05 -0.505027 -0.863104 0.000365705 -0.916212 -0.400694 -0.210006 -0.872818 -0.440553 0.756473 -0.549392 -0.354849 -0.000206065 -0.722424 -0.69145 -0.445608 -0.703648 -0.553455 0 -0.993742 -0.111704 0.828417 -0.559462 -0.0269663 -0.901952 -0.409841 -0.136064 0.000222091 -0.969941 -0.243339 0 -1 0 0 -1 0 -0.000108446 -0.930591 0.36606 -0.273528 -0.923173 0.270064 0.778316 -0.618845 0.10609 0 -0.996387 0.0849299 -4.70725e-05 -0.771964 0.635667 0.799188 -0.442624 0.406673 -0.943874 -0.282955 0.170409 -0.000162253 -0.836685 0.547684 -0.637744 -0.202103 0.743261 0 -0.0159962 0.999872 -0.117035 -0.0577556 0.991447 0.698517 -0.174836 0.693906 -6.0155e-05 -0.583193 0.812333 -0.970124 -0.14817 0.19211 0.644033 -0.424415 0.636469 0 0.845706 0.53365 0.000268376 0.845705 0.53365 0.000302433 0.79897 0.601371 0 0.798971 0.601369 0 0.354434 -0.935081 0.0409973 0.346121 -0.937294 -0.207585 0.168998 -0.963508 0 0.158072 -0.987428 0.000159847 0.619726 -0.784818 -0.657069 0.504508 -0.560117 0.686085 0.311226 -0.657591 0 0.491405 -0.870931 0 0.997476 -0.0710086 0.493952 0.863638 -0.100708 -0.46658 0.857779 -0.215681 0.553243 0.782123 -0.286717 -0.474462 0.78962 -0.389085 0.000127915 0.778183 -0.628038 0.761012 0.517941 -0.390638 0 0.936317 -0.351157 -0.489218 0.840851 -0.231593 0.80636 0.58293 -0.09988 0 0.997001 -0.07739 -0.00018217 0.788594 -0.614914 0.705987 0.530014 -0.469752 -0.660407 0.675316 -0.328345 0 0.874249 -0.485478 0 0.141402 -0.989952 0.822367 0.0229479 -0.568494 -0.722088 0.247382 -0.646058 -0.000238719 0.592194 -0.805795 -0.850537 0.352453 -0.390338 0.757313 0.255828 -0.600857 -9.29973e-05 -0.353577 -0.935406 -0.0429232 -0.345739 -0.937348 0.20841 -0.165082 -0.964009 0 -0.157117 -0.98758 -0.000156413 -0.618458 -0.785818 0.668041 -0.491839 -0.558405 -0.679829 -0.320955 -0.659409 -8.66823e-05 -0.489708 -0.871887 -0.549946 -0.782961 -0.290743 0 -0.99983 -0.0184514 -0.324529 -0.939222 -0.111996 0.773646 -0.621205 -0.124805 -0.000116435 -0.811056 -0.584968 -0.871902 -0.372535 -0.317813 0.477126 -0.784357 -0.396403 0 -1 0 0 -1 0 3.26808e-05 -0.935621 -0.353005 0.0439135 -0.937318 -0.345696 -0.210122 -0.964395 -0.160598 0 -0.987666 -0.156578 0.000183017 -0.786355 -0.617775 -0.684835 -0.548288 -0.479982 0.670758 -0.663968 -0.3305 4.5275e-05 -0.87226 -0.489042 0.71648 -0.229384 -0.658816 0 -0.0214351 -0.99977 0.227814 -0.0822988 -0.97022 -0.763724 -0.119123 -0.634457 0.000239955 -0.586475 -0.809967 0.859291 -0.333535 -0.387781 -0.482977 -0.394288 -0.781837 0 -0.65096 0.759112 0.00117645 -0.650958 0.759113 0.00142749 -0.714962 0.699162 0 -0.714967 0.699158 -0.000172154 0.365704 0.930731 -0.0252024 0.358329 0.933255 0.22285 0.167985 0.96027 0 0.168776 0.985654 -0.000142941 0.635488 0.77211 0.566358 0.544133 0.618997 -0.710108 0.344829 0.613873 -0.000158974 0.511177 0.859475 -0.248046 0.920678 0.301372 0 0.999873 0.0159709 -0.22518 0.968808 0.103465 0.799258 0.58678 0.129905 -0.000104911 0.823931 0.56669 -0.974778 0.17108 0.143319 0.418921 0.765642 0.488158 4.04626e-05 0.931314 0.364218 0.0237497 0.933535 0.3577 -0.203703 0.964003 0.170892 0 0.985779 0.168048 5.86413e-05 0.773732 0.633514 -0.579463 0.613088 0.536979 0.724409 0.60447 0.331434 5.65807e-05 0.860588 0.509302 0 0.0842073 0.996448 0.357285 0.0963157 0.929016 -0.552295 0.289506 0.781765 7.25372e-05 0.621223 0.783634 -0.391751 0.560583 0.729574 0.481768 0.32359 0.814364 0.000292887 -0.365978 0.930624 0.0244122 -0.358981 0.933025 -0.22387 -0.165262 0.960505 0 -0.169085 0.985602 0.000600158 -0.635931 0.771746 -0.566317 -0.540235 0.622439 0.708661 -0.353354 0.610689 0.000270397 -0.511701 0.859164 0.749795 -0.618325 0.235546 0 -0.999894 0.0145717 0.201346 -0.974138 0.102539 -0.80501 -0.579097 0.128864 0.000480332 -0.786445 0.617661 0.86918 -0.372059 0.325727 -0.794354 -0.506497 0.335354 0 -1 0 0 -1 0 0 -0.290539 0.956863 -0.508222 -0.254699 0.822702 0.593013 -0.0990884 0.799073 0 -0.122744 0.992438 0.000314742 -0.634815 0.772664 -0.435005 -0.576791 0.691435 0.505634 -0.421512 0.75277 0 -0.490625 0.871371 -0.000279224 -0.882248 0.470785 -0.690732 -0.646307 0.324311 0.793682 -0.48225 0.370816 0.00024491 -0.799075 0.601232 0 -0.995368 0.0961417 -0.684855 -0.727414 0.0429286 0.784664 -0.595913 0.170849 0.000146877 -0.968114 0.250512 0 -1 0 0 -1 0 3.22986e-05 -0.956805 0.29073 -0.558028 -0.798981 0.224131 0.420499 -0.903078 0.0873551 0 -0.997526 0.0702947 0 -0.772036 0.635579 0.421324 -0.694782 0.582893 -0.514108 -0.75121 0.413976 5.45868e-05 -0.87096 0.491354 -8.17435e-05 -0.469448 0.88296 0.659275 -0.346604 0.66725 -0.806229 -0.355248 0.473068 0 -0.600676 0.799493 0 -0.0941706 0.995556 0.764453 -0.0560694 0.642237 -0.895557 -0.0956993 0.434534 -8.99811e-05 -0.235229 0.97194 -0.00127905 0.927945 -0.372714 0.50429 0.79566 -0.335583 -0.54294 0.808526 -0.226941 0.00113579 0.958467 -0.285202 0.0011657 0.983703 -0.179795 -0.000286248 0.98371 -0.179764 -0.000127011 0.996814 -0.0797628 0 0.996814 -0.079765 -0.000283841 0.83676 -0.54757 -0.085681 0.835312 -0.543058 0.0686319 0.88485 -0.460793 -0.00127367 0.88805 -0.459746 0.000184922 0.55437 -0.83227 0.67718 0.383332 -0.628079 -0.711071 0.462069 -0.529972 0.10532 0.618924 -0.778358 -0.0891889 0.706368 -0.702204 0.486704 0.603161 -0.631914 -0.522372 0.668918 -0.528844 -0.000330591 0.770237 -0.637757 -0.000866013 0.181277 -0.983432 0.943467 0.0187911 -0.330932 -0.700381 0.167806 -0.693763 0.615111 0.202239 -0.762062 0.000197785 0.455639 -0.890165 -0.687381 0.356399 -0.632841 0.362146 0.350462 -0.863729 0.658304 0.262811 -0.705384 -0.75873 0.229768 -0.609537 -0.000221919 -0.0190214 -0.999819 0.499636 -0.0373623 -0.865429 -0.564552 0.0834264 -0.821171 -0.000615988 0.0731808 -0.997319 -0.000220373 -0.119348 -0.992852 -0.000367669 -0.119342 -0.992853 7.57542e-05 -0.409294 -0.912402 0.626613 -0.338487 -0.701985 -0.716228 -0.204994 -0.66708 0.000261454 -0.32648 -0.945204 0.00167069 -0.218827 -0.975762 -0.000361347 -0.218751 -0.975781 1.46283e-05 -0.751031 -0.660267 -0.519479 -0.627915 -0.579538 0.190922 -0.705286 -0.68273 -0.557638 -0.543749 -0.627198 -0.000521839 -0.668137 -0.744038 0.000120533 -0.583599 -0.812042 0.670128 -0.449453 -0.590695 -0.766724 -0.308302 -0.563102 0.000588078 -0.510348 -0.859968 -0.000211173 -0.855132 -0.51841 -0.696452 -0.605375 -0.385325 0.566295 -0.661696 -0.491394 0.000180097 -0.790435 -0.612547 0 -0.941493 -0.337033 -0.426805 -0.848643 -0.312477 0.373709 -0.838591 -0.396368 -0.000177478 -0.900096 -0.435692 -0.000126016 -0.989897 -0.141789 0.00104704 -0.989899 -0.14177 0.000936316 -0.970614 -0.240641 0 -0.97061 -0.240657 0 -0.998196 0.0600448 0.000142407 -0.998196 0.0600467 -0.00209686 -0.999142 -0.0413608 -3.67328e-05 -0.999146 -0.0413306 -9.57949e-05 0.290604 0.956843 0.519002 0.261599 0.813758 -0.610267 0.0877162 0.787325 0 0.123967 0.992286 -0.000387619 0.637128 0.770758 0.423149 0.587343 0.689908 -0.518942 0.413305 0.74825 -8.70728e-05 0.49354 0.869723 -0.000786063 0.88456 0.466425 0.627391 0.69953 0.342108 -0.770993 0.500691 0.393546 -0.000301731 0.800019 0.599974 0 0.996029 0.0890271 0.585652 0.809289 0.0454228 -0.741558 0.644873 0.185015 -0.00130618 0.968494 0.249034 0 0.956917 0.29036 0.56642 0.794319 0.219604 -0.431731 0.897771 0.087264 0 0.997573 0.0696228 0.000916055 0.773837 0.633384 -0.793412 0.455997 0.403193 0.904179 0.3729 0.208343 0 0.854924 0.518753 9.78474e-05 0.473568 0.880757 -0.714129 0.316567 0.624343 0.827118 0.347175 0.441978 0.000712465 0.601855 0.798605 0 0.100797 0.994907 -0.807779 0.0434696 0.58788 0.903313 0.108478 0.41504 0.00010788 0.238823 0.971063 -0.888353 0.459161 1.14872e-05 -0.88835 0.459168 0 -0.88835 0.459168 0 -0.888348 0.459171 -5.52173e-05 -0.888353 0.459161 0 -0.888353 0.459161 0 -0.888352 0.459163 1.25506e-05 -0.888348 0.459171 0 -0.989061 0.104933 -0.103672 -0.98563 0.119121 -0.119768 -0.11024 0.00981886 -0.993856 -0.991332 0.0888993 -0.0967403 -0.986371 0.102775 -0.128492 -0.109662 0.00798431 -0.993937 -0.99317 0.0728059 -0.0911779 -0.987204 0.0854156 -0.134653 -0.109233 0.00618153 -0.993997 -0.994595 0.0566684 -0.0870044 -0.98789 0.0680682 -0.13943 -0.108957 0.004402 -0.994037 -0.995623 0.0404984 -0.0842277 -0.988445 0.0507324 -0.142838 -0.108827 0.00263707 -0.994057 -0.996266 0.0243056 -0.0828471 -0.988884 0.0334042 -0.144885 -0.989219 0.0160796 -0.145557 -0.10943 -0.00262919 -0.993991 -0.994393 -0.0216322 -0.103515 -0.990312 -0.0185948 -0.137606 -0.109982 -0.00440549 -0.993924 -0.993386 -0.050458 -0.103146 -0.991775 -0.0360042 -0.122824 -0.111285 -0.00669181 -0.993766 -0.110728 -0.00621277 -0.993831 -0.237297 -0.0172487 -0.971284 -0.0903097 -0.00651935 -0.995892 -0.992117 0.121602 -0.0302878 -0.97607 0.120858 -0.180777 -0.937151 0.112598 -0.330258 -0.904392 0.11228 -0.411666 -0.84072 0.100667 -0.532031 -0.779556 0.0971197 -0.618756 -0.702148 0.0836857 -0.707097 -0.627518 0.0777887 -0.774706 -0.32795 0.0392556 -0.943879 -0.991841 -0.0359696 -0.122302 -0.109069 -0.000873323 -0.994034 -0.115809 -0.000145909 -0.993271 -0.108844 0.000879015 -0.994059 -0.996528 0.00810312 -0.0828596 -0.98945 -0.00124647 -0.144873 -0.995724 -0.00721901 -0.0920994 -0.993608 -0.06497 -0.0923151 -0.993647 -0.0649283 -0.0919239 -0.989016 -0.0532604 -0.13788 -0.941834 -0.0622327 -0.330266 -0.928457 -0.0579147 -0.366897 -0.964401 -0.0664257 -0.255966 -0.70561 -0.0462256 -0.707092 -0.723343 -0.0489648 -0.688751 -0.844679 -0.0587519 -0.532039 -0.801415 -0.04773 -0.596202 -0.880137 -0.0609736 -0.470787 -0.329591 -0.0213062 -0.943883 -0.348142 -0.0235763 -0.937145 -0.530665 -0.0382606 -0.846718 -0.460258 -0.0261741 -0.887399 -0.606318 -0.0436144 -0.794025 -0.528337 0.0625582 -0.846727 -0.509257 0.0611442 -0.858439 -0.356206 0.0445588 -0.933344 -0.121149 0.0154144 -0.992515 -0.111543 0.0135783 -0.993667 -0.110981 0.0116942 -0.993754 -0.938807 0.0978191 -0.330261 -0.93881 0.0978189 -0.330254 -0.842171 0.0877497 -0.532022 -0.84217 0.0877497 -0.532024 -0.703324 0.0732827 -0.707082 -0.703317 0.0732826 -0.707089 -0.529173 0.0551376 -0.846721 -0.529173 0.0551376 -0.846721 -0.328516 0.0342299 -0.943878 -0.328518 0.03423 -0.943877 -0.112805 0.0117538 -0.993548 -0.940376 0.0813639 -0.330263 -0.940376 0.0813638 -0.330261 -0.843577 0.0729885 -0.532025 -0.843579 0.0729884 -0.532022 -0.704489 0.0609541 -0.707092 -0.7045 0.0609541 -0.707082 -0.530062 0.0458615 -0.846718 -0.530058 0.0458615 -0.846721 -0.329064 0.0284711 -0.943878 -0.329065 0.0284712 -0.943878 -0.11386 0.00985131 -0.993448 -0.941652 0.0648823 -0.330276 -0.941657 0.0648817 -0.330262 -0.844735 0.0582036 -0.532011 -0.844726 0.058204 -0.532025 -0.705454 0.0486078 -0.707087 -0.705449 0.0486079 -0.707092 -0.530776 0.0365723 -0.846723 -0.530784 0.0365723 -0.846718 -0.329515 0.0227044 -0.943877 -0.329512 0.0227044 -0.943878 -0.114698 0.00790305 -0.993369 -0.942647 0.0483819 -0.330265 -0.942644 0.0483824 -0.330276 -0.845613 0.0434022 -0.532029 -0.845624 0.0434014 -0.532011 -0.706193 0.0362451 -0.707091 -0.706197 0.036245 -0.707087 -0.531348 0.027271 -0.846715 -0.531335 0.0272713 -0.846723 -0.329859 0.0169303 -0.943878 -0.329862 0.0169303 -0.943877 -0.115318 0.00591873 -0.993311 -0.94335 0.0318661 -0.330266 -0.94335 0.031866 -0.330265 -0.846248 0.0285859 -0.532021 -0.846243 0.0285864 -0.532029 -0.706714 0.023873 -0.707096 -0.70672 0.0238727 -0.707091 -0.531744 0.0179621 -0.846714 -0.531744 0.0179621 -0.846715 -0.330106 0.0111509 -0.943878 -0.330105 0.0111509 -0.943879 -0.115713 0.00390878 -0.993275 -0.943759 0.0153406 -0.330278 -0.943763 0.0153399 -0.330266 -0.846623 0.013761 -0.532016 -0.846619 0.0137613 -0.532021 -0.707036 0.0114925 -0.707085 -0.707024 0.0114933 -0.707096 -0.531965 0.0086476 -0.846722 -0.531977 0.00864686 -0.846714 -0.330251 0.00536795 -0.943878 -0.330251 0.00536795 -0.943878 -0.115877 0.00188348 -0.993262 -0.943886 -0.00118907 -0.33027 -0.943883 -0.00118854 -0.330277 -0.84673 -0.00106621 -0.532023 -0.846734 -0.0010667 -0.532016 -0.707119 -0.00089082 -0.707094 -0.707129 -0.000891658 -0.707085 -0.532043 -0.000670883 -0.846717 -0.532035 -0.00067024 -0.846722 -0.330293 -0.000416092 -0.943878 -0.330294 -0.000416139 -0.943878 -0.943725 -0.01772 -0.330255 -0.94372 -0.0177189 -0.33027 -0.846583 -0.0158951 -0.53202 -0.846581 -0.0158949 -0.532023 -0.706996 -0.0132741 -0.707093 -0.706995 -0.013274 -0.707094 -0.531953 -0.00998756 -0.846715 -0.53195 -0.00998729 -0.846717 -0.330233 -0.00620008 -0.943879 -0.330235 -0.00620027 -0.943878 -0.115471 -0.00216801 -0.993308 -0.943267 -0.0342433 -0.330264 -0.94327 -0.034244 -0.330255 -0.846174 -0.0307191 -0.53202 -0.846175 -0.0307191 -0.53202 -0.706662 -0.0256543 -0.707086 -0.706655 -0.0256534 -0.707093 -0.531695 -0.0193019 -0.846716 -0.531696 -0.0193021 -0.846715 -0.330071 -0.0119825 -0.94388 -0.330074 -0.0119828 -0.943879 -0.114864 -0.00416996 -0.993372 -0.942526 -0.0507568 -0.330257 -0.942523 -0.0507561 -0.330264 -0.845498 -0.0455312 -0.532034 -0.845507 -0.0455327 -0.53202 -0.706111 -0.0380259 -0.707079 -0.706105 -0.038025 -0.707086 -0.531271 -0.0286099 -0.846719 -0.531275 -0.0286105 -0.846716 -0.329812 -0.0177612 -0.94388 -0.329811 -0.0177611 -0.94388 -0.113999 -0.0061391 -0.993462 0 0 -1 0 0 -1 0 1 0 0 1 0 0 0 -1 0 0 -1 0 0 1 0 0 1 0 1 0 0 1 0 -0.000275567 -0.36711 -0.930178 -0.0228959 -0.358807 -0.933131 0.222779 -0.179073 -0.958281 0 -0.170233 -0.985404 -0.999738 0.0228961 3.26504e-06 -0.999374 0.0353805 0 -0.999732 0.0231546 1.9244e-06 -0.999736 0.0229938 -2.43303e-06 -0.999738 0.0229109 1.42878e-06 -0.999736 0.0229983 1.02421e-05 -0.999744 0.0226407 0 -0.999751 0.0223253 -1.24247e-05 -0.999755 0.0221398 1.20296e-05 -0.999763 0.0217549 0.000238242 -0.999766 0.0216223 0.000503488 -0.999741 0.0227757 4.98405e-07 -0.999742 0.0227178 -1.83863e-06 -0.999742 0.0227165 -1.84866e-06 -0.999744 0.0226264 0 -0.999745 0.0225843 1.82045e-06 -0.999746 0.0225309 5.42045e-06 -0.999745 0.0225627 -1.12795e-06 -0.999387 0.0350038 -8.24266e-06 -0.999387 0.0350128 -6.52309e-06 -0.999385 0.03508 -1.04203e-06 -0.999383 0.0351113 0 -0.999381 0.0351668 1.49101e-06 -0.999381 0.0351856 1.37064e-06 -0.999375 0.0353469 -6.44281e-06 -0.999317 0.0369601 0.000494956 -0.999333 0.0365285 0.000130455 -0.999347 0.036131 -1.94607e-06 -0.999363 0.0356993 1.17821e-05 -0.99936 0.0357699 -7.11578e-07 -0.999733 0.0230878 -8.06591e-07 -0.999729 0.0232852 4.65306e-06 -0.999726 0.0233944 -4.25367e-06 -0.999725 0.0234697 3.48891e-06 -0.999716 0.0238498 2.08382e-05 -0.999719 0.0236908 8.11667e-06 -0.999714 0.0239259 -2.07756e-05 -0.999707 0.0242055 2.34136e-05 -0.999699 0.0245465 -2.12617e-05 -0.999571 0.029272 -0.00139068 -0.999564 0.0295218 -3.71651e-05 -0.999402 0.03457 2.88704e-06 -0.999404 0.0345107 -1.44258e-05 -0.999397 0.0347153 5.1897e-06 -0.999372 0.0354248 -3.73481e-06 -0.999368 0.0355527 9.77188e-06 -0.99936 0.0357679 -6.99418e-07 -0.00091981 -0.637537 -0.770419 0.54519 -0.569189 -0.615461 -0.721612 -0.316215 -0.615861 -0.000254167 -0.513747 -0.857942 0 -0.997466 -0.0711504 -0.799187 -0.589945 -0.115169 0.0674352 -0.964206 -0.256437 -0.106148 -0.845255 -0.523715 0.90644 -0.380236 -0.183812 -0.804869 -0.421762 -0.417496 -0.00090304 -0.777909 -0.628377</float_array>
                    <technique_common>
                        <accessor count="4732" source="#shape0-lib-normals-array" stride="3">
                            <param name="X" type="float"/>
                            <param name="Y" type="float"/>
                            <param name="Z" type="float"/>
                        </accessor>
                    </technique_common>
                </source>
                <vertices id="shape0-lib-vertices">
                    <input semantic="POSITION" source="#shape0-lib-positions"/>
                </vertices>
                <triangles count="4732">
                    <input offset="0" semantic="VERTEX" source="#shape0-lib-vertices"/>
                    <input offset="1" semantic="NORMAL" source="#shape0-lib-normals"/>
                    <p>0 0 1 0 2 0 3 1 2 1 1 1 3 2 4 2 2 2 5 3 6 3 7 3 5 4 8 4 6 4 9 5 10 5 11 5 12 6 13 6 14 6 14 7 15 7 12 7 16 8 12 8 15 8 15 9 17 9 16 9 18 10 16 10 17 10 17 11 19 11 18 11 20 12 21 12 22 12 20 13 22 13 23 13 23 14 22 14 24 14 25 15 7 15 6 15 26 16 27 16 28 16 29 17 30 17 31 17 32 18 33 18 34 18 35 19 36 19 37 19 38 20 39 20 40 20 40 21 41 21 38 21 42 22 38 22 41 22 41 23 43 23 42 23 44 24 42 24 43 24 45 25 46 25 47 25 47 26 46 26 48 26 47 27 48 27 49 27 49 28 48 28 50 28 49 29 50 29 51 29 52 30 53 30 54 30 55 31 56 31 57 31 55 32 57 32 58 32 55 33 58 33 59 33 55 34 59 34 60 34 61 35 62 35 58 35 61 36 58 36 57 36 61 37 57 37 63 37 61 38 63 38 40 38 61 39 40 39 39 39 61 40 39 40 2 40 64 41 65 41 66 41 64 42 66 42 67 42 64 43 67 43 68 43 64 44 68 44 69 44 64 45 69 45 70 45 64 46 70 46 71 46 72 47 73 47 74 47 72 48 74 48 75 48 72 49 75 49 76 49 72 50 76 50 77 50 78 51 79 51 77 51 78 52 77 52 80 52 78 53 80 53 81 53 78 54 81 54 82 54 83 55 84 55 85 55 83 56 85 56 86 56 83 57 86 57 87 57 83 58 87 58 88 58 83 59 88 59 89 59 83 60 89 60 90 60 91 61 26 61 92 61 91 62 92 62 93 62 91 63 93 63 94 63 95 64 96 64 97 64 95 65 97 65 98 65 95 66 98 66 99 66 100 67 99 67 98 67 100 68 98 68 53 68 100 69 53 69 52 69 100 70 52 70 101 70 102 71 103 71 33 71 102 72 33 72 104 72 102 73 104 73 105 73 102 74 105 74 106 74 102 75 106 75 107 75 102 76 107 76 108 76 102 77 108 77 109 77 102 78 109 78 110 78 102 79 110 79 111 79 101 80 112 80 113 80 101 81 113 81 114 81 101 82 114 82 115 82 101 83 115 83 116 83 101 84 116 84 117 84 101 85 117 85 118 85 101 86 118 86 119 86 101 87 119 87 120 87 101 88 120 88 121 88 101 89 121 89 100 89 122 90 123 90 124 90 122 91 124 91 125 91 122 92 125 92 126 92 122 93 126 93 127 93 122 94 127 94 128 94 122 95 128 95 129 95 122 96 129 96 130 96 131 97 132 97 133 97 131 98 133 98 134 98 131 99 134 99 135 99 131 100 135 100 136 100 131 101 136 101 35 101 131 102 35 102 37 102 137 103 18 103 19 103 137 104 19 104 138 104 137 105 138 105 139 105 140 106 54 106 53 106 140 107 53 107 51 107 140 108 51 108 50 108 139 109 138 109 141 109 139 110 141 110 142 110 139 111 142 111 143 111 139 112 143 112 144 112 139 113 144 113 145 113 139 114 145 114 146 114 139 115 146 115 147 115 139 116 147 116 148 116 139 117 148 117 149 117 150 118 151 118 152 118 150 119 152 119 153 119 150 120 153 120 154 120 150 121 154 121 155 121 150 122 155 122 156 122 150 123 156 123 157 123 150 124 157 124 158 124 150 125 158 125 25 125 150 126 25 126 6 126 150 127 6 127 159 127 160 128 8 128 161 128 160 129 161 129 162 129 160 130 162 130 163 130 160 131 163 131 164 131 160 132 164 132 165 132 160 133 165 133 166 133 94 134 167 134 168 134 94 135 168 135 169 135 94 136 169 136 170 136 94 137 170 137 171 137 94 138 171 138 172 138 94 139 172 139 173 139 94 140 173 140 174 140 94 141 174 141 175 141 94 142 175 142 91 142 26 143 176 143 177 143 26 144 177 144 178 144 26 145 178 145 92 145 179 146 113 146 112 146 179 147 112 147 180 147 179 148 180 148 181 148 179 149 181 149 182 149 179 150 182 150 183 150 179 151 183 151 184 151 179 152 184 152 185 152 179 153 185 153 34 153 179 154 34 154 33 154 186 155 104 155 33 155 186 156 33 156 32 156 186 157 32 157 187 157 186 158 187 158 188 158 186 159 188 159 189 159 186 160 189 160 190 160 186 161 190 161 191 161 186 162 191 162 192 162 186 163 192 163 193 163 186 164 193 164 194 164 186 165 194 165 37 165 186 166 37 166 36 166 195 167 196 167 197 167 195 168 197 168 198 168 195 169 198 169 199 169 195 170 199 170 200 170 195 171 200 171 201 171 195 172 201 172 202 172 195 173 202 173 203 173 204 174 205 174 206 174 204 175 206 175 207 175 204 176 207 176 208 176 204 177 208 177 209 177 204 178 209 178 210 178 57 179 56 179 211 179 57 180 211 180 212 180 57 181 212 181 213 181 57 182 213 182 214 182 57 183 214 183 63 183 149 184 148 184 215 184 149 185 215 185 216 185 149 186 216 186 217 186 149 187 217 187 218 187 149 188 218 188 219 188 149 189 219 189 220 189 149 190 220 190 221 190 149 191 221 191 222 191 149 192 222 192 223 192 149 193 223 193 224 193 149 194 224 194 225 194 225 195 224 195 226 195 225 196 226 196 227 196 225 197 227 197 228 197 225 198 228 198 229 198 225 199 229 199 230 199 225 200 230 200 231 200 225 201 231 201 232 201 225 202 232 202 233 202 225 203 233 203 21 203 225 204 21 204 20 204 33 205 103 205 234 205 33 206 234 206 235 206 33 207 235 207 236 207 33 208 236 208 237 208 33 209 237 209 238 209 33 210 238 210 239 210 33 211 239 211 179 211 233 212 232 212 240 212 233 213 240 213 241 213 233 214 241 214 242 214 233 215 242 215 85 215 233 216 85 216 197 216 98 217 97 217 243 217 98 218 243 218 71 218 98 219 71 219 138 219 244 220 245 220 246 220 244 221 246 221 247 221 244 222 247 222 248 222 244 223 248 223 249 223 244 224 249 224 250 224 244 225 250 225 251 225 244 226 251 226 252 226 244 227 252 227 253 227 244 228 253 228 254 228 255 229 256 229 257 229 255 230 257 230 258 230 255 231 258 231 259 231 255 232 259 232 260 232 255 233 260 233 261 233 77 234 76 234 262 234 77 235 262 235 263 235 77 236 263 236 80 236 197 237 85 237 84 237 197 238 84 238 264 238 197 239 264 239 265 239 197 240 265 240 266 240 197 241 266 241 198 241 138 242 71 242 70 242 138 243 70 243 267 243 138 244 267 244 268 244 138 245 268 245 269 245 138 246 269 246 270 246 138 247 270 247 141 247 197 248 196 248 271 248 197 249 271 249 272 249 197 250 272 250 273 250 197 251 273 251 39 251 39 252 273 252 274 252 39 253 274 253 275 253 39 254 275 254 276 254 39 255 276 255 277 255 39 256 277 256 278 256 39 257 278 257 0 257 39 258 0 258 2 258 279 259 280 259 281 259 279 260 281 260 282 260 279 261 282 261 2 261 279 262 2 262 4 262 168 263 167 263 283 263 168 264 283 264 96 264 168 265 96 265 95 265 63 266 214 266 284 266 63 267 284 267 285 267 63 268 285 268 286 268 63 269 286 269 287 269 63 270 287 270 52 270 63 271 52 271 54 271 285 272 129 272 128 272 285 273 128 273 288 273 285 274 288 274 286 274 2 275 282 275 289 275 289 276 282 276 290 276 289 277 290 277 291 277 13 278 292 278 14 278 14 279 292 279 293 279 14 280 293 280 294 280 294 281 293 281 295 281 294 282 295 282 45 282 8 283 160 283 6 283 6 284 160 284 296 284 6 285 296 285 297 285 297 286 296 286 298 286 295 287 299 287 45 287 45 288 299 288 300 288 45 289 300 289 46 289 176 290 26 290 301 290 301 291 26 291 28 291 301 292 28 292 302 292 302 293 28 293 303 293 304 294 159 294 305 294 305 295 159 295 6 295 305 296 6 296 297 296 206 297 205 297 24 297 24 298 205 298 306 298 24 299 306 299 23 299 14 300 294 300 15 300 15 301 294 301 307 301 15 302 307 302 17 302 17 303 307 303 308 303 17 304 308 304 19 304 19 305 308 305 309 305 19 306 309 306 138 306 138 307 309 307 98 307 66 308 65 308 310 308 310 309 65 309 311 309 310 310 311 310 253 310 253 311 311 311 254 311 246 312 245 312 151 312 151 313 245 313 312 313 151 314 312 314 313 314 314 315 152 315 313 315 313 316 152 316 151 316 166 317 165 317 256 317 256 318 165 318 315 318 256 319 315 319 257 319 261 320 316 320 255 320 255 321 316 321 317 321 255 322 317 322 318 322 318 323 317 323 319 323 90 324 89 324 320 324 320 325 89 325 321 325 320 326 321 326 322 326 322 327 321 327 323 327 322 328 323 328 324 328 324 329 323 329 325 329 324 330 325 330 316 330 316 331 325 331 326 331 316 332 326 332 317 332 327 333 328 333 27 333 27 334 328 334 329 334 27 335 329 335 28 335 30 336 29 336 330 336 330 337 29 337 328 337 330 338 328 338 327 338 29 339 31 339 331 339 331 340 31 340 332 340 331 341 332 341 333 341 333 342 332 342 334 342 333 343 334 343 335 343 333 344 335 344 336 344 336 345 335 345 337 345 336 346 337 346 338 346 338 347 337 347 339 347 339 348 337 348 340 348 339 349 340 349 341 349 341 350 340 350 342 350 341 351 342 351 343 351 343 352 342 352 344 352 343 353 344 353 73 353 73 354 344 354 74 354 82 355 81 355 345 355 345 356 81 356 346 356 345 357 346 357 202 357 202 358 346 358 203 358 233 359 197 359 21 359 21 360 197 360 347 360 21 361 347 361 22 361 22 362 347 362 348 362 22 363 348 363 24 363 24 364 348 364 349 364 24 365 349 365 206 365 206 366 349 366 207 366 130 367 129 367 11 367 11 368 129 368 350 368 11 369 350 369 9 369 11 370 10 370 351 370 351 371 10 371 352 371 351 372 352 372 353 372 353 373 352 373 354 373 353 374 354 374 355 374 353 375 355 375 356 375 356 376 355 376 357 376 356 377 357 377 290 377 290 378 357 378 291 378 294 379 45 379 307 379 307 380 45 380 47 380 307 381 47 381 308 381 308 382 47 382 49 382 308 383 49 383 309 383 309 384 49 384 51 384 309 385 51 385 98 385 98 386 51 386 53 386 112 387 101 387 358 387 358 388 101 388 359 388 358 389 359 389 360 389 360 390 359 390 361 390 132 391 278 391 133 391 133 392 278 392 277 392 197 393 39 393 347 393 347 394 39 394 38 394 347 395 38 395 348 395 348 396 38 396 42 396 348 397 42 397 349 397 349 398 42 398 44 398 349 399 44 399 207 399 207 400 44 400 208 400 209 401 208 401 362 401 362 402 208 402 44 402 362 403 44 403 43 403 363 404 364 404 360 404 360 405 364 405 358 405 124 406 365 406 125 406 125 407 365 407 366 407 125 408 366 408 126 408 126 409 366 409 367 409 122 410 368 410 123 410 123 411 368 411 369 411 123 412 369 412 124 412 124 413 369 413 365 413 351 414 370 414 11 414 11 415 370 415 371 415 11 416 371 416 372 416 368 417 122 417 372 417 372 418 122 418 130 418 372 419 130 419 11 419 280 420 373 420 281 420 281 421 373 421 374 421 281 422 374 422 282 422 282 423 374 423 290 423 290 424 374 424 375 424 290 425 375 425 356 425 356 426 375 426 376 426 356 427 376 427 353 427 353 428 376 428 377 428 378 429 373 429 279 429 279 430 373 430 280 430 3 431 379 431 4 431 4 432 379 432 380 432 4 433 380 433 279 433 279 434 380 434 378 434 0 435 381 435 1 435 1 436 381 436 382 436 1 437 382 437 3 437 3 438 382 438 379 438 381 439 0 439 383 439 383 440 0 440 278 440 384 441 132 441 385 441 385 442 132 442 131 442 192 443 386 443 193 443 193 444 386 444 387 444 193 445 387 445 194 445 194 446 387 446 37 446 37 447 387 447 388 447 37 448 388 448 131 448 131 449 388 449 385 449 389 450 191 450 390 450 390 451 191 451 190 451 32 452 391 452 187 452 187 453 391 453 392 453 187 454 392 454 188 454 188 455 392 455 189 455 189 456 392 456 393 456 189 457 393 457 190 457 190 458 393 458 390 458 359 459 394 459 361 459 361 460 394 460 395 460 361 461 395 461 396 461 363 462 360 462 396 462 396 463 360 463 361 463 52 464 397 464 101 464 101 465 397 465 398 465 101 466 398 466 399 466 399 467 394 467 101 467 101 468 394 468 359 468 397 469 52 469 400 469 400 470 52 470 287 470 288 471 401 471 286 471 286 472 401 472 402 472 286 473 402 473 287 473 287 474 402 474 400 474 127 475 403 475 128 475 128 476 403 476 404 476 128 477 404 477 288 477 288 478 404 478 401 478 405 479 406 479 293 479 405 480 293 480 292 480 405 481 292 481 407 481 405 482 407 482 408 482 405 483 408 483 409 483 405 484 409 484 410 484 405 485 410 485 411 485 405 486 411 486 412 486 405 487 412 487 413 487 405 488 413 488 414 488 405 489 414 489 415 489 405 490 415 490 416 490 405 491 416 491 417 491 418 492 419 492 293 492 293 493 419 493 295 493 420 494 421 494 422 494 423 495 424 495 425 495 426 496 427 496 428 496 429 497 428 497 427 497 430 498 429 498 427 498 431 499 432 499 433 499 431 500 433 500 434 500 431 501 434 501 435 501 431 502 435 502 436 502 437 503 421 503 420 503 437 504 420 504 438 504 437 505 438 505 439 505 437 506 439 506 440 506 437 507 440 507 432 507 437 508 432 508 431 508 441 509 424 509 423 509 441 510 423 510 442 510 441 511 442 511 443 511 441 512 443 512 444 512 441 513 444 513 445 513 441 514 445 514 422 514 441 515 422 515 421 515 299 516 295 516 446 516 299 517 446 517 447 517 299 518 447 518 448 518 299 519 448 519 449 519 299 520 449 520 422 520 299 521 422 521 445 521 427 522 426 522 424 522 424 523 426 523 450 523 424 524 450 524 425 524 451 525 452 525 209 525 43 526 453 526 362 526 454 527 455 527 456 527 41 528 457 528 43 528 458 529 459 529 455 529 458 530 455 530 454 530 40 531 460 531 41 531 461 532 462 532 459 532 461 533 459 533 458 533 63 534 463 534 40 534 464 535 465 535 462 535 464 536 462 536 461 536 54 537 466 537 63 537 467 538 468 538 465 538 467 539 465 539 464 539 469 540 468 540 467 540 48 541 470 541 50 541 471 542 472 542 473 542 471 543 473 543 474 543 46 544 475 544 48 544 476 545 477 545 472 545 476 546 472 546 471 546 428 547 478 547 479 547 428 548 479 548 426 548 480 549 481 549 423 549 423 550 481 550 442 550 299 551 445 551 300 551 482 552 483 552 484 552 484 553 483 553 485 553 484 554 485 554 486 554 486 555 485 555 487 555 488 556 452 556 451 556 210 557 209 557 452 557 482 558 456 558 489 558 140 559 50 559 490 559 140 560 490 560 491 560 140 561 491 561 54 561 492 562 468 562 469 562 492 563 469 563 474 563 492 564 474 564 473 564 493 565 475 565 46 565 493 566 46 566 300 566 493 567 300 567 445 567 493 568 445 568 444 568 493 569 444 569 443 569 493 570 443 570 442 570 493 571 442 571 481 571 430 572 477 572 429 572 429 573 477 573 478 573 429 574 478 574 428 574 209 575 362 575 451 575 451 576 362 576 453 576 451 577 453 577 494 577 494 578 453 578 495 578 494 579 495 579 496 579 496 580 495 580 497 580 496 581 497 581 486 581 486 582 497 582 498 582 486 583 498 583 484 583 484 584 498 584 499 584 484 585 499 585 482 585 482 586 499 586 454 586 482 587 454 587 456 587 489 588 500 588 482 588 482 589 500 589 501 589 482 590 501 590 483 590 426 591 479 591 450 591 450 592 479 592 502 592 450 593 502 593 425 593 425 594 502 594 480 594 425 595 480 595 423 595 486 596 487 596 496 596 496 597 487 597 503 597 496 598 503 598 494 598 494 599 503 599 488 599 494 600 488 600 451 600 458 601 454 601 504 601 504 602 454 602 499 602 504 603 499 603 505 603 505 604 499 604 498 604 505 605 498 605 506 605 506 606 498 606 497 606 506 607 497 607 507 607 507 608 497 608 495 608 507 609 495 609 457 609 457 610 495 610 453 610 457 611 453 611 43 611 461 612 458 612 508 612 508 613 458 613 504 613 508 614 504 614 509 614 509 615 504 615 505 615 509 616 505 616 510 616 510 617 505 617 506 617 510 618 506 618 511 618 511 619 506 619 507 619 511 620 507 620 460 620 460 621 507 621 457 621 460 622 457 622 41 622 464 623 461 623 512 623 512 624 461 624 508 624 512 625 508 625 513 625 513 626 508 626 509 626 513 627 509 627 514 627 514 628 509 628 510 628 514 629 510 629 515 629 515 630 510 630 511 630 515 631 511 631 463 631 463 632 511 632 460 632 463 633 460 633 40 633 467 634 464 634 516 634 516 635 464 635 512 635 516 636 512 636 517 636 517 637 512 637 513 637 517 638 513 638 518 638 518 639 513 639 514 639 518 640 514 640 519 640 519 641 514 641 515 641 519 642 515 642 466 642 466 643 515 643 463 643 466 644 463 644 63 644 469 645 467 645 520 645 520 646 467 646 516 646 520 647 516 647 521 647 521 648 516 648 517 648 521 649 517 649 522 649 522 650 517 650 518 650 522 651 518 651 523 651 523 652 518 652 519 652 523 653 519 653 491 653 491 654 519 654 466 654 491 655 466 655 54 655 474 656 469 656 524 656 524 657 469 657 520 657 524 658 520 658 525 658 525 659 520 659 521 659 525 660 521 660 526 660 526 661 521 661 522 661 526 662 522 662 527 662 527 663 522 663 523 663 527 664 523 664 490 664 490 665 523 665 491 665 471 666 474 666 528 666 528 667 474 667 524 667 528 668 524 668 529 668 529 669 524 669 525 669 529 670 525 670 530 670 530 671 525 671 526 671 530 672 526 672 531 672 531 673 526 673 527 673 531 674 527 674 470 674 470 675 527 675 490 675 470 676 490 676 50 676 476 677 471 677 532 677 532 678 471 678 528 678 532 679 528 679 533 679 533 680 528 680 529 680 533 681 529 681 534 681 534 682 529 682 530 682 534 683 530 683 535 683 535 684 530 684 531 684 535 685 531 685 475 685 475 686 531 686 470 686 475 687 470 687 48 687 475 688 493 688 535 688 535 689 493 689 481 689 535 690 481 690 534 690 534 691 481 691 480 691 534 692 480 692 533 692 533 693 480 693 502 693 533 694 502 694 532 694 532 695 502 695 479 695 532 696 479 696 476 696 476 697 479 697 478 697 476 698 478 698 477 698 305 699 297 699 536 699 536 700 297 700 537 700 538 701 250 701 539 701 539 702 250 702 249 702 70 703 69 703 540 703 540 704 69 704 541 704 86 705 85 705 542 705 542 706 85 706 543 706 103 707 102 707 544 707 544 708 102 708 545 708 546 709 113 709 547 709 547 710 113 710 179 710 100 711 121 711 548 711 548 712 121 712 549 712 550 713 168 713 551 713 551 714 168 714 95 714 552 715 337 715 553 715 553 716 337 716 335 716 554 717 263 717 555 717 555 718 263 718 262 718 556 719 273 719 557 719 557 720 273 720 272 720 276 721 275 721 558 721 558 722 275 722 559 722 560 723 561 723 5 723 5 724 561 724 8 724 562 725 259 725 563 725 563 726 259 726 258 726 564 727 84 727 565 727 565 728 84 728 83 728 266 729 265 729 566 729 566 730 265 730 567 730 333 731 336 731 568 731 568 732 336 732 569 732 570 733 176 733 571 733 571 734 176 734 301 734 97 735 96 735 572 735 572 736 96 736 573 736 574 737 64 737 575 737 575 738 64 738 71 738 56 739 55 739 576 739 576 740 55 740 577 740 578 741 284 741 579 741 579 742 284 742 214 742 580 743 354 743 581 743 581 744 354 744 352 744 582 745 583 745 584 745 585 746 586 746 587 746 588 747 589 747 590 747 590 748 591 748 588 748 592 749 588 749 591 749 591 750 593 750 592 750 594 751 592 751 593 751 593 752 595 752 594 752 596 753 594 753 595 753 595 754 597 754 596 754 598 755 596 755 597 755 597 756 599 756 598 756 598 757 599 757 600 757 600 758 599 758 601 758 600 759 601 759 602 759 602 760 601 760 603 760 602 761 603 761 604 761 604 762 603 762 605 762 604 763 605 763 606 763 607 764 608 764 609 764 610 765 611 765 612 765 610 766 612 766 606 766 610 767 606 767 605 767 613 768 590 768 589 768 613 769 589 769 614 769 613 770 614 770 615 770 616 771 582 771 584 771 616 772 584 772 617 772 616 773 617 773 618 773 616 774 618 774 619 774 616 775 619 775 585 775 616 776 585 776 587 776 620 777 607 777 609 777 620 778 609 778 621 778 620 779 621 779 622 779 620 780 622 780 623 780 587 781 586 781 614 781 614 782 586 782 624 782 614 783 624 783 615 783 612 784 611 784 625 784 625 785 611 785 626 785 625 786 626 786 627 786 625 787 627 787 607 787 607 788 627 788 628 788 607 789 628 789 608 789 629 790 616 790 630 790 630 791 616 791 631 791 632 792 633 792 625 792 587 793 614 793 589 793 587 794 589 794 588 794 587 795 588 795 592 795 587 796 592 796 594 796 587 797 594 797 596 797 587 798 596 798 598 798 587 799 598 799 634 799 587 800 634 800 631 800 587 801 631 801 616 801 634 802 598 802 600 802 634 803 600 803 602 803 634 804 602 804 604 804 634 805 604 805 606 805 634 806 606 806 612 806 634 807 612 807 625 807 634 808 625 808 633 808 635 809 636 809 637 809 635 810 637 810 638 810 635 811 638 811 639 811 635 812 639 812 640 812 635 813 640 813 641 813 635 814 641 814 642 814 635 815 642 815 643 815 635 816 643 816 644 816 635 817 644 817 645 817 635 818 645 818 646 818 635 819 646 819 647 819 635 820 647 820 648 820 582 821 616 821 629 821 582 822 629 822 649 822 582 823 649 823 650 823 582 824 650 824 651 824 582 825 651 825 652 825 582 826 652 826 653 826 582 827 653 827 654 827 582 828 654 828 655 828 620 829 656 829 657 829 620 830 657 830 658 830 620 831 658 831 659 831 620 832 659 832 660 832 620 833 660 833 661 833 620 834 661 834 662 834 620 835 662 835 663 835 620 836 663 836 664 836 620 837 664 837 607 837 648 838 647 838 665 838 665 839 647 839 666 839 665 840 666 840 667 840 667 841 666 841 668 841 668 842 666 842 655 842 668 843 655 843 654 843 637 844 636 844 656 844 656 845 636 845 669 845 656 846 669 846 657 846 607 847 664 847 625 847 625 848 664 848 670 848 625 849 670 849 632 849 671 850 672 850 673 850 672 851 674 851 673 851 675 852 676 852 677 852 675 853 677 853 674 853 675 854 674 854 672 854 675 855 672 855 678 855 679 856 680 856 681 856 681 857 680 857 682 857 681 858 682 858 683 858 683 859 682 859 684 859 683 860 684 860 685 860 685 861 684 861 686 861 685 862 686 862 687 862 687 863 686 863 688 863 687 864 688 864 689 864 689 865 688 865 677 865 689 866 677 866 676 866 678 867 672 867 690 867 690 868 672 868 691 868 674 869 692 869 673 869 673 870 692 870 693 870 692 871 694 871 693 871 694 872 695 872 693 872 696 873 697 873 694 873 696 874 694 874 692 874 696 875 692 875 698 875 696 876 698 876 699 876 700 877 701 877 702 877 702 878 701 878 703 878 702 879 703 879 704 879 704 880 703 880 705 880 704 881 705 881 706 881 706 882 705 882 707 882 706 883 707 883 708 883 708 884 707 884 709 884 708 885 709 885 710 885 710 886 709 886 699 886 710 887 699 887 698 887 711 888 694 888 712 888 712 889 694 889 697 889 713 890 210 890 714 890 714 891 210 891 452 891 714 892 452 892 715 892 715 893 452 893 488 893 715 894 488 894 716 894 716 895 488 895 717 895 717 896 488 896 503 896 717 897 503 897 718 897 718 898 503 898 487 898 718 899 487 899 719 899 719 900 487 900 485 900 719 901 485 901 720 901 720 902 485 902 721 902 721 903 485 903 483 903 721 904 483 904 722 904 500 905 723 905 501 905 501 906 723 906 724 906 501 907 724 907 483 907 483 908 724 908 722 908 725 909 726 909 727 909 727 910 726 910 728 910 726 911 729 911 728 911 728 912 729 912 730 912 731 913 732 913 733 913 733 914 732 914 734 914 735 915 731 915 736 915 736 916 731 916 733 916 737 917 738 917 739 917 740 918 741 918 742 918 741 919 743 919 742 919 744 920 745 920 746 920 744 921 746 921 747 921 748 922 745 922 744 922 749 923 750 923 751 923 752 924 753 924 754 924 752 925 754 925 755 925 756 926 757 926 749 926 758 927 759 927 753 927 758 928 753 928 752 928 760 929 761 929 762 929 762 930 759 930 760 930 760 931 759 931 758 931 763 932 762 932 761 932 761 933 760 933 764 933 764 934 760 934 765 934 766 935 767 935 768 935 769 936 747 936 746 936 744 937 747 937 770 937 744 938 770 938 771 938 772 939 773 939 774 939 775 940 742 940 743 940 776 941 751 941 777 941 776 942 777 942 778 942 776 943 778 943 740 943 779 944 745 944 748 944 779 945 748 945 755 945 779 946 755 946 754 946 756 947 780 947 738 947 738 948 780 948 781 948 738 949 781 949 739 949 767 950 766 950 765 950 765 951 766 951 782 951 765 952 782 952 764 952 768 953 767 953 783 953 783 954 767 954 784 954 783 955 784 955 785 955 785 956 784 956 786 956 785 957 786 957 787 957 787 958 786 958 788 958 788 959 786 959 738 959 788 960 738 960 737 960 772 961 774 961 789 961 789 962 774 962 771 962 789 963 771 963 770 963 774 964 773 964 790 964 790 965 773 965 791 965 790 966 791 966 792 966 792 967 791 967 793 967 792 968 793 968 794 968 792 969 794 969 741 969 741 970 794 970 795 970 741 971 795 971 743 971 748 972 744 972 796 972 796 973 744 973 771 973 796 974 771 974 797 974 797 975 771 975 774 975 797 976 774 976 798 976 798 977 774 977 790 977 798 978 790 978 799 978 799 979 790 979 792 979 799 980 792 980 778 980 778 981 792 981 741 981 778 982 741 982 740 982 755 983 748 983 800 983 800 984 748 984 796 984 800 985 796 985 801 985 801 986 796 986 797 986 801 987 797 987 802 987 802 988 797 988 798 988 802 989 798 989 803 989 803 990 798 990 799 990 803 991 799 991 777 991 777 992 799 992 778 992 752 993 755 993 804 993 804 994 755 994 800 994 804 995 800 995 805 995 805 996 800 996 801 996 805 997 801 997 806 997 806 998 801 998 802 998 806 999 802 999 807 999 807 1000 802 1000 803 1000 807 1001 803 1001 750 1001 750 1002 803 1002 777 1002 750 1003 777 1003 751 1003 758 1004 752 1004 808 1004 808 1005 752 1005 804 1005 808 1006 804 1006 809 1006 809 1007 804 1007 805 1007 809 1008 805 1008 810 1008 810 1009 805 1009 806 1009 810 1010 806 1010 811 1010 811 1011 806 1011 807 1011 811 1012 807 1012 757 1012 757 1013 807 1013 750 1013 757 1014 750 1014 749 1014 760 1015 758 1015 765 1015 765 1016 758 1016 808 1016 765 1017 808 1017 767 1017 767 1018 808 1018 809 1018 767 1019 809 1019 784 1019 784 1020 809 1020 810 1020 784 1021 810 1021 786 1021 786 1022 810 1022 811 1022 786 1023 811 1023 738 1023 738 1024 811 1024 757 1024 738 1025 757 1025 756 1025 583 1026 775 1026 584 1026 584 1027 775 1027 743 1027 584 1028 743 1028 795 1028 584 1029 795 1029 617 1029 617 1030 795 1030 794 1030 617 1031 794 1031 618 1031 618 1032 794 1032 793 1032 618 1033 793 1033 619 1033 619 1034 793 1034 791 1034 619 1035 791 1035 585 1035 585 1036 791 1036 773 1036 585 1037 773 1037 772 1037 585 1038 772 1038 586 1038 586 1039 772 1039 789 1039 586 1040 789 1040 624 1040 624 1041 789 1041 770 1041 624 1042 770 1042 615 1042 615 1043 770 1043 747 1043 615 1044 747 1044 613 1044 613 1045 747 1045 769 1045 812 1046 813 1046 814 1046 812 1047 814 1047 815 1047 815 1048 814 1048 816 1048 815 1049 816 1049 817 1049 817 1050 816 1050 818 1050 817 1051 818 1051 819 1051 819 1052 818 1052 820 1052 819 1053 820 1053 821 1053 821 1054 820 1054 822 1054 821 1055 822 1055 823 1055 823 1056 822 1056 824 1056 823 1057 824 1057 825 1057 825 1058 824 1058 826 1058 825 1059 826 1059 827 1059 826 1060 828 1060 827 1060 829 1061 827 1061 828 1061 828 1062 830 1062 829 1062 831 1063 832 1063 833 1063 831 1064 833 1064 813 1064 831 1065 813 1065 812 1065 723 1066 829 1066 830 1066 723 1067 830 1067 834 1067 723 1068 834 1068 724 1068 835 1069 836 1069 837 1069 837 1070 836 1070 838 1070 837 1071 838 1071 839 1071 839 1072 838 1072 840 1072 840 1073 838 1073 841 1073 840 1074 841 1074 842 1074 842 1075 841 1075 843 1075 843 1076 841 1076 844 1076 843 1077 844 1077 845 1077 833 1078 832 1078 844 1078 844 1079 832 1079 845 1079 724 1080 834 1080 722 1080 722 1081 834 1081 846 1081 722 1082 846 1082 721 1082 721 1083 846 1083 720 1083 720 1084 846 1084 847 1084 720 1085 847 1085 719 1085 719 1086 847 1086 718 1086 718 1087 847 1087 848 1087 718 1088 848 1088 717 1088 830 1089 849 1089 850 1089 833 1090 851 1090 849 1090 852 1091 853 1091 854 1091 852 1092 854 1092 855 1092 852 1093 855 1093 856 1093 852 1094 856 1094 857 1094 852 1095 857 1095 858 1095 852 1096 858 1096 859 1096 852 1097 859 1097 860 1097 852 1098 860 1098 861 1098 852 1099 861 1099 862 1099 852 1100 862 1100 863 1100 852 1101 863 1101 864 1101 852 1102 864 1102 865 1102 820 1103 818 1103 816 1103 820 1104 816 1104 814 1104 820 1105 814 1105 813 1105 820 1106 813 1106 833 1106 820 1107 833 1107 849 1107 820 1108 849 1108 830 1108 820 1109 830 1109 828 1109 820 1110 828 1110 826 1110 820 1111 826 1111 824 1111 820 1112 824 1112 822 1112 865 1113 864 1113 866 1113 866 1114 864 1114 867 1114 866 1115 867 1115 868 1115 868 1116 867 1116 869 1116 869 1117 867 1117 870 1117 869 1118 870 1118 871 1118 871 1119 870 1119 872 1119 871 1120 872 1120 873 1120 873 1121 872 1121 874 1121 874 1122 872 1122 848 1122 874 1123 848 1123 875 1123 875 1124 848 1124 847 1124 875 1125 847 1125 876 1125 876 1126 847 1126 846 1126 876 1127 846 1127 877 1127 877 1128 846 1128 878 1128 878 1129 846 1129 834 1129 878 1130 834 1130 879 1130 879 1131 834 1131 830 1131 879 1132 830 1132 850 1132 854 1133 853 1133 880 1133 880 1134 853 1134 881 1134 880 1135 881 1135 882 1135 880 1136 882 1136 883 1136 883 1137 882 1137 884 1137 883 1138 884 1138 885 1138 885 1139 884 1139 886 1139 885 1140 886 1140 887 1140 885 1141 887 1141 836 1141 836 1142 887 1142 888 1142 836 1143 888 1143 838 1143 838 1144 888 1144 889 1144 838 1145 889 1145 841 1145 841 1146 889 1146 890 1146 841 1147 890 1147 891 1147 841 1148 891 1148 844 1148 844 1149 891 1149 892 1149 844 1150 892 1150 833 1150 833 1151 892 1151 893 1151 833 1152 893 1152 851 1152 894 1153 895 1153 896 1153 837 1154 839 1154 897 1154 898 1155 899 1155 895 1155 895 1156 899 1156 900 1156 895 1157 900 1157 896 1157 837 1158 897 1158 835 1158 835 1159 897 1159 894 1159 835 1160 894 1160 896 1160 897 1161 839 1161 901 1161 901 1162 839 1162 840 1162 901 1163 840 1163 902 1163 902 1164 840 1164 842 1164 902 1165 842 1165 903 1165 903 1166 842 1166 843 1166 903 1167 843 1167 904 1167 904 1168 843 1168 845 1168 904 1169 845 1169 832 1169 832 1170 831 1170 904 1170 904 1171 831 1171 905 1171 906 1172 907 1172 908 1172 907 1173 909 1173 908 1173 910 1174 911 1174 912 1174 913 1175 910 1175 912 1175 914 1176 910 1176 913 1176 915 1177 907 1177 916 1177 917 1178 907 1178 915 1178 907 1179 917 1179 909 1179 907 1180 906 1180 918 1180 730 1181 912 1181 911 1181 730 1182 911 1182 919 1182 730 1183 919 1183 728 1183 776 1184 740 1184 920 1184 776 1185 920 1185 921 1185 776 1186 921 1186 922 1186 776 1187 922 1187 923 1187 776 1188 923 1188 924 1188 776 1189 924 1189 925 1189 776 1190 925 1190 751 1190 756 1191 749 1191 926 1191 756 1192 926 1192 927 1192 756 1193 927 1193 928 1193 756 1194 928 1194 929 1194 756 1195 929 1195 930 1195 756 1196 930 1196 931 1196 756 1197 931 1197 932 1197 780 1198 756 1198 932 1198 780 1199 932 1199 933 1199 780 1200 933 1200 934 1200 780 1201 934 1201 935 1201 749 1202 751 1202 936 1202 749 1203 936 1203 937 1203 749 1204 937 1204 938 1204 749 1205 938 1205 939 1205 749 1206 939 1206 926 1206 751 1207 925 1207 940 1207 751 1208 940 1208 941 1208 751 1209 941 1209 942 1209 751 1210 942 1210 943 1210 751 1211 943 1211 944 1211 751 1212 944 1212 945 1212 751 1213 945 1213 946 1213 751 1214 946 1214 947 1214 751 1215 947 1215 936 1215 742 1216 775 1216 678 1216 742 1217 678 1217 690 1217 742 1218 690 1218 948 1218 742 1219 948 1219 949 1219 742 1220 949 1220 950 1220 742 1221 950 1221 951 1221 742 1222 951 1222 952 1222 742 1223 952 1223 953 1223 742 1224 953 1224 954 1224 742 1225 954 1225 955 1225 742 1226 955 1226 956 1226 742 1227 956 1227 957 1227 742 1228 957 1228 916 1228 742 1229 916 1229 907 1229 742 1230 907 1230 920 1230 742 1231 920 1231 740 1231 958 1232 959 1232 960 1232 958 1233 960 1233 961 1233 958 1234 961 1234 962 1234 958 1235 962 1235 963 1235 958 1236 963 1236 964 1236 958 1237 964 1237 965 1237 966 1238 967 1238 914 1238 966 1239 914 1239 968 1239 966 1240 968 1240 969 1240 966 1241 969 1241 970 1241 966 1242 970 1242 971 1242 966 1243 971 1243 972 1243 966 1244 972 1244 973 1244 966 1245 973 1245 974 1245 966 1246 974 1246 959 1246 966 1247 959 1247 958 1247 965 1248 964 1248 975 1248 965 1249 975 1249 976 1249 965 1250 976 1250 977 1250 965 1251 977 1251 978 1251 965 1252 978 1252 979 1252 965 1253 979 1253 980 1253 965 1254 980 1254 981 1254 982 1255 965 1255 981 1255 982 1256 981 1256 983 1256 982 1257 983 1257 984 1257 982 1258 984 1258 985 1258 982 1259 985 1259 986 1259 982 1260 986 1260 922 1260 982 1261 922 1261 921 1261 982 1262 921 1262 920 1262 982 1263 920 1263 987 1263 988 1264 987 1264 920 1264 988 1265 920 1265 907 1265 988 1266 907 1266 918 1266 988 1267 918 1267 989 1267 988 1268 989 1268 990 1268 988 1269 990 1269 991 1269 988 1270 991 1270 992 1270 988 1271 992 1271 993 1271 988 1272 993 1272 994 1272 988 1273 994 1273 995 1273 988 1274 995 1274 996 1274 988 1275 996 1275 712 1275 988 1276 712 1276 697 1276 988 1277 697 1277 898 1277 997 1278 998 1278 999 1278 999 1279 998 1279 1000 1279 999 1280 1000 1280 919 1280 919 1281 1000 1281 727 1281 919 1282 727 1282 728 1282 913 1283 935 1283 914 1283 914 1284 935 1284 934 1284 914 1285 934 1285 968 1285 911 1286 999 1286 919 1286 999 1287 911 1287 1001 1287 1001 1288 911 1288 910 1288 1001 1289 910 1289 1002 1289 1002 1290 910 1290 914 1290 1002 1291 914 1291 967 1291 735 1292 1003 1292 731 1292 731 1293 1003 1293 732 1293 1004 1294 1005 1294 1006 1294 1006 1295 1005 1295 1007 1295 1007 1296 1008 1296 1006 1296 1006 1297 1008 1297 419 1297 1006 1298 419 1298 418 1298 1009 1299 1000 1299 1010 1299 1010 1300 1000 1300 998 1300 1011 1301 1012 1301 1013 1301 1011 1302 1013 1302 671 1302 1011 1303 671 1303 695 1303 1011 1304 695 1304 1014 1304 693 1305 695 1305 673 1305 673 1306 695 1306 671 1306 1015 1307 1016 1307 1017 1307 1017 1308 1016 1308 1018 1308 1017 1309 1018 1309 1019 1309 1019 1310 1018 1310 1020 1310 1019 1311 1020 1311 1021 1311 1021 1312 1020 1312 1022 1312 1021 1313 1022 1313 1023 1313 1023 1314 1022 1314 1024 1314 1023 1315 1024 1315 1025 1315 1025 1316 1024 1316 1026 1316 1025 1317 1026 1317 1027 1317 1016 1318 1015 1318 1028 1318 1028 1319 1015 1319 1029 1319 1028 1320 1029 1320 1030 1320 1030 1321 1029 1321 1031 1321 1030 1322 1031 1322 1032 1322 1032 1323 1031 1323 1033 1323 1032 1324 1033 1324 1034 1324 1034 1325 1033 1325 1035 1325 1034 1326 1035 1326 1036 1326 1036 1327 1035 1327 1037 1327 1036 1328 1037 1328 1038 1328 1038 1329 1037 1329 1039 1329 1038 1330 1039 1330 1040 1330 1040 1331 1039 1331 1041 1331 1040 1332 1041 1332 1042 1332 1043 1333 1044 1333 1045 1333 1044 1334 1043 1334 1046 1334 1046 1335 1047 1335 1044 1335 1048 1336 1049 1336 1050 1336 1049 1337 1048 1337 1051 1337 1043 1338 1045 1338 1052 1338 1052 1339 1045 1339 1042 1339 1052 1340 1042 1340 1041 1340 1048 1341 1050 1341 1053 1341 1053 1342 1050 1342 1054 1342 1053 1343 1054 1343 1055 1343 1055 1344 1054 1344 1056 1344 1055 1345 1056 1345 1057 1345 1057 1346 1056 1346 1058 1346 1057 1347 1058 1347 1059 1347 1059 1348 1058 1348 1060 1348 1059 1349 1060 1349 1061 1349 1061 1350 1060 1350 1062 1350 1061 1351 1062 1351 1063 1351 1063 1352 1062 1352 1064 1352 1063 1353 1064 1353 1065 1353 1065 1354 1064 1354 1066 1354 1065 1355 1066 1355 1067 1355 1067 1356 1066 1356 1047 1356 1067 1357 1047 1357 1046 1357 1049 1358 1051 1358 1068 1358 1068 1359 1051 1359 1027 1359 1068 1360 1027 1360 1026 1360 1069 1361 1070 1361 1071 1361 1072 1362 1073 1362 1074 1362 1075 1363 1076 1363 1077 1363 1075 1364 1077 1364 1078 1364 1075 1365 1078 1365 1079 1365 1080 1366 1081 1366 1082 1366 1080 1367 1082 1367 1083 1367 1080 1368 1083 1368 1084 1368 1080 1369 1084 1369 1085 1369 1080 1370 1085 1370 1086 1370 1080 1371 1086 1371 1087 1371 1080 1372 1087 1372 1088 1372 1080 1373 1088 1373 1089 1373 1090 1374 1091 1374 1092 1374 1090 1375 1092 1375 1093 1375 1090 1376 1093 1376 1094 1376 1090 1377 1094 1377 1095 1377 1090 1378 1095 1378 1079 1378 1090 1379 1079 1379 1078 1379 1096 1380 1089 1380 1097 1380 1096 1381 1097 1381 1098 1381 1096 1382 1098 1382 1099 1382 1096 1383 1099 1383 1077 1383 1014 1384 1100 1384 1080 1384 1014 1385 1080 1385 1089 1385 1014 1386 1089 1386 1096 1386 1014 1387 1096 1387 1101 1387 1014 1388 1101 1388 1102 1388 1014 1389 1102 1389 1103 1389 1014 1390 1103 1390 1104 1390 1014 1391 1104 1391 1105 1391 1014 1392 1105 1392 1106 1392 1014 1393 1106 1393 1107 1393 1014 1394 1107 1394 1108 1394 1109 1395 1072 1395 1074 1395 1109 1396 1074 1396 1110 1396 1109 1397 1110 1397 1111 1397 1109 1398 1111 1398 1112 1398 1109 1399 1112 1399 1113 1399 1109 1400 1113 1400 1114 1400 1109 1401 1114 1401 1115 1401 1109 1402 1115 1402 1116 1402 1109 1403 1116 1403 1117 1403 1109 1404 1117 1404 1078 1404 1109 1405 1078 1405 1077 1405 1077 1406 1076 1406 1118 1406 1077 1407 1118 1407 1119 1407 1077 1408 1119 1408 1096 1408 1084 1409 1083 1409 1120 1409 1084 1410 1120 1410 1121 1410 1084 1411 1121 1411 1122 1411 1084 1412 1122 1412 1123 1412 1084 1413 1123 1413 1124 1413 1084 1414 1124 1414 1125 1414 1084 1415 1125 1415 1126 1415 1084 1416 1126 1416 1127 1416 1084 1417 1127 1417 1128 1417 1084 1418 1128 1418 1129 1418 1084 1419 1129 1419 1130 1419 1084 1420 1130 1420 1131 1420 1084 1421 1131 1421 1132 1421 1084 1422 1132 1422 1133 1422 1084 1423 1133 1423 1134 1423 1135 1424 1136 1424 1137 1424 1135 1425 1137 1425 1138 1425 1135 1426 1138 1426 1139 1426 1135 1427 1139 1427 1140 1427 1070 1428 1141 1428 1142 1428 1070 1429 1142 1429 1143 1429 1070 1430 1143 1430 1144 1430 1070 1431 1144 1431 1145 1431 1070 1432 1145 1432 1146 1432 1070 1433 1146 1433 1147 1433 1070 1434 1147 1434 1148 1434 1149 1435 1103 1435 1150 1435 1149 1436 1150 1436 1151 1436 1149 1437 1151 1437 1152 1437 1149 1438 1152 1438 1136 1438 1103 1439 1149 1439 1153 1439 1103 1440 1153 1440 1154 1440 1103 1441 1154 1441 1155 1441 1103 1442 1155 1442 1104 1442 1156 1443 1157 1443 1158 1443 1156 1444 1158 1444 1159 1444 1156 1445 1159 1445 1160 1445 1156 1446 1160 1446 1161 1446 1156 1447 1161 1447 1162 1447 1156 1448 1162 1448 1071 1448 1156 1449 1071 1449 1070 1449 1163 1450 1074 1450 1073 1450 1163 1451 1073 1451 1164 1451 1163 1452 1164 1452 1165 1452 1163 1453 1165 1453 1166 1453 1163 1454 1166 1454 1167 1454 1163 1455 1167 1455 1134 1455 1163 1456 1134 1456 1133 1456 1069 1457 1168 1457 1070 1457 1070 1458 1168 1458 1149 1458 1070 1459 1149 1459 1141 1459 1141 1460 1149 1460 1136 1460 1141 1461 1136 1461 1135 1461 1169 1462 1005 1462 1170 1462 1170 1463 1005 1463 1171 1463 1170 1464 1171 1464 1172 1464 1172 1465 1171 1465 1173 1465 1172 1466 1173 1466 1174 1466 1174 1467 1173 1467 1175 1467 1174 1468 1175 1468 1176 1468 1007 1469 1014 1469 1008 1469 1008 1470 1014 1470 1108 1470 1008 1471 1108 1471 1177 1471 1014 1472 1007 1472 1011 1472 1011 1473 1007 1473 1005 1473 1011 1474 1005 1474 1178 1474 1178 1475 1005 1475 1169 1475 1178 1476 1169 1476 1179 1476 1157 1477 1180 1477 1158 1477 1158 1478 1180 1478 1177 1478 1180 1479 1181 1479 1177 1479 1177 1480 1181 1480 1008 1480 1091 1481 1182 1481 1092 1481 1092 1482 1182 1482 1183 1482 1092 1483 1183 1483 1184 1483 1184 1484 1183 1484 1135 1484 1184 1485 1135 1485 1140 1485 1185 1486 1186 1486 1187 1486 1187 1487 1186 1487 1188 1487 1187 1488 1188 1488 1189 1488 1189 1489 1188 1489 1190 1489 1189 1490 1190 1490 1191 1490 1191 1491 1190 1491 1102 1491 1191 1492 1102 1492 1101 1492 1186 1493 1185 1493 1192 1493 1192 1494 1185 1494 1193 1494 1192 1495 1193 1495 1194 1495 1194 1496 1193 1496 1195 1496 1194 1497 1195 1497 1196 1497 1196 1498 1195 1498 1197 1498 1196 1499 1197 1499 1198 1499 1198 1500 1197 1500 1092 1500 1198 1501 1092 1501 1184 1501 1199 1502 1182 1502 1200 1502 1200 1503 1182 1503 1091 1503 1201 1504 1202 1504 1203 1504 1204 1505 1205 1505 1206 1505 1206 1506 1205 1506 1207 1506 1206 1507 1207 1507 1208 1507 1208 1508 1207 1508 1209 1508 1208 1509 1209 1509 1210 1509 1210 1510 1209 1510 1010 1510 1210 1511 1010 1511 998 1511 1206 1512 1211 1512 1204 1512 1204 1513 1211 1513 1212 1513 1204 1514 1212 1514 1213 1514 1213 1515 1212 1515 1201 1515 1213 1516 1201 1516 1203 1516 1214 1517 1215 1517 1216 1517 1216 1518 1215 1518 1217 1518 1216 1519 1217 1519 1218 1519 1218 1520 1217 1520 1219 1520 1218 1521 1219 1521 1220 1521 1220 1522 1219 1522 1221 1522 1220 1523 1221 1523 1222 1523 1222 1524 1221 1524 1202 1524 1222 1525 1202 1525 1201 1525 1216 1526 1223 1526 1214 1526 1214 1527 1223 1527 1224 1527 1223 1528 1225 1528 1224 1528 1224 1529 1225 1529 1226 1529 1219 1530 1129 1530 1221 1530 1224 1531 1131 1531 1214 1531 1128 1532 1127 1532 1207 1532 1128 1533 1207 1533 1205 1533 1128 1534 1205 1534 1204 1534 1128 1535 1204 1535 1213 1535 1128 1536 1213 1536 1203 1536 1128 1537 1203 1537 1202 1537 1128 1538 1202 1538 1221 1538 1128 1539 1221 1539 1129 1539 1130 1540 1129 1540 1219 1540 1130 1541 1219 1541 1217 1541 1130 1542 1217 1542 1215 1542 1130 1543 1215 1543 1214 1543 1130 1544 1214 1544 1131 1544 1224 1545 1226 1545 1131 1545 1131 1546 1226 1546 1227 1546 1131 1547 1227 1547 1132 1547 1132 1548 1227 1548 1228 1548 1132 1549 1228 1549 1133 1549 1229 1550 972 1550 1230 1550 973 1551 972 1551 1229 1551 1231 1552 973 1552 1229 1552 974 1553 973 1553 1231 1553 1232 1554 974 1554 1231 1554 959 1555 974 1555 1232 1555 1233 1556 959 1556 1232 1556 960 1557 959 1557 1233 1557 971 1558 970 1558 1234 1558 971 1559 1234 1559 1230 1559 971 1560 1230 1560 972 1560 1235 1561 1236 1561 968 1561 968 1562 1236 1562 969 1562 1236 1563 1234 1563 969 1563 969 1564 1234 1564 970 1564 1233 1565 1237 1565 960 1565 960 1566 1237 1566 1238 1566 960 1567 1238 1567 961 1567 961 1568 1238 1568 1239 1568 961 1569 1239 1569 962 1569 962 1570 1239 1570 1240 1570 962 1571 1240 1571 963 1571 1241 1572 927 1572 1242 1572 928 1573 927 1573 1241 1573 1243 1574 928 1574 1241 1574 929 1575 928 1575 1243 1575 1244 1576 929 1576 1243 1576 930 1577 929 1577 1244 1577 1245 1578 930 1578 1244 1578 931 1579 930 1579 1245 1579 1246 1580 1247 1580 932 1580 1246 1581 932 1581 931 1581 1246 1582 931 1582 1245 1582 927 1583 926 1583 1242 1583 1242 1584 926 1584 939 1584 1242 1585 939 1585 1248 1585 1248 1586 939 1586 938 1586 1248 1587 938 1587 1249 1587 1249 1588 938 1588 937 1588 1249 1589 937 1589 1250 1589 1247 1590 1251 1590 932 1590 932 1591 1251 1591 933 1591 1251 1592 1252 1592 933 1592 933 1593 1252 1593 934 1593 940 1594 1253 1594 1254 1594 1254 1595 941 1595 940 1595 1255 1596 941 1596 1254 1596 942 1597 941 1597 1255 1597 1256 1598 942 1598 1255 1598 943 1599 942 1599 1256 1599 1257 1600 943 1600 1256 1600 1257 1601 944 1601 943 1601 925 1602 924 1602 1258 1602 925 1603 1258 1603 1253 1603 925 1604 1253 1604 940 1604 1259 1605 1260 1605 946 1605 1259 1606 946 1606 945 1606 1259 1607 945 1607 944 1607 1259 1608 944 1608 1257 1608 1261 1609 1262 1609 922 1609 922 1610 1262 1610 923 1610 1262 1611 1258 1611 923 1611 923 1612 1258 1612 924 1612 1260 1613 1263 1613 946 1613 946 1614 1263 1614 947 1614 1263 1615 1264 1615 947 1615 947 1616 1264 1616 936 1616 978 1617 1265 1617 1266 1617 1266 1618 979 1618 978 1618 1267 1619 979 1619 1266 1619 980 1620 979 1620 1267 1620 1268 1621 980 1621 1267 1621 981 1622 980 1622 1268 1622 1269 1623 981 1623 1268 1623 1269 1624 983 1624 981 1624 977 1625 976 1625 1270 1625 977 1626 1270 1626 1271 1626 977 1627 1271 1627 1265 1627 977 1628 1265 1628 978 1628 1272 1629 1273 1629 984 1629 1272 1630 984 1630 983 1630 1272 1631 983 1631 1269 1631 1274 1632 1275 1632 964 1632 964 1633 1275 1633 975 1633 1275 1634 1270 1634 975 1634 975 1635 1270 1635 976 1635 1273 1636 1276 1636 984 1636 984 1637 1276 1637 985 1637 1276 1638 1277 1638 985 1638 985 1639 1277 1639 986 1639 957 1640 1278 1640 1279 1640 954 1641 1280 1641 955 1641 954 1642 1281 1642 1280 1642 1281 1643 954 1643 953 1643 953 1644 1282 1644 1281 1644 1282 1645 953 1645 952 1645 952 1646 1283 1646 1282 1646 949 1647 1284 1647 950 1647 949 1648 1285 1648 1284 1648 915 1649 1286 1649 917 1649 917 1650 1286 1650 1287 1650 917 1651 1287 1651 909 1651 957 1652 1279 1652 916 1652 916 1653 1279 1653 1286 1653 916 1654 1286 1654 915 1654 957 1655 956 1655 1278 1655 1278 1656 956 1656 955 1656 1278 1657 955 1657 1280 1657 952 1658 951 1658 1283 1658 1283 1659 951 1659 950 1659 1283 1660 950 1660 1284 1660 949 1661 948 1661 1285 1661 1285 1662 948 1662 690 1662 1285 1663 690 1663 691 1663 1288 1664 908 1664 1287 1664 1287 1665 908 1665 909 1665 1289 1666 1290 1666 995 1666 994 1667 1289 1667 995 1667 1291 1668 1289 1668 994 1668 993 1669 1291 1669 994 1669 1292 1670 1291 1670 993 1670 992 1671 1292 1671 993 1671 1293 1672 1292 1672 992 1672 991 1673 1293 1673 992 1673 1294 1674 1293 1674 991 1674 990 1675 1294 1675 991 1675 1295 1676 1294 1676 990 1676 995 1677 1290 1677 996 1677 996 1678 1290 1678 711 1678 996 1679 711 1679 712 1679 990 1680 989 1680 1295 1680 1295 1681 989 1681 918 1681 1295 1682 918 1682 1296 1682 918 1683 906 1683 1296 1683 1296 1684 906 1684 908 1684 1296 1685 908 1685 1288 1685 1297 1686 1298 1686 422 1686 422 1687 1298 1687 1299 1687 422 1688 1299 1688 420 1688 420 1689 1299 1689 1300 1689 420 1690 1300 1690 438 1690 438 1691 1300 1691 1301 1691 438 1692 1301 1692 439 1692 439 1693 1301 1693 1302 1693 439 1694 1302 1694 440 1694 440 1695 1302 1695 1303 1695 440 1696 1303 1696 432 1696 432 1697 1303 1697 1304 1697 432 1698 1304 1698 433 1698 433 1699 1304 1699 1305 1699 433 1700 1305 1700 434 1700 434 1701 1305 1701 1306 1701 434 1702 1306 1702 435 1702 435 1703 1306 1703 1307 1703 435 1704 1307 1704 1308 1704 422 1705 449 1705 1297 1705 1297 1706 449 1706 448 1706 1297 1707 448 1707 1309 1707 1309 1708 448 1708 447 1708 1309 1709 447 1709 1310 1709 1310 1710 447 1710 446 1710 1310 1711 446 1711 1311 1711 1311 1712 446 1712 295 1712 1311 1713 295 1713 419 1713 1312 1714 1313 1714 1314 1714 1315 1715 1314 1715 1313 1715 1313 1716 1316 1716 1315 1716 1317 1717 1315 1717 1316 1717 1316 1718 1318 1718 1317 1718 1319 1719 1317 1719 1318 1719 1318 1720 1320 1720 1319 1720 1321 1721 1319 1721 1320 1721 1320 1722 1322 1722 1321 1722 1323 1723 1321 1723 1322 1723 1322 1724 1324 1724 1323 1724 1325 1725 1323 1725 1324 1725 1324 1726 1326 1726 1325 1726 1327 1727 1325 1727 1326 1727 1326 1728 1328 1728 1327 1728 1329 1729 1327 1729 1328 1729 1328 1730 1330 1730 1329 1730 1331 1731 1329 1731 1330 1731 1330 1732 1332 1732 1331 1732 1333 1733 1331 1733 1332 1733 1332 1734 1334 1734 1333 1734 1335 1735 1333 1735 1334 1735 1334 1736 1336 1736 1335 1736 1337 1737 1335 1737 1336 1737 1336 1738 1338 1738 1337 1738 1339 1739 1337 1739 1338 1739 1338 1740 1340 1740 1339 1740 1341 1741 1339 1741 1340 1741 1340 1742 1342 1742 1341 1742 1343 1743 1341 1743 1342 1743 1342 1744 1344 1744 1343 1744 1345 1745 1343 1745 1344 1745 1344 1746 1346 1746 1345 1746 1347 1747 1345 1747 1346 1747 1346 1748 1348 1748 1347 1748 1349 1749 1347 1749 1348 1749 1348 1750 1350 1750 1349 1750 1351 1751 1349 1751 1350 1751 1350 1752 1352 1752 1351 1752 1353 1753 1351 1753 1352 1753 1352 1754 1354 1754 1353 1754 1355 1755 1353 1755 1354 1755 1354 1756 1356 1756 1355 1756 1357 1757 1355 1757 1356 1757 1356 1758 1358 1758 1357 1758 1308 1759 1357 1759 1358 1759 1308 1760 1358 1760 436 1760 1308 1761 436 1761 435 1761 1359 1762 1360 1762 1361 1762 1361 1763 1360 1763 1362 1763 1361 1764 1362 1764 1363 1764 1363 1765 1362 1765 1364 1765 1363 1766 1364 1766 1365 1766 1365 1767 1364 1767 1366 1767 1365 1768 1366 1768 1367 1768 1367 1769 1366 1769 1368 1769 1367 1770 1368 1770 1369 1770 1369 1771 1368 1771 1370 1771 1369 1772 1370 1772 1371 1772 1371 1773 1370 1773 1312 1773 1371 1774 1312 1774 1314 1774 1372 1775 1373 1775 1374 1775 1375 1776 1376 1776 1377 1776 1377 1777 1376 1777 1378 1777 997 1778 1210 1778 998 1778 1379 1779 1380 1779 1222 1779 1379 1780 1222 1780 1201 1780 1379 1781 1201 1781 1212 1781 1379 1782 1212 1782 1211 1782 1379 1783 1211 1783 1206 1783 1379 1784 1206 1784 1208 1784 1379 1785 1208 1785 1210 1785 1379 1786 1210 1786 997 1786 1379 1787 997 1787 1381 1787 1379 1788 1381 1788 1378 1788 1379 1789 1378 1789 1376 1789 1382 1790 1383 1790 1373 1790 1373 1791 1383 1791 1384 1791 1373 1792 1384 1792 1374 1792 1376 1793 1375 1793 1382 1793 1382 1794 1375 1794 1385 1794 1382 1795 1385 1795 1383 1795 1386 1796 1218 1796 1380 1796 1380 1797 1218 1797 1220 1797 1380 1798 1220 1798 1222 1798 1387 1799 1223 1799 1386 1799 1386 1800 1223 1800 1216 1800 1386 1801 1216 1801 1218 1801 1360 1802 1359 1802 1388 1802 1388 1803 1359 1803 1389 1803 1388 1804 1389 1804 1387 1804 1387 1805 1389 1805 1225 1805 1387 1806 1225 1806 1223 1806 1372 1807 1390 1807 1391 1807 1392 1808 1393 1808 1394 1808 1395 1809 1396 1809 1397 1809 1398 1810 1399 1810 1395 1810 1400 1811 1401 1811 1398 1811 1402 1812 1403 1812 1400 1812 1391 1813 1404 1813 1402 1813 1375 1814 1405 1814 1385 1814 1406 1815 895 1815 894 1815 1406 1816 894 1816 1407 1816 1408 1817 1397 1817 1409 1817 1408 1818 1409 1818 1410 1818 1408 1819 1410 1819 1392 1819 905 1820 1394 1820 904 1820 904 1821 1394 1821 1411 1821 904 1822 1411 1822 903 1822 1381 1823 997 1823 1412 1823 1412 1824 997 1824 999 1824 1412 1825 999 1825 1413 1825 1413 1826 999 1826 1001 1826 1413 1827 1001 1827 1414 1827 1414 1828 1001 1828 1002 1828 1414 1829 1002 1829 1415 1829 1415 1830 1002 1830 967 1830 1415 1831 967 1831 1416 1831 1416 1832 967 1832 966 1832 1416 1833 966 1833 1417 1833 1417 1834 966 1834 958 1834 1417 1835 958 1835 1418 1835 1418 1836 958 1836 965 1836 1418 1837 965 1837 1419 1837 1419 1838 965 1838 982 1838 1419 1839 982 1839 1420 1839 1420 1840 982 1840 987 1840 1420 1841 987 1841 1406 1841 1406 1842 987 1842 988 1842 1406 1843 988 1843 895 1843 895 1844 988 1844 898 1844 1405 1845 1375 1845 1421 1845 1421 1846 1375 1846 1377 1846 1421 1847 1377 1847 1412 1847 1412 1848 1377 1848 1378 1848 1412 1849 1378 1849 1381 1849 1385 1850 1405 1850 1383 1850 1383 1851 1405 1851 1422 1851 1383 1852 1422 1852 1384 1852 1384 1853 1422 1853 1423 1853 1384 1854 1423 1854 1374 1854 1374 1855 1423 1855 1390 1855 1374 1856 1390 1856 1372 1856 1407 1857 894 1857 1424 1857 1424 1858 894 1858 897 1858 1424 1859 897 1859 1425 1859 1425 1860 897 1860 901 1860 1425 1861 901 1861 902 1861 1425 1862 902 1862 1426 1862 1426 1863 902 1863 903 1863 1426 1864 903 1864 1411 1864 1420 1865 1406 1865 1427 1865 1427 1866 1406 1866 1407 1866 1427 1867 1407 1867 1428 1867 1428 1868 1407 1868 1424 1868 1428 1869 1424 1869 1429 1869 1429 1870 1424 1870 1425 1870 1429 1871 1425 1871 1430 1871 1430 1872 1425 1872 1426 1872 1430 1873 1426 1873 1393 1873 1393 1874 1426 1874 1411 1874 1393 1875 1411 1875 1394 1875 1419 1876 1420 1876 1431 1876 1431 1877 1420 1877 1427 1877 1431 1878 1427 1878 1432 1878 1432 1879 1427 1879 1428 1879 1432 1880 1428 1880 1433 1880 1433 1881 1428 1881 1429 1881 1433 1882 1429 1882 1434 1882 1434 1883 1429 1883 1430 1883 1434 1884 1430 1884 1410 1884 1410 1885 1430 1885 1393 1885 1410 1886 1393 1886 1392 1886 1418 1887 1419 1887 1435 1887 1435 1888 1419 1888 1431 1888 1435 1889 1431 1889 1436 1889 1436 1890 1431 1890 1432 1890 1436 1891 1432 1891 1437 1891 1437 1892 1432 1892 1433 1892 1437 1893 1433 1893 1438 1893 1438 1894 1433 1894 1434 1894 1438 1895 1434 1895 1409 1895 1409 1896 1434 1896 1410 1896 1417 1897 1418 1897 1439 1897 1439 1898 1418 1898 1435 1898 1439 1899 1435 1899 1440 1899 1440 1900 1435 1900 1436 1900 1440 1901 1436 1901 1441 1901 1441 1902 1436 1902 1437 1902 1441 1903 1437 1903 1442 1903 1442 1904 1437 1904 1438 1904 1442 1905 1438 1905 1396 1905 1396 1906 1438 1906 1409 1906 1396 1907 1409 1907 1397 1907 1416 1908 1417 1908 1443 1908 1443 1909 1417 1909 1439 1909 1443 1910 1439 1910 1444 1910 1444 1911 1439 1911 1440 1911 1444 1912 1440 1912 1445 1912 1445 1913 1440 1913 1441 1913 1445 1914 1441 1914 1446 1914 1446 1915 1441 1915 1442 1915 1446 1916 1442 1916 1399 1916 1399 1917 1442 1917 1396 1917 1399 1918 1396 1918 1395 1918 1415 1919 1416 1919 1447 1919 1447 1920 1416 1920 1443 1920 1447 1921 1443 1921 1448 1921 1448 1922 1443 1922 1444 1922 1448 1923 1444 1923 1449 1923 1449 1924 1444 1924 1445 1924 1449 1925 1445 1925 1450 1925 1450 1926 1445 1926 1446 1926 1450 1927 1446 1927 1401 1927 1401 1928 1446 1928 1399 1928 1401 1929 1399 1929 1398 1929 1414 1930 1415 1930 1451 1930 1451 1931 1415 1931 1447 1931 1451 1932 1447 1932 1452 1932 1452 1933 1447 1933 1448 1933 1452 1934 1448 1934 1453 1934 1453 1935 1448 1935 1449 1935 1453 1936 1449 1936 1454 1936 1454 1937 1449 1937 1450 1937 1454 1938 1450 1938 1403 1938 1403 1939 1450 1939 1401 1939 1403 1940 1401 1940 1400 1940 1413 1941 1414 1941 1455 1941 1455 1942 1414 1942 1451 1942 1455 1943 1451 1943 1456 1943 1456 1944 1451 1944 1452 1944 1456 1945 1452 1945 1457 1945 1457 1946 1452 1946 1453 1946 1457 1947 1453 1947 1458 1947 1458 1948 1453 1948 1454 1948 1458 1949 1454 1949 1404 1949 1404 1950 1454 1950 1403 1950 1404 1951 1403 1951 1402 1951 1412 1952 1413 1952 1421 1952 1421 1953 1413 1953 1455 1953 1421 1954 1455 1954 1405 1954 1405 1955 1455 1955 1456 1955 1405 1956 1456 1956 1422 1956 1422 1957 1456 1957 1457 1957 1422 1958 1457 1958 1423 1958 1423 1959 1457 1959 1458 1959 1423 1960 1458 1960 1390 1960 1390 1961 1458 1961 1404 1961 1390 1962 1404 1962 1391 1962 1459 1963 1460 1963 1461 1963 1459 1964 1461 1964 1462 1964 1459 1965 1462 1965 1463 1965 1459 1966 1463 1966 1464 1966 1464 1967 1463 1967 1465 1967 1464 1968 1465 1968 1466 1968 1464 1969 1466 1969 1467 1969 1464 1970 1467 1970 1468 1970 1464 1971 1468 1971 1469 1971 1469 1972 1468 1972 1470 1972 1469 1973 1470 1973 1471 1973 1469 1974 1471 1974 1472 1974 1469 1975 1472 1975 1473 1975 1460 1976 1469 1976 1473 1976 1460 1977 1473 1977 1474 1977 1460 1978 1474 1978 1461 1978 1459 1979 1475 1979 1460 1979 1460 1980 1475 1980 1476 1980 1476 1981 1475 1981 1477 1981 1476 1982 1477 1982 1478 1982 1476 1983 1478 1983 1479 1983 1476 1984 1479 1984 1480 1984 1476 1985 1480 1985 1481 1985 1476 1986 1481 1986 1482 1986 1475 1987 1483 1987 1484 1987 1475 1988 1484 1988 1485 1988 1475 1989 1485 1989 1486 1989 1475 1990 1486 1990 1487 1990 1475 1991 1487 1991 1477 1991 1484 1992 1483 1992 1488 1992 1488 1993 1483 1993 1489 1993 1482 1994 1481 1994 1490 1994 1490 1995 1481 1995 1491 1995 1491 1996 1481 1996 1492 1996 1492 1997 1481 1997 1480 1997 1493 1998 1487 1998 1494 1998 1494 1999 1487 1999 1486 1999 1494 2000 1486 2000 1495 2000 1495 2001 1486 2001 1485 2001 1495 2002 1485 2002 1496 2002 1487 2003 1493 2003 1477 2003 1477 2004 1493 2004 1497 2004 1477 2005 1497 2005 1478 2005 1478 2006 1497 2006 1498 2006 1478 2007 1498 2007 1479 2007 1479 2008 1498 2008 1492 2008 1479 2009 1492 2009 1480 2009 1496 2010 1485 2010 1488 2010 1488 2011 1485 2011 1484 2011 1499 2012 1500 2012 1501 2012 1500 2013 1499 2013 1502 2013 1502 2014 1499 2014 1503 2014 1502 2015 1503 2015 1504 2015 1504 2016 1503 2016 1505 2016 1504 2017 1505 2017 1506 2017 1506 2018 1505 2018 1507 2018 1506 2019 1507 2019 1508 2019 1508 2020 1507 2020 1509 2020 1508 2021 1509 2021 1510 2021 1510 2022 1509 2022 1511 2022 1510 2023 1511 2023 1512 2023 1512 2024 1511 2024 1513 2024 1512 2025 1513 2025 1514 2025 1515 2026 1516 2026 1517 2026 1516 2027 1515 2027 1518 2027 1518 2028 1515 2028 1519 2028 1518 2029 1519 2029 1520 2029 1520 2030 1519 2030 1521 2030 1520 2031 1521 2031 1522 2031 1522 2032 1521 2032 1523 2032 1522 2033 1523 2033 1524 2033 1524 2034 1523 2034 1525 2034 1524 2035 1525 2035 1526 2035 1526 2036 1525 2036 1527 2036 1526 2037 1527 2037 1528 2037 1528 2038 1527 2038 1529 2038 1528 2039 1529 2039 1530 2039 1531 2040 1532 2040 1533 2040 1532 2041 1531 2041 1534 2041 1534 2042 1531 2042 1535 2042 1534 2043 1535 2043 1536 2043 1536 2044 1535 2044 1537 2044 1536 2045 1537 2045 1538 2045 1538 2046 1537 2046 1539 2046 1538 2047 1539 2047 1540 2047 1540 2048 1539 2048 1541 2048 1540 2049 1541 2049 1542 2049 1542 2050 1541 2050 1543 2050 1542 2051 1543 2051 1544 2051 1544 2052 1543 2052 1545 2052 1544 2053 1545 2053 1546 2053 1547 2054 1548 2054 1549 2054 1548 2055 1547 2055 1550 2055 1550 2056 1547 2056 1551 2056 1550 2057 1551 2057 1552 2057 1552 2058 1551 2058 1553 2058 1552 2059 1553 2059 1554 2059 1554 2060 1553 2060 1555 2060 1554 2061 1555 2061 1556 2061 1556 2062 1555 2062 1557 2062 1556 2063 1557 2063 1558 2063 1558 2064 1557 2064 1559 2064 1558 2065 1559 2065 1560 2065 1560 2066 1559 2066 1561 2066 1560 2067 1561 2067 1562 2067 1563 2068 1564 2068 1565 2068 1563 2069 1565 2069 1566 2069 1563 2070 1566 2070 1567 2070 1563 2071 1567 2071 1568 2071 1563 2072 1568 2072 1569 2072 1563 2073 1569 2073 1570 2073 1563 2074 1570 2074 1571 2074 1563 2075 1571 2075 1572 2075 1563 2076 1572 2076 1573 2076 1563 2077 1573 2077 1574 2077 1563 2078 1574 2078 1575 2078 1563 2079 1575 2079 1564 2079 1567 2080 1576 2080 1568 2080 1568 2081 1576 2081 1577 2081 1568 2082 1577 2082 1569 2082 1569 2083 1577 2083 1578 2083 1569 2084 1578 2084 1570 2084 1576 2085 1567 2085 1579 2085 1579 2086 1567 2086 1566 2086 1579 2087 1566 2087 1580 2087 1580 2088 1566 2088 1565 2088 1580 2089 1565 2089 1581 2089 1581 2090 1565 2090 1564 2090 1581 2091 1564 2091 1582 2091 1573 2092 1583 2092 1574 2092 1574 2093 1583 2093 1584 2093 1574 2094 1584 2094 1575 2094 1575 2095 1584 2095 1582 2095 1575 2096 1582 2096 1564 2096 1583 2097 1573 2097 1585 2097 1585 2098 1573 2098 1572 2098 1585 2099 1572 2099 1586 2099 1586 2100 1572 2100 1571 2100 1586 2101 1571 2101 1587 2101 1587 2102 1571 2102 1570 2102 1587 2103 1570 2103 1578 2103 1588 2104 1579 2104 1589 2104 1590 2105 1585 2105 1591 2105 1579 2106 1580 2106 1589 2106 1589 2107 1580 2107 1581 2107 1589 2108 1581 2108 1592 2108 1592 2109 1581 2109 1582 2109 1592 2110 1582 2110 1593 2110 1593 2111 1582 2111 1584 2111 1593 2112 1584 2112 1594 2112 1594 2113 1584 2113 1583 2113 1594 2114 1583 2114 1595 2114 1595 2115 1583 2115 1585 2115 1595 2116 1585 2116 1590 2116 1585 2117 1586 2117 1591 2117 1591 2118 1586 2118 1587 2118 1591 2119 1587 2119 1596 2119 1596 2120 1587 2120 1578 2120 1596 2121 1578 2121 1597 2121 1597 2122 1578 2122 1577 2122 1597 2123 1577 2123 1598 2123 1598 2124 1577 2124 1576 2124 1598 2125 1576 2125 1599 2125 1599 2126 1576 2126 1579 2126 1599 2127 1579 2127 1588 2127 1588 2128 1474 2128 1599 2128 1599 2129 1474 2129 1473 2129 1599 2130 1473 2130 1598 2130 1598 2131 1473 2131 1472 2131 1598 2132 1472 2132 1597 2132 1474 2133 1588 2133 1461 2133 1461 2134 1588 2134 1589 2134 1461 2135 1589 2135 1462 2135 1462 2136 1589 2136 1592 2136 1462 2137 1592 2137 1463 2137 1463 2138 1592 2138 1593 2138 1463 2139 1593 2139 1465 2139 1590 2140 1467 2140 1595 2140 1595 2141 1467 2141 1466 2141 1595 2142 1466 2142 1594 2142 1594 2143 1466 2143 1465 2143 1594 2144 1465 2144 1593 2144 1467 2145 1590 2145 1468 2145 1468 2146 1590 2146 1591 2146 1468 2147 1591 2147 1470 2147 1470 2148 1591 2148 1596 2148 1470 2149 1596 2149 1471 2149 1471 2150 1596 2150 1597 2150 1471 2151 1597 2151 1472 2151 1555 2152 1076 2152 1075 2152 1555 2153 1553 2153 1076 2153 1554 2154 1187 2154 1552 2154 1554 2155 1185 2155 1187 2155 1553 2156 1118 2156 1076 2156 1551 2157 1119 2157 1118 2157 1551 2158 1118 2158 1553 2158 1547 2159 1096 2159 1119 2159 1547 2160 1119 2160 1551 2160 1549 2161 1101 2161 1096 2161 1549 2162 1096 2162 1547 2162 1548 2163 1191 2163 1101 2163 1548 2164 1101 2164 1549 2164 1550 2165 1189 2165 1191 2165 1550 2166 1191 2166 1548 2166 1552 2167 1187 2167 1189 2167 1552 2168 1189 2168 1550 2168 1555 2169 1079 2169 1557 2169 1555 2170 1075 2170 1079 2170 1554 2171 1193 2171 1185 2171 1554 2172 1556 2172 1193 2172 1556 2173 1195 2173 1193 2173 1558 2174 1197 2174 1195 2174 1558 2175 1195 2175 1556 2175 1560 2176 1092 2176 1197 2176 1560 2177 1197 2177 1558 2177 1562 2178 1093 2178 1092 2178 1562 2179 1092 2179 1560 2179 1561 2180 1094 2180 1093 2180 1561 2181 1093 2181 1562 2181 1559 2182 1095 2182 1094 2182 1559 2183 1094 2183 1561 2183 1557 2184 1079 2184 1095 2184 1557 2185 1095 2185 1559 2185 1539 2186 1186 2186 1192 2186 1539 2187 1537 2187 1186 2187 1538 2188 1152 2188 1536 2188 1538 2189 1136 2189 1152 2189 1537 2190 1188 2190 1186 2190 1535 2191 1190 2191 1188 2191 1535 2192 1188 2192 1537 2192 1531 2193 1102 2193 1190 2193 1531 2194 1190 2194 1535 2194 1533 2195 1103 2195 1102 2195 1533 2196 1102 2196 1531 2196 1532 2197 1150 2197 1103 2197 1532 2198 1103 2198 1533 2198 1534 2199 1151 2199 1150 2199 1534 2200 1150 2200 1532 2200 1536 2201 1152 2201 1151 2201 1536 2202 1151 2202 1534 2202 1539 2203 1194 2203 1541 2203 1539 2204 1192 2204 1194 2204 1538 2205 1137 2205 1136 2205 1538 2206 1540 2206 1137 2206 1540 2207 1138 2207 1137 2207 1542 2208 1139 2208 1138 2208 1542 2209 1138 2209 1540 2209 1544 2210 1140 2210 1139 2210 1544 2211 1139 2211 1542 2211 1546 2212 1184 2212 1140 2212 1546 2213 1140 2213 1544 2213 1545 2214 1198 2214 1184 2214 1545 2215 1184 2215 1546 2215 1543 2216 1196 2216 1198 2216 1543 2217 1198 2217 1545 2217 1541 2218 1194 2218 1196 2218 1541 2219 1196 2219 1543 2219 1523 2220 1105 2220 1104 2220 1523 2221 1521 2221 1105 2221 1522 2222 1160 2222 1520 2222 1522 2223 1161 2223 1160 2223 1521 2224 1106 2224 1105 2224 1519 2225 1107 2225 1106 2225 1519 2226 1106 2226 1521 2226 1515 2227 1108 2227 1107 2227 1515 2228 1107 2228 1519 2228 1517 2229 1177 2229 1108 2229 1517 2230 1108 2230 1515 2230 1516 2231 1158 2231 1177 2231 1516 2232 1177 2232 1517 2232 1518 2233 1159 2233 1158 2233 1518 2234 1158 2234 1516 2234 1520 2235 1160 2235 1159 2235 1520 2236 1159 2236 1518 2236 1523 2237 1155 2237 1525 2237 1523 2238 1104 2238 1155 2238 1522 2239 1162 2239 1161 2239 1522 2240 1524 2240 1162 2240 1524 2241 1071 2241 1162 2241 1526 2242 1069 2242 1071 2242 1526 2243 1071 2243 1524 2243 1528 2244 1168 2244 1069 2244 1528 2245 1069 2245 1526 2245 1530 2246 1149 2246 1168 2246 1530 2247 1168 2247 1528 2247 1529 2248 1153 2248 1149 2248 1529 2249 1149 2249 1530 2249 1527 2250 1154 2250 1153 2250 1527 2251 1153 2251 1529 2251 1525 2252 1155 2252 1154 2252 1525 2253 1154 2253 1527 2253 1507 2254 1166 2254 1165 2254 1507 2255 1505 2255 1166 2255 1506 2256 1088 2256 1504 2256 1506 2257 1089 2257 1088 2257 1505 2258 1167 2258 1166 2258 1503 2259 1134 2259 1167 2259 1503 2260 1167 2260 1505 2260 1499 2261 1084 2261 1134 2261 1499 2262 1134 2262 1503 2262 1501 2263 1085 2263 1084 2263 1501 2264 1084 2264 1499 2264 1500 2265 1086 2265 1085 2265 1500 2266 1085 2266 1501 2266 1502 2267 1087 2267 1086 2267 1502 2268 1086 2268 1500 2268 1504 2269 1088 2269 1087 2269 1504 2270 1087 2270 1502 2270 1507 2271 1164 2271 1509 2271 1507 2272 1165 2272 1164 2272 1506 2273 1097 2273 1089 2273 1506 2274 1508 2274 1097 2274 1508 2275 1098 2275 1097 2275 1510 2276 1099 2276 1098 2276 1510 2277 1098 2277 1508 2277 1512 2278 1077 2278 1099 2278 1512 2279 1099 2279 1510 2279 1514 2280 1109 2280 1077 2280 1514 2281 1077 2281 1512 2281 1513 2282 1072 2282 1109 2282 1513 2283 1109 2283 1514 2283 1511 2284 1073 2284 1072 2284 1511 2285 1072 2285 1513 2285 1509 2286 1164 2286 1073 2286 1509 2287 1073 2287 1511 2287 1308 2288 1307 2288 1357 2288 1357 2289 1307 2289 1600 2289 1357 2290 1600 2290 1355 2290 1355 2291 1600 2291 1601 2291 1355 2292 1601 2292 1353 2292 1353 2293 1601 2293 1602 2293 1353 2294 1602 2294 1351 2294 1351 2295 1602 2295 1603 2295 1351 2296 1603 2296 1349 2296 1349 2297 1603 2297 1604 2297 1349 2298 1604 2298 1347 2298 1347 2299 1604 2299 1605 2299 1347 2300 1605 2300 1345 2300 1345 2301 1605 2301 1606 2301 1345 2302 1606 2302 1343 2302 1343 2303 1606 2303 1607 2303 1343 2304 1607 2304 1341 2304 1341 2305 1607 2305 1608 2305 1341 2306 1608 2306 1609 2306 1341 2307 1609 2307 1339 2307 1339 2308 1609 2308 1610 2308 1339 2309 1610 2309 1337 2309 1337 2310 1610 2310 1611 2310 1337 2311 1611 2311 1335 2311 1335 2312 1611 2312 1612 2312 1335 2313 1612 2313 1613 2313 1226 2314 1225 2314 1227 2314 1227 2315 1225 2315 1389 2315 1227 2316 1389 2316 1228 2316 1228 2317 1389 2317 1359 2317 1228 2318 1359 2318 1614 2318 1614 2319 1359 2319 1361 2319 1614 2320 1361 2320 1615 2320 1615 2321 1361 2321 1363 2321 1615 2322 1363 2322 1616 2322 1616 2323 1363 2323 1365 2323 1616 2324 1365 2324 1617 2324 1617 2325 1365 2325 1367 2325 1617 2326 1367 2326 1618 2326 1618 2327 1367 2327 1369 2327 1618 2328 1369 2328 1619 2328 1619 2329 1369 2329 1371 2329 1619 2330 1371 2330 1620 2330 1620 2331 1371 2331 1314 2331 1620 2332 1314 2332 1621 2332 1621 2333 1314 2333 1315 2333 1621 2334 1315 2334 1622 2334 1622 2335 1315 2335 1317 2335 1622 2336 1317 2336 1623 2336 1623 2337 1317 2337 1624 2337 1624 2338 1317 2338 1319 2338 1624 2339 1319 2339 1625 2339 1625 2340 1319 2340 1321 2340 1625 2341 1321 2341 1626 2341 1626 2342 1321 2342 1323 2342 1626 2343 1323 2343 1627 2343 1613 2344 1627 2344 1335 2344 1335 2345 1627 2345 1323 2345 1335 2346 1323 2346 1333 2346 1333 2347 1323 2347 1325 2347 1333 2348 1325 2348 1331 2348 1331 2349 1325 2349 1327 2349 1331 2350 1327 2350 1329 2350 1617 2351 1111 2351 1110 2351 1111 2352 1617 2352 1618 2352 1618 2353 1112 2353 1111 2353 1112 2354 1618 2354 1619 2354 1619 2355 1113 2355 1112 2355 1113 2356 1619 2356 1620 2356 1620 2357 1114 2357 1113 2357 1114 2358 1620 2358 1621 2358 1621 2359 1115 2359 1114 2359 1115 2360 1621 2360 1622 2360 1622 2361 1116 2361 1115 2361 1116 2362 1622 2362 1623 2362 1623 2363 1117 2363 1116 2363 1117 2364 1623 2364 1624 2364 1624 2365 1078 2365 1117 2365 1078 2366 1624 2366 1625 2366 1625 2367 1090 2367 1078 2367 1090 2368 1625 2368 1626 2368 1626 2369 1091 2369 1090 2369 1091 2370 1626 2370 1627 2370 1627 2371 1200 2371 1091 2371 1200 2372 1627 2372 1613 2372 1613 2373 1199 2373 1200 2373 1199 2374 1613 2374 1612 2374 1612 2375 1182 2375 1199 2375 1182 2376 1612 2376 1611 2376 1611 2377 1183 2377 1182 2377 1183 2378 1611 2378 1610 2378 1610 2379 1135 2379 1183 2379 1135 2380 1610 2380 1609 2380 1609 2381 1141 2381 1135 2381 1141 2382 1609 2382 1608 2382 1608 2383 1142 2383 1141 2383 1142 2384 1608 2384 1607 2384 1607 2385 1143 2385 1142 2385 1143 2386 1607 2386 1606 2386 1606 2387 1144 2387 1143 2387 1144 2388 1606 2388 1605 2388 1605 2389 1145 2389 1144 2389 1145 2390 1605 2390 1604 2390 1604 2391 1146 2391 1145 2391 1146 2392 1604 2392 1603 2392 1603 2393 1147 2393 1146 2393 1147 2394 1603 2394 1602 2394 1602 2395 1148 2395 1147 2395 1148 2396 1602 2396 1601 2396 1601 2397 1070 2397 1148 2397 1070 2398 1601 2398 1600 2398 1600 2399 1156 2399 1070 2399 1600 2400 1307 2400 1156 2400 1156 2401 1307 2401 1306 2401 1156 2402 1306 2402 1157 2402 1617 2403 1110 2403 1616 2403 1616 2404 1110 2404 1074 2404 1616 2405 1074 2405 1615 2405 1615 2406 1074 2406 1163 2406 1615 2407 1163 2407 1614 2407 1614 2408 1163 2408 1133 2408 1614 2409 1133 2409 1228 2409 1181 2410 1303 2410 1302 2410 1180 2411 1157 2411 1306 2411 1180 2412 1306 2412 1305 2412 1180 2413 1305 2413 1304 2413 1180 2414 1304 2414 1303 2414 1180 2415 1303 2415 1181 2415 1181 2416 1302 2416 1301 2416 1181 2417 1301 2417 1300 2417 1181 2418 1300 2418 1299 2418 1181 2419 1299 2419 1298 2419 1181 2420 1298 2420 1297 2420 1008 2421 1181 2421 1297 2421 1008 2422 1297 2422 1309 2422 1008 2423 1309 2423 1310 2423 1008 2424 1310 2424 1311 2424 1008 2425 1311 2425 419 2425 1628 2426 1629 2426 1630 2426 1629 2427 1628 2427 1631 2427 1631 2428 1628 2428 1632 2428 1631 2429 1632 2429 1633 2429 1633 2430 1632 2430 1634 2430 1633 2431 1634 2431 1635 2431 1635 2432 1634 2432 1636 2432 1635 2433 1636 2433 1637 2433 1637 2434 1636 2434 1638 2434 1637 2435 1638 2435 1639 2435 1639 2436 1638 2436 1640 2436 1639 2437 1640 2437 1641 2437 1641 2438 1640 2438 1642 2438 1641 2439 1642 2439 1643 2439 1643 2440 1642 2440 1644 2440 1643 2441 1644 2441 1645 2441 1645 2442 1644 2442 1646 2442 1645 2443 1646 2443 1647 2443 1647 2444 1646 2444 1648 2444 1647 2445 1648 2445 1649 2445 1649 2446 1648 2446 1650 2446 1649 2447 1650 2447 1651 2447 1651 2448 1650 2448 1652 2448 1651 2449 1652 2449 1653 2449 1653 2450 1652 2450 1654 2450 1653 2451 1654 2451 1655 2451 1655 2452 851 2452 1653 2452 1653 2453 851 2453 893 2453 1653 2454 893 2454 1651 2454 1651 2455 893 2455 892 2455 1651 2456 892 2456 1649 2456 1649 2457 892 2457 891 2457 1649 2458 891 2458 1647 2458 1647 2459 891 2459 890 2459 1647 2460 890 2460 1645 2460 1645 2461 890 2461 889 2461 1645 2462 889 2462 1643 2462 1643 2463 889 2463 888 2463 1643 2464 888 2464 1641 2464 851 2465 1655 2465 849 2465 849 2466 1655 2466 1654 2466 849 2467 1654 2467 850 2467 850 2468 1654 2468 1652 2468 850 2469 1652 2469 879 2469 879 2470 1652 2470 1650 2470 879 2471 1650 2471 878 2471 878 2472 1650 2472 1648 2472 878 2473 1648 2473 877 2473 877 2474 1648 2474 1646 2474 877 2475 1646 2475 876 2475 876 2476 1646 2476 1644 2476 876 2477 1644 2477 875 2477 875 2478 1644 2478 1642 2478 875 2479 1642 2479 874 2479 1630 2480 865 2480 1628 2480 1628 2481 865 2481 866 2481 1628 2482 866 2482 1632 2482 1632 2483 866 2483 868 2483 1632 2484 868 2484 1634 2484 1634 2485 868 2485 869 2485 1634 2486 869 2486 1636 2486 1636 2487 869 2487 871 2487 1636 2488 871 2488 1638 2488 1638 2489 871 2489 873 2489 1638 2490 873 2490 1640 2490 1640 2491 873 2491 874 2491 1640 2492 874 2492 1642 2492 865 2493 1630 2493 852 2493 852 2494 1630 2494 1629 2494 852 2495 1629 2495 853 2495 853 2496 1629 2496 1631 2496 853 2497 1631 2497 881 2497 881 2498 1631 2498 1633 2498 881 2499 1633 2499 882 2499 882 2500 1633 2500 1635 2500 882 2501 1635 2501 884 2501 884 2502 1635 2502 1637 2502 884 2503 1637 2503 886 2503 886 2504 1637 2504 1639 2504 886 2505 1639 2505 887 2505 887 2506 1639 2506 1641 2506 887 2507 1641 2507 888 2507 1656 2508 1657 2508 1658 2508 1657 2509 1656 2509 1659 2509 1659 2510 1656 2510 1660 2510 1659 2511 1660 2511 1661 2511 1661 2512 1660 2512 1662 2512 1661 2513 1662 2513 1663 2513 1663 2514 1662 2514 1664 2514 1663 2515 1664 2515 1665 2515 1665 2516 1664 2516 1666 2516 1665 2517 1666 2517 1667 2517 1667 2518 1666 2518 1668 2518 1667 2519 1668 2519 1669 2519 1669 2520 1668 2520 1670 2520 1669 2521 1670 2521 1671 2521 1671 2522 1670 2522 1672 2522 1671 2523 1672 2523 1673 2523 1673 2524 1672 2524 1674 2524 1673 2525 1674 2525 1675 2525 1675 2526 1674 2526 1676 2526 1675 2527 1676 2527 1677 2527 1677 2528 1676 2528 1678 2528 1677 2529 1678 2529 1679 2529 1679 2530 1678 2530 1680 2530 1679 2531 1680 2531 1681 2531 1681 2532 1680 2532 1682 2532 1681 2533 1682 2533 1683 2533 1683 2534 633 2534 1681 2534 1681 2535 633 2535 632 2535 1681 2536 632 2536 1679 2536 1679 2537 632 2537 670 2537 1679 2538 670 2538 1677 2538 1677 2539 670 2539 664 2539 1677 2540 664 2540 1675 2540 1675 2541 664 2541 663 2541 1675 2542 663 2542 1673 2542 1673 2543 663 2543 662 2543 1673 2544 662 2544 1671 2544 1671 2545 662 2545 661 2545 1671 2546 661 2546 1669 2546 633 2547 1683 2547 634 2547 634 2548 1683 2548 1682 2548 634 2549 1682 2549 631 2549 631 2550 1682 2550 1680 2550 631 2551 1680 2551 630 2551 630 2552 1680 2552 1678 2552 630 2553 1678 2553 629 2553 629 2554 1678 2554 1676 2554 629 2555 1676 2555 649 2555 649 2556 1676 2556 1674 2556 649 2557 1674 2557 650 2557 650 2558 1674 2558 1672 2558 650 2559 1672 2559 651 2559 651 2560 1672 2560 1670 2560 651 2561 1670 2561 652 2561 1658 2562 648 2562 1656 2562 1656 2563 648 2563 665 2563 1656 2564 665 2564 1660 2564 1660 2565 665 2565 667 2565 1660 2566 667 2566 1662 2566 1662 2567 667 2567 668 2567 1662 2568 668 2568 1664 2568 1664 2569 668 2569 654 2569 1664 2570 654 2570 1666 2570 1666 2571 654 2571 653 2571 1666 2572 653 2572 1668 2572 1668 2573 653 2573 652 2573 1668 2574 652 2574 1670 2574 648 2575 1658 2575 635 2575 635 2576 1658 2576 1657 2576 635 2577 1657 2577 636 2577 636 2578 1657 2578 1659 2578 636 2579 1659 2579 669 2579 669 2580 1659 2580 1661 2580 669 2581 1661 2581 657 2581 657 2582 1661 2582 1663 2582 657 2583 1663 2583 658 2583 658 2584 1663 2584 1665 2584 658 2585 1665 2585 659 2585 659 2586 1665 2586 1667 2586 659 2587 1667 2587 660 2587 660 2588 1667 2588 1669 2588 660 2589 1669 2589 661 2589 1684 2590 1685 2590 1686 2590 1686 2591 1685 2591 1687 2591 1688 2592 1689 2592 1690 2592 1690 2593 1689 2593 1691 2593 1687 2594 1692 2594 1686 2594 1686 2595 1692 2595 1693 2595 1694 2596 1692 2596 1685 2596 1685 2597 1692 2597 1687 2597 1695 2598 1694 2598 1684 2598 1684 2599 1694 2599 1685 2599 1684 2600 1686 2600 1695 2600 1695 2601 1686 2601 1693 2601 1690 2602 1691 2602 1696 2602 1696 2603 1691 2603 1697 2603 1698 2604 1697 2604 1689 2604 1689 2605 1697 2605 1691 2605 1698 2606 1689 2606 1699 2606 1699 2607 1689 2607 1688 2607 1688 2608 1690 2608 1699 2608 1699 2609 1690 2609 1696 2609 1700 2610 1701 2610 1490 2610 1700 2611 1490 2611 1491 2611 1700 2612 1491 2612 1488 2612 1700 2613 1488 2613 1489 2613 1488 2614 1491 2614 1496 2614 1496 2615 1491 2615 1492 2615 1496 2616 1492 2616 1495 2616 1495 2617 1492 2617 1498 2617 1495 2618 1498 2618 1494 2618 1494 2619 1498 2619 1497 2619 1494 2620 1497 2620 1493 2620 1701 2621 1700 2621 1702 2621 1702 2622 1700 2622 1703 2622 1702 2623 1703 2623 1704 2623 1704 2624 1703 2624 1705 2624 1706 2625 1707 2625 1708 2625 1709 2626 1710 2626 1711 2626 1709 2627 1711 2627 1712 2627 1709 2628 1712 2628 1713 2628 1709 2629 1713 2629 1714 2629 1709 2630 1714 2630 1715 2630 1709 2631 1715 2631 1716 2631 1709 2632 1716 2632 1717 2632 1709 2633 1717 2633 1718 2633 1710 2634 1709 2634 1719 2634 1710 2635 1719 2635 1720 2635 1710 2636 1720 2636 1721 2636 1710 2637 1721 2637 1722 2637 1710 2638 1722 2638 1723 2638 1710 2639 1723 2639 1724 2639 1710 2640 1724 2640 1725 2640 1707 2641 1706 2641 1726 2641 1726 2642 1706 2642 1727 2642 1726 2643 1727 2643 1728 2643 1728 2644 1727 2644 1729 2644 1728 2645 1729 2645 1730 2645 1730 2646 1729 2646 1731 2646 1730 2647 1731 2647 1732 2647 1732 2648 1731 2648 1733 2648 1732 2649 1733 2649 1734 2649 1734 2650 1733 2650 1735 2650 1734 2651 1735 2651 1736 2651 1736 2652 1735 2652 1737 2652 1736 2653 1737 2653 1738 2653 1738 2654 1737 2654 1739 2654 1738 2655 1739 2655 1740 2655 1740 2656 1739 2656 1741 2656 1740 2657 1741 2657 1742 2657 1718 2658 1717 2658 1743 2658 1743 2659 1717 2659 1744 2659 1743 2660 1744 2660 1745 2660 1745 2661 1744 2661 1746 2661 1745 2662 1746 2662 1747 2662 1747 2663 1746 2663 1748 2663 1747 2664 1748 2664 1749 2664 1749 2665 1748 2665 1750 2665 1749 2666 1750 2666 1751 2666 1751 2667 1750 2667 1752 2667 1751 2668 1752 2668 1741 2668 1741 2669 1752 2669 1753 2669 1741 2670 1753 2670 1742 2670 1725 2671 1724 2671 1754 2671 1754 2672 1724 2672 1755 2672 1754 2673 1755 2673 1756 2673 1757 2674 1758 2674 1759 2674 1759 2675 1758 2675 1760 2675 1759 2676 1760 2676 1761 2676 1761 2677 1760 2677 1762 2677 1761 2678 1762 2678 1763 2678 1763 2679 1762 2679 1764 2679 1763 2680 1764 2680 1765 2680 1765 2681 1764 2681 1766 2681 1765 2682 1766 2682 1767 2682 1767 2683 1766 2683 1768 2683 1767 2684 1768 2684 1769 2684 1769 2685 1768 2685 1770 2685 1769 2686 1770 2686 1771 2686 1771 2687 1770 2687 1772 2687 1771 2688 1772 2688 1773 2688 1773 2689 1772 2689 1774 2689 1773 2690 1774 2690 1775 2690 1775 2691 1774 2691 1776 2691 1775 2692 1776 2692 1777 2692 1777 2693 1776 2693 1778 2693 1777 2694 1778 2694 1779 2694 1779 2695 1778 2695 1780 2695 1779 2696 1780 2696 1781 2696 1781 2697 1780 2697 1782 2697 1781 2698 1782 2698 1783 2698 1783 2699 1782 2699 1784 2699 1783 2700 1784 2700 1785 2700 1785 2701 1784 2701 1786 2701 1785 2702 1786 2702 1787 2702 1787 2703 1786 2703 1788 2703 1787 2704 1788 2704 1789 2704 1789 2705 1788 2705 1790 2705 1789 2706 1790 2706 1791 2706 1791 2707 1790 2707 1792 2707 1791 2708 1792 2708 1793 2708 1793 2709 1792 2709 1794 2709 1793 2710 1794 2710 1795 2710 1795 2711 1794 2711 1796 2711 1795 2712 1796 2712 1797 2712 1797 2713 1796 2713 1798 2713 1797 2714 1798 2714 1799 2714 1799 2715 1798 2715 1800 2715 1799 2716 1800 2716 1801 2716 1801 2717 1800 2717 1802 2717 1801 2718 1802 2718 1803 2718 1803 2719 1802 2719 1804 2719 1803 2720 1804 2720 1805 2720 1805 2721 1804 2721 1806 2721 1805 2722 1806 2722 1807 2722 1807 2723 1806 2723 1808 2723 1807 2724 1808 2724 1809 2724 1809 2725 1808 2725 1810 2725 1809 2726 1810 2726 1811 2726 1811 2727 1810 2727 1812 2727 1811 2728 1812 2728 1813 2728 1813 2729 1812 2729 1814 2729 1460 2730 1476 2730 1482 2730 1460 2731 1482 2731 1490 2731 1460 2732 1490 2732 1701 2732 1460 2733 1701 2733 1702 2733 1460 2734 1702 2734 1704 2734 1460 2735 1704 2735 1693 2735 1460 2736 1693 2736 1692 2736 1460 2737 1692 2737 1469 2737 1815 2738 1693 2738 1704 2738 1693 2739 1815 2739 1695 2739 1695 2740 1815 2740 1816 2740 1695 2741 1816 2741 1694 2741 1694 2742 1816 2742 1469 2742 1694 2743 1469 2743 1692 2743 1816 2744 1817 2744 1469 2744 1469 2745 1817 2745 1464 2745 1703 2746 1700 2746 1489 2746 1703 2747 1489 2747 1459 2747 1703 2748 1459 2748 1697 2748 1703 2749 1697 2749 1705 2749 1817 2750 1696 2750 1464 2750 1464 2751 1696 2751 1697 2751 1464 2752 1697 2752 1459 2752 1696 2753 1817 2753 1699 2753 1699 2754 1817 2754 1818 2754 1699 2755 1818 2755 1698 2755 1698 2756 1818 2756 1705 2756 1698 2757 1705 2757 1697 2757 1475 2758 1459 2758 1483 2758 1483 2759 1459 2759 1489 2759 1704 2760 1705 2760 1815 2760 1815 2761 1705 2761 1818 2761 1708 2762 1819 2762 1706 2762 1706 2763 1819 2763 1820 2763 1706 2764 1820 2764 1727 2764 1727 2765 1820 2765 1821 2765 1727 2766 1821 2766 1729 2766 1729 2767 1821 2767 1822 2767 1729 2768 1822 2768 1731 2768 1731 2769 1822 2769 1823 2769 1731 2770 1823 2770 1733 2770 1733 2771 1823 2771 1824 2771 1733 2772 1824 2772 1735 2772 1735 2773 1824 2773 1825 2773 1735 2774 1825 2774 1737 2774 1737 2775 1825 2775 1826 2775 1737 2776 1826 2776 1739 2776 1819 2777 1708 2777 1827 2777 1827 2778 1708 2778 1707 2778 1827 2779 1707 2779 1828 2779 1828 2780 1707 2780 1726 2780 1828 2781 1726 2781 1829 2781 1829 2782 1726 2782 1728 2782 1829 2783 1728 2783 1830 2783 1830 2784 1728 2784 1730 2784 1830 2785 1730 2785 1831 2785 1831 2786 1730 2786 1732 2786 1831 2787 1732 2787 1832 2787 1832 2788 1732 2788 1734 2788 1832 2789 1734 2789 1833 2789 1833 2790 1734 2790 1736 2790 1833 2791 1736 2791 1834 2791 1834 2792 1736 2792 1738 2792 1834 2793 1738 2793 1835 2793 1835 2794 1738 2794 1740 2794 1835 2795 1740 2795 1836 2795 1745 2796 1837 2796 1743 2796 1743 2797 1837 2797 1838 2797 1743 2798 1838 2798 1718 2798 1718 2799 1838 2799 1839 2799 1718 2800 1839 2800 1709 2800 1709 2801 1839 2801 1840 2801 1709 2802 1840 2802 1719 2802 1837 2803 1745 2803 1841 2803 1841 2804 1745 2804 1747 2804 1841 2805 1747 2805 1842 2805 1842 2806 1747 2806 1749 2806 1842 2807 1749 2807 1843 2807 1843 2808 1749 2808 1751 2808 1843 2809 1751 2809 1844 2809 1844 2810 1751 2810 1741 2810 1844 2811 1741 2811 1845 2811 1845 2812 1741 2812 1739 2812 1845 2813 1739 2813 1826 2813 1724 2814 1846 2814 1755 2814 1755 2815 1846 2815 1847 2815 1755 2816 1847 2816 1756 2816 1756 2817 1847 2817 1848 2817 1756 2818 1848 2818 1754 2818 1754 2819 1848 2819 1849 2819 1754 2820 1849 2820 1725 2820 1725 2821 1849 2821 1850 2821 1725 2822 1850 2822 1710 2822 1846 2823 1724 2823 1851 2823 1851 2824 1724 2824 1723 2824 1851 2825 1723 2825 1852 2825 1852 2826 1723 2826 1722 2826 1852 2827 1722 2827 1853 2827 1853 2828 1722 2828 1721 2828 1853 2829 1721 2829 1854 2829 1854 2830 1721 2830 1720 2830 1854 2831 1720 2831 1855 2831 1855 2832 1720 2832 1719 2832 1855 2833 1719 2833 1840 2833 1710 2834 1850 2834 1711 2834 1711 2835 1850 2835 1856 2835 1714 2836 1857 2836 1715 2836 1715 2837 1857 2837 1858 2837 1715 2838 1858 2838 1716 2838 1857 2839 1714 2839 1859 2839 1859 2840 1714 2840 1713 2840 1859 2841 1713 2841 1860 2841 1860 2842 1713 2842 1712 2842 1860 2843 1712 2843 1861 2843 1861 2844 1712 2844 1711 2844 1861 2845 1711 2845 1856 2845 1858 2846 1862 2846 1716 2846 1716 2847 1862 2847 1717 2847 1717 2848 1862 2848 1744 2848 1744 2849 1862 2849 1863 2849 1744 2850 1863 2850 1746 2850 1746 2851 1863 2851 1864 2851 1746 2852 1864 2852 1748 2852 1748 2853 1864 2853 1865 2853 1748 2854 1865 2854 1750 2854 1750 2855 1865 2855 1866 2855 1750 2856 1866 2856 1752 2856 1752 2857 1866 2857 1867 2857 1752 2858 1867 2858 1753 2858 1753 2859 1867 2859 1868 2859 1753 2860 1868 2860 1742 2860 1742 2861 1868 2861 1869 2861 1869 2862 1836 2862 1742 2862 1742 2863 1836 2863 1740 2863 1813 2864 1870 2864 1811 2864 1811 2865 1870 2865 1871 2865 1811 2866 1871 2866 1809 2866 1809 2867 1871 2867 1872 2867 1809 2868 1872 2868 1807 2868 1807 2869 1872 2869 1873 2869 1807 2870 1873 2870 1805 2870 1805 2871 1873 2871 1874 2871 1805 2872 1874 2872 1803 2872 1803 2873 1874 2873 1875 2873 1803 2874 1875 2874 1801 2874 1801 2875 1875 2875 1876 2875 1801 2876 1876 2876 1799 2876 1799 2877 1876 2877 1877 2877 1799 2878 1877 2878 1797 2878 1797 2879 1877 2879 1878 2879 1797 2880 1878 2880 1795 2880 1795 2881 1878 2881 1879 2881 1795 2882 1879 2882 1793 2882 1793 2883 1879 2883 1880 2883 1793 2884 1880 2884 1791 2884 1791 2885 1880 2885 1881 2885 1791 2886 1881 2886 1789 2886 1789 2887 1881 2887 1882 2887 1789 2888 1882 2888 1787 2888 1787 2889 1882 2889 1883 2889 1787 2890 1883 2890 1785 2890 1870 2891 1813 2891 1884 2891 1884 2892 1813 2892 1814 2892 1884 2893 1814 2893 1885 2893 1885 2894 1814 2894 1812 2894 1885 2895 1812 2895 1886 2895 1886 2896 1812 2896 1810 2896 1886 2897 1810 2897 1887 2897 1887 2898 1810 2898 1808 2898 1887 2899 1808 2899 1888 2899 1888 2900 1808 2900 1806 2900 1888 2901 1806 2901 1889 2901 1889 2902 1806 2902 1804 2902 1889 2903 1804 2903 1890 2903 1890 2904 1804 2904 1802 2904 1890 2905 1802 2905 1891 2905 1891 2906 1802 2906 1800 2906 1891 2907 1800 2907 1892 2907 1892 2908 1800 2908 1798 2908 1892 2909 1798 2909 1893 2909 1893 2910 1798 2910 1796 2910 1893 2911 1796 2911 1894 2911 1894 2912 1796 2912 1794 2912 1894 2913 1794 2913 1895 2913 1895 2914 1794 2914 1792 2914 1895 2915 1792 2915 1896 2915 1896 2916 1792 2916 1790 2916 1896 2917 1790 2917 1897 2917 1897 2918 1790 2918 1788 2918 1897 2919 1788 2919 1898 2919 1898 2920 1788 2920 1786 2920 1898 2921 1786 2921 1899 2921 1758 2922 1900 2922 1760 2922 1760 2923 1900 2923 1901 2923 1760 2924 1901 2924 1762 2924 1762 2925 1901 2925 1902 2925 1762 2926 1902 2926 1764 2926 1764 2927 1902 2927 1903 2927 1764 2928 1903 2928 1766 2928 1766 2929 1903 2929 1904 2929 1766 2930 1904 2930 1768 2930 1768 2931 1904 2931 1905 2931 1768 2932 1905 2932 1770 2932 1770 2933 1905 2933 1906 2933 1770 2934 1906 2934 1772 2934 1772 2935 1906 2935 1907 2935 1772 2936 1907 2936 1774 2936 1774 2937 1907 2937 1908 2937 1774 2938 1908 2938 1776 2938 1776 2939 1908 2939 1909 2939 1776 2940 1909 2940 1778 2940 1778 2941 1909 2941 1910 2941 1778 2942 1910 2942 1780 2942 1780 2943 1910 2943 1911 2943 1780 2944 1911 2944 1782 2944 1782 2945 1911 2945 1912 2945 1782 2946 1912 2946 1784 2946 1784 2947 1912 2947 1899 2947 1784 2948 1899 2948 1786 2948 1900 2949 1758 2949 1913 2949 1913 2950 1758 2950 1757 2950 1913 2951 1757 2951 1914 2951 1914 2952 1757 2952 1759 2952 1914 2953 1759 2953 1915 2953 1915 2954 1759 2954 1761 2954 1915 2955 1761 2955 1916 2955 1916 2956 1761 2956 1763 2956 1916 2957 1763 2957 1917 2957 1917 2958 1763 2958 1765 2958 1917 2959 1765 2959 1918 2959 1918 2960 1765 2960 1767 2960 1918 2961 1767 2961 1919 2961 1919 2962 1767 2962 1769 2962 1919 2963 1769 2963 1920 2963 1920 2964 1769 2964 1771 2964 1920 2965 1771 2965 1921 2965 1921 2966 1771 2966 1773 2966 1921 2967 1773 2967 1922 2967 1922 2968 1773 2968 1775 2968 1922 2969 1775 2969 1923 2969 1923 2970 1775 2970 1777 2970 1923 2971 1777 2971 1924 2971 1924 2972 1777 2972 1779 2972 1924 2973 1779 2973 1925 2973 1925 2974 1779 2974 1781 2974 1925 2975 1781 2975 1926 2975 1926 2976 1781 2976 1783 2976 1926 2977 1783 2977 1927 2977 1927 2978 1783 2978 1785 2978 1927 2979 1785 2979 1883 2979 1830 2980 821 2980 1829 2980 430 2981 427 2981 1907 2981 430 2982 1907 2982 1906 2982 430 2983 1906 2983 1905 2983 430 2984 1905 2984 1904 2984 430 2985 1904 2985 1903 2985 500 2986 489 2986 1822 2986 500 2987 1822 2987 1821 2987 500 2988 1821 2988 1820 2988 500 2989 1820 2989 1819 2989 500 2990 1819 2990 1827 2990 500 2991 1827 2991 1828 2991 500 2992 1828 2992 1829 2992 500 2993 1829 2993 821 2993 500 2994 821 2994 823 2994 500 2995 823 2995 825 2995 500 2996 825 2996 827 2996 500 2997 827 2997 829 2997 500 2998 829 2998 723 2998 1372 2999 1391 2999 1817 2999 1372 3000 1817 3000 1916 3000 1372 3001 1916 3001 1917 3001 1372 3002 1917 3002 1918 3002 1372 3003 1918 3003 1919 3003 1372 3004 1919 3004 1920 3004 1372 3005 1920 3005 1373 3005 1815 3006 1818 3006 1850 3006 1815 3007 1850 3007 1849 3007 1815 3008 1849 3008 1848 3008 1815 3009 1848 3009 1847 3009 1815 3010 1847 3010 472 3010 1815 3011 472 3011 1816 3011 477 3012 430 3012 1903 3012 477 3013 1903 3013 1902 3013 477 3014 1902 3014 1901 3014 477 3015 1901 3015 1900 3015 477 3016 1900 3016 1913 3016 477 3017 1913 3017 1914 3017 477 3018 1914 3018 1816 3018 477 3019 1816 3019 472 3019 1330 3020 1328 3020 1326 3020 1330 3021 1326 3021 1324 3021 1330 3022 1324 3022 1322 3022 1330 3023 1322 3023 1884 3023 1330 3024 1884 3024 1885 3024 1330 3025 1885 3025 1338 3025 1330 3026 1338 3026 1336 3026 1330 3027 1336 3027 1334 3027 1330 3028 1334 3028 1332 3028 1338 3029 1885 3029 1886 3029 1338 3030 1886 3030 1887 3030 1338 3031 1887 3031 1340 3031 489 3032 456 3032 1845 3032 489 3033 1845 3033 1826 3033 489 3034 1826 3034 1825 3034 489 3035 1825 3035 1824 3035 489 3036 1824 3036 1823 3036 489 3037 1823 3037 1822 3037 472 3038 1847 3038 1846 3038 472 3039 1846 3039 1851 3039 472 3040 1851 3040 1852 3040 472 3041 1852 3041 1853 3041 472 3042 1853 3042 1854 3042 472 3043 1854 3043 1855 3043 472 3044 1855 3044 1840 3044 472 3045 1840 3045 1839 3045 472 3046 1839 3046 473 3046 1394 3047 1831 3047 1832 3047 1394 3048 1832 3048 1833 3048 1394 3049 1833 3049 1834 3049 1394 3050 1834 3050 1835 3050 1394 3051 1835 3051 1836 3051 1394 3052 1836 3052 1869 3052 1394 3053 1869 3053 1868 3053 1394 3054 1868 3054 1392 3054 905 3055 831 3055 812 3055 905 3056 812 3056 815 3056 905 3057 815 3057 817 3057 905 3058 817 3058 819 3058 905 3059 819 3059 821 3059 905 3060 821 3060 1830 3060 905 3061 1830 3061 1831 3061 905 3062 1831 3062 1394 3062 1402 3063 1400 3063 1862 3063 1402 3064 1862 3064 1858 3064 1402 3065 1858 3065 1857 3065 1402 3066 1857 3066 1859 3066 1402 3067 1859 3067 1860 3067 1402 3068 1860 3068 1861 3068 1402 3069 1861 3069 1856 3069 1402 3070 1856 3070 1850 3070 1402 3071 1850 3071 1818 3071 1402 3072 1818 3072 1817 3072 1402 3073 1817 3073 1391 3073 1322 3074 1320 3074 1871 3074 1322 3075 1871 3075 1870 3075 1322 3076 1870 3076 1884 3076 1816 3077 1914 3077 1817 3077 1817 3078 1914 3078 1915 3078 1817 3079 1915 3079 1916 3079 1907 3080 427 3080 1908 3080 1908 3081 427 3081 424 3081 1908 3082 424 3082 1909 3082 1909 3083 424 3083 441 3083 1909 3084 441 3084 1910 3084 1910 3085 441 3085 421 3085 1910 3086 421 3086 1911 3086 1911 3087 421 3087 437 3087 1911 3088 437 3088 1912 3088 1912 3089 437 3089 431 3089 1912 3090 431 3090 1899 3090 1899 3091 431 3091 436 3091 1899 3092 436 3092 1898 3092 1898 3093 436 3093 1358 3093 1898 3094 1358 3094 1897 3094 1897 3095 1358 3095 1356 3095 1897 3096 1356 3096 1896 3096 1896 3097 1356 3097 1354 3097 1896 3098 1354 3098 1895 3098 1895 3099 1354 3099 1352 3099 1895 3100 1352 3100 1894 3100 1894 3101 1352 3101 1350 3101 1894 3102 1350 3102 1893 3102 1893 3103 1350 3103 1348 3103 1893 3104 1348 3104 1892 3104 1892 3105 1348 3105 1891 3105 1891 3106 1348 3106 1346 3106 1891 3107 1346 3107 1890 3107 1890 3108 1346 3108 1344 3108 1890 3109 1344 3109 1889 3109 1889 3110 1344 3110 1342 3110 1889 3111 1342 3111 1888 3111 1888 3112 1342 3112 1340 3112 1888 3113 1340 3113 1887 3113 1845 3114 456 3114 1844 3114 1844 3115 456 3115 455 3115 1844 3116 455 3116 1843 3116 1843 3117 455 3117 459 3117 1843 3118 459 3118 1842 3118 1842 3119 459 3119 462 3119 1842 3120 462 3120 1841 3120 1841 3121 462 3121 465 3121 1841 3122 465 3122 1837 3122 1837 3123 465 3123 468 3123 1837 3124 468 3124 1838 3124 1838 3125 468 3125 492 3125 1838 3126 492 3126 1839 3126 1839 3127 492 3127 473 3127 1392 3128 1868 3128 1408 3128 1408 3129 1868 3129 1867 3129 1408 3130 1867 3130 1397 3130 1397 3131 1867 3131 1866 3131 1397 3132 1866 3132 1395 3132 1395 3133 1866 3133 1865 3133 1395 3134 1865 3134 1864 3134 1395 3135 1864 3135 1398 3135 1398 3136 1864 3136 1863 3136 1398 3137 1863 3137 1400 3137 1400 3138 1863 3138 1862 3138 1373 3139 1920 3139 1382 3139 1382 3140 1920 3140 1921 3140 1382 3141 1921 3141 1376 3141 1376 3142 1921 3142 1922 3142 1376 3143 1922 3143 1379 3143 1379 3144 1922 3144 1923 3144 1379 3145 1923 3145 1380 3145 1380 3146 1923 3146 1924 3146 1380 3147 1924 3147 1386 3147 1386 3148 1924 3148 1925 3148 1386 3149 1925 3149 1387 3149 1387 3150 1925 3150 1926 3150 1387 3151 1926 3151 1388 3151 1388 3152 1926 3152 1927 3152 1388 3153 1927 3153 1360 3153 1360 3154 1927 3154 1883 3154 1360 3155 1883 3155 1362 3155 1362 3156 1883 3156 1882 3156 1362 3157 1882 3157 1364 3157 1364 3158 1882 3158 1881 3158 1364 3159 1881 3159 1366 3159 1366 3160 1881 3160 1880 3160 1366 3161 1880 3161 1368 3161 1368 3162 1880 3162 1879 3162 1368 3163 1879 3163 1370 3163 1370 3164 1879 3164 1878 3164 1370 3165 1878 3165 1312 3165 1312 3166 1878 3166 1877 3166 1312 3167 1877 3167 1876 3167 1312 3168 1876 3168 1313 3168 1313 3169 1876 3169 1875 3169 1313 3170 1875 3170 1316 3170 1316 3171 1875 3171 1874 3171 1316 3172 1874 3172 1318 3172 1318 3173 1874 3173 1873 3173 1318 3174 1873 3174 1320 3174 1320 3175 1873 3175 1872 3175 1320 3176 1872 3176 1871 3176 695 3177 694 3177 1014 3177 1014 3178 694 3178 1100 3178 1240 3179 1274 3179 963 3179 963 3180 1274 3180 964 3180 1277 3181 1261 3181 986 3181 986 3182 1261 3182 922 3182 1264 3183 1250 3183 936 3183 936 3184 1250 3184 937 3184 1252 3185 1235 3185 934 3185 934 3186 1235 3186 968 3186 1928 3187 1929 3187 1930 3187 1930 3188 1929 3188 1931 3188 1013 3189 1932 3189 671 3189 671 3190 1932 3190 672 3190 1100 3191 694 3191 711 3191 1100 3192 711 3192 1290 3192 1100 3193 1290 3193 1289 3193 1080 3194 1100 3194 1289 3194 1080 3195 1289 3195 1291 3195 1080 3196 1291 3196 1292 3196 1080 3197 1292 3197 1293 3197 1080 3198 1293 3198 1294 3198 1080 3199 1294 3199 1295 3199 1080 3200 1295 3200 1296 3200 1080 3201 1296 3201 1288 3201 1080 3202 1288 3202 1287 3202 1080 3203 1287 3203 1933 3203 1933 3204 1287 3204 1286 3204 1933 3205 1286 3205 1279 3205 1933 3206 1279 3206 1278 3206 1933 3207 1278 3207 1280 3207 1933 3208 1280 3208 1281 3208 1933 3209 1281 3209 1282 3209 1933 3210 1282 3210 1283 3210 1933 3211 1283 3211 1284 3211 1933 3212 1284 3212 1285 3212 1933 3213 1285 3213 691 3213 1933 3214 691 3214 672 3214 1933 3215 672 3215 1932 3215 1934 3216 1081 3216 1933 3216 1933 3217 1081 3217 1080 3217 1252 3218 1935 3218 1235 3218 1009 3219 1936 3219 1937 3219 1938 3220 1937 3220 1936 3220 1936 3221 1939 3221 1938 3221 1940 3222 1938 3222 1939 3222 1939 3223 1941 3223 1940 3223 1942 3224 1940 3224 1941 3224 1941 3225 1935 3225 1942 3225 1936 3226 1125 3226 1939 3226 1939 3227 1125 3227 1124 3227 1939 3228 1124 3228 1941 3228 1941 3229 1124 3229 1123 3229 1941 3230 1123 3230 1935 3230 1264 3231 1263 3231 1943 3231 1264 3232 1943 3232 1944 3232 1264 3233 1944 3233 1250 3233 1945 3234 1943 3234 1254 3234 1945 3235 1254 3235 1253 3235 1945 3236 1253 3236 1258 3236 1945 3237 1258 3237 1262 3237 1945 3238 1262 3238 1261 3238 1945 3239 1261 3239 1946 3239 1945 3240 1946 3240 1947 3240 1945 3241 1947 3241 1948 3241 1083 3242 1082 3242 1947 3242 1083 3243 1947 3243 1946 3243 1083 3244 1946 3244 1261 3244 1083 3245 1261 3245 1277 3245 1083 3246 1277 3246 1276 3246 1083 3247 1276 3247 1273 3247 1083 3248 1273 3248 1272 3248 1083 3249 1272 3249 1269 3249 1083 3250 1269 3250 1268 3250 1083 3251 1268 3251 1120 3251 1949 3252 1942 3252 1935 3252 1949 3253 1935 3253 1252 3253 1949 3254 1252 3254 1251 3254 1949 3255 1251 3255 1247 3255 1949 3256 1247 3256 1246 3256 1949 3257 1246 3257 1245 3257 1949 3258 1245 3258 1244 3258 1949 3259 1244 3259 1243 3259 1949 3260 1243 3260 1241 3260 1949 3261 1241 3261 1242 3261 1949 3262 1242 3262 1248 3262 1949 3263 1248 3263 1249 3263 1949 3264 1249 3264 1250 3264 1949 3265 1250 3265 1944 3265 1943 3266 1263 3266 1260 3266 1943 3267 1260 3267 1259 3267 1943 3268 1259 3268 1257 3268 1943 3269 1257 3269 1256 3269 1943 3270 1256 3270 1255 3270 1943 3271 1255 3271 1254 3271 1126 3272 1125 3272 1936 3272 1126 3273 1936 3273 1009 3273 1126 3274 1009 3274 1010 3274 1126 3275 1010 3275 1209 3275 1126 3276 1209 3276 1207 3276 1126 3277 1207 3277 1127 3277 1121 3278 1120 3278 1274 3278 1121 3279 1274 3279 1240 3279 1121 3280 1240 3280 1239 3280 1121 3281 1239 3281 1238 3281 1121 3282 1238 3282 1237 3282 1121 3283 1237 3283 1233 3283 1122 3284 1121 3284 1233 3284 1122 3285 1233 3285 1232 3285 1122 3286 1232 3286 1231 3286 1122 3287 1231 3287 1229 3287 1122 3288 1229 3288 1230 3288 1122 3289 1230 3289 1234 3289 1122 3290 1234 3290 1236 3290 1122 3291 1236 3291 1235 3291 1122 3292 1235 3292 1935 3292 1122 3293 1935 3293 1123 3293 1120 3294 1268 3294 1267 3294 1120 3295 1267 3295 1266 3295 1120 3296 1266 3296 1265 3296 1120 3297 1265 3297 1271 3297 1120 3298 1271 3298 1270 3298 1120 3299 1270 3299 1275 3299 1120 3300 1275 3300 1274 3300 1082 3301 1081 3301 1947 3301 1947 3302 1081 3302 1934 3302 1947 3303 1934 3303 1948 3303 1950 3304 1176 3304 1951 3304 1951 3305 1176 3305 1175 3305 1951 3306 1175 3306 1952 3306 1952 3307 1175 3307 1173 3307 1952 3308 1173 3308 1953 3308 1953 3309 1173 3309 1171 3309 1953 3310 1171 3310 1954 3310 1954 3311 1171 3311 1005 3311 1954 3312 1005 3312 1004 3312 1176 3313 1950 3313 1174 3313 1174 3314 1950 3314 1955 3314 1174 3315 1955 3315 1172 3315 1172 3316 1955 3316 1956 3316 1172 3317 1956 3317 1170 3317 1170 3318 1956 3318 1957 3318 1170 3319 1957 3319 1169 3319 1169 3320 1957 3320 1958 3320 1169 3321 1958 3321 1179 3321 1179 3322 1958 3322 1959 3322 1179 3323 1959 3323 1178 3323 1178 3324 1959 3324 1012 3324 1178 3325 1012 3325 1011 3325 1960 3326 1961 3326 1962 3326 1962 3327 1961 3327 1060 3327 1962 3328 1060 3328 1963 3328 1963 3329 1060 3329 1964 3329 1963 3330 1964 3330 1965 3330 1966 3331 1967 3331 1030 3331 1030 3332 1967 3332 1968 3332 1030 3333 1968 3333 1028 3333 1028 3334 1968 3334 1969 3334 1028 3335 1969 3335 1970 3335 1970 3336 1969 3336 1971 3336 1028 3337 1970 3337 1016 3337 1016 3338 1970 3338 1972 3338 1016 3339 1972 3339 1018 3339 1018 3340 1972 3340 1973 3340 1018 3341 1973 3341 1020 3341 1020 3342 1973 3342 1974 3342 1020 3343 1974 3343 1022 3343 1022 3344 1974 3344 1024 3344 1024 3345 1974 3345 1975 3345 1024 3346 1975 3346 1026 3346 1026 3347 1975 3347 1976 3347 1026 3348 1976 3348 1068 3348 1068 3349 1976 3349 1977 3349 1068 3350 1977 3350 1049 3350 1049 3351 1977 3351 1978 3351 1049 3352 1978 3352 1050 3352 1050 3353 1978 3353 1054 3353 1054 3354 1978 3354 1979 3354 1054 3355 1979 3355 1056 3355 1056 3356 1979 3356 1980 3356 1056 3357 1980 3357 1058 3357 1964 3358 1060 3358 1980 3358 1980 3359 1060 3359 1058 3359 1966 3360 1030 3360 1981 3360 1981 3361 1030 3361 1032 3361 1981 3362 1032 3362 1982 3362 1982 3363 1032 3363 1034 3363 1982 3364 1034 3364 1983 3364 1983 3365 1034 3365 1036 3365 1983 3366 1036 3366 1038 3366 1983 3367 1038 3367 1984 3367 1984 3368 1038 3368 1040 3368 1984 3369 1040 3369 1985 3369 1985 3370 1040 3370 1042 3370 1985 3371 1042 3371 1986 3371 1986 3372 1042 3372 1045 3372 1986 3373 1045 3373 1987 3373 1987 3374 1045 3374 1044 3374 1987 3375 1044 3375 1988 3375 1988 3376 1044 3376 1047 3376 1988 3377 1047 3377 1066 3377 1988 3378 1066 3378 1989 3378 1989 3379 1066 3379 1064 3379 1989 3380 1064 3380 1062 3380 1062 3381 1060 3381 1989 3381 1989 3382 1060 3382 1961 3382 1990 3383 1929 3383 1991 3383 1991 3384 1929 3384 1928 3384 1928 3385 1930 3385 1991 3385 1991 3386 1930 3386 1992 3386 1931 3387 1993 3387 1930 3387 1930 3388 1993 3388 1992 3388 1990 3389 1993 3389 1929 3389 1929 3390 1993 3390 1931 3390 1994 3391 935 3391 913 3391 1994 3392 913 3392 912 3392 1994 3393 912 3393 730 3393 1994 3394 730 3394 729 3394 418 3395 293 3395 1029 3395 293 3396 1031 3396 1029 3396 1933 3397 1948 3397 1934 3397 1933 3398 1945 3398 1948 3398 1046 3399 1995 3399 1067 3399 1065 3400 1067 3400 1995 3400 1065 3401 1995 3401 1063 3401 1996 3402 1053 3402 1055 3402 1996 3403 1055 3403 1057 3403 1057 3404 1059 3404 1996 3404 1000 3405 1009 3405 1015 3405 1000 3406 1015 3406 1017 3406 1000 3407 1017 3407 1997 3407 1998 3408 1999 3408 2000 3408 1998 3409 2000 3409 2001 3409 1998 3410 2001 3410 2002 3410 1998 3411 2002 3411 2003 3411 1998 3412 2003 3412 2004 3412 1998 3413 2004 3413 2005 3413 1998 3414 2005 3414 2006 3414 1998 3415 2006 3415 2007 3415 1998 3416 2007 3416 2008 3416 1998 3417 2008 3417 1061 3417 1998 3418 1061 3418 1063 3418 1998 3419 1063 3419 1995 3419 1061 3420 2008 3420 2009 3420 1061 3421 2009 3421 2010 3421 1061 3422 2010 3422 2011 3422 1061 3423 2011 3423 2012 3423 1061 3424 2012 3424 2013 3424 1061 3425 2013 3425 2014 3425 1061 3426 2014 3426 2015 3426 1061 3427 2015 3427 2016 3427 1061 3428 2016 3428 2017 3428 1061 3429 2017 3429 1996 3429 1061 3430 1996 3430 1059 3430 1015 3431 1009 3431 1937 3431 1015 3432 1937 3432 1938 3432 1015 3433 1938 3433 1940 3433 1015 3434 1940 3434 1942 3434 1015 3435 1942 3435 1949 3435 1015 3436 1949 3436 1944 3436 1015 3437 1944 3437 1943 3437 1015 3438 1943 3438 1945 3438 1015 3439 1945 3439 1933 3439 1015 3440 1933 3440 1932 3440 1015 3441 1932 3441 1013 3441 1015 3442 1013 3442 1029 3442 406 3443 1041 3443 1039 3443 406 3444 1039 3444 1037 3444 406 3445 1037 3445 1035 3445 406 3446 1035 3446 1033 3446 406 3447 1033 3447 1031 3447 406 3448 1031 3448 293 3448 2018 3449 1995 3449 1046 3449 2018 3450 1046 3450 1043 3450 2018 3451 1043 3451 1052 3451 2018 3452 1052 3452 1041 3452 2018 3453 1041 3453 406 3453 1997 3454 1017 3454 1019 3454 1997 3455 1019 3455 1021 3455 1997 3456 1021 3456 1023 3456 1997 3457 1023 3457 1025 3457 1997 3458 1025 3458 1027 3458 1997 3459 1027 3459 1051 3459 1997 3460 1051 3460 2019 3460 1951 3461 1952 3461 1950 3461 1950 3462 1952 3462 1953 3462 1950 3463 1953 3463 1955 3463 1955 3464 1953 3464 1954 3464 1955 3465 1954 3465 1956 3465 1956 3466 1954 3466 1004 3466 1956 3467 1004 3467 1957 3467 1958 3468 1957 3468 1959 3468 1959 3469 1957 3469 1004 3469 1959 3470 1004 3470 1012 3470 1012 3471 1004 3471 1006 3471 1012 3472 1006 3472 1013 3472 1013 3473 1006 3473 418 3473 1013 3474 418 3474 1029 3474 1053 3475 1996 3475 1048 3475 1048 3476 1996 3476 2019 3476 1048 3477 2019 3477 1051 3477 696 3478 899 3478 697 3478 697 3479 899 3479 898 3479 655 3480 675 3480 582 3480 582 3481 675 3481 583 3481 675 3482 678 3482 583 3482 583 3483 678 3483 775 3483 1969 3484 2020 3484 1971 3484 1971 3485 2020 3485 2021 3485 1971 3486 2021 3486 1970 3486 1970 3487 2021 3487 2022 3487 1970 3488 2022 3488 1972 3488 1972 3489 2022 3489 2023 3489 1972 3490 2023 3490 1973 3490 1973 3491 2023 3491 2024 3491 1973 3492 2024 3492 1974 3492 1974 3493 2024 3493 2025 3493 1974 3494 2025 3494 1975 3494 1975 3495 2025 3495 2026 3495 1975 3496 2026 3496 1976 3496 2020 3497 1969 3497 2027 3497 2027 3498 1969 3498 1968 3498 2027 3499 1968 3499 2028 3499 2028 3500 1968 3500 1967 3500 2028 3501 1967 3501 2029 3501 2029 3502 1967 3502 1966 3502 2029 3503 1966 3503 2030 3503 2030 3504 1966 3504 1981 3504 2030 3505 1981 3505 2031 3505 2031 3506 1981 3506 1982 3506 2031 3507 1982 3507 2032 3507 2032 3508 1982 3508 1983 3508 2032 3509 1983 3509 2033 3509 2033 3510 1983 3510 1984 3510 2033 3511 1984 3511 2034 3511 2034 3512 1984 3512 1985 3512 2034 3513 1985 3513 2035 3513 1962 3514 2036 3514 1960 3514 1960 3515 2036 3515 2037 3515 1960 3516 2037 3516 1961 3516 1961 3517 2037 3517 2038 3517 1961 3518 2038 3518 1989 3518 1989 3519 2038 3519 2039 3519 1989 3520 2039 3520 1988 3520 1988 3521 2039 3521 2040 3521 1988 3522 2040 3522 1987 3522 1987 3523 2040 3523 2041 3523 1987 3524 2041 3524 1986 3524 1986 3525 2041 3525 2035 3525 1986 3526 2035 3526 1985 3526 2036 3527 1962 3527 2042 3527 2042 3528 1962 3528 1963 3528 2042 3529 1963 3529 2043 3529 2043 3530 1963 3530 1965 3530 2043 3531 1965 3531 2044 3531 2044 3532 1965 3532 1964 3532 2044 3533 1964 3533 2045 3533 2045 3534 1964 3534 1980 3534 2045 3535 1980 3535 2046 3535 2046 3536 1980 3536 1979 3536 2046 3537 1979 3537 2047 3537 2047 3538 1979 3538 1978 3538 2047 3539 1978 3539 2048 3539 2048 3540 1978 3540 1977 3540 2048 3541 1977 3541 2049 3541 2049 3542 1977 3542 1976 3542 2049 3543 1976 3543 2026 3543 736 3544 763 3544 761 3544 736 3545 761 3545 764 3545 736 3546 764 3546 782 3546 736 3547 782 3547 766 3547 736 3548 766 3548 768 3548 736 3549 768 3549 783 3549 736 3550 783 3550 785 3550 736 3551 785 3551 787 3551 736 3552 787 3552 788 3552 736 3553 788 3553 737 3553 1990 3554 1991 3554 1003 3554 1990 3555 1003 3555 735 3555 1990 3556 735 3556 736 3556 1990 3557 736 3557 737 3557 1990 3558 737 3558 739 3558 1990 3559 739 3559 781 3559 1990 3560 781 3560 780 3560 1990 3561 780 3561 935 3561 1990 3562 935 3562 1993 3562 1003 3563 1991 3563 2050 3563 2050 3564 1991 3564 1992 3564 2050 3565 1992 3565 1994 3565 1994 3566 1992 3566 1993 3566 1994 3567 1993 3567 935 3567 1003 3568 2050 3568 732 3568 732 3569 2050 3569 734 3569 2050 3570 1994 3570 726 3570 726 3571 1994 3571 729 3571 725 3572 727 3572 2051 3572 2051 3573 727 3573 1000 3573 2051 3574 1000 3574 1997 3574 406 3575 405 3575 2018 3575 2018 3576 405 3576 2052 3576 2018 3577 2052 3577 1995 3577 1995 3578 2052 3578 2053 3578 1995 3579 2053 3579 1998 3579 1998 3580 2053 3580 2054 3580 1998 3581 2054 3581 1999 3581 1999 3582 2054 3582 2055 3582 1999 3583 2055 3583 2000 3583 2000 3584 2055 3584 2056 3584 2000 3585 2056 3585 2001 3585 2001 3586 2056 3586 2057 3586 2001 3587 2057 3587 2002 3587 2002 3588 2057 3588 2058 3588 2002 3589 2058 3589 2003 3589 2003 3590 2058 3590 2059 3590 2003 3591 2059 3591 2004 3591 2004 3592 2059 3592 2060 3592 2004 3593 2060 3593 2005 3593 2005 3594 2060 3594 2061 3594 2005 3595 2061 3595 2006 3595 2006 3596 2061 3596 2062 3596 2006 3597 2062 3597 2007 3597 2007 3598 2062 3598 2063 3598 2007 3599 2063 3599 2008 3599 2008 3600 2063 3600 2064 3600 2008 3601 2064 3601 2009 3601 2009 3602 2064 3602 2065 3602 2009 3603 2065 3603 2010 3603 2010 3604 2065 3604 2066 3604 2010 3605 2066 3605 2011 3605 2011 3606 2066 3606 2067 3606 2011 3607 2067 3607 2012 3607 2012 3608 2067 3608 2068 3608 2012 3609 2068 3609 2013 3609 2013 3610 2068 3610 2069 3610 2013 3611 2069 3611 2014 3611 2014 3612 2069 3612 2070 3612 2014 3613 2070 3613 2015 3613 2015 3614 2070 3614 2071 3614 2015 3615 2071 3615 2016 3615 2016 3616 2071 3616 2072 3616 2016 3617 2072 3617 2017 3617 2017 3618 2072 3618 2073 3618 2017 3619 2073 3619 1996 3619 1996 3620 2073 3620 2074 3620 1996 3621 2074 3621 2019 3621 2019 3622 2074 3622 2075 3622 2019 3623 2075 3623 1997 3623 1997 3624 2075 3624 2051 3624 578 3625 579 3625 2076 3625 578 3626 2076 3626 2077 3626 578 3627 2077 3627 2078 3627 578 3628 2078 3628 2079 3628 2080 3629 2081 3629 2082 3629 2080 3630 2082 3630 2083 3630 2080 3631 2083 3631 2084 3631 2080 3632 2084 3632 2085 3632 2080 3633 2085 3633 2086 3633 2076 3634 579 3634 2087 3634 2087 3635 579 3635 2088 3635 2087 3636 2088 3636 581 3636 581 3637 2088 3637 2089 3637 581 3638 2089 3638 576 3638 581 3639 576 3639 580 3639 580 3640 576 3640 577 3640 580 3641 577 3641 2090 3641 580 3642 2090 3642 2084 3642 2084 3643 2090 3643 2091 3643 2084 3644 2091 3644 2085 3644 2092 3645 2093 3645 2094 3645 572 3646 575 3646 2095 3646 2096 3647 2097 3647 2098 3647 2099 3648 2100 3648 2101 3648 571 3649 2102 3649 2098 3649 571 3650 2098 3650 2097 3650 571 3651 2097 3651 570 3651 573 3652 2103 3652 2104 3652 573 3653 2104 3653 2105 3653 573 3654 2105 3654 2106 3654 573 3655 2106 3655 574 3655 573 3656 574 3656 575 3656 573 3657 575 3657 572 3657 2107 3658 2098 3658 2102 3658 2107 3659 2102 3659 2108 3659 2107 3660 2108 3660 2109 3660 2107 3661 2109 3661 2110 3661 2107 3662 2110 3662 2111 3662 560 3663 2111 3663 2110 3663 560 3664 2110 3664 2112 3664 560 3665 2112 3665 2113 3665 560 3666 2113 3666 2114 3666 560 3667 2114 3667 568 3667 560 3668 568 3668 569 3668 560 3669 569 3669 561 3669 2115 3670 2116 3670 2117 3670 2115 3671 2117 3671 2118 3671 2115 3672 2118 3672 2119 3672 2115 3673 2119 3673 2120 3673 562 3674 563 3674 2120 3674 562 3675 2120 3675 2121 3675 562 3676 2121 3676 2122 3676 562 3677 2122 3677 2123 3677 2124 3678 2125 3678 2126 3678 2124 3679 2126 3679 2127 3679 2124 3680 2127 3680 2101 3680 2124 3681 2101 3681 2100 3681 2128 3682 2129 3682 2130 3682 2128 3683 2130 3683 2131 3683 2128 3684 2131 3684 2132 3684 2128 3685 2132 3685 2133 3685 2128 3686 2133 3686 2134 3686 2128 3687 2134 3687 2094 3687 2128 3688 2094 3688 2093 3688 2120 3689 2119 3689 2135 3689 2120 3690 2135 3690 2136 3690 2120 3691 2136 3691 2121 3691 2104 3692 2103 3692 2137 3692 2137 3693 2103 3693 2138 3693 2137 3694 2138 3694 2139 3694 2139 3695 2138 3695 2093 3695 2139 3696 2093 3696 2092 3696 2096 3697 2098 3697 2129 3697 2129 3698 2098 3698 2140 3698 2129 3699 2140 3699 2130 3699 561 3700 569 3700 2141 3700 2141 3701 569 3701 2142 3701 2141 3702 2142 3702 2143 3702 2143 3703 2142 3703 2144 3703 2143 3704 2144 3704 2145 3704 2145 3705 2144 3705 2146 3705 2145 3706 2146 3706 2147 3706 2147 3707 2146 3707 2148 3707 2147 3708 2148 3708 2116 3708 2116 3709 2148 3709 2117 3709 2122 3710 2126 3710 2123 3710 2123 3711 2126 3711 2125 3711 2099 3712 2101 3712 2149 3712 2149 3713 2101 3713 2150 3713 2149 3714 2150 3714 565 3714 565 3715 2150 3715 2151 3715 565 3716 2151 3716 566 3716 565 3717 566 3717 564 3717 564 3718 566 3718 567 3718 564 3719 567 3719 2152 3719 2153 3720 2154 3720 2155 3720 2153 3721 2155 3721 2156 3721 2153 3722 2156 3722 2157 3722 2153 3723 2157 3723 2158 3723 2153 3724 2158 3724 2159 3724 2153 3725 2159 3725 2160 3725 2161 3726 2162 3726 2163 3726 2161 3727 2163 3727 2164 3727 2161 3728 2164 3728 2165 3728 2161 3729 2165 3729 2166 3729 559 3730 2167 3730 556 3730 559 3731 556 3731 557 3731 559 3732 557 3732 2168 3732 559 3733 2168 3733 558 3733 547 3734 2155 3734 2154 3734 547 3735 2154 3735 2169 3735 547 3736 2169 3736 2170 3736 547 3737 2170 3737 2171 3737 547 3738 2171 3738 546 3738 549 3739 2172 3739 2173 3739 549 3740 2173 3740 2174 3740 549 3741 2174 3741 2175 3741 549 3742 2175 3742 550 3742 549 3743 550 3743 548 3743 2176 3744 2177 3744 2178 3744 2176 3745 2178 3745 2179 3745 2176 3746 2179 3746 2180 3746 2176 3747 2180 3747 2181 3747 2176 3748 2181 3748 2182 3748 2176 3749 2182 3749 2183 3749 2176 3750 2183 3750 2184 3750 2185 3751 2186 3751 2187 3751 2185 3752 2187 3752 2188 3752 2185 3753 2188 3753 2189 3753 2185 3754 2189 3754 2190 3754 2185 3755 2190 3755 2191 3755 2185 3756 2191 3756 554 3756 2185 3757 554 3757 555 3757 2160 3758 2159 3758 553 3758 553 3759 2159 3759 2192 3759 553 3760 2192 3760 552 3760 552 3761 2192 3761 544 3761 552 3762 544 3762 2193 3762 2193 3763 544 3763 545 3763 2193 3764 545 3764 2194 3764 2194 3765 545 3765 2195 3765 2194 3766 2195 3766 2196 3766 2197 3767 548 3767 551 3767 551 3768 548 3768 550 3768 2184 3769 2183 3769 2172 3769 2172 3770 2183 3770 2198 3770 2172 3771 2198 3771 2173 3771 2177 3772 2170 3772 2178 3772 2178 3773 2170 3773 2169 3773 2194 3774 2196 3774 2199 3774 2199 3775 2196 3775 2200 3775 2199 3776 2200 3776 2201 3776 2199 3777 2201 3777 2202 3777 2202 3778 2201 3778 2203 3778 2202 3779 2203 3779 2186 3779 2186 3780 2203 3780 2187 3780 2163 3781 2162 3781 2191 3781 2191 3782 2162 3782 2204 3782 2191 3783 2204 3783 554 3783 558 3784 2168 3784 2205 3784 2205 3785 2168 3785 2206 3785 2205 3786 2206 3786 2165 3786 2165 3787 2206 3787 2166 3787 2207 3788 2208 3788 2209 3788 2207 3789 2210 3789 2208 3789 2211 3790 2212 3790 2213 3790 2211 3791 2214 3791 2212 3791 540 3792 2215 3792 2216 3792 2217 3793 2218 3793 542 3793 2219 3794 2220 3794 2221 3794 2219 3795 2221 3795 2222 3795 2219 3796 2222 3796 2223 3796 2219 3797 2223 3797 2224 3797 2219 3798 2224 3798 539 3798 2219 3799 539 3799 2225 3799 2219 3800 2225 3800 2226 3800 2219 3801 2226 3801 2209 3801 2219 3802 2209 3802 2208 3802 541 3803 2227 3803 2228 3803 541 3804 2228 3804 2229 3804 541 3805 2229 3805 2230 3805 541 3806 2230 3806 2231 3806 541 3807 2231 3807 2232 3807 541 3808 2232 3808 2233 3808 541 3809 2233 3809 2215 3809 541 3810 2215 3810 540 3810 2234 3811 2208 3811 2210 3811 2234 3812 2210 3812 2235 3812 2234 3813 2235 3813 2236 3813 2234 3814 2236 3814 536 3814 537 3815 2237 3815 2238 3815 537 3816 2238 3816 2239 3816 537 3817 2239 3817 2240 3817 537 3818 2240 3818 2241 3818 537 3819 2241 3819 2242 3819 537 3820 2242 3820 2243 3820 537 3821 2243 3821 2244 3821 537 3822 2244 3822 2245 3822 537 3823 2245 3823 2246 3823 537 3824 2246 3824 2247 3824 537 3825 2247 3825 2248 3825 537 3826 2248 3826 2234 3826 537 3827 2234 3827 536 3827 2249 3828 2212 3828 2214 3828 2249 3829 2214 3829 2250 3829 2249 3830 2250 3830 2251 3830 2249 3831 2251 3831 2252 3831 2249 3832 2252 3832 2253 3832 2249 3833 2253 3833 2254 3833 2249 3834 2254 3834 2255 3834 2249 3835 2255 3835 2256 3835 2249 3836 2256 3836 2257 3836 2249 3837 2257 3837 2258 3837 2249 3838 2258 3838 2259 3838 543 3839 2260 3839 2261 3839 543 3840 2261 3840 2262 3840 543 3841 2262 3841 2263 3841 543 3842 2263 3842 2264 3842 543 3843 2264 3843 2217 3843 543 3844 2217 3844 542 3844 2228 3845 2227 3845 2220 3845 2220 3846 2227 3846 2265 3846 2220 3847 2265 3847 2221 3847 2266 3848 538 3848 2224 3848 2224 3849 538 3849 539 3849 2213 3850 2212 3850 2267 3850 2267 3851 2212 3851 2238 3851 2267 3852 2238 3852 2237 3852 2218 3853 2217 3853 2268 3853 2268 3854 2217 3854 2259 3854 2268 3855 2259 3855 2258 3855 713 3856 870 3856 867 3856 708 3857 710 3857 864 3857 864 3858 863 3858 708 3858 706 3859 708 3859 863 3859 863 3860 862 3860 706 3860 704 3861 706 3861 862 3861 862 3862 861 3862 704 3862 702 3863 704 3863 861 3863 861 3864 860 3864 702 3864 700 3865 702 3865 860 3865 860 3866 859 3866 700 3866 701 3867 700 3867 859 3867 859 3868 858 3868 701 3868 703 3869 701 3869 858 3869 858 3870 857 3870 703 3870 709 3871 880 3871 699 3871 699 3872 880 3872 883 3872 696 3873 699 3873 899 3873 899 3874 699 3874 883 3874 899 3875 883 3875 900 3875 900 3876 883 3876 885 3876 900 3877 885 3877 896 3877 698 3878 713 3878 710 3878 710 3879 713 3879 867 3879 710 3880 867 3880 864 3880 717 3881 848 3881 716 3881 716 3882 848 3882 872 3882 716 3883 872 3883 715 3883 715 3884 872 3884 714 3884 714 3885 872 3885 870 3885 714 3886 870 3886 713 3886 703 3887 857 3887 705 3887 705 3888 857 3888 856 3888 705 3889 856 3889 707 3889 707 3890 856 3890 855 3890 707 3891 855 3891 709 3891 709 3892 855 3892 854 3892 709 3893 854 3893 880 3893 836 3894 835 3894 885 3894 885 3895 835 3895 896 3895 656 3896 677 3896 637 3896 637 3897 677 3897 688 3897 637 3898 688 3898 638 3898 638 3899 688 3899 686 3899 638 3900 686 3900 639 3900 639 3901 686 3901 684 3901 639 3902 684 3902 640 3902 640 3903 684 3903 682 3903 640 3904 682 3904 641 3904 641 3905 682 3905 680 3905 641 3906 680 3906 642 3906 642 3907 680 3907 679 3907 642 3908 679 3908 643 3908 643 3909 679 3909 681 3909 643 3910 681 3910 644 3910 644 3911 681 3911 683 3911 644 3912 683 3912 645 3912 645 3913 683 3913 685 3913 645 3914 685 3914 646 3914 646 3915 685 3915 687 3915 646 3916 687 3916 647 3916 647 3917 687 3917 689 3917 647 3918 689 3918 666 3918 666 3919 689 3919 676 3919 666 3920 676 3920 655 3920 655 3921 676 3921 675 3921 622 3922 621 3922 2269 3922 2270 3923 2269 3923 621 3923 621 3924 609 3924 2270 3924 204 3925 623 3925 2271 3925 2271 3926 623 3926 622 3926 2271 3927 622 3927 2269 3927 2270 3928 609 3928 2272 3928 2272 3929 609 3929 608 3929 2272 3930 608 3930 2273 3930 2273 3931 608 3931 628 3931 2273 3932 628 3932 2274 3932 2274 3933 628 3933 627 3933 2274 3934 627 3934 2275 3934 2275 3935 627 3935 626 3935 2275 3936 626 3936 611 3936 611 3937 610 3937 2275 3937 2275 3938 610 3938 2276 3938 2277 3939 2278 3939 726 3939 2075 3940 2048 3940 2049 3940 2040 3941 2052 3941 2041 3941 733 3942 734 3942 595 3942 733 3943 595 3943 779 3943 733 3944 779 3944 754 3944 733 3945 754 3945 753 3945 733 3946 753 3946 759 3946 733 3947 759 3947 762 3947 733 3948 762 3948 763 3948 733 3949 763 3949 736 3949 734 3950 2050 3950 726 3950 734 3951 726 3951 2278 3951 734 3952 2278 3952 2279 3952 734 3953 2279 3953 2276 3953 734 3954 2276 3954 597 3954 734 3955 597 3955 595 3955 725 3956 2051 3956 2020 3956 725 3957 2020 3957 2027 3957 725 3958 2027 3958 2028 3958 725 3959 2028 3959 726 3959 2054 3960 2053 3960 2038 3960 2054 3961 2038 3961 2037 3961 2054 3962 2037 3962 2036 3962 2054 3963 2036 3963 2042 3963 2054 3964 2042 3964 2063 3964 2054 3965 2063 3965 2062 3965 2054 3966 2062 3966 2061 3966 2054 3967 2061 3967 2060 3967 2054 3968 2060 3968 2059 3968 2054 3969 2059 3969 2058 3969 2054 3970 2058 3970 2057 3970 2054 3971 2057 3971 2056 3971 2054 3972 2056 3972 2055 3972 2043 3973 2044 3973 2073 3973 2043 3974 2073 3974 2072 3974 2043 3975 2072 3975 2071 3975 2043 3976 2071 3976 2070 3976 2043 3977 2070 3977 2069 3977 2043 3978 2069 3978 2068 3978 2043 3979 2068 3979 2067 3979 2043 3980 2067 3980 2066 3980 2043 3981 2066 3981 2065 3981 2043 3982 2065 3982 2064 3982 2043 3983 2064 3983 2063 3983 2043 3984 2063 3984 2042 3984 2279 3985 2280 3985 2281 3985 2279 3986 2281 3986 2282 3986 2279 3987 2282 3987 2283 3987 2279 3988 2283 3988 2284 3988 2279 3989 2284 3989 2285 3989 2279 3990 2285 3990 2286 3990 2279 3991 2286 3991 2287 3991 2279 3992 2287 3992 2276 3992 595 3993 769 3993 746 3993 595 3994 746 3994 745 3994 595 3995 745 3995 779 3995 2051 3996 2075 3996 2049 3996 2051 3997 2049 3997 2026 3997 2051 3998 2026 3998 2025 3998 2051 3999 2025 3999 2024 3999 2051 4000 2024 4000 2023 4000 2051 4001 2023 4001 2022 4001 2051 4002 2022 4002 2021 4002 2051 4003 2021 4003 2020 4003 417 4004 2288 4004 2277 4004 417 4005 2277 4005 726 4005 417 4006 726 4006 2028 4006 417 4007 2028 4007 2029 4007 417 4008 2029 4008 2030 4008 417 4009 2030 4009 2031 4009 417 4010 2031 4010 2032 4010 417 4011 2032 4011 2033 4011 417 4012 2033 4012 2034 4012 417 4013 2034 4013 405 4013 2053 4014 2052 4014 2040 4014 2053 4015 2040 4015 2039 4015 2053 4016 2039 4016 2038 4016 2276 4017 610 4017 605 4017 2276 4018 605 4018 603 4018 2276 4019 603 4019 601 4019 2276 4020 601 4020 599 4020 2276 4021 599 4021 597 4021 769 4022 595 4022 593 4022 769 4023 593 4023 591 4023 769 4024 591 4024 590 4024 769 4025 590 4025 613 4025 2046 4026 2047 4026 2074 4026 2074 4027 2047 4027 2048 4027 2074 4028 2048 4028 2075 4028 2044 4029 2045 4029 2073 4029 2073 4030 2045 4030 2046 4030 2073 4031 2046 4031 2074 4031 2034 4032 2035 4032 405 4032 405 4033 2035 4033 2041 4033 405 4034 2041 4034 2052 4034 357 4035 2083 4035 291 4035 291 4036 2083 4036 2082 4036 291 4037 2082 4037 289 4037 2080 4038 2 4038 2081 4038 2081 4039 2 4039 289 4039 2081 4040 289 4040 2082 4040 354 4041 580 4041 355 4041 355 4042 580 4042 2084 4042 355 4043 2084 4043 357 4043 357 4044 2084 4044 2083 4044 9 4045 2076 4045 10 4045 10 4046 2076 4046 2087 4046 10 4047 2087 4047 352 4047 352 4048 2087 4048 581 4048 129 4049 2078 4049 350 4049 350 4050 2078 4050 2077 4050 350 4051 2077 4051 9 4051 9 4052 2077 4052 2076 4052 2079 4053 2078 4053 285 4053 285 4054 2078 4054 129 4054 2079 4055 285 4055 578 4055 578 4056 285 4056 284 4056 56 4057 576 4057 211 4057 211 4058 576 4058 2089 4058 211 4059 2089 4059 212 4059 212 4060 2089 4060 213 4060 213 4061 2089 4061 2088 4061 213 4062 2088 4062 214 4062 214 4063 2088 4063 579 4063 59 4064 2091 4064 60 4064 60 4065 2091 4065 2090 4065 60 4066 2090 4066 55 4066 55 4067 2090 4067 577 4067 61 4068 2086 4068 62 4068 62 4069 2086 4069 2085 4069 62 4070 2085 4070 58 4070 59 4071 58 4071 2091 4071 2091 4072 58 4072 2085 4072 2086 4073 61 4073 2080 4073 2080 4074 61 4074 2 4074 312 4075 2092 4075 313 4075 313 4076 2092 4076 2094 4076 313 4077 2094 4077 314 4077 314 4078 2094 4078 2134 4078 244 4079 2137 4079 245 4079 245 4080 2137 4080 2139 4080 245 4081 2139 4081 312 4081 312 4082 2139 4082 2092 4082 311 4083 2105 4083 254 4083 254 4084 2105 4084 2104 4084 254 4085 2104 4085 244 4085 244 4086 2104 4086 2137 4086 64 4087 574 4087 65 4087 65 4088 574 4088 2106 4088 65 4089 2106 4089 311 4089 311 4090 2106 4090 2105 4090 97 4091 572 4091 243 4091 243 4092 572 4092 2095 4092 243 4093 2095 4093 71 4093 71 4094 2095 4094 575 4094 167 4095 2138 4095 283 4095 283 4096 2138 4096 2103 4096 283 4097 2103 4097 96 4097 96 4098 2103 4098 573 4098 93 4099 2128 4099 94 4099 94 4100 2128 4100 2093 4100 94 4101 2093 4101 167 4101 167 4102 2093 4102 2138 4102 178 4103 2096 4103 92 4103 92 4104 2096 4104 2129 4104 92 4105 2129 4105 93 4105 93 4106 2129 4106 2128 4106 176 4107 570 4107 177 4107 177 4108 570 4108 2097 4108 177 4109 2097 4109 178 4109 178 4110 2097 4110 2096 4110 303 4111 2108 4111 302 4111 302 4112 2108 4112 2102 4112 302 4113 2102 4113 301 4113 301 4114 2102 4114 571 4114 329 4115 2110 4115 28 4115 28 4116 2110 4116 2109 4116 28 4117 2109 4117 303 4117 303 4118 2109 4118 2108 4118 29 4119 2113 4119 328 4119 328 4120 2113 4120 2112 4120 328 4121 2112 4121 329 4121 329 4122 2112 4122 2110 4122 333 4123 568 4123 331 4123 331 4124 568 4124 2114 4124 331 4125 2114 4125 29 4125 29 4126 2114 4126 2113 4126 339 4127 2144 4127 338 4127 338 4128 2144 4128 2142 4128 338 4129 2142 4129 336 4129 336 4130 2142 4130 569 4130 343 4131 2148 4131 341 4131 341 4132 2148 4132 2146 4132 341 4133 2146 4133 339 4133 339 4134 2146 4134 2144 4134 72 4135 2118 4135 73 4135 73 4136 2118 4136 2117 4136 73 4137 2117 4137 343 4137 343 4138 2117 4138 2148 4138 79 4139 2135 4139 77 4139 77 4140 2135 4140 2119 4140 77 4141 2119 4141 72 4141 72 4142 2119 4142 2118 4142 2136 4143 2135 4143 78 4143 78 4144 2135 4144 79 4144 345 4145 2122 4145 82 4145 82 4146 2122 4146 2121 4146 82 4147 2121 4147 78 4147 78 4148 2121 4148 2136 4148 201 4149 2127 4149 202 4149 202 4150 2127 4150 2126 4150 202 4151 2126 4151 345 4151 345 4152 2126 4152 2122 4152 199 4153 2150 4153 200 4153 200 4154 2150 4154 2101 4154 200 4155 2101 4155 201 4155 201 4156 2101 4156 2127 4156 266 4157 566 4157 198 4157 198 4158 566 4158 2151 4158 198 4159 2151 4159 199 4159 199 4160 2151 4160 2150 4160 84 4161 564 4161 264 4161 264 4162 564 4162 2152 4162 264 4163 2152 4163 265 4163 265 4164 2152 4164 567 4164 320 4165 2099 4165 90 4165 90 4166 2099 4166 2149 4166 90 4167 2149 4167 83 4167 83 4168 2149 4168 565 4168 324 4169 2124 4169 322 4169 322 4170 2124 4170 2100 4170 322 4171 2100 4171 320 4171 320 4172 2100 4172 2099 4172 2123 4173 2125 4173 261 4173 259 4174 562 4174 260 4174 260 4175 562 4175 2123 4175 260 4176 2123 4176 261 4176 2124 4177 324 4177 2125 4177 2125 4178 324 4178 316 4178 2125 4179 316 4179 261 4179 315 4180 2115 4180 257 4180 257 4181 2115 4181 2120 4181 257 4182 2120 4182 258 4182 258 4183 2120 4183 563 4183 164 4184 2147 4184 165 4184 165 4185 2147 4185 2116 4185 165 4186 2116 4186 315 4186 315 4187 2116 4187 2115 4187 162 4188 2143 4188 163 4188 163 4189 2143 4189 2145 4189 163 4190 2145 4190 164 4190 164 4191 2145 4191 2147 4191 8 4192 561 4192 161 4192 161 4193 561 4193 2141 4193 161 4194 2141 4194 162 4194 162 4195 2141 4195 2143 4195 25 4196 2107 4196 7 4196 7 4197 2107 4197 2111 4197 7 4198 2111 4198 5 4198 5 4199 2111 4199 560 4199 157 4200 2140 4200 158 4200 158 4201 2140 4201 2098 4201 158 4202 2098 4202 25 4202 25 4203 2098 4203 2107 4203 154 4204 2131 4204 155 4204 155 4205 2131 4205 2130 4205 155 4206 2130 4206 156 4206 157 4207 156 4207 2140 4207 2140 4208 156 4208 2130 4208 152 4209 2133 4209 153 4209 153 4210 2133 4210 2132 4210 153 4211 2132 4211 154 4211 154 4212 2132 4212 2131 4212 2134 4213 2133 4213 314 4213 314 4214 2133 4214 152 4214 35 4215 2191 4215 36 4215 36 4216 2191 4216 2190 4216 36 4217 2190 4217 186 4217 186 4218 2190 4218 2189 4218 135 4219 2164 4219 136 4219 136 4220 2164 4220 2163 4220 136 4221 2163 4221 35 4221 35 4222 2163 4222 2191 4222 2205 4223 2165 4223 133 4223 276 4224 558 4224 277 4224 277 4225 558 4225 2205 4225 277 4226 2205 4226 133 4226 2164 4227 135 4227 2165 4227 2165 4228 135 4228 134 4228 2165 4229 134 4229 133 4229 273 4230 556 4230 274 4230 274 4231 556 4231 2167 4231 274 4232 2167 4232 275 4232 275 4233 2167 4233 559 4233 196 4234 2206 4234 271 4234 271 4235 2206 4235 2168 4235 271 4236 2168 4236 272 4236 272 4237 2168 4237 557 4237 203 4238 2161 4238 195 4238 195 4239 2161 4239 2166 4239 195 4240 2166 4240 196 4240 196 4241 2166 4241 2206 4241 263 4242 554 4242 80 4242 80 4243 554 4243 2204 4243 80 4244 2204 4244 81 4244 81 4245 2204 4245 2162 4245 81 4246 2162 4246 346 4246 203 4247 346 4247 2161 4247 2161 4248 346 4248 2162 4248 75 4249 2186 4249 76 4249 76 4250 2186 4250 2185 4250 76 4251 2185 4251 262 4251 262 4252 2185 4252 555 4252 344 4253 2199 4253 74 4253 74 4254 2199 4254 2202 4254 74 4255 2202 4255 75 4255 75 4256 2202 4256 2186 4256 337 4257 552 4257 340 4257 340 4258 552 4258 2193 4258 340 4259 2193 4259 2194 4259 2199 4260 344 4260 2194 4260 2194 4261 344 4261 342 4261 2194 4262 342 4262 340 4262 332 4263 2153 4263 334 4263 334 4264 2153 4264 2160 4264 334 4265 2160 4265 335 4265 335 4266 2160 4266 553 4266 30 4267 2169 4267 31 4267 31 4268 2169 4268 2154 4268 31 4269 2154 4269 332 4269 332 4270 2154 4270 2153 4270 2179 4271 2178 4271 327 4271 26 4272 2180 4272 27 4272 27 4273 2180 4273 2179 4273 27 4274 2179 4274 327 4274 2169 4275 30 4275 2178 4275 2178 4276 30 4276 330 4276 2178 4277 330 4277 327 4277 2181 4278 2180 4278 91 4278 91 4279 2180 4279 26 4279 174 4280 2183 4280 175 4280 175 4281 2183 4281 2182 4281 175 4282 2182 4282 91 4282 91 4283 2182 4283 2181 4283 172 4284 2173 4284 173 4284 173 4285 2173 4285 2198 4285 173 4286 2198 4286 174 4286 174 4287 2198 4287 2183 4287 2175 4288 2174 4288 170 4288 168 4289 550 4289 169 4289 169 4290 550 4290 2175 4290 169 4291 2175 4291 170 4291 2173 4292 172 4292 2174 4292 2174 4293 172 4293 171 4293 2174 4294 171 4294 170 4294 100 4295 548 4295 99 4295 99 4296 548 4296 2197 4296 99 4297 2197 4297 95 4297 95 4298 2197 4298 551 4298 119 4299 2184 4299 120 4299 120 4300 2184 4300 2172 4300 120 4301 2172 4301 121 4301 121 4302 2172 4302 549 4302 117 4303 2177 4303 118 4303 118 4304 2177 4304 2176 4304 118 4305 2176 4305 119 4305 119 4306 2176 4306 2184 4306 2171 4307 2170 4307 115 4307 113 4308 546 4308 114 4308 114 4309 546 4309 2171 4309 114 4310 2171 4310 115 4310 2177 4311 117 4311 2170 4311 2170 4312 117 4312 116 4312 2170 4313 116 4313 115 4313 238 4314 2156 4314 239 4314 239 4315 2156 4315 2155 4315 239 4316 2155 4316 179 4316 179 4317 2155 4317 547 4317 236 4318 2158 4318 237 4318 237 4319 2158 4319 2157 4319 237 4320 2157 4320 238 4320 238 4321 2157 4321 2156 4321 103 4322 544 4322 234 4322 234 4323 544 4323 2192 4323 234 4324 2192 4324 235 4324 2158 4325 236 4325 2159 4325 2159 4326 236 4326 235 4326 2159 4327 235 4327 2192 4327 110 4328 2196 4328 111 4328 111 4329 2196 4329 2195 4329 111 4330 2195 4330 102 4330 102 4331 2195 4331 545 4331 108 4332 2201 4332 109 4332 109 4333 2201 4333 2200 4333 109 4334 2200 4334 110 4334 110 4335 2200 4335 2196 4335 2187 4336 2203 4336 106 4336 104 4337 2188 4337 105 4337 105 4338 2188 4338 2187 4338 105 4339 2187 4339 106 4339 2201 4340 108 4340 2203 4340 2203 4341 108 4341 107 4341 2203 4342 107 4342 106 4342 2189 4343 2188 4343 186 4343 186 4344 2188 4344 104 4344 296 4345 2267 4345 298 4345 298 4346 2267 4346 2237 4346 298 4347 2237 4347 297 4347 297 4348 2237 4348 537 4348 166 4349 2211 4349 160 4349 160 4350 2211 4350 2213 4350 160 4351 2213 4351 296 4351 296 4352 2213 4352 2267 4352 255 4353 2250 4353 256 4353 256 4354 2250 4354 2214 4354 256 4355 2214 4355 166 4355 166 4356 2214 4356 2211 4356 319 4357 2252 4357 318 4357 318 4358 2252 4358 2251 4358 318 4359 2251 4359 255 4359 255 4360 2251 4360 2250 4360 2253 4361 2252 4361 317 4361 317 4362 2252 4362 319 4362 325 4363 2255 4363 326 4363 326 4364 2255 4364 2254 4364 326 4365 2254 4365 317 4365 317 4366 2254 4366 2253 4366 321 4367 2257 4367 323 4367 323 4368 2257 4368 2256 4368 323 4369 2256 4369 325 4369 325 4370 2256 4370 2255 4370 88 4371 2268 4371 89 4371 89 4372 2268 4372 2258 4372 89 4373 2258 4373 321 4373 321 4374 2258 4374 2257 4374 86 4375 542 4375 87 4375 87 4376 542 4376 2218 4376 87 4377 2218 4377 88 4377 88 4378 2218 4378 2268 4378 232 4379 2263 4379 240 4379 240 4380 2263 4380 2262 4380 240 4381 2262 4381 241 4381 241 4382 2262 4382 2261 4382 241 4383 2261 4383 242 4383 242 4384 2261 4384 2260 4384 242 4385 2260 4385 85 4385 85 4386 2260 4386 543 4386 230 4387 2217 4387 231 4387 231 4388 2217 4388 2264 4388 231 4389 2264 4389 232 4389 232 4390 2264 4390 2263 4390 226 4391 2238 4391 227 4391 227 4392 2238 4392 2212 4392 227 4393 2212 4393 228 4393 228 4394 2212 4394 2249 4394 228 4395 2249 4395 229 4395 229 4396 2249 4396 2259 4396 229 4397 2259 4397 230 4397 230 4398 2259 4398 2217 4398 222 4399 221 4399 2243 4399 222 4400 2243 4400 2242 4400 222 4401 2242 4401 2241 4401 222 4402 2241 4402 223 4402 2238 4403 226 4403 2239 4403 2239 4404 226 4404 224 4404 2239 4405 224 4405 2240 4405 2240 4406 224 4406 223 4406 2240 4407 223 4407 2241 4407 219 4408 2245 4408 220 4408 220 4409 2245 4409 2244 4409 220 4410 2244 4410 221 4410 221 4411 2244 4411 2243 4411 2245 4412 219 4412 2246 4412 2246 4413 219 4413 218 4413 215 4414 2234 4414 216 4414 216 4415 2234 4415 2248 4415 216 4416 2248 4416 217 4416 217 4417 2248 4417 2247 4417 217 4418 2247 4418 218 4418 218 4419 2247 4419 2246 4419 144 4420 2228 4420 145 4420 145 4421 2228 4421 2220 4421 145 4422 2220 4422 146 4422 146 4423 2220 4423 147 4423 147 4424 2220 4424 2219 4424 147 4425 2219 4425 148 4425 148 4426 2219 4426 2208 4426 148 4427 2208 4427 215 4427 215 4428 2208 4428 2234 4428 142 4429 2230 4429 143 4429 143 4430 2230 4430 2229 4430 143 4431 2229 4431 144 4431 144 4432 2229 4432 2228 4432 270 4433 2232 4433 141 4433 141 4434 2232 4434 2231 4434 141 4435 2231 4435 142 4435 142 4436 2231 4436 2230 4436 268 4437 2215 4437 269 4437 269 4438 2215 4438 2233 4438 269 4439 2233 4439 270 4439 270 4440 2233 4440 2232 4440 70 4441 540 4441 267 4441 267 4442 540 4442 2216 4442 267 4443 2216 4443 268 4443 268 4444 2216 4444 2215 4444 67 4445 2265 4445 68 4445 68 4446 2265 4446 2227 4446 68 4447 2227 4447 69 4447 69 4448 2227 4448 541 4448 310 4449 2222 4449 66 4449 66 4450 2222 4450 2221 4450 66 4451 2221 4451 67 4451 67 4452 2221 4452 2265 4452 252 4453 2224 4453 253 4453 253 4454 2224 4454 2223 4454 253 4455 2223 4455 310 4455 310 4456 2223 4456 2222 4456 250 4457 538 4457 251 4457 251 4458 538 4458 2266 4458 251 4459 2266 4459 252 4459 252 4460 2266 4460 2224 4460 247 4461 2226 4461 248 4461 248 4462 2226 4462 2225 4462 248 4463 2225 4463 249 4463 249 4464 2225 4464 539 4464 151 4465 2207 4465 246 4465 246 4466 2207 4466 2209 4466 246 4467 2209 4467 247 4467 247 4468 2209 4468 2226 4468 159 4469 2235 4469 150 4469 150 4470 2235 4470 2210 4470 150 4471 2210 4471 151 4471 151 4472 2210 4472 2207 4472 305 4473 536 4473 304 4473 304 4474 536 4474 2236 4474 304 4475 2236 4475 159 4475 159 4476 2236 4476 2235 4476 204 4477 677 4477 623 4477 623 4478 677 4478 656 4478 623 4479 656 4479 620 4479 677 4480 204 4480 674 4480 674 4481 204 4481 210 4481 674 4482 210 4482 692 4482 692 4483 210 4483 713 4483 692 4484 713 4484 698 4484 2289 4485 306 4485 205 4485 2289 4486 205 4486 2271 4486 2285 4487 2290 4487 2286 4487 2291 4488 23 4488 306 4488 2291 4489 306 4489 2289 4489 2284 4490 2292 4490 2285 4490 2293 4491 20 4491 23 4491 2293 4492 23 4492 2291 4492 2283 4493 2294 4493 2284 4493 2295 4494 225 4494 20 4494 2295 4495 20 4495 2293 4495 2282 4496 2296 4496 2283 4496 2297 4497 149 4497 225 4497 2297 4498 225 4498 2295 4498 2281 4499 2298 4499 2282 4499 2299 4500 139 4500 149 4500 2299 4501 149 4501 2297 4501 2300 4502 139 4502 2299 4502 2278 4503 2301 4503 2279 4503 2302 4504 16 4504 18 4504 2302 4505 18 4505 2303 4505 2277 4506 2304 4506 2278 4506 2305 4507 13 4507 12 4507 2305 4508 12 4508 2302 4508 2288 4509 416 4509 2306 4509 2288 4510 2306 4510 2277 4510 415 4511 2306 4511 416 4511 417 4512 416 4512 2288 4512 204 4513 2271 4513 205 4513 2271 4514 2269 4514 2289 4514 2307 4515 2289 4515 2269 4515 2269 4516 2270 4516 2307 4516 2308 4517 2307 4517 2270 4517 2270 4518 2272 4518 2308 4518 2309 4519 2308 4519 2272 4519 2272 4520 2273 4520 2309 4520 2310 4521 2275 4521 2311 4521 2302 4522 12 4522 16 4522 2280 4523 2279 4523 2312 4523 2280 4524 2312 4524 2313 4524 2280 4525 2313 4525 2281 4525 137 4526 139 4526 2300 4526 137 4527 2300 4527 2303 4527 137 4528 2303 4528 18 4528 407 4529 292 4529 2314 4529 2314 4530 292 4530 13 4530 2314 4531 13 4531 2305 4531 2315 4532 409 4532 2314 4532 2314 4533 409 4533 408 4533 2314 4534 408 4534 407 4534 2316 4535 412 4535 2317 4535 2317 4536 412 4536 411 4536 2317 4537 411 4537 2315 4537 2315 4538 411 4538 410 4538 2315 4539 410 4539 409 4539 2306 4540 415 4540 2318 4540 2318 4541 415 4541 414 4541 2318 4542 414 4542 2316 4542 2316 4543 414 4543 413 4543 2316 4544 413 4544 412 4544 2309 4545 2273 4545 2310 4545 2310 4546 2273 4546 2274 4546 2310 4547 2274 4547 2275 4547 2275 4548 2276 4548 2311 4548 2311 4549 2276 4549 2287 4549 2311 4550 2287 4550 2286 4550 2291 4551 2289 4551 2319 4551 2319 4552 2289 4552 2307 4552 2319 4553 2307 4553 2320 4553 2320 4554 2307 4554 2308 4554 2320 4555 2308 4555 2321 4555 2321 4556 2308 4556 2309 4556 2321 4557 2309 4557 2322 4557 2322 4558 2309 4558 2310 4558 2322 4559 2310 4559 2290 4559 2290 4560 2310 4560 2311 4560 2290 4561 2311 4561 2286 4561 2293 4562 2291 4562 2323 4562 2323 4563 2291 4563 2319 4563 2323 4564 2319 4564 2324 4564 2324 4565 2319 4565 2320 4565 2324 4566 2320 4566 2325 4566 2325 4567 2320 4567 2321 4567 2325 4568 2321 4568 2326 4568 2326 4569 2321 4569 2322 4569 2326 4570 2322 4570 2292 4570 2292 4571 2322 4571 2290 4571 2292 4572 2290 4572 2285 4572 2295 4573 2293 4573 2327 4573 2327 4574 2293 4574 2323 4574 2327 4575 2323 4575 2328 4575 2328 4576 2323 4576 2324 4576 2328 4577 2324 4577 2329 4577 2329 4578 2324 4578 2325 4578 2329 4579 2325 4579 2330 4579 2330 4580 2325 4580 2326 4580 2330 4581 2326 4581 2294 4581 2294 4582 2326 4582 2292 4582 2294 4583 2292 4583 2284 4583 2297 4584 2295 4584 2331 4584 2331 4585 2295 4585 2327 4585 2331 4586 2327 4586 2332 4586 2332 4587 2327 4587 2328 4587 2332 4588 2328 4588 2333 4588 2333 4589 2328 4589 2329 4589 2333 4590 2329 4590 2334 4590 2334 4591 2329 4591 2330 4591 2334 4592 2330 4592 2296 4592 2296 4593 2330 4593 2294 4593 2296 4594 2294 4594 2283 4594 2299 4595 2297 4595 2335 4595 2335 4596 2297 4596 2331 4596 2335 4597 2331 4597 2336 4597 2336 4598 2331 4598 2332 4598 2336 4599 2332 4599 2337 4599 2337 4600 2332 4600 2333 4600 2337 4601 2333 4601 2338 4601 2338 4602 2333 4602 2334 4602 2338 4603 2334 4603 2298 4603 2298 4604 2334 4604 2296 4604 2298 4605 2296 4605 2282 4605 2300 4606 2299 4606 2339 4606 2339 4607 2299 4607 2335 4607 2339 4608 2335 4608 2340 4608 2340 4609 2335 4609 2336 4609 2340 4610 2336 4610 2341 4610 2341 4611 2336 4611 2337 4611 2341 4612 2337 4612 2342 4612 2342 4613 2337 4613 2338 4613 2342 4614 2338 4614 2313 4614 2313 4615 2338 4615 2298 4615 2313 4616 2298 4616 2281 4616 2303 4617 2300 4617 2343 4617 2343 4618 2300 4618 2339 4618 2343 4619 2339 4619 2344 4619 2344 4620 2339 4620 2340 4620 2344 4621 2340 4621 2345 4621 2345 4622 2340 4622 2341 4622 2345 4623 2341 4623 2346 4623 2346 4624 2341 4624 2342 4624 2346 4625 2342 4625 2312 4625 2312 4626 2342 4626 2313 4626 2302 4627 2303 4627 2347 4627 2347 4628 2303 4628 2343 4628 2347 4629 2343 4629 2348 4629 2348 4630 2343 4630 2344 4630 2348 4631 2344 4631 2349 4631 2349 4632 2344 4632 2345 4632 2349 4633 2345 4633 2350 4633 2350 4634 2345 4634 2346 4634 2350 4635 2346 4635 2301 4635 2301 4636 2346 4636 2312 4636 2301 4637 2312 4637 2279 4637 2305 4638 2302 4638 2351 4638 2351 4639 2302 4639 2347 4639 2351 4640 2347 4640 2352 4640 2352 4641 2347 4641 2348 4641 2352 4642 2348 4642 2353 4642 2353 4643 2348 4643 2349 4643 2353 4644 2349 4644 2354 4644 2354 4645 2349 4645 2350 4645 2354 4646 2350 4646 2304 4646 2304 4647 2350 4647 2301 4647 2304 4648 2301 4648 2278 4648 2314 4649 2305 4649 2315 4649 2315 4650 2305 4650 2351 4650 2315 4651 2351 4651 2317 4651 2317 4652 2351 4652 2352 4652 2317 4653 2352 4653 2316 4653 2316 4654 2352 4654 2353 4654 2316 4655 2353 4655 2318 4655 2318 4656 2353 4656 2354 4656 2318 4657 2354 4657 2306 4657 2306 4658 2354 4658 2304 4658 2306 4659 2304 4659 2277 4659 391 4660 32 4660 2355 4660 2355 4661 32 4661 34 4661 386 4662 192 4662 389 4662 389 4663 192 4663 191 4663 383 4664 278 4664 384 4664 384 4665 278 4665 132 4665 351 4666 353 4666 370 4666 370 4667 353 4667 377 4667 403 4668 127 4668 367 4668 367 4669 127 4669 126 4669 184 4670 2356 4670 185 4670 185 4671 2356 4671 2357 4671 185 4672 2357 4672 34 4672 34 4673 2357 4673 2355 4673 2358 4674 366 4674 365 4674 390 4675 386 4675 389 4675 367 4676 366 4676 2358 4676 367 4677 2358 4677 2359 4677 367 4678 2359 4678 401 4678 367 4679 401 4679 404 4679 367 4680 404 4680 403 4680 400 4681 395 4681 394 4681 400 4682 394 4682 399 4682 400 4683 399 4683 398 4683 400 4684 398 4684 397 4684 402 4685 401 4685 2359 4685 402 4686 2359 4686 2360 4686 402 4687 2360 4687 364 4687 402 4688 364 4688 363 4688 402 4689 363 4689 396 4689 402 4690 396 4690 395 4690 402 4691 395 4691 400 4691 393 4692 392 4692 375 4692 393 4693 375 4693 374 4693 393 4694 374 4694 373 4694 393 4695 373 4695 378 4695 393 4696 378 4696 380 4696 393 4697 380 4697 379 4697 393 4698 379 4698 390 4698 381 4699 383 4699 384 4699 381 4700 384 4700 385 4700 381 4701 385 4701 388 4701 381 4702 388 4702 387 4702 381 4703 387 4703 382 4703 2358 4704 365 4704 2361 4704 2361 4705 365 4705 369 4705 2361 4706 369 4706 2356 4706 2356 4707 369 4707 368 4707 2356 4708 368 4708 2357 4708 2357 4709 368 4709 372 4709 2357 4710 372 4710 2355 4710 2355 4711 372 4711 371 4711 2355 4712 371 4712 370 4712 2355 4713 370 4713 391 4713 391 4714 370 4714 377 4714 391 4715 377 4715 392 4715 392 4716 377 4716 376 4716 392 4717 376 4717 375 4717 390 4718 379 4718 386 4718 386 4719 379 4719 382 4719 386 4720 382 4720 387 4720 182 4721 2358 4721 183 4721 183 4722 2358 4722 2361 4722 183 4723 2361 4723 184 4723 184 4724 2361 4724 2356 4724 358 4725 364 4725 112 4725 112 4726 364 4726 2360 4726 112 4727 2360 4727 180 4727 180 4728 2360 4728 181 4728 181 4729 2360 4729 2359 4729 181 4730 2359 4730 182 4730 182 4731 2359 4731 2358 4731</p>
                </triangles>
            </mesh>
        </geometry>
    </library_geometries>
    <library_visual_scenes>
        <visual_scene id="VisualSceneNode" name="VisualScene">
            <node id="node" name="node">
                <instance_geometry url="#shape0-lib"/>
            </node>
        </visual_scene>
    </library_visual_scenes>
    <scene>
        <instance_visual_scene url="#VisualSceneNode"/>
    </scene>
</COLLADA>
