<?xml version="1.0" encoding="UTF-8"?>
<COLLADA xmlns="http://www.collada.org/2005/11/COLLADASchema" version="1.4.1">
    <asset>
        <contributor>
            <author>VCGLab</author>
            <authoring_tool>VCGLib | MeshLab</authoring_tool>
        </contributor>
        <created>Fri May 8 15:35:11 2026 GMT</created>
        <modified>Fri May 8 15:35:11 2026 GMT</modified>
        <up_axis>Y_UP</up_axis>
    </asset>
    <library_geometries>
        <geometry id="shape0-lib" name="shape0">
            <mesh>
                <source id="shape0-lib-positions" name="position">
                    <float_array id="shape0-lib-positions-array" count="2994">-0.344777 0.0119318 -0.0555 -0.33146 0.0132256 -0.0555 -0.32727 0.0159186 -0.0555 -0.305278 0.00946122 -0.0555 -0.303209 0.00493032 -0.0555 -0.293189 0.00611933 -0.0555 -0.302854 -0.0215004 -0.0555 -0.2985 -0.017146 -0.0555 -0.31751 -0.0173219 -0.0555 -0.313881 -0.0268105 -0.0555 -0.308068 -0.0247767 -0.0555 -0.32 -0.0275 -0.0555 -0.322491 -0.0173219 -0.0555 -0.302854 0.0215004 -0.0555 -0.308068 0.0247767 -0.0555 -0.31751 0.0173219 -0.0555 -0.313881 0.0268105 -0.0555 -0.322491 0.0173219 -0.0555 -0.32 0.0275 -0.0555 -0.337146 0.0215004 -0.0555 -0.326119 0.0268105 -0.0555 -0.331932 0.0247767 -0.0555 -0.3415 0.017146 -0.0555 -0.334722 0.00946122 -0.0555 -0.34681 0.00611933 -0.0555 -0.336791 0.00493032 -0.0555 -0.3375 0 -0.0555 -0.3475 0 -0.0555 -0.336791 -0.00493032 -0.0555 -0.34681 -0.00611933 -0.0555 -0.334722 -0.00946122 -0.0555 -0.344777 -0.0119318 -0.0555 -0.33146 -0.0132256 -0.0555 -0.32727 -0.0159186 -0.0555 -0.3415 -0.017146 -0.0555 -0.337146 -0.0215004 -0.0555 -0.331932 -0.0247767 -0.0555 -0.326119 -0.0268105 -0.0555 -0.31273 0.0159186 -0.0555 -0.295223 0.0119318 -0.0555 -0.2985 0.017146 -0.0555 -0.30854 0.0132256 -0.0555 -0.2925 0 -0.0555 -0.3025 0 -0.0555 -0.293189 -0.00611933 -0.0555 -0.303209 -0.00493032 -0.0555 -0.295223 -0.0119318 -0.0555 -0.305278 -0.00946122 -0.0555 -0.30854 -0.0132256 -0.0555 -0.31273 -0.0159186 -0.0555 -0.3025 0 -0.0045 -0.303209 -0.00493032 -0.0045 -0.305278 -0.00946122 -0.0045 -0.30854 -0.0132256 -0.0045 -0.31273 -0.0159186 -0.0045 -0.31751 -0.0173219 -0.0045 -0.322491 -0.0173219 -0.0045 -0.32727 -0.0159186 -0.0045 -0.33146 -0.0132256 -0.0045 -0.334722 -0.00946122 -0.0045 -0.336791 -0.00493032 -0.0045 -0.3375 0 -0.0045 -0.295223 0.0119318 -0.0045 -0.30854 0.0132256 -0.0045 -0.31273 0.0159186 -0.0045 -0.334722 0.00946122 -0.0045 -0.336791 0.00493032 -0.0045 -0.34681 0.00611933 -0.0045 -0.337146 -0.0215004 -0.0045 -0.3415 -0.017146 -0.0045 -0.326119 -0.0268105 -0.0045 -0.331932 -0.0247767 -0.0045 -0.32 -0.0275 -0.0045 -0.337146 0.0215004 -0.0045 -0.331932 0.0247767 -0.0045 -0.322491 0.0173219 -0.0045 -0.326119 0.0268105 -0.0045 -0.31751 0.0173219 -0.0045 -0.32 0.0275 -0.0045 -0.302854 0.0215004 -0.0045 -0.313881 0.0268105 -0.0045 -0.308068 0.0247767 -0.0045 -0.2985 0.017146 -0.0045 -0.305278 0.00946122 -0.0045 -0.293189 0.00611933 -0.0045 -0.303209 0.00493032 -0.0045 -0.2925 0 -0.0045 -0.293189 -0.00611933 -0.0045 -0.295223 -0.0119318 -0.0045 -0.2985 -0.017146 -0.0045 -0.302854 -0.0215004 -0.0045 -0.308068 -0.0247767 -0.0045 -0.313881 -0.0268105 -0.0045 -0.32727 0.0159186 -0.0045 -0.344777 0.0119318 -0.0045 -0.3415 0.017146 -0.0045 -0.33146 0.0132256 -0.0045 -0.3475 0 -0.0045 -0.34681 -0.00611933 -0.0045 -0.344777 -0.0119318 -0.0045 -0.3475 0 -0.0605 -0.34681 -0.00611933 -0.0605 -0.344777 -0.0119318 -0.0605 -0.3415 -0.017146 -0.0605 -0.337146 -0.0215004 -0.0605 -0.331932 -0.0247767 -0.0605 -0.326119 -0.0268105 -0.0605 -0.32 -0.0275 -0.0605 -0.313881 -0.0268105 -0.0605 -0.308068 -0.0247767 -0.0605 -0.302854 -0.0215004 -0.0605 -0.2985 -0.017146 -0.0605 -0.295223 -0.0119318 -0.0605 -0.293189 -0.00611933 -0.0605 -0.2925 0 -0.0605 -0.293189 0.00611933 -0.0605 -0.295223 0.0119318 -0.0605 -0.2985 0.017146 -0.0605 -0.302854 0.0215004 -0.0605 -0.308068 0.0247767 -0.0605 -0.313881 0.0268105 -0.0605 -0.32 0.0275 -0.0605 -0.326119 0.0268105 -0.0605 -0.331932 0.0247767 -0.0605 -0.337146 0.0215004 -0.0605 -0.3415 0.017146 -0.0605 -0.344777 0.0119318 -0.0605 -0.34681 0.00611933 -0.0605 -0.2925 0 0.0005 -0.293189 -0.00611933 0.0005 -0.295223 -0.0119318 0.0005 -0.2985 -0.017146 0.0005 -0.302854 -0.0215004 0.0005 -0.308068 -0.0247767 0.0005 -0.313881 -0.0268105 0.0005 -0.32 -0.0275 0.0005 -0.326119 -0.0268105 0.0005 -0.331932 -0.0247767 0.0005 -0.337146 -0.0215004 0.0005 -0.3415 -0.017146 0.0005 -0.344777 -0.0119318 0.0005 -0.34681 -0.00611933 0.0005 -0.3475 0 0.0005 -0.34681 0.00611933 0.0005 -0.344777 0.0119318 0.0005 -0.3415 0.017146 0.0005 -0.337146 0.0215004 0.0005 -0.331932 0.0247767 0.0005 -0.326119 0.0268105 0.0005 -0.32 0.0275 0.0005 -0.313881 0.0268105 0.0005 -0.308068 0.0247767 0.0005 -0.302854 0.0215004 0.0005 -0.2985 0.017146 0.0005 -0.295223 0.0119318 0.0005 -0.293189 0.00611933 0.0005 -0.333505 0.0541143 -0.0605 -0.341604 0.0538079 -0.0605 -0.349517 0.0520536 -0.0605 -0.38013 0.0172478 -0.0605 -0.374093 -0.0287645 -0.0605 -0.370409 -0.0366635 -0.0605 -0.36541 -0.0438029 -0.0605 -0.359248 -0.0499657 -0.0605 -0.352108 -0.0549648 -0.0605 -0.344209 -0.0586482 -0.0605 -0.335791 -0.0609039 -0.0605 -0.376349 -0.0203459 -0.0605 -0.2825 0.0514412 -0.0605 -0.356986 0.0489086 -0.0605 -0.363771 0.0444746 -0.0605 -0.369649 0.0388957 -0.0605 -0.374432 0.0323526 -0.0605 -0.377964 0.0250578 -0.0605 -0.380176 0.00136176 -0.0605 -0.2825 -0.0413825 -0.0605 -0.310156 -0.0654239 -0.0605 -0.38086 0.00917593 -0.0605 -0.349517 0.0520536 0.0005 -0.341604 0.0538079 0.0005 -0.333505 0.0541143 0.0005 -0.38013 0.0172478 0.0005 -0.374093 -0.0287645 0.0005 -0.376349 -0.0203459 0.0005 -0.335791 -0.0609039 0.0005 -0.344209 -0.0586482 0.0005 -0.352108 -0.0549648 0.0005 -0.359248 -0.0499657 0.0005 -0.36541 -0.0438029 0.0005 -0.370409 -0.0366635 0.0005 -0.377964 0.0250578 0.0005 -0.374432 0.0323526 0.0005 -0.369649 0.0388957 0.0005 -0.363771 0.0444746 0.0005 -0.356986 0.0489086 0.0005 -0.2825 0.0514412 0.0005 -0.380176 0.00136176 0.0005 -0.2825 -0.0413825 0.0005 -0.310156 -0.0654239 0.0005 -0.38086 0.00917593 0.0005 -0.379936 0 -0.0735395 -0.376349 -0.0203459 -0.0756667 -0.380176 0.00136176 -0.0733697 -0.355671 -0.0527018 -0.0878104 -0.350586 -0.0558088 -0.091 -0.343389 -0.0589387 -0.091 -0.37166 -0.0343595 -0.0782246 -0.370102 -0.0371878 -0.0791202 -0.374169 -0.0285541 -0.076816 -0.335791 -0.0609039 -0.091 -0.365397 -0.0438189 -0.0818868 -0.360848 -0.0485636 -0.0846271 -0.375428 -0.0245157 -0.0761361 -0.115 -0.0998352 -0.045 -0.040431 -0.112984 -0.045 -0.220101 -0.0813032 -0.0435 -0.220101 -0.0813032 0.0165 -0.1109 -0.100558 0.00656305 -0.119709 -0.0990048 0.0132883 -0.139916 -0.0954419 0.03 -0.335791 -0.0609039 0.03 -0.274265 -0.0717526 0.0165 -0.228854 -0.0797597 -0.091 -0.274265 -0.0717526 -0.0435 -0.040431 -0.112984 -0.005 -0.094289 -0.103487 -0.005 -0.275 -0.0348629 -0.007 -0.137607 0.0845713 -0.007 -0.137607 0.0845713 -0.053 -0.275 -0.0348629 -0.053 -0.275 0.0510482 -0.053 -0.333505 0.0541143 -0.091 -0.255 0.05 -0.053 -0.255 0.05 -0.091 -0.379436 0.0204057 -0.0735055 -0.376921 0.0275884 -0.074945 -0.374047 0.0329831 -0.0766472 -0.359851 0.0472479 -0.0854409 -0.35125 0.0514624 -0.091 -0.345471 0.0531375 -0.091 -0.380538 0.0037987 -0.073105 -0.38086 0.00917593 -0.0728153 -0.380358 0.0158748 -0.0730119 -0.369715 0.0388213 -0.0792734 -0.365903 0.0426781 -0.0816285 -0.355592 0.0496194 -0.0881734 -0.339521 0.0540268 -0.091 -0.275 0.0510482 -0.007 -0.344209 -0.0586482 0.03 -0.352108 -0.0549648 0.03 -0.359248 -0.0499657 0.03 -0.36541 -0.0438029 0.03 -0.370409 -0.0366635 0.03 -0.374093 -0.0287645 0.03 -0.376349 -0.0203459 0.03 -0.169737 0.0451606 0.03 -0.160009 0.0555227 0.03 -0.209129 0.0521065 0.03 -0.164082 0.0419841 0.03 -0.333505 0.0541143 0.03 -0.341604 0.0538079 0.03 -0.349517 0.0520536 0.03 -0.3375 0 0.03 -0.336791 0.00493032 0.03 -0.380176 0.00136176 0.03 -0.214338 0.0225622 0.03 -0.31751 0.0173219 0.03 -0.31273 0.0159186 0.03 -0.30854 0.0132256 0.03 -0.305278 0.00946122 0.03 -0.303209 0.00493032 0.03 -0.3025 0 0.03 -0.303209 -0.00493032 0.03 -0.305278 -0.00946122 0.03 -0.174946 0.0156163 0.03 -0.169369 0 0.03 -0.168778 0.0141257 0.03 -0.167012 0.028153 0.03 -0.38086 0.00917593 0.03 -0.334722 0.00946122 0.03 -0.33146 0.0132256 0.03 -0.32727 0.0159186 0.03 -0.322491 0.0173219 0.03 -0.38013 0.0172478 0.03 -0.255 0.05 0.03 -0.154821 0.0686743 0.03 -0.148554 0.0813475 0.03 -0.322491 -0.0173219 0.03 -0.32727 -0.0159186 0.03 -0.33146 -0.0132256 0.03 -0.334722 -0.00946122 0.03 -0.336791 -0.00493032 0.03 -0.30854 -0.0132256 0.03 -0.31273 -0.0159186 0.03 -0.31751 -0.0173219 0.03 -0.147557 -0.0831421 0.03 -0.154119 -0.0702346 0.03 -0.159555 -0.0568138 0.03 -0.163825 -0.0429778 0.03 -0.166897 -0.0288275 0.03 -0.168749 -0.0144666 0.03 -0.377964 0.0250578 0.03 -0.356986 0.0489086 0.03 -0.363771 0.0444746 0.03 -0.369649 0.0388957 0.03 -0.374432 0.0323526 0.03 -0.107295 -0.032122 -0.005 -0.104521 -0.0931413 -0.005 -0.10284 -0.0443609 -0.005 -0.0272521 -0.116865 -0.005 -0.025829 -0.108981 -0.005 -0.0383063 -0.105246 -0.005 -0.0502655 -0.100087 -0.005 -0.061545 -0.0935746 -0.005 -0.0719922 -0.085797 -0.005 -0.103073 0.0947411 -0.005 -0.112534 0.0832831 -0.005 -0.11181 0.00651222 -0.005 -0.110298 0.0194486 -0.005 -0.107295 0.032122 -0.005 -0.10284 0.0443609 -0.005 -0.0969948 0.056 -0.005 -0.0898378 0.0668818 -0.005 -0.0814659 0.0768591 -0.005 -0.0719922 0.085797 -0.005 -0.061545 0.0935746 -0.005 -0.0502655 0.100087 -0.005 0.0236565 0.132062 -0.005 -0.113624 -0.0817892 -0.005 -0.139244 -0.0145316 -0.005 -0.136983 -0.0289061 -0.005 -0.133243 -0.0429684 -0.005 -0.128063 -0.0565665 -0.005 -0.1215 -0.0695536 -0.005 -0.120727 0.0708869 -0.005 -0.12756 0.0576922 -0.005 -0.132956 0.0438476 -0.005 -0.136855 0.0295091 -0.005 -0.139212 0.0148381 -0.005 -0.0814659 -0.0768591 -0.005 -0.0898378 -0.0668818 -0.005 -0.0969948 -0.056 -0.005 -0.0383063 0.105246 -0.005 -0.025829 0.108981 -0.005 -0.0130024 0.111243 -0.005 0 0.112 -0.005 0.0130024 0.111243 -0.005 0.025829 0.108981 -0.005 0.0383063 0.105246 -0.005 0.0372854 0.125683 -0.005 0.11727 0.0254497 -0.005 0.113709 0.0383438 -0.005 0.119374 0.0122394 -0.005 0.11181 0.00651222 -0.005 0.119995 -0.001123 -0.005 0.11181 -0.00651222 -0.005 0.119124 -0.0144715 -0.005 0.112971 -0.0404653 -0.005 0.116773 -0.0276401 -0.005 -0.11181 -0.00651222 -0.005 -0.14 0 -0.005 -0.110298 -0.0194486 -0.005 -0.0130024 -0.111243 -0.005 -0.0137159 -0.119214 -0.005 0 -0.112 -0.005 0 -0.12 -0.005 0.0130024 -0.111243 -0.005 0.013356 -0.119254 -0.005 0.025829 -0.108981 -0.005 0.0265461 -0.117027 -0.005 0.0383063 -0.105246 -0.005 0.0394063 -0.113345 -0.005 0.0502655 -0.100087 -0.005 0.0517768 -0.108255 -0.005 0.061545 -0.0935746 -0.005 0.0635039 -0.10182 -0.005 0.0719922 -0.085797 -0.005 0.0744419 -0.0941191 -0.005 0.0814659 -0.0768591 -0.005 0.0844548 -0.0852489 -0.005 0.0898378 -0.0668818 -0.005 0.0934183 -0.0753194 -0.005 0.0969948 -0.056 -0.005 0.10284 -0.0443609 -0.005 0.101221 -0.064454 -0.005 0.107295 -0.032122 -0.005 0.107766 -0.0527876 -0.005 0.110298 -0.0194486 -0.005 0.0502641 0.118068 -0.005 0.0502655 0.100087 -0.005 0.0624811 0.109282 -0.005 0.061545 0.0935746 -0.005 0.0738311 0.0994018 -0.005 0.0719922 0.085797 -0.005 0.0842162 0.088512 -0.005 0.0814659 0.0768591 -0.005 0.0935472 0.0767064 -0.005 0.0898378 0.0668818 -0.005 0.0969948 0.056 -0.005 0.101744 0.0640867 -0.005 0.10284 0.0443609 -0.005 0.108735 0.0507614 -0.005 0.107295 0.032122 -0.005 0.110298 0.0194486 -0.005 -0.117137 0.0905994 0.00463612 -0.132828 0.0859786 0.0167213 -0.115 0.0912288 -0.045 -0.228854 0.0576998 -0.091 -0.353036 -0.0372919 -0.091 -0.354509 -0.0186718 -0.091 -0.355 0 -0.091 -0.353332 0.0343756 -0.091 -0.354583 0.017208 -0.091 -0.00992216 -0.0793823 -0.032 -0.0238355 -0.117609 -0.032 0 -0.0521214 -0.045 -0.0238355 -0.117609 -0.045 0 0.0327612 -0.0511732 0.00568892 0.0322635 -0.0511732 0 0.032 -0.055 0.00665317 0.0313007 -0.055 0.00665317 -0.0313007 -0.055 0.00568892 -0.0322635 -0.0511732 0 -0.032 -0.055 0 -0.0327612 -0.0511732 0.0066287 -0.0375932 -0.0457612 0.00771748 -0.0412849 -0.045 0 -0.042 -0.045 0.00771748 0.0412849 -0.045 0.0066287 0.0375932 -0.0457612 0 0.042 -0.045 0.013056 -0.035871 -0.0457612 0.0151721 -0.0391638 -0.045 0.0130156 -0.0292335 -0.055 0.011205 -0.0307855 -0.0511732 0.0190866 -0.0330589 -0.0457612 0.0221101 -0.0357091 -0.045 0.0188091 -0.0258885 -0.055 0.0163806 -0.028372 -0.0511732 0.0245372 -0.0292423 -0.0457612 0.0282952 -0.0310384 -0.045 0.0237806 -0.0214122 -0.055 0.0210585 -0.0250965 -0.0511732 0.0292423 -0.0245372 -0.0457612 0.0335167 -0.0253107 -0.045 0.0277128 -0.016 -0.055 0.0250965 -0.0210585 -0.0511732 0.0330589 -0.0190866 -0.0457612 0.0375969 -0.018721 -0.045 0.035871 -0.013056 -0.0457612 0.0403967 -0.0114938 -0.045 0.0304338 -0.00988854 -0.055 0.0307855 -0.011205 -0.0511732 0.028372 -0.0163806 -0.0511732 0.0375932 -0.0066287 -0.0457612 0.0418208 -0.00387527 -0.045 0.0318247 -0.00334491 -0.055 0.0322635 -0.00568892 -0.0511732 0.0381732 0 -0.0457612 0.0418208 0.00387527 -0.045 0.0318247 0.00334491 -0.055 0.0327612 0 -0.0511732 0.0375932 0.0066287 -0.0457612 0.0403967 0.0114938 -0.045 0.0304338 0.00988854 -0.055 0.0322635 0.00568892 -0.0511732 0.035871 0.013056 -0.0457612 0.0375969 0.018721 -0.045 0.0277128 0.016 -0.055 0.0307855 0.011205 -0.0511732 0.0330589 0.0190866 -0.0457612 0.0335167 0.0253107 -0.045 0.0292423 0.0245372 -0.0457612 0.0282952 0.0310384 -0.045 0.0237806 0.0214122 -0.055 0.0250965 0.0210585 -0.0511732 0.028372 0.0163806 -0.0511732 0.0245372 0.0292423 -0.0457612 0.0221101 0.0357091 -0.045 0.0188091 0.0258885 -0.055 0.0210585 0.0250965 -0.0511732 0.0190866 0.0330589 -0.0457612 0.0151721 0.0391638 -0.045 0.0130156 0.0292335 -0.055 0.0163806 0.028372 -0.0511732 0.013056 0.035871 -0.0457612 0.011205 0.0307855 -0.0511732 0 0.0381732 -0.0457612 0.00606534 0.0343983 -0.0479289 0 0.0349289 -0.0479289 0 -0.0381732 -0.0457612 0 -0.0349289 -0.0479289 0.00606534 -0.0343983 -0.0479289 0.0119464 -0.0328225 -0.0479289 0.0174645 -0.0302493 -0.0479289 0.0224519 -0.0267571 -0.0479289 0.0267571 -0.0224519 -0.0479289 0.0302493 -0.0174645 -0.0479289 0.0328225 -0.0119464 -0.0479289 0.0343983 -0.00606534 -0.0479289 0.0349289 0 -0.0479289 0.0343983 0.00606534 -0.0479289 0.0328225 0.0119464 -0.0479289 0.0302493 0.0174645 -0.0479289 0.0267571 0.0224519 -0.0479289 0.0224519 0.0267571 -0.0479289 0.0174645 0.0302493 -0.0479289 0.0119464 0.0328225 -0.0479289 -0.00665317 0.0313007 -0.055 -0.00568892 0.0322635 -0.0511732 -0.0066287 0.0375932 -0.0457612 -0.00771748 0.0412849 -0.045 -0.00771748 -0.0412849 -0.045 -0.0066287 -0.0375932 -0.0457612 -0.00568892 -0.0322635 -0.0511732 -0.00665317 -0.0313007 -0.055 -0.013056 0.035871 -0.0457612 -0.0151721 0.0391638 -0.045 -0.0130156 0.0292335 -0.055 -0.011205 0.0307855 -0.0511732 -0.0190866 0.0330589 -0.0457612 -0.0221101 0.0357091 -0.045 -0.0188091 0.0258885 -0.055 -0.0163806 0.028372 -0.0511732 -0.0245372 0.0292423 -0.0457612 -0.0282952 0.0310384 -0.045 -0.0237806 0.0214122 -0.055 -0.0210585 0.0250965 -0.0511732 -0.0292423 0.0245372 -0.0457612 -0.0335167 0.0253107 -0.045 -0.0277128 0.016 -0.055 -0.0250965 0.0210585 -0.0511732 -0.0330589 0.0190866 -0.0457612 -0.0375969 0.018721 -0.045 -0.035871 0.013056 -0.0457612 -0.0403967 0.0114938 -0.045 -0.0304338 0.00988854 -0.055 -0.0307855 0.011205 -0.0511732 -0.028372 0.0163806 -0.0511732 -0.0375932 0.0066287 -0.0457612 -0.0418208 0.00387527 -0.045 -0.0318247 0.00334491 -0.055 -0.0322635 0.00568892 -0.0511732 -0.0381732 0 -0.0457612 -0.0418208 -0.00387527 -0.045 -0.0318247 -0.00334491 -0.055 -0.0327612 0 -0.0511732 -0.0375932 -0.0066287 -0.0457612 -0.0403967 -0.0114938 -0.045 -0.0304338 -0.00988854 -0.055 -0.0322635 -0.00568892 -0.0511732 -0.035871 -0.013056 -0.0457612 -0.0375969 -0.018721 -0.045 -0.0277128 -0.016 -0.055 -0.0307855 -0.011205 -0.0511732 -0.0330589 -0.0190866 -0.0457612 -0.0335167 -0.0253107 -0.045 -0.0292423 -0.0245372 -0.0457612 -0.0282952 -0.0310384 -0.045 -0.0237806 -0.0214122 -0.055 -0.0250965 -0.0210585 -0.0511732 -0.028372 -0.0163806 -0.0511732 -0.0245372 -0.0292423 -0.0457612 -0.0221101 -0.0357091 -0.045 -0.0188091 -0.0258885 -0.055 -0.0210585 -0.0250965 -0.0511732 -0.0190866 -0.0330589 -0.0457612 -0.0151721 -0.0391638 -0.045 -0.0130156 -0.0292335 -0.055 -0.0163806 -0.028372 -0.0511732 -0.013056 -0.035871 -0.0457612 -0.011205 -0.0307855 -0.0511732 -0.00606534 -0.0343983 -0.0479289 -0.00606534 0.0343983 -0.0479289 -0.0119464 0.0328225 -0.0479289 -0.0174645 0.0302493 -0.0479289 -0.0224519 0.0267571 -0.0479289 -0.0267571 0.0224519 -0.0479289 -0.0302493 0.0174645 -0.0479289 -0.0328225 0.0119464 -0.0479289 -0.0343983 0.00606534 -0.0479289 -0.0349289 0 -0.0479289 -0.0343983 -0.00606534 -0.0479289 -0.0328225 -0.0119464 -0.0479289 -0.0302493 -0.0174645 -0.0479289 -0.0267571 -0.0224519 -0.0479289 -0.0224519 -0.0267571 -0.0479289 -0.0174645 -0.0302493 -0.0479289 -0.0119464 -0.0328225 -0.0479289 0 -0.08 -0.032 -0.3025 0 -0.09 -0.336791 0.00493032 -0.09 -0.303209 0.00493032 -0.09 -0.334722 0.00946122 -0.09 -0.305278 0.00946122 -0.09 -0.33146 0.0132256 -0.09 -0.30854 0.0132256 -0.09 -0.32727 0.0159186 -0.09 -0.31273 0.0159186 -0.09 -0.322491 0.0173219 -0.09 -0.31751 0.0173219 -0.09 -0.3375 0 -0.09 -0.303209 -0.00493032 -0.09 -0.336791 -0.00493032 -0.09 -0.305278 -0.00946122 -0.09 -0.334722 -0.00946122 -0.09 -0.30854 -0.0132256 -0.09 -0.33146 -0.0132256 -0.09 -0.31273 -0.0159186 -0.09 -0.32727 -0.0159186 -0.09 -0.31751 -0.0173219 -0.09 -0.322491 -0.0173219 -0.09 -0.31751 -0.0173219 0.029 -0.31273 -0.0159186 0.029 -0.30854 -0.0132256 0.029 -0.305278 -0.00946122 0.029 -0.303209 -0.00493032 0.029 -0.3025 0 0.029 -0.322491 -0.0173219 0.029 -0.32727 -0.0159186 0.029 -0.33146 -0.0132256 0.029 -0.334722 -0.00946122 0.029 -0.336791 -0.00493032 0.029 -0.3375 0 0.029 -0.322491 0.0173219 0.029 -0.32727 0.0159186 0.029 -0.33146 0.0132256 0.029 -0.334722 0.00946122 0.029 -0.336791 0.00493032 0.029 -0.31751 0.0173219 0.029 -0.31273 0.0159186 0.029 -0.30854 0.0132256 0.029 -0.305278 0.00946122 0.029 -0.303209 0.00493032 0.029 -0.204205 0.0512382 0.037 -0.204205 0.0512382 0.0315 -0.205941 0.0413902 0.037 -0.205941 0.0413902 0.0315 -0.206693 0.0313684 0.037 -0.206693 0.0313684 0.0315 -0.207678 0.0315421 0.037 -0.207678 0.0315421 0.0315 -0.202611 0.0324623 0.0315 -0.201293 0.0341794 0.037 -0.201293 0.0341794 0.0315 -0.200825 0.0362925 0.037 -0.200825 0.0362925 0.0315 -0.202611 0.0324623 0.037 -0.204531 0.0314628 0.0315 -0.204531 0.0314628 0.037 -0.202839 0.0403031 0.0315 -0.204957 0.0412165 0.037 -0.204957 0.0412165 0.0315 -0.202839 0.0403031 0.037 -0.201357 0.0385365 0.0315 -0.201357 0.0385365 0.037 0 0.032 -0.062 0.00665317 0.0313007 -0.062 0.0130156 0.0292335 -0.062 0.0188091 0.0258885 -0.062 0.0237806 0.0214122 -0.062 0.0277128 0.016 -0.062 0.0304338 0.00988854 -0.062 0.0318247 0.00334491 -0.062 0.0318247 -0.00334491 -0.062 0.0304338 -0.00988854 -0.062 0.0277128 -0.016 -0.062 0.0237806 -0.0214122 -0.062 0.0188091 -0.0258885 -0.062 0.0130156 -0.0292335 -0.062 0.00665317 -0.0313007 -0.062 0 -0.032 -0.062 -0.00665317 -0.0313007 -0.062 -0.0130156 -0.0292335 -0.062 -0.0188091 -0.0258885 -0.062 -0.0237806 -0.0214122 -0.062 -0.0277128 -0.016 -0.062 -0.0304338 -0.00988854 -0.062 -0.0318247 -0.00334491 -0.062 -0.0318247 0.00334491 -0.062 -0.0304338 0.00988854 -0.062 -0.0277128 0.016 -0.062 -0.0237806 0.0214122 -0.062 -0.0188091 0.0258885 -0.062 -0.0130156 0.0292335 -0.062 -0.00665317 0.0313007 -0.062 0.0248177 -0.00301342 -0.062 0.0248177 0.00301342 -0.062 -0.0248177 -0.00301342 -0.062 -0.0248177 0.00301342 -0.062 -0.0233754 0.00886512 -0.062 -0.0205746 0.0142016 -0.062 -0.0165781 0.0187128 -0.062 -0.0116181 0.0221364 -0.062 -0.00598289 0.0242736 -0.062 0 0.025 -0.062 0.00598289 0.0242736 -0.062 0.0116181 0.0221364 -0.062 0.0165781 0.0187128 -0.062 0.0205746 0.0142016 -0.062 0.0233754 0.00886512 -0.062 -0.0233754 -0.00886512 -0.062 -0.0205746 -0.0142016 -0.062 -0.0165781 -0.0187128 -0.062 -0.0116181 -0.0221364 -0.062 -0.00598289 -0.0242736 -0.062 0 -0.025 -0.062 0.00598289 -0.0242736 -0.062 0.0116181 -0.0221364 -0.062 0.0165781 -0.0187128 -0.062 0.0205746 -0.0142016 -0.062 0.0233754 -0.00886512 -0.062 0 -0.025 -0.097 -0.00598289 -0.0242736 -0.097 -0.0116181 -0.0221364 -0.097 -0.0165781 -0.0187128 -0.097 -0.0205746 -0.0142016 -0.097 -0.0233754 -0.00886512 -0.097 -0.0248177 -0.00301342 -0.097 -0.0248177 0.00301342 -0.097 -0.0233754 0.00886512 -0.097 -0.0205746 0.0142016 -0.097 -0.0165781 0.0187128 -0.097 -0.0116181 0.0221364 -0.097 -0.00598289 0.0242736 -0.097 0 0.025 -0.097 0.00598289 0.0242736 -0.097 0.0116181 0.0221364 -0.097 0.0165781 0.0187128 -0.097 0.0205746 0.0142016 -0.097 0.0233754 0.00886512 -0.097 0.0248177 0.00301342 -0.097 0.0248177 -0.00301342 -0.097 0.0233754 -0.00886512 -0.097 0.0205746 -0.0142016 -0.097 0.0165781 -0.0187128 -0.097 0.0116181 -0.0221364 -0.097 0.00598289 -0.0242736 -0.097 0 0 -0.036 0 -0.088 -0.013 0.0114863 -0.0872471 -0.013 0.0227761 -0.0850015 -0.013 0.0336761 -0.0813014 -0.013 0.044 -0.0762102 -0.013 0.053571 -0.0698151 -0.013 0.0622254 -0.0622254 -0.013 0.0698151 -0.053571 -0.013 0.0762102 -0.044 -0.013 0.0813014 -0.0336761 -0.013 0.0850015 -0.0227761 -0.013 0.0872471 -0.0114863 -0.013 0.088 0 -0.013 0.0872471 0.0114863 -0.013 0.0850015 0.0227761 -0.013 0.0813014 0.0336761 -0.013 0.0762102 0.044 -0.013 0.0698151 0.053571 -0.013 0.0622254 0.0622254 -0.013 0.053571 0.0698151 -0.013 0.044 0.0762102 -0.013 0.0336761 0.0813014 -0.013 0.0227761 0.0850015 -0.013 0.0114863 0.0872471 -0.013 0 0.088 -0.013 -0.0114863 0.0872471 -0.013 -0.0227761 0.0850015 -0.013 -0.0336761 0.0813014 -0.013 -0.044 0.0762102 -0.013 -0.053571 0.0698151 -0.013 -0.0622254 0.0622254 -0.013 -0.0698151 0.053571 -0.013 -0.0762102 0.044 -0.013 -0.0813014 0.0336761 -0.013 -0.0850015 0.0227761 -0.013 -0.0872471 0.0114863 -0.013 -0.088 0 -0.013 -0.0872471 -0.0114863 -0.013 -0.0850015 -0.0227761 -0.013 -0.0813014 -0.0336761 -0.013 -0.0762102 -0.044 -0.013 -0.0698151 -0.053571 -0.013 -0.0622254 -0.0622254 -0.013 -0.053571 -0.0698151 -0.013 -0.044 -0.0762102 -0.013 -0.0336761 -0.0813014 -0.013 -0.0227761 -0.0850015 -0.013 -0.0114863 -0.0872471 -0.013 0.0898378 -0.0668818 -0.013 0.0969948 -0.056 -0.013 0.10284 -0.0443609 -0.013 0.107295 -0.032122 -0.013 0.110298 -0.0194486 -0.013 0.11181 -0.00651222 -0.013 0.11181 0.00651222 -0.013 0.0814659 -0.0768591 -0.013 0.110298 0.0194486 -0.013 0.107295 0.032122 -0.013 0.10284 0.0443609 -0.013 0.0969948 0.056 -0.013 0.0898378 0.0668818 -0.013 -0.0898378 0.0668818 -0.013 -0.0969948 0.056 -0.013 -0.10284 0.0443609 -0.013 -0.107295 0.032122 -0.013 -0.110298 0.0194486 -0.013 -0.11181 0.00651222 -0.013 -0.11181 -0.00651222 -0.013 -0.110298 -0.0194486 -0.013 -0.107295 -0.032122 -0.013 -0.10284 -0.0443609 -0.013 -0.0969948 -0.056 -0.013 -0.0898378 -0.0668818 -0.013 -0.0814659 -0.0768591 -0.013 -0.0719922 -0.085797 -0.013 -0.061545 -0.0935746 -0.013 -0.0502655 -0.100087 -0.013 -0.0383063 -0.105246 -0.013 -0.025829 -0.108981 -0.013 -0.0130024 -0.111243 -0.013 0 -0.112 -0.013 0.0130024 -0.111243 -0.013 0.025829 -0.108981 -0.013 0.0383063 -0.105246 -0.013 0.0502655 -0.100087 -0.013 0.061545 -0.0935746 -0.013 0.0719922 -0.085797 -0.013 -0.0814659 0.0768591 -0.013 -0.0719922 0.085797 -0.013 -0.061545 0.0935746 -0.013 -0.0502655 0.100087 -0.013 -0.0383063 0.105246 -0.013 -0.025829 0.108981 -0.013 -0.0130024 0.111243 -0.013 0 0.112 -0.013 0.0130024 0.111243 -0.013 0.025829 0.108981 -0.013 0.0383063 0.105246 -0.013 0.0502655 0.100087 -0.013 0.061545 0.0935746 -0.013 0.0719922 0.085797 -0.013 0.0814659 0.0768591 -0.013 -0.182189 0.0321249 0.0142961 -0.177689 0.0321249 0.017 -0.178292 0.0343749 0.017 -0.179939 0.036022 0.017 -0.182189 0.0366249 0.017 -0.184439 0.036022 0.017 -0.186087 0.0343749 0.017 -0.186689 0.0321249 0.017 -0.186087 0.0298749 0.017 -0.184439 0.0282278 0.017 -0.182189 0.0276249 0.017 -0.179939 0.0282278 0.017 -0.178292 0.0298749 0.017 -0.184439 0.036022 0.022 -0.186087 0.0343749 0.022 -0.186689 0.0321249 0.022 -0.182189 0.0366249 0.022 -0.179939 0.036022 0.022 -0.178292 0.0343749 0.022 -0.177689 0.0321249 0.022 -0.179939 0.0282278 0.022 -0.178292 0.0298749 0.022 -0.182189 0.0276249 0.022 -0.184439 0.0282278 0.022 -0.186087 0.0298749 0.022 -0.182189 0.0371249 0.022 -0.179689 0.036455 0.022 -0.182189 0.0271249 0.022 -0.184689 0.0277948 0.022 -0.177859 0.0346249 0.022 -0.177189 0.0321249 0.022 -0.177859 0.0296249 0.022 -0.179689 0.0277948 0.022 -0.18652 0.0296249 0.022 -0.187189 0.0321249 0.022 -0.18652 0.0346249 0.022 -0.184689 0.036455 0.022 -0.184689 0.036455 0.032 -0.18652 0.0346249 0.032 -0.187189 0.0321249 0.032 -0.182189 0.0371249 0.032 -0.179689 0.036455 0.032 -0.177859 0.0346249 0.032 -0.177189 0.0321249 0.032 -0.179689 0.0277948 0.032 -0.177859 0.0296249 0.032 -0.182189 0.0271249 0.032 -0.184689 0.0277948 0.032 -0.18652 0.0296249 0.032 -0.209414 0.021694 0.037 -0.209414 0.021694 0.0315 -0.193165 0.0188288 0.037 -0.187956 0.048373 0.037 -0.193165 0.0188288 0.032 -0.187956 0.048373 0.032 -0.169737 0.0451606 0.032 -0.174946 0.0156163 0.032 -0.214338 0.0225622 0.0315 -0.209129 0.0521065 0.0315 -0.280343 -0.106221 0.0165 -0.280343 -0.106221 -0.0435 -0.226178 -0.115772 0.0165 -0.226178 -0.115772 -0.0435 0.0110036 -0.0792396 -0.032 0.00905079 -0.0513296 -0.045 0.0084621 0.0795512 -0.032 0.00905079 0.0513296 -0.045 0 0.0521214 -0.045 0.0193236 0.0776312 -0.032 0.0178266 -0.0489781 -0.045 0.0217981 -0.076973 -0.032 0.0260607 -0.0451385 -0.045 0.0321782 -0.0732432 -0.032 0.0419466 -0.0681211 -0.032 0.033503 -0.0399273 -0.045 0.0509176 -0.0617041 -0.032 0.0399273 -0.033503 -0.045 0.0589208 -0.0541142 -0.032 0.0451385 -0.0260607 -0.045 0.0658039 -0.0454956 -0.032 0.0489781 -0.0178266 -0.045 0.0714362 -0.0360121 -0.032 0.0757105 -0.0258441 -0.032 0.0513296 -0.00905079 -0.045 0.0785457 -0.0151849 -0.032 0.0521214 0 -0.045 0.0798877 -0.004237 -0.032 0.0513296 0.00905079 -0.045 0.0797112 0.00679145 -0.032 0.0780195 0.0176908 -0.032 0.0489781 0.0178266 -0.045 0.0748446 0.0282539 -0.032 0.0451385 0.0260607 -0.045 0.0702471 0.0382798 -0.032 0.0399273 0.033503 -0.045 0.0643142 0.0475782 -0.032 0.033503 0.0399273 -0.045 0.0571588 0.0559721 -0.032 0.0489168 0.063302 -0.032 0.0260607 0.0451385 -0.045 0.039745 0.0694286 -0.032 0.0178266 0.0489781 -0.045 0.0298177 0.0742355 -0.032 -0.322491 0.0173219 -0.091 -0.32727 0.0159186 -0.091 -0.33146 0.0132256 -0.091 -0.334722 0.00946122 -0.091 -0.336791 0.00493032 -0.091 -0.3375 0 -0.091 -0.31751 0.0173219 -0.091 -0.31273 0.0159186 -0.091 -0.30854 0.0132256 -0.091 -0.305278 0.00946122 -0.091 -0.303209 0.00493032 -0.091 -0.3025 0 -0.091 -0.31751 -0.0173219 -0.091 -0.31273 -0.0159186 -0.091 -0.30854 -0.0132256 -0.091 -0.305278 -0.00946122 -0.091 -0.303209 -0.00493032 -0.091 -0.322491 -0.0173219 -0.091 -0.32727 -0.0159186 -0.091 -0.33146 -0.0132256 -0.091 -0.334722 -0.00946122 -0.091 -0.336791 -0.00493032 -0.091 -0.0322164 -0.115595 -0.045 0.108735 0.0507614 -0.032 0.113709 0.0383438 -0.032 0.11727 0.0254497 -0.032 0.119374 0.0122394 -0.032 0.119995 -0.001123 -0.032 0.119124 -0.0144715 -0.032 0.116773 -0.0276401 -0.032 0.112971 -0.0404653 -0.032 0.107766 -0.0527876 -0.032 0.101221 -0.064454 -0.032 0.0934183 -0.0753194 -0.032 0.0844548 -0.0852489 -0.032 0.0744419 -0.0941191 -0.032 0.0635039 -0.10182 -0.032 0.0517768 -0.108255 -0.032 0.0394063 -0.113345 -0.032 0.0265461 -0.117027 -0.032 0.013356 -0.119254 -0.032 0 -0.12 -0.032 -0.0119776 -0.119401 -0.032 0.0245473 0.131691 -0.032 0.0245473 0.131691 -0.045 0.0844532 0.0882386 -0.032 0.0936877 0.0765103 -0.032 0.0741794 0.099068 -0.032 0.0380315 0.125288 -0.032 0.0508697 0.117671 -0.032 0.0629531 0.108907 -0.032 0.101805 0.0639826 -0.032 0.0236565 0.132062 -0.045 -0.255 0.05 -0.007</float_array>
                    <technique_common>
                        <accessor count="998" source="#shape0-lib-positions-array" stride="3">
                            <param name="X" type="float"/>
                            <param name="Y" type="float"/>
                            <param name="Z" type="float"/>
                        </accessor>
                    </technique_common>
                </source>
                <source id="shape0-lib-normals" name="normal">
                    <float_array id="shape0-lib-normals-array" count="5988">0 0 1 0 0 1 0 0 1 0 0 1 0 0 1 0 0 1 0 0 1 0 0 1 0 0 1 0 0 1 0 0 1 0 0 1 0 0 1 0 0 1 0 0 1 0 0 1 0 0 1 0 0 1 0 0 1 0 0 1 0 0 1 0 0 1 0 0 1 0 0 1 0 0 1 0 0 1 0 0 1 0 0 1 0 0 1 0 0 1 0 0 1 0 0 1 0 0 1 0 0 1 0 0 1 0 0 1 0 0 1 0 0 1 0 0 1 0 0 1 0 0 1 0 0 1 0 0 1 0 0 1 0 0 1 0 0 1 0 0 1 0 0 1 0 0 1 0 0 1 0.989821 -0.142316 0 0.989821 -0.142316 0 0.909631 -0.415417 0 0.909631 -0.415417 0 0.755747 -0.654863 0 0.755747 -0.654863 0 0.540638 -0.841255 0 0.540638 -0.841255 0 0.281737 -0.959492 0 0.281737 -0.959492 0 0 -1 0 0 -1 0 -0.281732 -0.959493 0 -0.281732 -0.959493 0 -0.540641 -0.841253 0 -0.540641 -0.841253 0 -0.755744 -0.654867 0 -0.755744 -0.654867 0 -0.909633 -0.415412 0 -0.909633 -0.415412 0 -0.989823 -0.142304 0 -0.989823 -0.142304 0 0 0 -1 0 0 -1 0 0 -1 0 0 -1 0 0 -1 0 0 -1 0 0 -1 0 0 -1 0 0 -1 0 0 -1 0 0 -1 0 0 -1 0 0 -1 0 0 -1 0 0 -1 0 0 -1 0 0 -1 0 0 -1 0 0 -1 0 0 -1 0 0 -1 0 0 -1 0 0 -1 0 0 -1 0 0 -1 0 0 -1 0 0 -1 0 0 -1 0 0 -1 0 0 -1 0 0 -1 0 0 -1 0 0 -1 0 0 -1 0 0 -1 0 0 -1 0 0 -1 0 0 -1 0 0 -1 0 0 -1 0 0 -1 0 0 -1 0 0 -1 0 0 -1 0 0 -1 0 0 -1 0 0 -1 0 0 -1 0 0 -1 0 0 -1 -0.993712 -0.111968 0 -0.993712 -0.111968 0 -0.943887 -0.330269 0 -0.943887 -0.330269 0 -0.846724 -0.532033 0 -0.846724 -0.532033 0 -0.707108 -0.707106 0 -0.707108 -0.707106 0 -0.532029 -0.846726 0 -0.532029 -0.846726 0 -0.330277 -0.943884 0 -0.330277 -0.943884 0 -0.111964 -0.993712 0 -0.111964 -0.993712 0 0.111965 -0.993712 0 0.111965 -0.993712 0 0.330276 -0.943884 0 0.330276 -0.943884 0 0.532038 -0.846721 0 0.532038 -0.846721 0 0.7071 -0.707113 0 0.7071 -0.707113 0 0.84673 -0.532023 0 0.84673 -0.532023 0 0.943881 -0.330286 0 0.943881 -0.330286 0 0.993712 -0.111968 0 0.993712 -0.111968 0 0.993712 0.111968 0 0.993712 0.111968 0 0.943881 0.330286 0 0.943881 0.330286 0 0.84673 0.532023 0 0.84673 0.532023 0 0.7071 0.707113 0 0.7071 0.707113 0 0.532038 0.846721 0 0.532038 0.846721 0 0.330276 0.943884 0 0.330276 0.943884 0 0.111965 0.993712 0 0.111965 0.993712 0 -0.111964 0.993712 0 -0.111964 0.993712 0 -0.330277 0.943884 0 -0.330277 0.943884 0 -0.532029 0.846726 0 -0.532029 0.846726 0 -0.707108 0.707106 0 -0.707108 0.707106 0 -0.846724 0.532033 0 -0.846724 0.532033 0 -0.943887 0.330269 0 -0.943887 0.330269 0 -0.993712 0.111968 0 -0.993712 0.111968 0 0.993712 -0.111968 0 0.993712 -0.111968 0 0.943881 -0.330286 0 0.943881 -0.330286 0 0.84673 -0.532023 0 0.84673 -0.532023 0 0.7071 -0.707113 0 0.7071 -0.707113 0 0.532038 -0.846721 0 0.532038 -0.846721 0 0.330276 -0.943884 0 0.330276 -0.943884 0 0.111965 -0.993712 0 0.111965 -0.993712 0 -0.111964 -0.993712 0 -0.111964 -0.993712 0 -0.330277 -0.943884 0 -0.330277 -0.943884 0 -0.532029 -0.846726 0 -0.532029 -0.846726 0 -0.707108 -0.707106 0 -0.707108 -0.707106 0 -0.846724 -0.532033 0 -0.846724 -0.532033 0 -0.943887 -0.330269 0 -0.943887 -0.330269 0 -0.993712 -0.111968 0 -0.993712 -0.111968 0 -0.993712 0.111968 0 -0.993712 0.111968 0 -0.943887 0.330269 0 -0.943887 0.330269 0 -0.846724 0.532033 0 -0.846724 0.532033 0 -0.707108 0.707106 0 -0.707108 0.707106 0 -0.532029 0.846726 0 -0.532029 0.846726 0 -0.330277 0.943884 0 -0.330277 0.943884 0 -0.111964 0.993712 0 -0.111964 0.993712 0 0.111965 0.993712 0 0.111965 0.993712 0 0.330276 0.943884 0 0.330276 0.943884 0 0.532038 0.846721 0 0.532038 0.846721 0 0.7071 0.707113 0 0.7071 0.707113 0 0.84673 0.532023 0 0.84673 0.532023 0 0.943881 0.330286 0 0.943881 0.330286 0 0.993712 0.111968 0 0.993712 0.111968 0 0 0 1 0 0 1 0 0 1 0 0 1 0 0 1 0 0 1 0 0 1 0 0 1 0 0 1 0 0 1 0 0 1 0 0 1 0 0 1 0 0 1 0 0 1 0 0 1 0 0 1 0 0 1 0 0 1 0 0 1 0 0 1 0 0 1 0 0 1 0 0 1 0 0 1 0 0 1 0 0 1 0 0 1 0 0 1 0 0 1 0 0 1 0 0 1 0 0 1 0 0 1 0 0 1 0 0 1 0 0 1 0 0 1 0 0 1 0 0 1 0 0 1 0 0 1 0 0 1 0 0 1 0 0 1 0 0 1 0 0 1 0 0 1 0 0 1 0 0 1 0 0 -1 0 0 -1 0 0 -1 0 0 -1 0 0 -1 0 0 -1 0 0 -1 0 0 -1 0 0 -1 0 0 -1 0 0 -1 0 0 -1 0 0 -1 0 0 -1 0 0 -1 0 0 -1 0 0 -1 0 0 -1 0 0 -1 0 0 -1 0 0 -1 0 0 -1 0 0 -1 0 0 -1 0 0 -1 0 0 -1 0 0 -1 0 0 -1 0 0 -1 0 0 -1 0 0 -1 0 0 -1 0 0 -1 0 0 -1 0 0 -1 0 0 -1 0 0 -1 0 0 -1 0 0 -1 0 0 -1 0 0 -1 0 0 -1 0 0 -1 0 0 -1 0 0 -1 0 0 -1 0 0 -1 0 0 -1 0 0 -1 0 0 -1 -0.984722 -0.174082 0.00428108 -0.984808 -0.173645 0 -0.984808 -0.173645 0 -0.573562 -0.819132 0.00696023 -0.398808 -0.917032 -0.00199201 -0.422614 -0.906301 0.00398402 -0.522465 -0.852657 -0.00248452 -0.876024 -0.482268 -0.000864173 -0.906274 -0.422595 0.00902757 -0.918044 -0.396479 -0.000831688 -0.258819 -0.965923 0.00223965 -0.250403 -0.968142 0 -0.819146 -0.573579 0.00264457 -0.815549 -0.578687 -7.67326e-05 -0.70711 -0.707104 8.73227e-05 -0.719688 -0.694258 0.00739615 -0.625834 -0.779947 -0.00381011 -0.954632 -0.297789 0.000612065 -0.965852 -0.258807 0.0121629 -0.976493 -0.215547 0 -0.173649 -0.984808 -3.79239e-05 -0.173648 -0.984808 -1.77234e-06 -0.173648 -0.984808 7.10853e-08 -0.173648 -0.984808 5.63629e-07 -0.173648 -0.984808 6.27154e-07 -0.173648 -0.984808 0 -0.173648 -0.984808 -7.03016e-08 -0.173648 -0.984808 -3.47157e-07 -0.173648 -0.984808 -1.98801e-07 -0.173648 -0.984808 -1.26998e-05 -0.173648 -0.984808 0 -0.173648 -0.984808 0 -0.173648 -0.984808 -1.1707e-07 -0.173648 -0.984808 0 -0.173648 -0.984808 0 -0.173648 -0.984808 -2.90408e-07 -0.173649 -0.984808 1.91597e-06 -0.173648 -0.984808 0 -0.656059 0.754709 9.00102e-07 -0.656059 0.75471 0 -0.656059 0.75471 0 -0.65606 0.754709 0 -0.65606 0.754709 -2.6427e-07 -0.656059 0.754709 0 -0.707107 0 0.707106 -0.707107 0 0.707106 0.0523358 0.99863 0 0.0523361 0.99863 1.8165e-08 0.0523361 0.99863 0 0.0523359 0.99863 -1.63867e-07 -0.96354 0.267225 0.0134975 -0.944389 0.328658 -0.0106453 -0.900008 0.435726 0.0113179 -0.882921 0.469514 -0.00276938 -0.547061 0.837063 0.00709614 -0.27842 0.960455 -0.00279466 -0.216435 0.976279 0.00598855 -0.989169 -0.146784 0 -0.996125 -0.0871591 0.011727 -0.99821 -0.0598111 7.24713e-06 -0.997209 0.0746565 7.23957e-06 -0.995903 0.0900424 0.00829721 -0.979994 0.19899 -0.00394833 -0.802191 0.597053 0.00413967 -0.807304 0.590135 0.000471374 -0.711374 0.702813 -0.000308421 -0.688335 0.725351 0.00781118 -0.605176 0.796064 -0.00659616 -0.388051 0.921628 0.00418941 -0.388501 0.921439 0.00408897 -0.487521 0.873109 -0.00214252 -0.0378059 0.999285 0 -0.0145395 0.999875 0.0061841 -0.1478 0.989013 -0.00299477 -0.707107 0 -0.707106 -0.707107 0 -0.707106 -0.25882 -0.965926 0 -0.25882 -0.965926 0 -0.422617 -0.906308 0 -0.422617 -0.906308 0 -0.573576 -0.819152 0 -0.573576 -0.819152 0 -0.70711 -0.707104 0 -0.70711 -0.707104 0 -0.819149 -0.573581 0 -0.819149 -0.573581 0 -0.90631 -0.422612 0 -0.90631 -0.422612 0 -0.965924 -0.258827 0 -0.965924 -0.258827 0 0 0 1 0 0 1 0 0 1 0 0 1 0 0 1 0 0 1 0 0 1 0 0 1 0 0 1 0 0 1 0 0 1 0 0 1 0 0 1 0 0 1 0 0 1 0 0 1 0 0 1 0 0 1 0 0 1 0 0 1 0 0 1 0 0 1 0 0 1 0 0 1 0 0 1 0 0 1 0 0 1 0 0 1 0 0 1 0 0 1 0 0 1 0 0 1 0 0 1 0 0 1 0 0 1 0 0 1 0 0 1 0 0 1 0 0 1 0 0 1 0 0 1 0 0 1 0 0 1 0 0 1 0 0 1 0 0 1 0 0 1 0 0 1 0 0 1 0 0 1 0 0 1 0 0 1 0 0 1 0 0 1 0 0 1 0 0 1 0 0 1 0 0 1 0 0 1 0 0 1 0 0 1 0 0 1 0 0 1 0 0 1 0 0 1 0 0 1 0 0 1 0 0 1 0 0 1 0 0 1 0 0 1 0 0 1 0 0 1 0 0 1 0 0 1 0 0 1 0 0 1 0 0 1 0 0 1 0 0 1 0 0 1 0 0 1 0 0 1 0 0 1 0 0 1 0 0 1 0 0 1 0 0 1 0 0 1 0 0 1 0 0 1 0 0 1 0 0 1 0 0 1 0 0 1 0 0 1 0 0 1 0 0 1 0 0 1 0 0 1 0 0 1 0 0 1 0 0 1 0 0 1 0 0 1 0 0 1 0 0 1 0 0 1 0 0 1 0 0 1 0 0 1 0 0 1 0 0 1 0 0 1 0 0 1 0 0 1 0 0 1 0 0 1 0 0 1 0 0 1 0 0 1 0 0 1 0 0 1 0 0 1 0 0 1 0 0 1 0 0 1 0 0 1 0 0 1 0 0 1 0 0 1 0 0 1 0 0 1 0 0 1 0 0 1 0 0 1 0 0 1 0 0 1 0 0 1 0 0 1 0 0 1 0 0 1 0 0 1 0 0 1 0 0 1 0 0 1 0 0 1 0 0 1 0 0 1 0 0 1 0 0 1 0 0 1 0 0 1 0 0 1 0 0 1 0 0 1 0 0 1 0 0 1 0 0 1 0 0 1 0 0 1 0 0 1 0.587028 -0.484699 0.648433 0.624477 -0.448908 0.639148 0.636322 -0.420569 0.646697 0.71297 -0.277894 0.643777 0.712396 -0.281033 0.64305 0.737358 -0.200469 0.64507 0.734587 -0.221012 0.641511 0.754303 -0.121175 0.645247 0.750961 -0.15908 0.640899 0.761351 -0.0958578 0.641214 0.760964 0.0981557 0.641326 0.75021 0.162881 0.640824 0.754937 0.118719 0.644963 0.733464 0.226341 0.640936 0.738348 0.196381 0.645195 0.714373 0.272114 0.64469 0.57876 0.502974 0.641914 0.594871 0.477025 0.646974 0.543532 0.537566 0.644667 0.611641 0.464293 0.640568 0.642976 0.413864 0.644436 0.651298 0.404596 0.64196 0.763686 -0.0405821 0.644312 0.765652 -0.0319852 0.642459 0.765633 0.0327605 0.642443 0.763998 0.0397575 0.643992 0.687295 -0.33987 0.641961 0.67879 -0.351518 0.644732 0.657774 -0.395343 0.641122 0.710887 0.287929 0.641666 0.682352 0.346921 0.643461 0.683541 0.345438 0.642997 0.374607 0 -0.927184 0.374607 0 -0.927184 -0.562069 -0.0743716 -0.82374 -0.570907 -0.0451572 -0.819772 -0.566013 -0.0512238 -0.822803 -0.568932 -0.046614 -0.821062 -0.571267 -0.0401327 -0.819782 -0.572511 -0.03416 -0.819185 -0.573734 -0.0155487 -0.818894 -0.57351 -0.0150902 -0.819059 -0.564445 -0.073642 -0.822179 -0.567593 -0.0703949 -0.820294 -0.570425 -0.0631147 -0.818922 -0.570921 0.0416024 -0.819951 -0.571164 0.0553944 -0.818964 -0.569635 0.0624918 -0.819519 -0.567493 0.0670094 -0.820647 -0.565479 0.0685731 -0.821907 -0.564674 0.0687917 -0.822442 -0.57352 0.0139078 -0.819073 -0.56832 0.00246187 -0.822804 -0.572692 0.0130124 -0.819667 -0.525764 0.0143622 -0.85051 -0.525356 0.0143581 -0.850761 -0.533442 0.0173625 -0.845658 -0.571663 0.0402763 -0.8195 -0.573026 0.027386 -0.81908 0.939693 -0.34202 6.05367e-07 0.939693 -0.34202 0 0.0854924 0.977195 -0.194375 0.102003 0.970501 -0.218458 0.102003 -0.970501 -0.218458 0.0854924 -0.977195 -0.194375 0.018232 -0.196755 -0.980283 0.018232 0.196755 -0.980283 0.0544929 -0.191523 -0.979974 0.300518 -0.924899 -0.232916 0.254824 -0.951011 -0.175049 0.0893563 -0.179451 -0.9797 0.485668 -0.841203 -0.237706 0.416803 -0.89384 -0.165302 0.121502 -0.160895 -0.979464 0.650728 -0.722705 -0.232918 0.565686 -0.807883 -0.165303 0.149701 -0.13647 -0.979268 0.789476 -0.573588 -0.21846 0.696189 -0.696189 -0.175051 0.172862 -0.107032 -0.979113 0.190086 -0.0736396 -0.979002 0.89148 -0.396912 -0.218459 0.889022 -0.414557 -0.194377 0.200698 -0.037517 -0.978935 0.951245 -0.202193 -0.232919 0.951011 -0.254824 -0.17505 0.204282 0 -0.978912 0.971337 0 -0.237705 0.98249 -0.0859557 -0.165303 0.200698 0.037517 -0.978935 0.951245 0.202193 -0.232919 0.98249 0.0859557 -0.165304 0.190086 0.0736396 -0.979002 0.89148 0.396912 -0.218459 0.951011 0.254824 -0.17505 0.172862 0.107032 -0.979113 0.149701 0.13647 -0.979268 0.789476 0.573588 -0.21846 0.803528 0.562637 -0.194377 0.121502 0.160895 -0.979464 0.650728 0.722705 -0.232918 0.696189 0.696189 -0.175051 0.0893563 0.179451 -0.9797 0.485668 0.841203 -0.237706 0.565686 0.807883 -0.165303 0.0544929 0.191523 -0.979974 0.300518 0.924899 -0.232916 0.416803 0.89384 -0.165302 0.254824 0.951011 -0.175049 0.803528 -0.562637 -0.194377 0.889022 0.414557 -0.194377 0.0170658 0.195063 -0.980642 0.0485489 0.554915 -0.83049 0.0485477 0.554913 -0.830491 0.072551 0.829278 -0.554106 0.0725516 0.829279 -0.554105 0.0170658 -0.195063 -0.980642 0.0485488 -0.554913 -0.830491 0.0485478 -0.554915 -0.830489 0.072551 -0.829279 -0.554105 0.0725516 -0.829278 -0.554106 0.0502305 -0.187463 -0.980987 0.144171 -0.538054 -0.83049 0.144171 -0.538053 -0.83049 0.215454 -0.804081 -0.554106 0.215454 -0.804081 -0.554106 0.0813893 -0.17454 -0.981281 0.235413 -0.504844 -0.83049 0.235413 -0.504844 -0.83049 0.351807 -0.754452 -0.554106 0.351806 -0.754454 -0.554105 0.109738 -0.156723 -0.981527 0.319501 -0.456295 -0.83049 0.319501 -0.456296 -0.830489 0.477471 -0.681901 -0.554105 0.477471 -0.6819 -0.554106 0.134551 -0.134551 -0.981729 0.393883 -0.393883 -0.830489 0.393883 -0.393883 -0.830489 0.588628 -0.588628 -0.554106 0.588628 -0.588628 -0.554106 0.155197 -0.10867 -0.981888 0.456296 -0.319502 -0.830489 0.456296 -0.319501 -0.83049 0.6819 -0.477471 -0.554106 0.681901 -0.477472 -0.554105 0.171154 -0.0798106 -0.982006 0.504844 -0.235413 -0.83049 0.504844 -0.235413 -0.83049 0.754453 -0.351807 -0.554105 0.754453 -0.351806 -0.554106 0.18202 -0.0487723 -0.982084 0.538053 -0.144171 -0.83049 0.538054 -0.144172 -0.83049 0.804081 -0.215454 -0.554106 0.804081 -0.215454 -0.554106 0.187523 -0.0164062 -0.982123 0.554915 -0.0485489 -0.83049 0.554913 -0.0485477 -0.830491 0.829278 -0.072551 -0.554106 0.829279 -0.0725516 -0.554105 0.187523 0.0164062 -0.982123 0.554913 0.0485488 -0.830491 0.554915 0.0485478 -0.830489 0.829279 0.072551 -0.554105 0.829278 0.0725516 -0.554106 0.18202 0.0487723 -0.982084 0.538054 0.144171 -0.83049 0.538053 0.144171 -0.83049 0.804081 0.215454 -0.554106 0.804081 0.215454 -0.554106 0.171154 0.0798106 -0.982006 0.504844 0.235413 -0.83049 0.504844 0.235413 -0.83049 0.754452 0.351807 -0.554106 0.754454 0.351806 -0.554105 0.155197 0.10867 -0.981888 0.456295 0.319501 -0.83049 0.456296 0.319501 -0.830489 0.681901 0.477471 -0.554105 0.6819 0.477471 -0.554106 0.134551 0.134551 -0.981729 0.393883 0.393883 -0.830489 0.393883 0.393883 -0.830489 0.588628 0.588628 -0.554106 0.588628 0.588628 -0.554106 0.109738 0.156723 -0.981527 0.319502 0.456296 -0.830489 0.319501 0.456296 -0.83049 0.477471 0.6819 -0.554106 0.477472 0.681901 -0.554105 0.0813893 0.17454 -0.981281 0.235413 0.504844 -0.83049 0.235413 0.504844 -0.83049 0.351807 0.754453 -0.554105 0.351806 0.754453 -0.554106 0.0502305 0.187463 -0.980987 0.144171 0.538053 -0.83049 0.144172 0.538054 -0.83049 0.215454 0.804081 -0.554106 0.215454 0.804081 -0.554106 -0.102003 0.970501 -0.218458 -0.0854924 0.977195 -0.194375 -0.018232 0.196755 -0.980283 -0.018232 -0.196755 -0.980283 -0.0854924 -0.977195 -0.194375 -0.102003 -0.970501 -0.218458 -0.0544929 0.191523 -0.979974 -0.300518 0.924899 -0.232916 -0.254824 0.951011 -0.175049 -0.0893563 0.179451 -0.9797 -0.485668 0.841203 -0.237706 -0.416803 0.89384 -0.165302 -0.121502 0.160895 -0.979464 -0.650728 0.722705 -0.232918 -0.565686 0.807883 -0.165303 -0.149701 0.13647 -0.979268 -0.789476 0.573588 -0.21846 -0.696189 0.696189 -0.175051 -0.172862 0.107032 -0.979113 -0.190086 0.0736396 -0.979002 -0.89148 0.396912 -0.218459 -0.889022 0.414557 -0.194377 -0.200698 0.037517 -0.978935 -0.951245 0.202193 -0.232919 -0.951011 0.254824 -0.17505 -0.204282 0 -0.978912 -0.971337 0 -0.237705 -0.98249 0.0859557 -0.165303 -0.200698 -0.037517 -0.978935 -0.951245 -0.202193 -0.232919 -0.98249 -0.0859557 -0.165304 -0.190086 -0.0736396 -0.979002 -0.89148 -0.396912 -0.218459 -0.951011 -0.254824 -0.17505 -0.172862 -0.107032 -0.979113 -0.149701 -0.13647 -0.979268 -0.789476 -0.573588 -0.21846 -0.803528 -0.562637 -0.194377 -0.121502 -0.160895 -0.979464 -0.650728 -0.722705 -0.232918 -0.696189 -0.696189 -0.175051 -0.0893563 -0.179451 -0.9797 -0.485668 -0.841203 -0.237706 -0.565686 -0.807883 -0.165303 -0.0544929 -0.191523 -0.979974 -0.300518 -0.924899 -0.232916 -0.416803 -0.89384 -0.165302 -0.254824 -0.951011 -0.175049 -0.803528 0.562637 -0.194377 -0.889022 -0.414557 -0.194377 -0.0170658 -0.195063 -0.980642 -0.0485489 -0.554915 -0.83049 -0.0485477 -0.554913 -0.830491 -0.072551 -0.829278 -0.554106 -0.0725516 -0.829279 -0.554105 -0.0170658 0.195063 -0.980642 -0.0485488 0.554913 -0.830491 -0.0485478 0.554915 -0.830489 -0.072551 0.829279 -0.554105 -0.0725516 0.829278 -0.554106 -0.0502305 0.187463 -0.980987 -0.144171 0.538054 -0.83049 -0.144171 0.538053 -0.83049 -0.215454 0.804081 -0.554106 -0.215454 0.804081 -0.554106 -0.0813893 0.17454 -0.981281 -0.235413 0.504844 -0.83049 -0.235413 0.504844 -0.83049 -0.351807 0.754452 -0.554106 -0.351806 0.754454 -0.554105 -0.109738 0.156723 -0.981527 -0.319501 0.456295 -0.83049 -0.319501 0.456296 -0.830489 -0.477471 0.681901 -0.554105 -0.477471 0.6819 -0.554106 -0.134551 0.134551 -0.981729 -0.393883 0.393883 -0.830489 -0.393883 0.393883 -0.830489 -0.588628 0.588628 -0.554106 -0.588628 0.588628 -0.554106 -0.155197 0.10867 -0.981888 -0.456296 0.319502 -0.830489 -0.456296 0.319501 -0.83049 -0.6819 0.477471 -0.554106 -0.681901 0.477472 -0.554105 -0.171154 0.0798106 -0.982006 -0.504844 0.235413 -0.83049 -0.504844 0.235413 -0.83049 -0.754453 0.351807 -0.554105 -0.754453 0.351806 -0.554106 -0.18202 0.0487723 -0.982084 -0.538053 0.144171 -0.83049 -0.538054 0.144172 -0.83049 -0.804081 0.215454 -0.554106 -0.804081 0.215454 -0.554106 -0.187523 0.0164062 -0.982123 -0.554915 0.0485489 -0.83049 -0.554913 0.0485477 -0.830491 -0.829278 0.072551 -0.554106 -0.829279 0.0725516 -0.554105 -0.187523 -0.0164062 -0.982123 -0.554913 -0.0485488 -0.830491 -0.554915 -0.0485478 -0.830489 -0.829279 -0.072551 -0.554105 -0.829278 -0.0725516 -0.554106 -0.18202 -0.0487723 -0.982084 -0.538054 -0.144171 -0.83049 -0.538053 -0.144171 -0.83049 -0.804081 -0.215454 -0.554106 -0.804081 -0.215454 -0.554106 -0.171154 -0.0798106 -0.982006 -0.504844 -0.235413 -0.83049 -0.504844 -0.235413 -0.83049 -0.754452 -0.351807 -0.554106 -0.754454 -0.351806 -0.554105 -0.155197 -0.10867 -0.981888 -0.456295 -0.319501 -0.83049 -0.456296 -0.319501 -0.830489 -0.681901 -0.477471 -0.554105 -0.6819 -0.477471 -0.554106 -0.134551 -0.134551 -0.981729 -0.393883 -0.393883 -0.830489 -0.393883 -0.393883 -0.830489 -0.588628 -0.588628 -0.554106 -0.588628 -0.588628 -0.554106 -0.109738 -0.156723 -0.981527 -0.319502 -0.456296 -0.830489 -0.319501 -0.456296 -0.83049 -0.477471 -0.6819 -0.554106 -0.477472 -0.681901 -0.554105 -0.0813893 -0.17454 -0.981281 -0.235413 -0.504844 -0.83049 -0.235413 -0.504844 -0.83049 -0.351807 -0.754453 -0.554105 -0.351806 -0.754453 -0.554106 -0.0502305 -0.187463 -0.980987 -0.144171 -0.538053 -0.83049 -0.144172 -0.538054 -0.83049 -0.215454 -0.804081 -0.554106 -0.215454 -0.804081 -0.554106 -0.0263004 -0.422472 -0.905994 0 0 -1 0 0 -1 0 0 -1 0 0 -1 0 0 -1 0 0 -1 0 0 -1 0 0 -1 0 0 -1 0 0 -1 0 0 -1 0 0 -1 0 0 -1 0 0 -1 0 0 -1 0 0 -1 0 0 -1 0 0 -1 0 0 -1 0 0 -1 -0.281737 0.959492 0 -0.540638 0.841255 0 -0.540638 0.841255 0 -0.755747 0.654863 0 -0.755747 0.654863 0 -0.909631 0.415417 0 -0.909631 0.415417 0 -0.989821 0.142316 0 -0.989821 0.142316 0 -0.281737 0.959492 0 0 1 0 0 1 0 0.281732 0.959493 0 0.281732 0.959493 0 0.540641 0.841253 0 0.540641 0.841253 0 0.755744 0.654867 0 0.755744 0.654867 0 0.909633 0.415412 0 0.909633 0.415412 0 0.989823 0.142304 0 0.989823 0.142304 0 0.281732 -0.959493 0 0.540641 -0.841253 0 0.540641 -0.841253 0 0.755744 -0.654867 0 0.755744 -0.654867 0 0.909633 -0.415412 0 0.909633 -0.415412 0 0.989823 -0.142304 0 0.989823 -0.142304 0 0.281732 -0.959493 0 0 -1 0 0 -1 0 -0.281737 -0.959492 0 -0.281737 -0.959492 0 -0.540638 -0.841255 0 -0.540638 -0.841255 0 -0.755747 -0.654863 0 -0.755747 -0.654863 0 -0.909631 -0.415417 0 -0.909631 -0.415417 0 -0.989821 -0.142316 0 -0.989821 -0.142316 0 -0.984808 0.173649 0 -0.984808 0.173649 0 0.173651 0.984807 0 0.173651 0.984807 0 -0.793355 0.608759 0 -0.976292 0.21646 0 -0.976292 0.21646 0 -0.793355 0.608759 0 -0.461757 0.887007 0 -0.461757 0.887007 0 -0.0436184 0.999048 0 -0.0436184 0.999048 0 -0.396071 -0.91822 0 -0.396071 -0.91822 0 -0.766057 -0.642772 0 -0.766057 -0.642772 0 -0.973039 -0.23064 0 -0.973039 -0.23064 0 -0.17365 -0.984807 0 -0.17365 -0.984807 0 0.104528 0.994522 0 0.104528 0.994522 0 0.309017 0.951056 0 0.309017 0.951056 0 0.5 0.866026 0 0.5 0.866026 0 0.669131 0.743144 0 0.669131 0.743144 0 0.809017 0.587785 0 0.809017 0.587785 0 0.913545 0.406737 0 0.913545 0.406737 0 0.978148 0.207912 0 0.978148 0.207912 0 1 0 0 1 0 0 0.978148 -0.207912 0 0.978148 -0.207912 0 0.913545 -0.406737 0 0.913545 -0.406737 0 0.809017 -0.587785 0 0.809017 -0.587785 0 0.669131 -0.743144 0 0.669131 -0.743144 0 0.5 -0.866026 0 0.5 -0.866026 0 0.309017 -0.951056 0 0.309017 -0.951056 0 0.104528 -0.994522 0 0.104528 -0.994522 0 -0.104528 -0.994522 0 -0.104528 -0.994522 0 -0.309017 -0.951056 0 -0.309017 -0.951056 0 -0.5 -0.866026 0 -0.5 -0.866026 0 -0.669131 -0.743144 0 -0.669131 -0.743144 0 -0.809017 -0.587785 0 -0.809017 -0.587785 0 -0.913545 -0.406737 0 -0.913545 -0.406737 0 -0.978148 -0.207912 0 -0.978148 -0.207912 0 -1 0 0 -1 0 0 -0.978148 0.207912 0 -0.978148 0.207912 0 -0.913545 0.406737 0 -0.913545 0.406737 0 -0.809017 0.587785 0 -0.809017 0.587785 0 -0.669131 0.743144 0 -0.669131 0.743144 0 -0.5 0.866026 0 -0.5 0.866026 0 -0.309017 0.951056 0 -0.309017 0.951056 0 -0.104528 0.994522 0 -0.104528 0.994522 0 0 0 -1 0 0 -1 0 0 -1 0 0 -1 0 0 -1 0 0 -1 0 0 -1 0 0 -1 0 0 -1 0 0 -1 0 0 -1 0 0 -1 0 0 -1 0 0 -1 0 0 -1 0 0 -1 0 0 -1 0 0 -1 0 0 -1 0 0 -1 0 0 -1 0 0 -1 0 0 -1 0 0 -1 0 0 -1 0 0 -1 0 0 -1 0 0 -1 0 0 -1 0 0 -1 0 0 -1 0 0 -1 0 0 -1 0 0 -1 0 0 -1 0 0 -1 0 0 -1 0 0 -1 0 0 -1 0 0 -1 0 0 -1 0 0 -1 0 0 -1 0 0 -1 0 0 -1 0 0 -1 0 0 -1 0 0 -1 0 0 -1 0 0 -1 0 0 -1 0 0 -1 0 0 -1 0 0 -1 0 0 -1 0 0 -1 -0.120536 -0.992709 0 -0.120536 -0.992709 0 -0.354606 -0.935016 0 -0.354606 -0.935016 0 -0.568064 -0.822984 0 -0.568064 -0.822984 0 -0.748511 -0.663122 0 -0.748511 -0.663122 0 -0.885456 -0.464723 0 -0.885456 -0.464723 0 -0.970942 -0.239315 0 -0.970942 -0.239315 0 -1 0 0 -1 0 0 -0.970942 0.239315 0 -0.970942 0.239315 0 -0.885456 0.464723 0 -0.885456 0.464723 0 -0.748511 0.663122 0 -0.748511 0.663122 0 -0.568064 0.822984 0 -0.568064 0.822984 0 -0.354606 0.935016 0 -0.354606 0.935016 0 -0.120536 0.992709 0 -0.120536 0.992709 0 0.120536 0.992709 0 0.120536 0.992709 0 0.354606 0.935016 0 0.354606 0.935016 0 0.568064 0.822984 0 0.568064 0.822984 0 0.748511 0.663122 0 0.748511 0.663122 0 0.885456 0.464723 0 0.885456 0.464723 0 0.970942 0.239315 0 0.970942 0.239315 0 1 0 0 1 0 0 0.970942 -0.239315 0 0.970942 -0.239315 0 0.885456 -0.464723 0 0.885456 -0.464723 0 0.748511 -0.663122 0 0.748511 -0.663122 0 0.568064 -0.822984 0 0.568064 -0.822984 0 0.354606 -0.935016 0 0.354606 -0.935016 0 0.120536 -0.992709 0 0.120536 -0.992709 0 0 0 -1 0 0 -1 0 0 -1 0 0 -1 0 0 -1 0 0 -1 0 0 -1 0 0 -1 0 0 -1 0 0 -1 0 0 -1 0 0 -1 0 0 -1 0 0 -1 0 0 -1 0 0 -1 0 0 -1 0 0 -1 0 0 -1 0 0 -1 0 0 -1 0 0 -1 0 0 -1 0 0 -1 0 0 1 0 0 1 0 0 1 0 0 1 0 0 1 0 0 1 0 0 1 0 0 1 0 0 1 0 0 1 0 0 1 0 0 1 0 0 1 0 0 1 0 0 1 0 0 1 0 0 1 0 0 1 0 0 1 0 0 1 -0.0165719 0.252835 0.967368 -0.0494312 0.248509 0.967368 -0.0814454 0.23993 0.967368 -0.112066 0.227247 0.967368 -0.140769 0.210676 0.967368 -0.167063 0.190499 0.967368 -0.190499 0.167063 0.967368 -0.210676 0.140769 0.967368 -0.227247 0.112066 0.967368 -0.23993 0.0814454 0.967368 -0.248509 0.0494312 0.967368 -0.252835 0.0165719 0.967368 -0.252835 -0.0165719 0.967368 -0.248509 -0.0494312 0.967368 -0.23993 -0.0814454 0.967368 -0.227247 -0.112066 0.967368 -0.210676 -0.140769 0.967368 -0.190499 -0.167063 0.967368 -0.167063 -0.190499 0.967368 -0.140769 -0.210676 0.967368 -0.112066 -0.227247 0.967368 -0.0814454 -0.23993 0.967368 -0.0494312 -0.248509 0.967368 -0.0165719 -0.252835 0.967368 0.0165719 -0.252835 0.967368 0.0494312 -0.248509 0.967368 0.0814454 -0.23993 0.967368 0.112066 -0.227247 0.967368 0.140769 -0.210676 0.967368 0.167063 -0.190499 0.967368 0.190499 -0.167063 0.967368 0.210676 -0.140769 0.967368 0.227247 -0.112066 0.967368 0.23993 -0.0814454 0.967368 0.248509 -0.0494312 0.967368 0.252835 -0.0165719 0.967368 0.252835 0.0165719 0.967368 0.248509 0.0494312 0.967368 0.23993 0.0814454 0.967368 0.227247 0.112066 0.967368 0.210676 0.140769 0.967368 0.190499 0.167063 0.967368 0.167063 0.190499 0.967368 0.140769 0.210676 0.967368 0.112066 0.227247 0.967368 0.0814454 0.23993 0.967368 0.0494312 0.248509 0.967368 0.0165719 0.252835 0.967368 0 0 1 0 0 1 0 0 1 0 0 1 0 0 1 0 0 1 0 0 1 0 0 1 0 0 1 0 0 1 0 0 1 0 0 1 0 0 1 0 0 1 0 0 1 0 0 1 0 0 1 0 0 1 0 0 1 0 0 1 0 0 1 0 0 1 0 0 1 0 0 1 0 0 1 0 0 1 0 0 1 0 0 1 0 0 1 0 0 1 0 0 1 0 0 1 0 0 1 0 0 1 0 0 1 0 0 1 0 0 1 0 0 1 0 0 1 0 0 1 0 0 1 0 0 1 0 0 1 0 0 1 0 0 1 0 0 1 0 0 1 0 0 1 0 0 1 0 0 1 0 0 1 0 0 1 0 0 1 0 0 1 0 0 1 0 0 1 0 0 1 0 0 1 0 0 1 0 0 1 0 0 1 0 0 1 0 0 1 0 0 1 0 0 1 0 0 1 0 0 1 0 0 1 0 0 1 0 0 1 0 0 1 0 0 1 0 0 1 0 0 1 0 0 1 0 0 1 0 0 1 0 0 1 0 0 1 0 0 1 0 0 1 0 0 1 0 0 1 0 0 1 0 0 1 0 0 1 0 0 1 0 0 1 0 0 1 0 0 1 0 0 1 0 0 1 0 0 1 0 0 1 0 0 1 0 0 1 0 0 1 0 0 1 0 0 1 0 0 1 0 0 1 0 0 1 -0.993239 -0.116089 0 -0.973044 -0.23062 0 -0.973044 -0.23062 0 -0.939693 -0.342018 0 -0.939693 -0.342018 0 -0.893633 -0.448799 0 -0.893633 -0.448799 0 -0.835488 -0.549509 0 -0.835488 -0.549509 0 -0.766045 -0.642787 0 -0.766045 -0.642787 0 -0.686241 -0.727374 0 -0.686241 -0.727374 0 -0.59716 -0.802122 0 -0.59716 -0.802122 0 -0.500002 -0.866024 0 -0.500002 -0.866024 0 -0.396079 -0.918217 0 -0.396079 -0.918217 0 -0.2868 -0.957991 0 -0.2868 -0.957991 0 -0.17365 -0.984807 0 -0.17365 -0.984807 0 -0.058145 -0.998308 0 -0.058145 -0.998308 0 -0.993239 -0.116089 0 -1 0 0 -1 0 0 -0.993239 0.116089 0 -0.993239 0.116089 0 -0.973044 0.23062 0 -0.973044 0.23062 0 -0.939693 0.342018 0 -0.939693 0.342018 0 -0.893633 0.448799 0 -0.893633 0.448799 0 -0.835488 0.549509 0 -0.835488 0.549509 0 -0.766045 0.642787 0 -0.766045 0.642787 0 -0.686241 0.727374 0 -0.686241 0.727374 0 -0.59716 0.802122 0 -0.59716 0.802122 0 -0.500002 0.866024 0 -0.500002 0.866024 0 -0.396079 0.918217 0 -0.396079 0.918217 0 -0.2868 0.957991 0 -0.2868 0.957991 0 -0.17365 0.984807 0 -0.17365 0.984807 0 -0.058145 0.998308 0 -0.058145 0.998308 0 0.993239 0.116089 0 0.973044 0.23062 0 0.973044 0.23062 0 0.939693 0.342018 0 0.939693 0.342018 0 0.893633 0.448799 0 0.893633 0.448799 0 0.835488 0.549509 0 0.835488 0.549509 0 0.766045 0.642787 0 0.766045 0.642787 0 0.686241 0.727374 0 0.686241 0.727374 0 0.59716 0.802122 0 0.59716 0.802122 0 0.500002 0.866024 0 0.500002 0.866024 0 0.396079 0.918217 0 0.396079 0.918217 0 0.2868 0.957991 0 0.2868 0.957991 0 0.17365 0.984807 0 0.17365 0.984807 0 0.058145 0.998308 0 0.058145 0.998308 0 0.993239 0.116089 0 1 0 0 1 0 0 0.993239 -0.116089 0 0.993239 -0.116089 0 0.973044 -0.23062 0 0.973044 -0.23062 0 0.939693 -0.342018 0 0.939693 -0.342018 0 0.893633 -0.448799 0 0.893633 -0.448799 0 0.835488 -0.549509 0 0.835488 -0.549509 0 0.766045 -0.642787 0 0.766045 -0.642787 0 0.686241 -0.727374 0 0.686241 -0.727374 0 0.59716 -0.802122 0 0.59716 -0.802122 0 0.500002 -0.866024 0 0.500002 -0.866024 0 0.396079 -0.918217 0 0.396079 -0.918217 0 0.2868 -0.957991 0 0.2868 -0.957991 0 0.17365 -0.984807 0 0.17365 -0.984807 0 0.058145 -0.998308 0 0.058145 -0.998308 0 -0.510202 -0.136711 0.84912 -0.373495 -0.373493 0.84912 -0.136707 -0.510203 0.84912 0.136701 -0.510203 0.849121 0.373491 -0.373489 0.849123 0.510195 -0.136709 0.849124 0.510195 0.13671 0.849124 0.373491 0.373489 0.849123 0.136704 0.510203 0.84912 -0.136709 0.510202 0.84912 -0.373495 0.373493 0.84912 -0.510202 0.136712 0.84912 0.258807 -0.965929 0 0.707109 -0.707104 0 0.707109 -0.707104 0 0.965924 -0.258824 0 0.965924 -0.258824 0 0.258807 -0.965929 0 -0.258816 -0.965927 0 -0.258816 -0.965927 0 -0.707109 -0.707104 0 -0.707109 -0.707104 0 -0.965924 -0.258824 0 -0.965924 -0.258824 0 -0.258821 0.965925 0 -0.707109 0.707105 0 -0.707109 0.707105 0 -0.965924 0.258825 0 -0.965924 0.258825 0 -0.258821 0.965925 0 0.258811 0.965928 0 0.258811 0.965928 0 0.707109 0.707105 0 0.707109 0.707105 0 0.965924 0.258825 0 0.965924 0.258825 0 0 0 1 0 0 1 0 0 1 0 0 1 0 0 1 0 0 1 0 0 1 0 0 1 0 0 1 0 0 1 0 0 1 0 0 1 0 0 1 0 0 1 0 0 1 0 0 1 0 0 1 0 0 1 0 0 1 0 0 1 0 0 1 0 0 1 0 0 1 0 0 1 0.258818 -0.965926 0 0.707093 -0.70712 0 0.707093 -0.70712 0 0.965932 -0.258794 0 0.965932 -0.258794 0 0.258818 -0.965926 0 -0.258827 -0.965924 0 -0.258827 -0.965924 0 -0.707093 -0.70712 0 -0.707093 -0.70712 0 -0.965922 -0.258832 0 -0.965922 -0.258832 0 -0.25883 0.965923 0 -0.707093 0.70712 0 -0.707093 0.70712 0 -0.965922 0.258833 0 -0.965922 0.258833 0 -0.25883 0.965923 0 0.258822 0.965925 0 0.258822 0.965925 0 0.707093 0.70712 0 0.707093 0.70712 0 0.965932 0.258795 0 0.965932 0.258795 0 -0.984808 0.173649 0 -0.984808 0.173649 0 0 0 1 0 0 1 0 0 1 0 0 1 0 0 1 0 0 1 0 0 1 0 0 1 0 0 1 0 0 1 0 0 1 0 0 1 0.984808 -0.173647 0 0.984808 -0.173647 0 0 0 1 0 0 1 0 0 1 0 0 1 0 0 1 0 0 1 0 0 1 0 0 1 0 0 1 0 0 1 0 0 1 0 0 1 0 0 1 0 0 1 0 0 1 0 0 1 0 0 1 0 0 1 0 0 1 0 0 1 0 0 1 0 0 1 0 0 1 0 0 1 0 0 1 0 0 1 0 0 1 0 0 1 -0.984807 0.17365 0 -0.984807 0.17365 0 -0.173648 -0.984808 0 -0.173649 -0.984808 -1.5037e-05 -0.173648 -0.984808 0 -0.173648 -0.984808 3.61831e-05 -0.173647 -0.984808 0 -0.173647 -0.984808 0 0.984807 -0.17365 0 0.984807 -0.17365 0 0.17365 0.984807 0 0.173647 0.984808 4.20823e-05 0.173648 0.984808 0 0.173648 0.984808 5.1538e-06 0.173649 0.984808 0 0.173649 0.984808 0 -0.173649 -0.984808 0 -0.173649 -0.984808 0 -0.984808 0.173649 0 -0.984808 0.173649 0 0 0 1 0 0 1 0.984808 -0.173648 0 0.984808 -0.173648 0 0 0 -1 0 0 -1 0.0291915 -0.422438 -0.905922 0.03673 -0.419829 -0.90686 0.0366343 0.418735 -0.907369 0.0739816 0.418511 -0.905193 0.108771 -0.40594 -0.907404 0.0872662 -0.415592 -0.905355 0.177672 -0.38102 -0.907335 0.143714 -0.399958 -0.905196 0.197112 -0.375915 -0.905447 0.242772 -0.346714 -0.906008 0.245466 -0.343164 -0.906634 0.29773 -0.29773 -0.907036 0.291623 -0.3075 -0.905759 0.34419 -0.241005 -0.907441 0.331939 -0.265099 -0.905284 0.381214 -0.177763 -0.907235 0.365371 -0.216995 -0.905217 0.39107 -0.164395 -0.90556 0.408245 -0.109389 -0.906295 0.40822 -0.108578 -0.906403 0.41914 -0.0366698 -0.907181 0.420945 -0.0516028 -0.905617 0.418565 0.0366195 -0.907448 0.424861 0.00680025 -0.905233 0.419834 0.065165 -0.905258 0.405993 0.122024 -0.905693 0.406563 0.108938 -0.907105 0.382554 0.178387 -0.906549 0.384379 0.176262 -0.906192 0.34445 0.241187 -0.907294 0.357738 0.228258 -0.905495 0.297137 0.297137 -0.907424 0.323417 0.275698 -0.905203 0.282255 0.317375 -0.905321 0.235296 0.352247 -0.905846 0.241622 0.345071 -0.906943 0.178186 0.382121 -0.906771 0.184465 0.380966 -0.906001 0.108786 0.405996 -0.907377 0.130711 0.403951 -0.905394 0.281732 -0.959493 0 0.540641 -0.841254 0 0.540641 -0.841254 0 0.755744 -0.654867 0 0.755744 -0.654867 0 0.909633 -0.415412 0 0.909633 -0.415412 0 0.989823 -0.142304 0 0.989823 -0.142304 0 0.281732 -0.959493 0 0 -1 0 0 -1 0 -0.281737 -0.959492 0 -0.281737 -0.959492 0 -0.540638 -0.841255 0 -0.540638 -0.841255 0 -0.755747 -0.654863 0 -0.755747 -0.654863 0 -0.909631 -0.415417 0 -0.909631 -0.415417 0 -0.989821 -0.142316 0 -0.989821 -0.142316 0 -0.281737 0.959492 0 -0.540638 0.841255 0 -0.540638 0.841255 0 -0.755747 0.654863 0 -0.755747 0.654863 0 -0.909631 0.415417 0 -0.909631 0.415417 0 -0.989821 0.142316 0 -0.989821 0.142316 0 -0.281737 0.959492 0 0 1 0 0 1 0 0.281732 0.959493 0 0.281732 0.959493 0 0.540641 0.841254 0 0.540641 0.841254 0 0.755744 0.654867 0 0.755744 0.654867 0 0.909633 0.415412 0 0.909633 0.415412 0 0.989823 0.142304 0 0.989823 0.142304 0 -0.170978 -0.985259 0.00552873 -0.282477 -0.959274 0 -0.302885 -0.952999 0.00733282 -0.230307 -0.973115 -0.0023135 -0.233701 -0.972309 0 0.928292 0.371852 0 0.928292 0.371852 0 0.963912 0.266222 0 0.963912 0.266222 0 0.987554 0.15728 0 0.987554 0.15728 0 0.998923 0.0463934 0 0.998923 0.0463934 0 0.99788 -0.0650828 0 0.99788 -0.0650828 0 0.984437 -0.175737 0 0.984437 -0.175737 0 0.95876 -0.284215 0 0.95876 -0.284215 0 0.921171 -0.389158 0 0.921171 -0.389158 0 0.872135 -0.489265 0 0.872135 -0.489265 0 0.812259 -0.583297 0 0.812259 -0.583297 0 0.742292 -0.670077 0 0.742292 -0.670077 0 0.663101 -0.74853 0 0.663101 -0.74853 0 0.575668 -0.817684 0 0.575668 -0.817684 0 0.481086 -0.876674 0 0.481086 -0.876674 0 0.380524 -0.924771 0 0.380524 -0.924771 0 0.27523 -0.961379 0 0.27523 -0.961379 0 0.166512 -0.986039 0 0.166512 -0.986039 0 0.0557378 -0.998445 0 0.0557378 -0.998445 0 -0.0499723 -0.998751 0 -0.0572401 -0.998355 0.00323289 -0.149401 -0.988773 -0.00276712 0.955562 -0.294791 0 0.955562 -0.294791 0 0 0 -1 0 0 -1 0 0 -1 0 0 -1 0 0 -1 0 0 -1 0 0 -1 0 0 -1 0 0 -1 0 0 -1 0 0 -1 0 0 -1 0 0 -1 0 0 -1 0 0 -1 0 0 -1 0 0 -1 0 0 -1 0 0 -1 0 0 -1 0 0 -1 0 0 -1 0 0 -1 0 0 -1 0 0 -1 0 0 -1 0 0 -1 0 0 -1 0 0 -1 0 0 -1 0 0 -1 0 0 -1 0 0 -1 0 0 -1 0 0 -1 0 0 -1 0 0 -1 0 0 -1 0 0 -1 0 0 -1 0 0 -1 0 0 -1 0 0 -1 0 0 -1 0 0 -1 0 0 -1 0 0 -1 0 0 -1 0 0 -1 0 0 -1 0 0 -1 0 0 -1 0 0 -1 0 0 -1 0 0 -1 0 0 -1 0 0 -1 0 0 -1 0 0 -1 0 0 -1 0 0 -1 0 0 -1 0 0 -1 0 0 -1 0 0 -1 0 0 -1 0 0 -1 0 0 -1 0 0 -1 0 0 -1 0 0 -1 0 0 -1 0 0 -1 0 0 -1 0 0 -1 0 0 -1 0 0 -1 0 0 -1 0 0 -1 0 0 -1 0 0 -1 0 0 -1 0 0 -1 0 0 -1 0 0 -1 0 0 -1 0 0 -1 0 0 -1 0 0 -1 0 0 -1 0 0 -1 0 0 -1 0 0 -1 0 0 -1 0 0 -1 0 0 -1 0 0 -1 0 0 -1 0 0 -1 0 0 -1 0 0 -1 0 0 -1 0 0 -1 0 0 -1 0 0 -1 0 0 -1 0 0 -1 0 0 -1 0 0 -1 0 0 -1 0 0 -1 0 0 -1 0 0 -1 0 0 -1 0 0 -1 0 0 -1 0 0 -1 0 0 -1 0 0 -1 0 0 -1 0 0 -1 0 0 -1 0 0 -1 0 0 -1 0 0 -1 0 0 -1 0 0 -1 0 0 -1 0 0 -1 0 0 -1 0 0 -1 0 0 -1 0 0 -1 0 0 -1 0 0 -1 0 0 -1 0 0 -1 0 0 -1 0 0 -1 0 0 -1 0 0 -1 0 0 -1 0 0 -1 0 0 -1 0 0 -1 0 0 -1 0 0 -1 0 0 -1 0 0 1 0 0 1 0.88552 0.464602 0 0.885693 0.464272 0.000207617 0.83864 0.544686 -0.000208578 0.839247 0.543751 0.00041813 0.784535 0.620085 -0.000420933 0.785686 0.618625 0.000631809 0.723675 0.69014 -0.000636718 0.725469 0.688254 0.000849075 0.656585 0.754252 -0.00085545 0.659104 0.752051 0.001069 0.583835 0.811872 -0.00107838 0.587148 0.809478 0.00129099 0.506058 0.862499 -0.00130584 0.510227 0.860038 0.00152184 0.423932 0.905693 -0.00153073 0.428975 0.903315 0.00175096 0.3842 0.92325 0 0.3842 0.92325 0 -0.282497 0.959268 0 -0.282503 0.959266 1.7304e-05 -0.282497 0.959268 1.12399e-06 -0.282496 0.959268 0 -0.282496 0.959268 0 -0.282497 0.959268 4.3416e-07 -0.282496 0.959268 -2.28306e-05 -0.282497 0.959268 3.52477e-06 -0.282496 0.959268 -4.74042e-07 -0.282496 0.959268 3.5225e-07 -0.282497 0.959268 -1.37904e-06 -0.282496 0.959268 0 0 0 -1 0 0 -1 -0.984808 -0.173645 0 -0.984808 -0.173645 0 -0.996194 -0.0871651 0 -0.996194 -0.0871651 0 -0.995938 0.0900455 0 -0.995938 0.0900455 0 -0.963628 0.267249 0 -0.963628 0.267249 0 -0.900066 0.435754 0 -0.900066 0.435754 0 -0.807304 0.590135 0 -0.807304 0.590135 0 -0.688356 0.725373 0 -0.688356 0.725373 0 -0.547075 0.837084 0 -0.547075 0.837084 0 -0.388055 0.921636 0 -0.388055 0.921636 0 -0.216439 0.976296 0 -0.216439 0.976296 0 -0.0378059 0.999285 0 -0.0378059 0.999285 0 0.0523361 0.99863 0 0.0523361 0.99863 -8.49823e-09 0.0523358 0.99863 2.60769e-07 0.0523359 0.99863 0 -0.989823 0.142304 0 -0.989823 0.142304 0 -0.909633 0.415412 0 -0.909633 0.415412 0 -0.755744 0.654867 0 -0.755744 0.654867 0 -0.540641 0.841253 0 -0.540641 0.841253 0 -0.281732 0.959493 0 -0.281732 0.959493 0 0 1 0 0 1 0 0.281737 0.959492 0 0.281737 0.959492 0 0.540638 0.841255 0 0.540638 0.841255 0 0.755747 0.654863 0 0.755747 0.654863 0 0.909631 0.415417 0 0.909631 0.415417 0 0.989821 0.142316 0 0.989821 0.142316 0</float_array>
                    <technique_common>
                        <accessor count="1996" source="#shape0-lib-normals-array" stride="3">
                            <param name="X" type="float"/>
                            <param name="Y" type="float"/>
                            <param name="Z" type="float"/>
                        </accessor>
                    </technique_common>
                </source>
                <vertices id="shape0-lib-vertices">
                    <input semantic="POSITION" source="#shape0-lib-positions"/>
                </vertices>
                <triangles count="1996">
                    <input offset="0" semantic="VERTEX" source="#shape0-lib-vertices"/>
                    <input offset="1" semantic="NORMAL" source="#shape0-lib-normals"/>
                    <p>0 0 1 0 2 0 3 1 4 1 5 1 6 2 7 2 8 2 9 3 10 3 11 3 11 4 10 4 6 4 11 5 6 5 12 5 12 6 6 6 8 6 13 7 14 7 15 7 15 8 14 8 16 8 15 9 16 9 17 9 17 10 16 10 18 10 17 11 18 11 19 11 19 12 18 12 20 12 19 13 20 13 21 13 0 14 2 14 22 14 22 15 2 15 17 15 22 16 17 16 19 16 1 17 0 17 23 17 23 18 0 18 24 18 23 19 24 19 25 19 25 20 24 20 26 20 26 21 24 21 27 21 26 22 27 22 28 22 28 23 27 23 29 23 28 24 29 24 30 24 30 25 29 25 31 25 30 26 31 26 32 26 32 27 31 27 33 27 33 28 31 28 34 28 33 29 34 29 12 29 12 30 34 30 35 30 12 31 35 31 11 31 36 32 37 32 35 32 35 33 37 33 11 33 38 34 39 34 15 34 15 35 39 35 40 35 15 36 40 36 13 36 3 37 5 37 41 37 41 38 5 38 39 38 41 39 39 39 38 39 5 40 4 40 42 40 42 41 4 41 43 41 42 42 43 42 44 42 44 43 43 43 45 43 44 44 45 44 46 44 46 45 45 45 47 45 46 46 47 46 48 46 46 47 48 47 7 47 7 48 48 48 49 48 7 49 49 49 8 49 43 50 50 50 45 50 45 51 50 51 51 51 45 52 51 52 47 52 47 53 51 53 52 53 47 54 52 54 48 54 48 55 52 55 53 55 48 56 53 56 49 56 49 57 53 57 54 57 49 58 54 58 8 58 8 59 54 59 55 59 8 60 55 60 12 60 12 61 55 61 56 61 12 62 56 62 33 62 33 63 56 63 57 63 33 64 57 64 32 64 32 65 57 65 58 65 32 66 58 66 30 66 30 67 58 67 59 67 30 68 59 68 28 68 28 69 59 69 60 69 28 70 60 70 26 70 26 71 60 71 61 71 62 72 63 72 64 72 65 73 66 73 67 73 68 74 69 74 56 74 70 75 71 75 72 75 72 76 71 76 68 76 72 77 68 77 55 77 55 78 68 78 56 78 73 79 74 79 75 79 75 80 74 80 76 80 75 81 76 81 77 81 77 82 76 82 78 82 77 83 78 83 79 83 79 84 78 84 80 84 79 85 80 85 81 85 62 86 64 86 82 86 82 87 64 87 77 87 82 88 77 88 79 88 63 89 62 89 83 89 83 90 62 90 84 90 83 91 84 91 85 91 85 92 84 92 50 92 50 93 84 93 86 93 50 94 86 94 51 94 51 95 86 95 87 95 51 96 87 96 52 96 52 97 87 97 88 97 52 98 88 98 53 98 53 99 88 99 54 99 54 100 88 100 89 100 54 101 89 101 55 101 55 102 89 102 90 102 55 103 90 103 72 103 91 104 92 104 90 104 90 105 92 105 72 105 93 106 94 106 75 106 75 107 94 107 95 107 75 108 95 108 73 108 65 109 67 109 96 109 96 110 67 110 94 110 96 111 94 111 93 111 67 112 66 112 97 112 97 113 66 113 61 113 97 114 61 114 98 114 98 115 61 115 60 115 98 116 60 116 99 116 99 117 60 117 59 117 99 118 59 118 58 118 99 119 58 119 69 119 69 120 58 120 57 120 69 121 57 121 56 121 27 122 100 122 29 122 29 123 100 123 101 123 29 124 101 124 31 124 31 125 101 125 102 125 31 126 102 126 34 126 34 127 102 127 103 127 34 128 103 128 35 128 35 129 103 129 104 129 35 130 104 130 36 130 36 131 104 131 105 131 36 132 105 132 37 132 37 133 105 133 106 133 37 134 106 134 11 134 11 135 106 135 107 135 11 136 107 136 9 136 9 137 107 137 108 137 9 138 108 138 10 138 10 139 108 139 109 139 10 140 109 140 6 140 6 141 109 141 110 141 6 142 110 142 7 142 7 143 110 143 111 143 7 144 111 144 46 144 46 145 111 145 112 145 46 146 112 146 44 146 44 147 112 147 113 147 44 148 113 148 42 148 42 149 113 149 114 149 42 150 114 150 5 150 5 151 114 151 115 151 5 152 115 152 39 152 39 153 115 153 116 153 39 154 116 154 40 154 40 155 116 155 117 155 40 156 117 156 13 156 13 157 117 157 118 157 13 158 118 158 14 158 14 159 118 159 119 159 14 160 119 160 16 160 16 161 119 161 120 161 16 162 120 162 18 162 18 163 120 163 121 163 18 164 121 164 20 164 20 165 121 165 122 165 20 166 122 166 21 166 21 167 122 167 123 167 21 168 123 168 19 168 19 169 123 169 124 169 19 170 124 170 22 170 22 171 124 171 125 171 22 172 125 172 0 172 0 173 125 173 126 173 0 174 126 174 24 174 24 175 126 175 127 175 24 176 127 176 27 176 27 177 127 177 100 177 86 178 128 178 87 178 87 179 128 179 129 179 87 180 129 180 88 180 88 181 129 181 130 181 88 182 130 182 89 182 89 183 130 183 131 183 89 184 131 184 90 184 90 185 131 185 132 185 90 186 132 186 91 186 91 187 132 187 133 187 91 188 133 188 92 188 92 189 133 189 134 189 92 190 134 190 72 190 72 191 134 191 135 191 72 192 135 192 70 192 70 193 135 193 136 193 70 194 136 194 71 194 71 195 136 195 137 195 71 196 137 196 68 196 68 197 137 197 138 197 68 198 138 198 69 198 69 199 138 199 139 199 69 200 139 200 99 200 99 201 139 201 140 201 99 202 140 202 98 202 98 203 140 203 141 203 98 204 141 204 97 204 97 205 141 205 142 205 97 206 142 206 67 206 67 207 142 207 143 207 67 208 143 208 94 208 94 209 143 209 144 209 94 210 144 210 95 210 95 211 144 211 145 211 95 212 145 212 73 212 73 213 145 213 146 213 73 214 146 214 74 214 74 215 146 215 147 215 74 216 147 216 76 216 76 217 147 217 148 217 76 218 148 218 78 218 78 219 148 219 149 219 78 220 149 220 80 220 80 221 149 221 150 221 80 222 150 222 81 222 81 223 150 223 151 223 81 224 151 224 79 224 79 225 151 225 152 225 79 226 152 226 82 226 82 227 152 227 153 227 82 228 153 228 62 228 62 229 153 229 154 229 62 230 154 230 84 230 84 231 154 231 155 231 84 232 155 232 86 232 86 233 155 233 128 233 156 234 157 234 158 234 124 235 159 235 125 235 160 236 161 236 162 236 160 237 162 237 163 237 160 238 163 238 164 238 160 239 164 239 165 239 160 240 165 240 166 240 160 241 166 241 107 241 160 242 107 242 106 242 160 243 106 243 105 243 160 244 105 244 104 244 160 245 104 245 167 245 121 246 168 246 156 246 121 247 156 247 158 247 121 248 158 248 169 248 121 249 169 249 170 249 121 250 170 250 171 250 121 251 171 251 172 251 121 252 172 252 173 252 121 253 173 253 122 253 167 254 104 254 103 254 167 255 103 255 102 255 167 256 102 256 101 256 167 257 101 257 100 257 167 258 100 258 174 258 175 259 115 259 114 259 175 260 114 260 113 260 175 261 113 261 112 261 175 262 112 262 111 262 175 263 111 263 110 263 175 264 110 264 109 264 175 265 109 265 108 265 175 266 108 266 107 266 175 267 107 267 166 267 175 268 166 268 176 268 168 269 121 269 120 269 168 270 120 270 119 270 168 271 119 271 118 271 168 272 118 272 117 272 168 273 117 273 116 273 168 274 116 274 115 274 168 275 115 275 175 275 159 276 124 276 173 276 173 277 124 277 123 277 173 278 123 278 122 278 125 279 159 279 126 279 126 280 159 280 177 280 126 281 177 281 127 281 127 282 177 282 174 282 127 283 174 283 100 283 178 284 179 284 180 284 145 285 181 285 146 285 182 286 183 286 138 286 182 287 138 287 137 287 182 288 137 288 136 288 182 289 136 289 135 289 182 290 135 290 184 290 182 291 184 291 185 291 182 292 185 292 186 292 182 293 186 293 187 293 182 294 187 294 188 294 182 295 188 295 189 295 149 296 148 296 190 296 149 297 190 297 191 297 149 298 191 298 192 298 149 299 192 299 193 299 149 300 193 300 194 300 149 301 194 301 178 301 149 302 178 302 180 302 149 303 180 303 195 303 183 304 196 304 142 304 183 305 142 305 141 305 183 306 141 306 140 306 183 307 140 307 139 307 183 308 139 308 138 308 197 309 198 309 184 309 197 310 184 310 135 310 197 311 135 311 134 311 197 312 134 312 133 312 197 313 133 313 132 313 197 314 132 314 131 314 197 315 131 315 130 315 197 316 130 316 129 316 197 317 129 317 128 317 197 318 128 318 155 318 195 319 197 319 155 319 195 320 155 320 154 320 195 321 154 321 153 321 195 322 153 322 152 322 195 323 152 323 151 323 195 324 151 324 150 324 195 325 150 325 149 325 148 326 147 326 190 326 190 327 147 327 146 327 190 328 146 328 181 328 142 329 196 329 143 329 143 330 196 330 199 330 143 331 199 331 144 331 144 332 199 332 181 332 144 333 181 333 145 333 200 334 201 334 202 334 202 335 201 335 167 335 202 336 167 336 174 336 164 337 163 337 203 337 204 338 205 338 165 338 204 339 165 339 164 339 204 340 164 340 203 340 206 341 207 341 161 341 206 342 161 342 160 342 206 343 160 343 208 343 165 344 205 344 166 344 166 345 205 345 209 345 161 346 207 346 162 346 162 347 207 347 210 347 162 348 210 348 163 348 163 349 210 349 211 349 163 350 211 350 203 350 208 351 160 351 212 351 212 352 160 352 167 352 212 353 167 353 201 353 213 354 214 354 215 354 216 355 217 355 218 355 216 356 218 356 219 356 216 357 219 357 220 357 216 358 220 358 221 358 166 359 209 359 176 359 176 360 209 360 222 360 176 361 222 361 223 361 223 362 222 362 213 362 223 363 213 363 215 363 223 364 221 364 176 364 176 365 221 365 198 365 221 366 220 366 198 366 198 367 220 367 184 367 224 368 225 368 214 368 214 369 225 369 215 369 225 370 217 370 215 370 215 371 217 371 216 371 197 372 226 372 198 372 227 373 228 373 226 373 226 374 228 374 229 374 226 375 229 375 198 375 198 376 229 376 175 376 198 377 175 377 176 377 229 378 230 378 175 378 175 379 230 379 168 379 168 380 231 380 156 380 230 381 232 381 168 381 168 382 232 382 233 382 168 383 233 383 231 383 159 384 173 384 234 384 234 385 173 385 235 385 235 386 173 386 172 386 235 387 172 387 236 387 170 388 169 388 237 388 238 389 158 389 239 389 158 390 157 390 239 390 202 391 174 391 240 391 240 392 174 392 177 392 240 393 177 393 241 393 241 394 177 394 242 394 242 395 177 395 159 395 242 396 159 396 234 396 236 397 172 397 243 397 243 398 172 398 171 398 243 399 171 399 244 399 244 400 171 400 170 400 244 401 170 401 237 401 158 402 238 402 169 402 169 403 238 403 245 403 169 404 245 404 237 404 156 405 231 405 157 405 157 406 231 406 246 406 157 407 246 407 239 407 226 408 197 408 247 408 247 409 197 409 195 409 184 410 220 410 185 410 185 411 220 411 248 411 185 412 248 412 186 412 186 413 248 413 249 413 186 414 249 414 187 414 187 415 249 415 250 415 187 416 250 416 188 416 188 417 250 417 251 417 188 418 251 418 189 418 189 419 251 419 252 419 189 420 252 420 182 420 182 421 252 421 253 421 182 422 253 422 183 422 183 423 253 423 254 423 255 424 256 424 257 424 255 425 258 425 256 425 259 426 260 426 261 426 262 427 263 427 264 427 265 428 266 428 267 428 265 429 267 429 268 429 265 430 268 430 269 430 265 431 269 431 270 431 265 432 270 432 271 432 265 433 271 433 272 433 265 434 272 434 273 434 265 435 273 435 220 435 265 436 220 436 274 436 274 437 275 437 276 437 274 438 276 438 277 438 274 439 277 439 258 439 274 440 258 440 255 440 278 441 264 441 263 441 278 442 263 442 279 442 278 443 279 443 280 443 278 444 280 444 281 444 278 445 281 445 282 445 278 446 282 446 283 446 284 447 265 447 257 447 284 448 257 448 256 448 284 449 256 449 285 449 284 450 285 450 286 450 254 451 253 451 252 451 254 452 252 452 251 452 254 453 251 453 250 453 254 454 250 454 249 454 254 455 249 455 248 455 254 456 248 456 220 456 254 457 220 457 287 457 254 458 287 458 288 458 254 459 288 459 289 459 254 460 289 460 290 460 254 461 290 461 291 461 254 462 291 462 262 462 254 463 262 463 264 463 220 464 273 464 292 464 220 465 292 465 293 465 220 466 293 466 294 466 220 467 294 467 287 467 220 468 219 468 295 468 220 469 295 469 296 469 220 470 296 470 297 470 220 471 297 471 298 471 220 472 298 472 299 472 220 473 299 473 300 473 220 474 300 474 275 474 220 475 275 475 274 475 301 476 259 476 261 476 301 477 261 477 302 477 301 478 302 478 303 478 301 479 303 479 304 479 301 480 304 480 305 480 265 481 284 481 266 481 266 482 284 482 259 482 266 483 259 483 282 483 282 484 259 484 301 484 282 485 301 485 283 485 306 486 307 486 308 486 224 487 309 487 310 487 224 488 310 488 311 488 224 489 311 489 312 489 224 490 312 490 313 490 224 491 313 491 314 491 315 492 316 492 317 492 315 493 317 493 318 493 315 494 318 494 319 494 315 495 319 495 320 495 315 496 320 496 321 496 315 497 321 497 322 497 315 498 322 498 323 498 315 499 323 499 324 499 315 500 324 500 325 500 315 501 325 501 326 501 315 502 326 502 327 502 328 503 329 503 330 503 328 504 330 504 331 504 328 505 331 505 332 505 328 506 332 506 333 506 317 507 316 507 334 507 317 508 334 508 335 508 317 509 335 509 336 509 317 510 336 510 337 510 317 511 337 511 338 511 225 512 224 512 314 512 225 513 314 513 339 513 225 514 339 514 340 514 225 515 340 515 341 515 225 516 341 516 308 516 225 517 308 517 307 517 327 518 326 518 342 518 327 519 342 519 343 519 327 520 343 520 344 520 327 521 344 521 345 521 327 522 345 522 346 522 327 523 346 523 347 523 327 524 347 524 348 524 327 525 348 525 349 525 350 526 351 526 352 526 352 527 351 527 353 527 352 528 353 528 354 528 354 529 353 529 355 529 354 530 355 530 356 530 356 531 355 531 357 531 356 532 357 532 358 532 317 533 338 533 359 533 359 534 338 534 360 534 359 535 360 535 328 535 328 536 360 536 329 536 359 537 328 537 361 537 361 538 328 538 307 538 361 539 307 539 306 539 310 540 309 540 362 540 362 541 309 541 363 541 362 542 363 542 364 542 364 543 363 543 365 543 364 544 365 544 366 544 366 545 365 545 367 545 366 546 367 546 368 546 368 547 367 547 369 547 368 548 369 548 370 548 370 549 369 549 371 549 370 550 371 550 372 550 372 551 371 551 373 551 372 552 373 552 374 552 374 553 373 553 375 553 374 554 375 554 376 554 376 555 375 555 377 555 376 556 377 556 378 556 378 557 377 557 379 557 378 558 379 558 380 558 380 559 379 559 381 559 380 560 381 560 382 560 382 561 381 561 383 561 383 562 381 562 384 562 383 563 384 563 385 563 385 564 384 564 386 564 385 565 386 565 387 565 387 566 386 566 357 566 387 567 357 567 355 567 349 568 348 568 388 568 388 569 348 569 389 569 388 570 389 570 390 570 390 571 389 571 391 571 390 572 391 572 392 572 392 573 391 573 393 573 392 574 393 574 394 574 394 575 393 575 395 575 394 576 395 576 396 576 396 577 395 577 397 577 396 578 397 578 398 578 396 579 398 579 399 579 399 580 398 580 400 580 399 581 400 581 401 581 401 582 400 582 402 582 401 583 402 583 351 583 351 584 402 584 403 584 351 585 403 585 353 585 404 586 316 586 315 586 405 587 316 587 404 587 334 588 316 588 405 588 256 589 336 589 335 589 285 590 256 590 335 590 258 591 337 591 336 591 336 592 256 592 258 592 277 593 338 593 337 593 337 594 258 594 277 594 276 595 338 595 277 595 300 596 299 596 329 596 299 597 298 597 330 597 329 598 299 598 330 598 298 599 297 599 331 599 330 600 298 600 331 600 331 601 297 601 332 601 218 602 217 602 307 602 328 603 218 603 307 603 307 604 217 604 225 604 219 605 218 605 328 605 219 606 328 606 333 606 219 607 333 607 295 607 360 608 338 608 276 608 360 609 276 609 275 609 360 610 275 610 300 610 360 611 300 611 329 611 286 612 285 612 335 612 286 613 335 613 334 613 286 614 334 614 405 614 297 615 296 615 332 615 332 616 296 616 295 616 332 617 295 617 333 617 213 618 222 618 406 618 406 619 222 619 407 619 204 620 203 620 408 620 409 621 408 621 207 621 409 622 207 622 206 622 409 623 206 623 208 623 409 624 208 624 212 624 409 625 212 625 201 625 409 626 201 626 200 626 409 627 200 627 410 627 203 628 211 628 408 628 408 629 211 629 210 629 408 630 210 630 207 630 411 631 412 631 236 631 411 632 236 632 243 632 411 633 243 633 244 633 411 634 244 634 237 634 411 635 237 635 245 635 411 636 245 636 238 636 410 637 200 637 412 637 412 638 200 638 202 638 412 639 202 639 242 639 242 640 202 640 240 640 242 641 240 641 241 641 235 642 236 642 234 642 234 643 236 643 412 643 234 644 412 644 242 644 413 645 414 645 415 645 415 646 414 646 416 646 417 647 418 647 419 647 418 648 420 648 419 648 421 649 422 649 423 649 422 650 424 650 423 650 425 651 426 651 427 651 428 652 429 652 430 652 426 653 431 653 432 653 421 654 433 654 434 654 422 655 421 655 434 655 432 656 435 656 436 656 433 657 437 657 438 657 434 658 433 658 438 658 436 659 439 659 440 659 437 660 441 660 442 660 438 661 437 661 442 661 440 662 443 662 444 662 441 663 445 663 446 663 442 664 441 664 446 664 444 665 447 665 448 665 448 666 449 666 450 666 445 667 451 667 452 667 453 668 445 668 452 668 450 669 454 669 455 669 451 670 456 670 457 670 452 671 451 671 457 671 455 672 458 672 459 672 456 673 460 673 461 673 457 674 456 674 461 674 459 675 462 675 463 675 460 676 464 676 465 676 461 677 460 677 465 677 463 678 466 678 467 678 464 679 468 679 469 679 465 680 464 680 469 680 467 681 470 681 471 681 471 682 472 682 473 682 468 683 474 683 475 683 476 684 468 684 475 684 473 685 477 685 478 685 474 686 479 686 480 686 475 687 474 687 480 687 478 688 481 688 482 688 479 689 483 689 484 689 480 690 479 690 484 690 482 691 485 691 428 691 483 692 420 692 486 692 484 693 483 693 486 693 486 694 420 694 418 694 453 695 446 695 445 695 476 696 469 696 468 696 430 697 429 697 487 697 487 698 429 698 488 698 487 699 488 699 489 699 489 700 488 700 418 700 489 701 418 701 417 701 427 702 490 702 425 702 425 703 490 703 491 703 425 704 491 704 492 704 492 705 491 705 424 705 492 706 424 706 422 706 426 707 425 707 431 707 431 708 425 708 492 708 431 709 492 709 493 709 493 710 492 710 422 710 493 711 422 711 434 711 432 712 431 712 435 712 435 713 431 713 493 713 435 714 493 714 494 714 494 715 493 715 434 715 494 716 434 716 438 716 436 717 435 717 439 717 439 718 435 718 494 718 439 719 494 719 495 719 495 720 494 720 438 720 495 721 438 721 442 721 440 722 439 722 443 722 443 723 439 723 495 723 443 724 495 724 496 724 496 725 495 725 442 725 496 726 442 726 446 726 444 727 443 727 447 727 447 728 443 728 496 728 447 729 496 729 497 729 497 730 496 730 446 730 497 731 446 731 453 731 448 732 447 732 449 732 449 733 447 733 497 733 449 734 497 734 498 734 498 735 497 735 453 735 498 736 453 736 452 736 450 737 449 737 454 737 454 738 449 738 498 738 454 739 498 739 499 739 499 740 498 740 452 740 499 741 452 741 457 741 455 742 454 742 458 742 458 743 454 743 499 743 458 744 499 744 500 744 500 745 499 745 457 745 500 746 457 746 461 746 459 747 458 747 462 747 462 748 458 748 500 748 462 749 500 749 501 749 501 750 500 750 461 750 501 751 461 751 465 751 463 752 462 752 466 752 466 753 462 753 501 753 466 754 501 754 502 754 502 755 501 755 465 755 502 756 465 756 469 756 467 757 466 757 470 757 470 758 466 758 502 758 470 759 502 759 503 759 503 760 502 760 469 760 503 761 469 761 476 761 471 762 470 762 472 762 472 763 470 763 503 763 472 764 503 764 504 764 504 765 503 765 476 765 504 766 476 766 475 766 473 767 472 767 477 767 477 768 472 768 504 768 477 769 504 769 505 769 505 770 504 770 475 770 505 771 475 771 480 771 478 772 477 772 481 772 481 773 477 773 505 773 481 774 505 774 506 774 506 775 505 775 480 775 506 776 480 776 484 776 482 777 481 777 485 777 485 778 481 778 506 778 485 779 506 779 507 779 507 780 506 780 484 780 507 781 484 781 486 781 428 782 485 782 429 782 429 783 485 783 507 783 429 784 507 784 488 784 488 785 507 785 486 785 488 786 486 786 418 786 508 787 509 787 419 787 509 788 417 788 419 788 510 789 511 789 430 789 512 790 513 790 427 790 424 791 514 791 423 791 514 792 515 792 423 792 511 793 516 793 517 793 508 794 518 794 519 794 509 795 508 795 519 795 517 796 520 796 521 796 518 797 522 797 523 797 519 798 518 798 523 798 521 799 524 799 525 799 522 800 526 800 527 800 523 801 522 801 527 801 525 802 528 802 529 802 526 803 530 803 531 803 527 804 526 804 531 804 529 805 532 805 533 805 533 806 534 806 535 806 530 807 536 807 537 807 538 808 530 808 537 808 535 809 539 809 540 809 536 810 541 810 542 810 537 811 536 811 542 811 540 812 543 812 544 812 541 813 545 813 546 813 542 814 541 814 546 814 544 815 547 815 548 815 545 816 549 816 550 816 546 817 545 817 550 817 548 818 551 818 552 818 549 819 553 819 554 819 550 820 549 820 554 820 552 821 555 821 556 821 556 822 557 822 558 822 553 823 559 823 560 823 561 824 553 824 560 824 558 825 562 825 563 825 559 826 564 826 565 826 560 827 559 827 565 827 563 828 566 828 567 828 564 829 568 829 569 829 565 830 564 830 569 830 567 831 570 831 512 831 568 832 515 832 571 832 569 833 568 833 571 833 571 834 515 834 514 834 538 835 531 835 530 835 561 836 554 836 553 836 427 837 513 837 490 837 490 838 513 838 572 838 490 839 572 839 491 839 491 840 572 840 514 840 491 841 514 841 424 841 430 842 487 842 510 842 510 843 487 843 489 843 510 844 489 844 573 844 573 845 489 845 417 845 573 846 417 846 509 846 511 847 510 847 516 847 516 848 510 848 573 848 516 849 573 849 574 849 574 850 573 850 509 850 574 851 509 851 519 851 517 852 516 852 520 852 520 853 516 853 574 853 520 854 574 854 575 854 575 855 574 855 519 855 575 856 519 856 523 856 521 857 520 857 524 857 524 858 520 858 575 858 524 859 575 859 576 859 576 860 575 860 523 860 576 861 523 861 527 861 525 862 524 862 528 862 528 863 524 863 576 863 528 864 576 864 577 864 577 865 576 865 527 865 577 866 527 866 531 866 529 867 528 867 532 867 532 868 528 868 577 868 532 869 577 869 578 869 578 870 577 870 531 870 578 871 531 871 538 871 533 872 532 872 534 872 534 873 532 873 578 873 534 874 578 874 579 874 579 875 578 875 538 875 579 876 538 876 537 876 535 877 534 877 539 877 539 878 534 878 579 878 539 879 579 879 580 879 580 880 579 880 537 880 580 881 537 881 542 881 540 882 539 882 543 882 543 883 539 883 580 883 543 884 580 884 581 884 581 885 580 885 542 885 581 886 542 886 546 886 544 887 543 887 547 887 547 888 543 888 581 888 547 889 581 889 582 889 582 890 581 890 546 890 582 891 546 891 550 891 548 892 547 892 551 892 551 893 547 893 582 893 551 894 582 894 583 894 583 895 582 895 550 895 583 896 550 896 554 896 552 897 551 897 555 897 555 898 551 898 583 898 555 899 583 899 584 899 584 900 583 900 554 900 584 901 554 901 561 901 556 902 555 902 557 902 557 903 555 903 584 903 557 904 584 904 585 904 585 905 584 905 561 905 585 906 561 906 560 906 558 907 557 907 562 907 562 908 557 908 585 908 562 909 585 909 586 909 586 910 585 910 560 910 586 911 560 911 565 911 563 912 562 912 566 912 566 913 562 913 586 913 566 914 586 914 587 914 587 915 586 915 565 915 587 916 565 916 569 916 567 917 566 917 570 917 570 918 566 918 587 918 570 919 587 919 588 919 588 920 587 920 569 920 588 921 569 921 571 921 512 922 570 922 513 922 513 923 570 923 588 923 513 924 588 924 572 924 572 925 588 925 571 925 572 926 571 926 514 926 413 927 415 927 589 927 590 928 591 928 592 928 592 929 591 929 593 929 592 930 593 930 594 930 594 931 593 931 595 931 594 932 595 932 596 932 596 933 595 933 597 933 596 934 597 934 598 934 598 935 597 935 599 935 598 936 599 936 600 936 591 937 590 937 601 937 601 938 590 938 602 938 601 939 602 939 603 939 603 940 602 940 604 940 603 941 604 941 605 941 605 942 604 942 606 942 605 943 606 943 607 943 607 944 606 944 608 944 607 945 608 945 609 945 609 946 608 946 610 946 609 947 610 947 611 947 612 948 293 948 613 948 613 949 293 949 292 949 613 950 292 950 614 950 614 951 292 951 273 951 614 952 273 952 615 952 615 953 273 953 272 953 615 954 272 954 616 954 616 955 272 955 271 955 616 956 271 956 617 956 293 957 612 957 294 957 294 958 612 958 618 958 294 959 618 959 287 959 287 960 618 960 619 960 287 961 619 961 288 961 288 962 619 962 620 962 288 963 620 963 289 963 289 964 620 964 621 964 289 965 621 965 290 965 290 966 621 966 622 966 290 967 622 967 291 967 291 968 622 968 623 968 291 969 623 969 262 969 624 970 281 970 625 970 625 971 281 971 280 971 625 972 280 972 626 972 626 973 280 973 279 973 626 974 279 974 627 974 627 975 279 975 263 975 627 976 263 976 628 976 628 977 263 977 262 977 628 978 262 978 623 978 281 979 624 979 282 979 282 980 624 980 629 980 282 981 629 981 266 981 266 982 629 982 630 982 266 983 630 983 267 983 267 984 630 984 631 984 267 985 631 985 268 985 268 986 631 986 632 986 268 987 632 987 269 987 269 988 632 988 633 988 269 989 633 989 270 989 270 990 633 990 617 990 270 991 617 991 271 991 634 992 635 992 636 992 636 993 635 993 637 993 638 994 639 994 640 994 640 995 639 995 641 995 642 996 643 996 644 996 644 997 643 997 645 997 644 998 645 998 646 998 643 999 642 999 647 999 647 1000 642 1000 648 1000 647 1001 648 1001 649 1001 649 1002 648 1002 639 1002 649 1003 639 1003 638 1003 650 1004 651 1004 652 1004 651 1005 650 1005 653 1005 653 1006 650 1006 654 1006 653 1007 654 1007 655 1007 655 1008 654 1008 646 1008 655 1009 646 1009 645 1009 636 1010 637 1010 651 1010 651 1011 637 1011 652 1011 656 1012 419 1012 657 1012 657 1013 419 1013 420 1013 657 1014 420 1014 658 1014 658 1015 420 1015 483 1015 658 1016 483 1016 659 1016 659 1017 483 1017 479 1017 659 1018 479 1018 660 1018 660 1019 479 1019 474 1019 660 1020 474 1020 661 1020 661 1021 474 1021 468 1021 661 1022 468 1022 662 1022 662 1023 468 1023 464 1023 662 1024 464 1024 663 1024 663 1025 464 1025 460 1025 663 1026 460 1026 664 1026 664 1027 460 1027 456 1027 664 1028 456 1028 665 1028 665 1029 456 1029 451 1029 665 1030 451 1030 666 1030 666 1031 451 1031 445 1031 666 1032 445 1032 667 1032 667 1033 445 1033 441 1033 667 1034 441 1034 668 1034 668 1035 441 1035 437 1035 668 1036 437 1036 669 1036 669 1037 437 1037 433 1037 669 1038 433 1038 670 1038 670 1039 433 1039 421 1039 670 1040 421 1040 671 1040 671 1041 421 1041 423 1041 671 1042 423 1042 672 1042 672 1043 423 1043 515 1043 672 1044 515 1044 673 1044 673 1045 515 1045 568 1045 673 1046 568 1046 674 1046 674 1047 568 1047 564 1047 674 1048 564 1048 675 1048 675 1049 564 1049 559 1049 675 1050 559 1050 676 1050 676 1051 559 1051 553 1051 676 1052 553 1052 677 1052 677 1053 553 1053 549 1053 677 1054 549 1054 678 1054 678 1055 549 1055 545 1055 678 1056 545 1056 679 1056 679 1057 545 1057 541 1057 679 1058 541 1058 680 1058 680 1059 541 1059 536 1059 680 1060 536 1060 681 1060 681 1061 536 1061 530 1061 681 1062 530 1062 682 1062 682 1063 530 1063 526 1063 682 1064 526 1064 683 1064 683 1065 526 1065 522 1065 683 1066 522 1066 684 1066 684 1067 522 1067 518 1067 684 1068 518 1068 685 1068 685 1069 518 1069 508 1069 685 1070 508 1070 656 1070 656 1071 508 1071 419 1071 665 1072 666 1072 664 1072 664 1073 666 1073 686 1073 664 1074 686 1074 663 1074 663 1075 686 1075 687 1075 663 1076 687 1076 662 1076 662 1077 687 1077 661 1077 676 1078 677 1078 688 1078 688 1079 677 1079 678 1079 688 1080 678 1080 689 1080 689 1081 678 1081 679 1081 689 1082 679 1082 681 1082 681 1083 679 1083 680 1083 689 1084 681 1084 690 1084 690 1085 681 1085 682 1085 690 1086 682 1086 691 1086 691 1087 682 1087 683 1087 691 1088 683 1088 692 1088 692 1089 683 1089 684 1089 692 1090 684 1090 693 1090 693 1091 684 1091 694 1091 694 1092 684 1092 685 1092 694 1093 685 1093 695 1093 695 1094 685 1094 656 1094 695 1095 656 1095 696 1095 696 1096 656 1096 657 1096 696 1097 657 1097 697 1097 697 1098 657 1098 658 1098 697 1099 658 1099 698 1099 698 1100 658 1100 659 1100 698 1101 659 1101 699 1101 699 1102 659 1102 700 1102 700 1103 659 1103 660 1103 700 1104 660 1104 687 1104 687 1105 660 1105 661 1105 676 1106 688 1106 675 1106 675 1107 688 1107 701 1107 675 1108 701 1108 674 1108 674 1109 701 1109 702 1109 674 1110 702 1110 673 1110 673 1111 702 1111 703 1111 673 1112 703 1112 704 1112 673 1113 704 1113 672 1113 672 1114 704 1114 705 1114 672 1115 705 1115 671 1115 671 1116 705 1116 706 1116 671 1117 706 1117 670 1117 670 1118 706 1118 707 1118 670 1119 707 1119 669 1119 669 1120 707 1120 708 1120 669 1121 708 1121 668 1121 668 1122 708 1122 709 1122 668 1123 709 1123 710 1123 668 1124 710 1124 667 1124 667 1125 710 1125 711 1125 667 1126 711 1126 666 1126 666 1127 711 1127 686 1127 712 1128 706 1128 713 1128 713 1129 706 1129 705 1129 713 1130 705 1130 714 1130 714 1131 705 1131 704 1131 714 1132 704 1132 715 1132 715 1133 704 1133 703 1133 715 1134 703 1134 716 1134 716 1135 703 1135 702 1135 716 1136 702 1136 717 1136 717 1137 702 1137 701 1137 717 1138 701 1138 718 1138 718 1139 701 1139 688 1139 718 1140 688 1140 719 1140 719 1141 688 1141 689 1141 719 1142 689 1142 720 1142 720 1143 689 1143 690 1143 720 1144 690 1144 721 1144 721 1145 690 1145 691 1145 721 1146 691 1146 722 1146 722 1147 691 1147 692 1147 722 1148 692 1148 723 1148 723 1149 692 1149 693 1149 723 1150 693 1150 724 1150 724 1151 693 1151 694 1151 724 1152 694 1152 725 1152 725 1153 694 1153 695 1153 725 1154 695 1154 726 1154 726 1155 695 1155 696 1155 726 1156 696 1156 727 1156 727 1157 696 1157 697 1157 727 1158 697 1158 728 1158 728 1159 697 1159 698 1159 728 1160 698 1160 729 1160 729 1161 698 1161 699 1161 729 1162 699 1162 730 1162 730 1163 699 1163 700 1163 730 1164 700 1164 731 1164 731 1165 700 1165 687 1165 731 1166 687 1166 732 1166 732 1167 687 1167 686 1167 732 1168 686 1168 733 1168 733 1169 686 1169 711 1169 733 1170 711 1170 734 1170 734 1171 711 1171 710 1171 734 1172 710 1172 735 1172 735 1173 710 1173 709 1173 735 1174 709 1174 736 1174 736 1175 709 1175 708 1175 736 1176 708 1176 737 1176 737 1177 708 1177 707 1177 737 1178 707 1178 712 1178 712 1179 707 1179 706 1179 718 1180 719 1180 717 1180 717 1181 719 1181 720 1181 717 1182 720 1182 716 1182 716 1183 720 1183 721 1183 716 1184 721 1184 715 1184 715 1185 721 1185 722 1185 715 1186 722 1186 714 1186 714 1187 722 1187 723 1187 714 1188 723 1188 713 1188 713 1189 723 1189 724 1189 713 1190 724 1190 712 1190 712 1191 724 1191 725 1191 712 1192 725 1192 737 1192 737 1193 725 1193 726 1193 737 1194 726 1194 736 1194 736 1195 726 1195 727 1195 736 1196 727 1196 735 1196 735 1197 727 1197 728 1197 735 1198 728 1198 734 1198 734 1199 728 1199 729 1199 734 1200 729 1200 733 1200 733 1201 729 1201 730 1201 733 1202 730 1202 732 1202 732 1203 730 1203 731 1203 629 1204 624 1204 630 1204 630 1205 624 1205 625 1205 630 1206 625 1206 631 1206 631 1207 625 1207 626 1207 631 1208 626 1208 632 1208 632 1209 626 1209 627 1209 632 1210 627 1210 633 1210 633 1211 627 1211 628 1211 633 1212 628 1212 617 1212 617 1213 628 1213 623 1213 617 1214 623 1214 616 1214 616 1215 623 1215 622 1215 616 1216 622 1216 615 1216 615 1217 622 1217 621 1217 615 1218 621 1218 614 1218 614 1219 621 1219 620 1219 614 1220 620 1220 613 1220 613 1221 620 1221 619 1221 613 1222 619 1222 612 1222 612 1223 619 1223 618 1223 738 1224 739 1224 740 1224 738 1225 740 1225 741 1225 738 1226 741 1226 742 1226 738 1227 742 1227 743 1227 738 1228 743 1228 744 1228 738 1229 744 1229 745 1229 738 1230 745 1230 746 1230 738 1231 746 1231 747 1231 738 1232 747 1232 748 1232 738 1233 748 1233 749 1233 738 1234 749 1234 750 1234 738 1235 750 1235 751 1235 738 1236 751 1236 752 1236 738 1237 752 1237 753 1237 738 1238 753 1238 754 1238 738 1239 754 1239 755 1239 738 1240 755 1240 756 1240 738 1241 756 1241 757 1241 738 1242 757 1242 758 1242 738 1243 758 1243 759 1243 738 1244 759 1244 760 1244 738 1245 760 1245 761 1245 738 1246 761 1246 762 1246 738 1247 762 1247 763 1247 738 1248 763 1248 764 1248 738 1249 764 1249 765 1249 738 1250 765 1250 766 1250 738 1251 766 1251 767 1251 738 1252 767 1252 768 1252 738 1253 768 1253 769 1253 738 1254 769 1254 770 1254 738 1255 770 1255 771 1255 738 1256 771 1256 772 1256 738 1257 772 1257 773 1257 738 1258 773 1258 774 1258 738 1259 774 1259 775 1259 738 1260 775 1260 776 1260 738 1261 776 1261 777 1261 738 1262 777 1262 778 1262 738 1263 778 1263 779 1263 738 1264 779 1264 780 1264 738 1265 780 1265 781 1265 738 1266 781 1266 782 1266 738 1267 782 1267 783 1267 738 1268 783 1268 784 1268 738 1269 784 1269 785 1269 738 1270 785 1270 786 1270 738 1271 786 1271 739 1271 787 1272 788 1272 789 1272 787 1273 789 1273 790 1273 787 1274 790 1274 791 1274 787 1275 791 1275 792 1275 787 1276 792 1276 793 1276 787 1277 793 1277 751 1277 787 1278 751 1278 750 1278 787 1279 750 1279 749 1279 787 1280 749 1280 748 1280 787 1281 748 1281 794 1281 751 1282 793 1282 795 1282 751 1283 795 1283 796 1283 751 1284 796 1284 797 1284 751 1285 797 1285 798 1285 751 1286 798 1286 799 1286 751 1287 799 1287 752 1287 775 1288 774 1288 800 1288 775 1289 800 1289 801 1289 775 1290 801 1290 802 1290 775 1291 802 1291 803 1291 775 1292 803 1292 804 1292 775 1293 804 1293 805 1293 775 1294 805 1294 806 1294 775 1295 806 1295 807 1295 775 1296 807 1296 808 1296 775 1297 808 1297 809 1297 775 1298 809 1298 810 1298 775 1299 810 1299 811 1299 775 1300 811 1300 776 1300 776 1301 811 1301 777 1301 777 1302 811 1302 812 1302 777 1303 812 1303 778 1303 778 1304 812 1304 779 1304 779 1305 812 1305 813 1305 779 1306 813 1306 780 1306 780 1307 813 1307 781 1307 781 1308 813 1308 814 1308 781 1309 814 1309 782 1309 782 1310 814 1310 815 1310 782 1311 815 1311 783 1311 783 1312 815 1312 816 1312 783 1313 816 1313 784 1313 784 1314 816 1314 785 1314 785 1315 816 1315 817 1315 785 1316 817 1316 786 1316 786 1317 817 1317 818 1317 786 1318 818 1318 739 1318 739 1319 818 1319 819 1319 739 1320 819 1320 740 1320 740 1321 819 1321 820 1321 740 1322 820 1322 741 1322 741 1323 820 1323 821 1323 741 1324 821 1324 742 1324 742 1325 821 1325 822 1325 742 1326 822 1326 743 1326 743 1327 822 1327 823 1327 743 1328 823 1328 744 1328 744 1329 823 1329 745 1329 745 1330 823 1330 824 1330 745 1331 824 1331 746 1331 746 1332 824 1332 825 1332 746 1333 825 1333 747 1333 747 1334 825 1334 794 1334 747 1335 794 1335 748 1335 800 1336 774 1336 826 1336 826 1337 774 1337 773 1337 826 1338 773 1338 772 1338 826 1339 772 1339 827 1339 827 1340 772 1340 771 1340 827 1341 771 1341 770 1341 827 1342 770 1342 828 1342 828 1343 770 1343 769 1343 828 1344 769 1344 829 1344 829 1345 769 1345 768 1345 829 1346 768 1346 830 1346 830 1347 768 1347 767 1347 830 1348 767 1348 766 1348 830 1349 766 1349 831 1349 831 1350 766 1350 765 1350 831 1351 765 1351 832 1351 832 1352 765 1352 764 1352 832 1353 764 1353 833 1353 833 1354 764 1354 763 1354 833 1355 763 1355 834 1355 834 1356 763 1356 762 1356 834 1357 762 1357 835 1357 835 1358 762 1358 761 1358 835 1359 761 1359 836 1359 836 1360 761 1360 760 1360 836 1361 760 1361 837 1361 837 1362 760 1362 759 1362 837 1363 759 1363 758 1363 837 1364 758 1364 838 1364 838 1365 758 1365 757 1365 838 1366 757 1366 839 1366 839 1367 757 1367 756 1367 839 1368 756 1368 840 1368 840 1369 756 1369 755 1369 840 1370 755 1370 754 1370 840 1371 754 1371 799 1371 799 1372 754 1372 753 1372 799 1373 753 1373 752 1373 793 1374 403 1374 795 1374 795 1375 403 1375 402 1375 795 1376 402 1376 796 1376 796 1377 402 1377 400 1377 796 1378 400 1378 797 1378 797 1379 400 1379 398 1379 797 1380 398 1380 798 1380 798 1381 398 1381 397 1381 798 1382 397 1382 799 1382 799 1383 397 1383 395 1383 799 1384 395 1384 840 1384 840 1385 395 1385 393 1385 840 1386 393 1386 839 1386 839 1387 393 1387 391 1387 839 1388 391 1388 838 1388 838 1389 391 1389 389 1389 838 1390 389 1390 837 1390 837 1391 389 1391 348 1391 837 1392 348 1392 836 1392 836 1393 348 1393 347 1393 836 1394 347 1394 835 1394 835 1395 347 1395 346 1395 835 1396 346 1396 834 1396 834 1397 346 1397 345 1397 834 1398 345 1398 833 1398 403 1399 793 1399 353 1399 353 1400 793 1400 792 1400 353 1401 792 1401 355 1401 355 1402 792 1402 791 1402 355 1403 791 1403 387 1403 387 1404 791 1404 790 1404 387 1405 790 1405 385 1405 385 1406 790 1406 789 1406 385 1407 789 1407 383 1407 383 1408 789 1408 788 1408 383 1409 788 1409 382 1409 382 1410 788 1410 787 1410 382 1411 787 1411 380 1411 380 1412 787 1412 794 1412 380 1413 794 1413 378 1413 378 1414 794 1414 825 1414 378 1415 825 1415 376 1415 376 1416 825 1416 824 1416 376 1417 824 1417 374 1417 374 1418 824 1418 823 1418 374 1419 823 1419 372 1419 372 1420 823 1420 822 1420 372 1421 822 1421 370 1421 370 1422 822 1422 821 1422 370 1423 821 1423 368 1423 368 1424 821 1424 820 1424 368 1425 820 1425 366 1425 366 1426 820 1426 819 1426 366 1427 819 1427 364 1427 806 1428 361 1428 807 1428 807 1429 361 1429 306 1429 807 1430 306 1430 808 1430 808 1431 306 1431 308 1431 808 1432 308 1432 809 1432 809 1433 308 1433 341 1433 809 1434 341 1434 810 1434 810 1435 341 1435 340 1435 810 1436 340 1436 811 1436 811 1437 340 1437 339 1437 811 1438 339 1438 812 1438 812 1439 339 1439 314 1439 812 1440 314 1440 813 1440 813 1441 314 1441 313 1441 813 1442 313 1442 814 1442 814 1443 313 1443 312 1443 814 1444 312 1444 815 1444 815 1445 312 1445 311 1445 815 1446 311 1446 816 1446 816 1447 311 1447 310 1447 816 1448 310 1448 817 1448 817 1449 310 1449 362 1449 817 1450 362 1450 818 1450 818 1451 362 1451 364 1451 818 1452 364 1452 819 1452 361 1453 806 1453 359 1453 359 1454 806 1454 805 1454 359 1455 805 1455 317 1455 317 1456 805 1456 804 1456 317 1457 804 1457 318 1457 318 1458 804 1458 803 1458 318 1459 803 1459 319 1459 319 1460 803 1460 802 1460 319 1461 802 1461 320 1461 320 1462 802 1462 801 1462 320 1463 801 1463 321 1463 321 1464 801 1464 800 1464 321 1465 800 1465 322 1465 322 1466 800 1466 826 1466 322 1467 826 1467 323 1467 323 1468 826 1468 827 1468 323 1469 827 1469 324 1469 324 1470 827 1470 828 1470 324 1471 828 1471 325 1471 325 1472 828 1472 829 1472 325 1473 829 1473 326 1473 326 1474 829 1474 830 1474 326 1475 830 1475 342 1475 342 1476 830 1476 831 1476 342 1477 831 1477 343 1477 343 1478 831 1478 832 1478 343 1479 832 1479 344 1479 344 1480 832 1480 833 1480 344 1481 833 1481 345 1481 841 1482 842 1482 843 1482 841 1483 843 1483 844 1483 841 1484 844 1484 845 1484 841 1485 845 1485 846 1485 841 1486 846 1486 847 1486 841 1487 847 1487 848 1487 841 1488 848 1488 849 1488 841 1489 849 1489 850 1489 841 1490 850 1490 851 1490 841 1491 851 1491 852 1491 841 1492 852 1492 853 1492 841 1493 853 1493 842 1493 845 1494 854 1494 846 1494 846 1495 854 1495 855 1495 846 1496 855 1496 847 1496 847 1497 855 1497 856 1497 847 1498 856 1498 848 1498 854 1499 845 1499 857 1499 857 1500 845 1500 844 1500 857 1501 844 1501 858 1501 858 1502 844 1502 843 1502 858 1503 843 1503 859 1503 859 1504 843 1504 842 1504 859 1505 842 1505 860 1505 851 1506 861 1506 852 1506 852 1507 861 1507 862 1507 852 1508 862 1508 853 1508 853 1509 862 1509 860 1509 853 1510 860 1510 842 1510 861 1511 851 1511 863 1511 863 1512 851 1512 850 1512 863 1513 850 1513 864 1513 864 1514 850 1514 849 1514 864 1515 849 1515 865 1515 865 1516 849 1516 848 1516 865 1517 848 1517 856 1517 866 1518 857 1518 867 1518 868 1519 863 1519 869 1519 857 1520 858 1520 867 1520 867 1521 858 1521 859 1521 867 1522 859 1522 870 1522 870 1523 859 1523 860 1523 870 1524 860 1524 871 1524 871 1525 860 1525 862 1525 871 1526 862 1526 872 1526 872 1527 862 1527 861 1527 872 1528 861 1528 873 1528 873 1529 861 1529 863 1529 873 1530 863 1530 868 1530 863 1531 864 1531 869 1531 869 1532 864 1532 865 1532 869 1533 865 1533 874 1533 874 1534 865 1534 856 1534 874 1535 856 1535 875 1535 875 1536 856 1536 855 1536 875 1537 855 1537 876 1537 876 1538 855 1538 854 1538 876 1539 854 1539 877 1539 877 1540 854 1540 857 1540 877 1541 857 1541 866 1541 866 1542 878 1542 877 1542 877 1543 878 1543 879 1543 877 1544 879 1544 876 1544 876 1545 879 1545 880 1545 876 1546 880 1546 875 1546 878 1547 866 1547 881 1547 881 1548 866 1548 867 1548 881 1549 867 1549 882 1549 882 1550 867 1550 870 1550 882 1551 870 1551 883 1551 883 1552 870 1552 871 1552 883 1553 871 1553 884 1553 868 1554 885 1554 873 1554 873 1555 885 1555 886 1555 873 1556 886 1556 872 1556 872 1557 886 1557 884 1557 872 1558 884 1558 871 1558 885 1559 868 1559 887 1559 887 1560 868 1560 869 1560 887 1561 869 1561 888 1561 888 1562 869 1562 874 1562 888 1563 874 1563 889 1563 889 1564 874 1564 875 1564 889 1565 875 1565 880 1565 640 1566 641 1566 890 1566 890 1567 641 1567 891 1567 640 1568 890 1568 638 1568 892 1569 655 1569 645 1569 892 1570 645 1570 643 1570 892 1571 643 1571 647 1571 892 1572 647 1572 649 1572 892 1573 649 1573 638 1573 892 1574 638 1574 890 1574 893 1575 634 1575 636 1575 893 1576 636 1576 651 1576 893 1577 651 1577 653 1577 893 1578 653 1578 655 1578 893 1579 655 1579 892 1579 892 1580 894 1580 893 1580 893 1581 894 1581 895 1581 895 1582 894 1582 879 1582 895 1583 879 1583 878 1583 895 1584 878 1584 896 1584 897 1585 884 1585 886 1585 897 1586 886 1586 885 1586 897 1587 885 1587 887 1587 897 1588 887 1588 894 1588 896 1589 878 1589 881 1589 896 1590 881 1590 882 1590 896 1591 882 1591 883 1591 896 1592 883 1592 884 1592 896 1593 884 1593 897 1593 894 1594 887 1594 888 1594 894 1595 888 1595 889 1595 894 1596 889 1596 880 1596 894 1597 880 1597 879 1597 641 1598 639 1598 648 1598 641 1599 648 1599 642 1599 641 1600 642 1600 644 1600 641 1601 644 1601 646 1601 641 1602 646 1602 654 1602 641 1603 654 1603 650 1603 898 1604 891 1604 641 1604 898 1605 641 1605 650 1605 898 1606 650 1606 652 1606 898 1607 652 1607 637 1607 898 1608 637 1608 635 1608 898 1609 635 1609 899 1609 899 1610 257 1610 898 1610 898 1611 257 1611 265 1611 265 1612 274 1612 898 1612 898 1613 274 1613 891 1613 274 1614 897 1614 891 1614 891 1615 897 1615 894 1615 890 1616 891 1616 892 1616 892 1617 891 1617 894 1617 897 1618 274 1618 896 1618 896 1619 274 1619 255 1619 257 1620 899 1620 635 1620 895 1621 896 1621 635 1621 635 1622 896 1622 255 1622 635 1623 255 1623 257 1623 895 1624 635 1624 893 1624 893 1625 635 1625 634 1625 900 1626 901 1626 902 1626 902 1627 901 1627 903 1627 221 1628 223 1628 900 1628 900 1629 223 1629 901 1629 216 1630 221 1630 902 1630 902 1631 221 1631 900 1631 902 1632 903 1632 216 1632 216 1633 903 1633 215 1633 901 1634 223 1634 903 1634 903 1635 223 1635 215 1635 415 1636 904 1636 589 1636 415 1637 905 1637 904 1637 906 1638 907 1638 908 1638 906 1639 909 1639 907 1639 905 1640 910 1640 911 1640 911 1641 904 1641 905 1641 910 1642 912 1642 913 1642 913 1643 911 1643 910 1643 913 1644 912 1644 914 1644 912 1645 915 1645 916 1645 912 1646 916 1646 914 1646 915 1647 917 1647 918 1647 918 1648 916 1648 915 1648 917 1649 919 1649 920 1649 920 1650 918 1650 917 1650 919 1651 921 1651 922 1651 922 1652 920 1652 919 1652 922 1653 921 1653 923 1653 921 1654 924 1654 925 1654 921 1655 925 1655 923 1655 924 1656 926 1656 927 1656 927 1657 925 1657 924 1657 926 1658 928 1658 929 1658 929 1659 927 1659 926 1659 929 1660 928 1660 930 1660 931 1661 932 1661 930 1661 931 1662 930 1662 928 1662 931 1663 933 1663 934 1663 931 1664 934 1664 932 1664 933 1665 935 1665 936 1665 936 1666 934 1666 933 1666 935 1667 937 1667 938 1667 938 1668 936 1668 935 1668 938 1669 937 1669 939 1669 940 1670 941 1670 939 1670 940 1671 939 1671 937 1671 940 1672 942 1672 943 1672 940 1673 943 1673 941 1673 942 1674 907 1674 909 1674 909 1675 943 1675 942 1675 944 1676 597 1676 945 1676 945 1677 597 1677 595 1677 945 1678 595 1678 946 1678 946 1679 595 1679 593 1679 946 1680 593 1680 947 1680 947 1681 593 1681 591 1681 947 1682 591 1682 948 1682 948 1683 591 1683 601 1683 948 1684 601 1684 949 1684 597 1685 944 1685 599 1685 599 1686 944 1686 950 1686 599 1687 950 1687 600 1687 600 1688 950 1688 951 1688 600 1689 951 1689 598 1689 598 1690 951 1690 952 1690 598 1691 952 1691 596 1691 596 1692 952 1692 953 1692 596 1693 953 1693 594 1693 594 1694 953 1694 954 1694 594 1695 954 1695 592 1695 592 1696 954 1696 955 1696 592 1697 955 1697 590 1697 956 1698 608 1698 957 1698 957 1699 608 1699 606 1699 957 1700 606 1700 958 1700 958 1701 606 1701 604 1701 958 1702 604 1702 959 1702 959 1703 604 1703 602 1703 959 1704 602 1704 960 1704 960 1705 602 1705 590 1705 960 1706 590 1706 955 1706 608 1707 956 1707 610 1707 610 1708 956 1708 961 1708 610 1709 961 1709 611 1709 611 1710 961 1710 962 1710 611 1711 962 1711 609 1711 609 1712 962 1712 963 1712 609 1713 963 1713 607 1713 607 1714 963 1714 964 1714 607 1715 964 1715 605 1715 605 1716 964 1716 965 1716 605 1717 965 1717 603 1717 603 1718 965 1718 949 1718 603 1719 949 1719 601 1719 414 1720 363 1720 309 1720 224 1721 214 1721 309 1721 309 1722 214 1722 966 1722 309 1723 966 1723 414 1723 414 1724 966 1724 416 1724 967 1725 401 1725 968 1725 968 1726 401 1726 351 1726 968 1727 351 1727 969 1727 969 1728 351 1728 350 1728 969 1729 350 1729 970 1729 970 1730 350 1730 352 1730 970 1731 352 1731 971 1731 971 1732 352 1732 354 1732 971 1733 354 1733 972 1733 972 1734 354 1734 356 1734 972 1735 356 1735 973 1735 973 1736 356 1736 358 1736 973 1737 358 1737 974 1737 974 1738 358 1738 357 1738 974 1739 357 1739 975 1739 975 1740 357 1740 386 1740 975 1741 386 1741 976 1741 976 1742 386 1742 384 1742 976 1743 384 1743 977 1743 977 1744 384 1744 381 1744 977 1745 381 1745 978 1745 978 1746 381 1746 379 1746 978 1747 379 1747 979 1747 979 1748 379 1748 377 1748 979 1749 377 1749 980 1749 980 1750 377 1750 375 1750 980 1751 375 1751 981 1751 981 1752 375 1752 373 1752 981 1753 373 1753 982 1753 982 1754 373 1754 371 1754 982 1755 371 1755 983 1755 983 1756 371 1756 369 1756 983 1757 369 1757 984 1757 984 1758 369 1758 367 1758 984 1759 367 1759 985 1759 985 1760 367 1760 365 1760 985 1761 365 1761 986 1761 986 1762 365 1762 363 1762 986 1763 363 1763 414 1763 987 1764 906 1764 988 1764 988 1765 906 1765 908 1765 413 1766 986 1766 414 1766 906 1767 987 1767 909 1767 989 1768 990 1768 977 1768 989 1769 977 1769 978 1769 989 1770 978 1770 927 1770 989 1771 927 1771 929 1771 989 1772 929 1772 930 1772 989 1773 930 1773 932 1773 989 1774 932 1774 991 1774 986 1775 413 1775 985 1775 985 1776 413 1776 589 1776 985 1777 589 1777 984 1777 984 1778 589 1778 904 1778 984 1779 904 1779 983 1779 983 1780 904 1780 911 1780 983 1781 911 1781 982 1781 982 1782 911 1782 913 1782 982 1783 913 1783 914 1783 982 1784 914 1784 981 1784 981 1785 914 1785 916 1785 981 1786 916 1786 980 1786 980 1787 916 1787 918 1787 980 1788 918 1788 920 1788 980 1789 920 1789 979 1789 979 1790 920 1790 922 1790 979 1791 922 1791 923 1791 979 1792 923 1792 978 1792 978 1793 923 1793 925 1793 978 1794 925 1794 927 1794 909 1795 987 1795 943 1795 943 1796 987 1796 992 1796 943 1797 992 1797 941 1797 941 1798 992 1798 939 1798 939 1799 992 1799 993 1799 939 1800 993 1800 938 1800 938 1801 993 1801 994 1801 938 1802 994 1802 936 1802 936 1803 994 1803 934 1803 934 1804 994 1804 991 1804 934 1805 991 1805 932 1805 977 1806 990 1806 976 1806 976 1807 990 1807 995 1807 976 1808 995 1808 975 1808 975 1809 995 1809 967 1809 975 1810 967 1810 974 1810 974 1811 967 1811 968 1811 974 1812 968 1812 973 1812 973 1813 968 1813 969 1813 973 1814 969 1814 972 1814 972 1815 969 1815 970 1815 972 1816 970 1816 971 1816 937 1817 482 1817 428 1817 908 1818 430 1818 511 1818 908 1819 511 1819 517 1819 908 1820 517 1820 521 1820 430 1821 908 1821 907 1821 430 1822 907 1822 942 1822 430 1823 942 1823 940 1823 430 1824 940 1824 937 1824 430 1825 937 1825 428 1825 213 1826 529 1826 533 1826 213 1827 533 1827 535 1827 213 1828 535 1828 540 1828 213 1829 540 1829 544 1829 213 1830 544 1830 548 1830 213 1831 548 1831 552 1831 213 1832 552 1832 556 1832 213 1833 556 1833 558 1833 213 1834 558 1834 563 1834 213 1835 563 1835 567 1835 213 1836 567 1836 512 1836 213 1837 512 1837 427 1837 213 1838 427 1838 415 1838 213 1839 415 1839 214 1839 406 1840 996 1840 988 1840 406 1841 988 1841 908 1841 406 1842 908 1842 521 1842 406 1843 521 1843 525 1843 406 1844 525 1844 529 1844 406 1845 529 1845 213 1845 912 1846 910 1846 415 1846 415 1847 910 1847 905 1847 471 1848 473 1848 933 1848 933 1849 473 1849 478 1849 933 1850 478 1850 935 1850 935 1851 478 1851 482 1851 935 1852 482 1852 937 1852 455 1853 459 1853 926 1853 926 1854 459 1854 463 1854 926 1855 463 1855 928 1855 928 1856 463 1856 467 1856 928 1857 467 1857 931 1857 931 1858 467 1858 471 1858 931 1859 471 1859 933 1859 436 1860 440 1860 917 1860 917 1861 440 1861 444 1861 917 1862 444 1862 919 1862 919 1863 444 1863 448 1863 919 1864 448 1864 921 1864 921 1865 448 1865 450 1865 921 1866 450 1866 924 1866 924 1867 450 1867 455 1867 924 1868 455 1868 926 1868 915 1869 436 1869 917 1869 436 1870 915 1870 432 1870 432 1871 915 1871 912 1871 432 1872 912 1872 426 1872 426 1873 912 1873 415 1873 426 1874 415 1874 427 1874 966 1875 214 1875 416 1875 416 1876 214 1876 415 1876 233 1877 407 1877 222 1877 233 1878 222 1878 953 1878 233 1879 953 1879 952 1879 233 1880 952 1880 951 1880 233 1881 951 1881 950 1881 233 1882 950 1882 944 1882 233 1883 944 1883 231 1883 961 1884 956 1884 222 1884 961 1885 222 1885 209 1885 961 1886 209 1886 205 1886 961 1887 205 1887 204 1887 961 1888 204 1888 408 1888 961 1889 408 1889 409 1889 944 1890 945 1890 412 1890 944 1891 412 1891 411 1891 944 1892 411 1892 238 1892 944 1893 238 1893 239 1893 944 1894 239 1894 246 1894 944 1895 246 1895 231 1895 222 1896 956 1896 957 1896 222 1897 957 1897 958 1897 222 1898 958 1898 959 1898 222 1899 959 1899 960 1899 222 1900 960 1900 955 1900 222 1901 955 1901 954 1901 222 1902 954 1902 953 1902 410 1903 412 1903 945 1903 410 1904 945 1904 946 1904 410 1905 946 1905 947 1905 410 1906 947 1906 948 1906 410 1907 948 1907 949 1907 410 1908 949 1908 965 1908 410 1909 965 1909 409 1909 409 1910 965 1910 964 1910 409 1911 964 1911 963 1911 409 1912 963 1912 962 1912 409 1913 962 1913 961 1913 228 1914 232 1914 229 1914 232 1915 230 1915 229 1915 401 1916 967 1916 399 1916 399 1917 967 1917 995 1917 399 1918 995 1918 396 1918 396 1919 995 1919 990 1919 396 1920 990 1920 394 1920 394 1921 990 1921 989 1921 394 1922 989 1922 392 1922 392 1923 989 1923 991 1923 392 1924 991 1924 390 1924 390 1925 991 1925 994 1925 390 1926 994 1926 388 1926 388 1927 994 1927 993 1927 388 1928 993 1928 349 1928 349 1929 993 1929 992 1929 349 1930 992 1930 327 1930 327 1931 992 1931 987 1931 327 1932 987 1932 996 1932 996 1933 987 1933 988 1933 228 1934 227 1934 406 1934 228 1935 406 1935 407 1935 228 1936 407 1936 233 1936 228 1937 233 1937 232 1937 327 1938 996 1938 406 1938 327 1939 406 1939 227 1939 327 1940 227 1940 997 1940 327 1941 997 1941 315 1941 284 1942 286 1942 405 1942 284 1943 405 1943 404 1943 284 1944 404 1944 315 1944 284 1945 315 1945 997 1945 226 1946 997 1946 227 1946 226 1947 247 1947 997 1947 264 1948 196 1948 254 1948 254 1949 196 1949 183 1949 196 1950 264 1950 199 1950 199 1951 264 1951 278 1951 199 1952 278 1952 181 1952 181 1953 278 1953 283 1953 181 1954 283 1954 190 1954 190 1955 283 1955 301 1955 190 1956 301 1956 191 1956 191 1957 301 1957 305 1957 191 1958 305 1958 192 1958 192 1959 305 1959 304 1959 192 1960 304 1960 193 1960 193 1961 304 1961 303 1961 193 1962 303 1962 194 1962 194 1963 303 1963 302 1963 194 1964 302 1964 178 1964 178 1965 302 1965 261 1965 178 1966 261 1966 179 1966 179 1967 261 1967 260 1967 179 1968 260 1968 180 1968 180 1969 260 1969 259 1969 284 1970 997 1970 247 1970 284 1971 247 1971 195 1971 284 1972 195 1972 180 1972 284 1973 180 1973 259 1973 26 1974 61 1974 25 1974 25 1975 61 1975 66 1975 25 1976 66 1976 23 1976 23 1977 66 1977 65 1977 23 1978 65 1978 1 1978 1 1979 65 1979 96 1979 1 1980 96 1980 2 1980 2 1981 96 1981 93 1981 2 1982 93 1982 17 1982 17 1983 93 1983 75 1983 17 1984 75 1984 15 1984 15 1985 75 1985 77 1985 15 1986 77 1986 38 1986 38 1987 77 1987 64 1987 38 1988 64 1988 41 1988 41 1989 64 1989 63 1989 41 1990 63 1990 3 1990 3 1991 63 1991 83 1991 3 1992 83 1992 4 1992 4 1993 83 1993 85 1993 4 1994 85 1994 43 1994 43 1995 85 1995 50 1995</p>
                </triangles>
            </mesh>
        </geometry>
    </library_geometries>
    <library_visual_scenes>
        <visual_scene id="VisualSceneNode" name="VisualScene">
            <node id="node" name="node">
                <instance_geometry url="#shape0-lib"/>
            </node>
        </visual_scene>
    </library_visual_scenes>
    <scene>
        <instance_visual_scene url="#VisualSceneNode"/>
    </scene>
</COLLADA>
