<?xml version="1.0" encoding="UTF-8"?>
<COLLADA xmlns="http://www.collada.org/2005/11/COLLADASchema" version="1.4.1">
    <asset>
        <contributor>
            <author>VCGLab</author>
            <authoring_tool>VCGLib | MeshLab</authoring_tool>
        </contributor>
        <created>Fri May 8 15:33:28 2026 GMT</created>
        <modified>Fri May 8 15:33:28 2026 GMT</modified>
        <up_axis>Y_UP</up_axis>
    </asset>
    <library_geometries>
        <geometry id="shape0-lib" name="shape0">
            <mesh>
                <source id="shape0-lib-positions" name="position">
                    <float_array id="shape0-lib-positions-array" count="16143">0.3405 -0.014 0.185 0.335 -0.014 0.185 0.3405 -0.0133148 0.180674 0.335 -0.0133148 0.180674 0.3405 -0.0113262 0.176771 0.335 -0.0113262 0.176771 0.3405 -0.00822899 0.173674 0.335 -0.00822899 0.173674 0.3405 -0.00432624 0.171685 0.335 -0.00432624 0.171685 0.3405 0 0.171 0.335 0 0.171 0.3405 0.00432624 0.171685 0.335 0.00432624 0.171685 0.3405 0.00822899 0.173674 0.335 0.00822899 0.173674 0.3405 0.0113262 0.176771 0.335 0.0113262 0.176771 0.3405 0.0133148 0.180674 0.335 0.0133148 0.180674 0.3405 0.014 0.185 0.335 0.014 0.185 0.335 0.1 0.2 0.335 0.0884271 0.187853 0.335 0.089927 0.186763 0.335 -0.1 0.2 0.335 -0.089927 0.186763 0.335 -0.0884271 0.187853 0.335 0.0151987 0.172 0.335 0.011565 0.168683 0.335 -0.0151987 0.172 0.335 -0.011565 0.168683 0.335 -0.086573 0.182147 0.335 -0.1 0.172 0.335 -0.0884271 0.182147 0.335 -0.089927 0.183237 0.335 -0.0905 0.185 0.335 0.0132288 0.2 0.335 0 0.199 0.335 0.00432624 0.198315 0.335 0.00822899 0.196326 0.335 0.0113262 0.193229 0.335 0.0133148 0.189326 0.335 0.086573 0.187853 0.335 -0.0132288 0.2 0.335 -0.0113262 0.193229 0.335 -0.00822899 0.196326 0.335 -0.00432624 0.198315 0.335 0.00926791 0.202723 0.335 0.00477176 0.204422 0.335 0 0.205 0.335 -0.00477176 0.204422 0.335 -0.00926791 0.202723 0.335 0.1 0.172 0.335 0.0905 0.185 0.335 0.089927 0.183237 0.335 0.0884271 0.182147 0.335 0.00723134 0.166353 0.335 0.00246007 0.165152 0.335 -0.00246007 0.165152 0.335 -0.00723134 0.166353 0.335 0.086573 0.182147 0.335 -0.0133148 0.189326 0.335 -0.086573 0.187853 0.335 -0.085073 0.186763 0.335 -0.0845 0.185 0.335 -0.085073 0.183237 0.335 0.085073 0.186763 0.335 0.0845 0.185 0.335 0.085073 0.183237 0.303963 -0.1 0.172 0.296054 -0.1 0.2 0.310022 -0.0792456 0.172 0.314665 -0.0581295 0.172 0.317873 -0.036748 0.172 0.319629 -0.0151987 0.172 0.320974 0.0100958 0.167735 0.321642 0.00516502 0.165678 0.319629 0.0151987 0.172 0.319924 0.0143293 0.171048 0.320756 -0.0111753 0.168414 0.321502 -0.00656186 0.166107 0.321824 -0.0022311 0.165125 0.321865 0 0.165 0.317873 0.036748 0.172 0.314665 0.0581295 0.172 0.310022 0.0792456 0.172 0.303963 0.1 0.172 0.296054 0.1 0.2 0.312207 -0.0132288 0.2 0.312287 -0.0111734 0.201588 0.311862 -0.0111734 0.201588 0.312402 0.00731034 0.203616 0.312287 0.0111734 0.201588 0.312207 0.0132288 0.2 0.311862 0.0111734 0.201588 0.312368 -0.00861228 0.203051 0.312455 -0.0044921 0.204489 0.312487 0 0.205 0.312472 0.00310308 0.204758 0.312282 -0.0113123 0.2 0.312282 0.0113123 0.2 0.349326 -0.0217026 0.06 0.0917515 -0.298714 0.2 0.106849 -0.333292 0.06 0.110413 -0.292331 0.2 0.0808776 -0.301839 0.2 0.147281 -0.317503 0.06 0.128635 -0.284783 0.2 0.12731 -0.326025 0.06 0.152459 -0.313547 0.0650441 0.296861 0.174492 0.0811024 0.270622 0.156244 0.2 0.300759 0.169262 0.0782241 0.29216 0.180909 0.0837512 0.283109 0.193731 0.0859413 0.270612 0.210836 0.0859413 0.253793 0.182312 0.2 0.174492 0.296861 0.0811023 0.156244 0.270622 0.2 0.180909 0.29216 0.0837512 0.168853 0.301066 0.0779728 0.147281 0.317503 0.06 0.128635 0.284783 0.2 0.152459 0.313547 0.0650441 0.12731 0.326025 0.06 -0.165938 0.264788 0.2 -0.186849 0.285327 0.0933531 -0.182173 0.253892 0.2 -0.156244 0.270622 0.2 0.0917515 0.298714 0.2 0.106849 0.333292 0.06 0.0808776 0.301839 0.2 0.110413 0.292331 0.2 -0.197695 0.242001 0.2 -0.203332 0.273825 0.0933531 -0.219109 0.261372 0.0933531 -0.146344 0.276101 0.2 -0.159478 0.301842 0.0921629 -0.16455 0.298833 0.0930568 -0.128635 0.284783 0.2 -0.110413 0.292331 0.2 -0.137536 0.315628 0.0813003 -0.144329 0.311233 0.085864 -0.151205 0.306899 0.0893874 -0.120701 0.326965 0.0654764 -0.125576 0.323627 0.0706865 -0.130632 0.320208 0.0755655 -0.0505447 0.308372 0.2 -0.0309902 0.310947 0.2 -0.0471359 0.346812 0.06 -0.070435 0.34284 0.06 -0.0113123 0.312282 0.2 -0.0236218 0.349202 0.06 0.0309902 0.310947 0.2 0.0433217 0.347309 0.06 0.0217026 0.349326 0.06 0.0113123 0.312282 0.2 0.0505447 0.308372 0.2 0.0647741 0.343954 0.06 0.0859771 0.339276 0.06 0.157753 0.309493 0.0697837 0.197959 0.241786 0.2 0.227137 0.257082 0.0859413 0.210836 0.270612 0.0859413 0.182312 0.253793 0.2 0.241786 0.197959 0.2 0.257082 0.227137 0.0859413 0.347309 0.0433217 0.06 0.343954 0.0647741 0.06 0.347309 -0.0433217 0.06 0.333292 -0.106849 0.06 0.339276 -0.0859771 0.06 0.283581 -0.131262 0.2 0.309493 -0.157753 0.0697837 0.313547 -0.152459 0.0650441 0.253793 -0.182312 0.2 0.241786 -0.197959 0.2 0.270612 -0.210836 0.0859413 0.283109 -0.193731 0.0859413 0.257082 -0.227137 0.0859413 0.197959 -0.241786 0.2 0.182312 -0.253793 0.2 0.210836 -0.270612 0.0859413 0.227137 -0.257082 0.0859413 0.193731 -0.283109 0.0859413 0.0859771 -0.339276 0.06 0.0309902 -0.310947 0.2 0.0217026 -0.349326 0.06 0.0433217 -0.347309 0.06 0.0505447 -0.308372 0.2 0.0647741 -0.343954 0.06 -0.0309902 -0.310947 0.2 -0.0471359 -0.346812 0.06 -0.0236218 -0.349202 0.06 -0.0505447 -0.308372 0.2 -0.070435 -0.34284 0.06 -0.110413 -0.292331 0.2 -0.135909 -0.316698 0.0800475 -0.130632 -0.320208 0.0755655 -0.125576 -0.323627 0.0706865 -0.120701 -0.326965 0.0654764 -0.128635 -0.284783 0.2 -0.153261 -0.305626 0.0902265 -0.147258 -0.309373 0.0874997 -0.182173 -0.253892 0.2 -0.203332 -0.273825 0.0933531 -0.186849 -0.285327 0.0933531 -0.197695 -0.242001 0.2 -0.219109 -0.261372 0.0933531 -0.248328 -0.233789 0.0933532 -0.234125 -0.248011 0.0933531 -0.232913 -0.231854 0.139712 -0.248328 0.233789 0.0933532 -0.232913 0.231854 0.139712 -0.234125 0.248011 0.0933531 0.276101 0.146344 0.2 0.283581 0.131262 0.2 0.317503 0.147281 0.06 0.313547 0.152459 0.0650441 0.307518 0.160338 0.0719149 0.305336 0.163202 0.0741236 0.212818 0.228816 0.2 0.220962 0.220962 0.2 0.242572 0.242572 0.0859413 0.146344 0.276101 0.2 0.162536 0.305843 0.0736244 0.0698977 0.304569 0.2 -0.0698977 0.304569 0.2 -0.0934129 0.337304 0.06 -0.0808776 0.301839 0.2 -0.0917515 0.298714 0.2 -0.115965 0.330231 0.06 -0.212444 0.229163 0.2 -0.169717 0.295838 0.0933531 0 0.35 0.06 0 0.312487 0.2 0.35 0 0.06 0.349326 0.0217026 0.06 0.317503 -0.147281 0.06 0.326025 -0.12731 0.06 0.290239 -0.115799 0.2 -0.212444 -0.229163 0.2 -0.146344 -0.276101 0.2 -0.156244 -0.270622 0.2 -0.169717 -0.295838 0.0933531 -0.16455 -0.298833 0.0930568 -0.159478 -0.301842 0.0921629 -0.0917515 -0.298714 0.2 -0.115965 -0.330231 0.06 -0.0934129 -0.337304 0.06 -0.0808776 -0.301839 0.2 -0.0698977 -0.304569 0.2 0.0113123 -0.312282 0.2 0 -0.312487 0.2 0 -0.35 0.06 0.0698977 -0.304569 0.2 0.146344 -0.276101 0.2 0.160338 -0.307518 0.0719149 0.163202 -0.305336 0.0741236 0.169262 -0.300759 0.0782241 0.174492 -0.296861 0.0811024 0.156244 -0.270622 0.2 0.165938 -0.264788 0.2 0.180909 -0.29216 0.0837512 0.187226 -0.287637 0.0853657 0.187646 -0.28734 0.0854369 0.212818 -0.228816 0.2 0.242572 -0.242572 0.0859413 0.220962 -0.220962 0.2 0.264788 -0.165938 0.2 0.285373 -0.190453 0.0857935 0.287637 -0.187226 0.0853657 0.29216 -0.180909 0.0837512 0.270622 -0.156244 0.2 -0.153261 0.305626 0.0902265 0.187226 0.287637 0.0853657 0.165938 0.264788 0.2 0.190453 0.285373 0.0857935 0.193731 0.283109 0.0859413 0.228816 0.212818 0.2 0.264788 0.165938 0.2 0.287637 0.187226 0.0853657 0.28734 0.187646 0.0854369 0.326025 0.12731 0.06 0.290239 0.115799 0.2 0.333292 0.106849 0.06 0.339276 0.0859771 0.06 0.343954 -0.0647741 0.06 0.305843 -0.162536 0.0736244 0.276101 -0.146344 0.2 0.301066 -0.168853 0.0779728 0.296861 -0.174492 0.0811023 0.228816 -0.212818 0.2 -0.0113123 -0.312282 0.2 -0.140306 -0.313822 0.0832916 -0.165938 -0.264788 0.2 -0.238254 0.226194 0.141742 -0.220172 0.222662 0.2 -0.216234 0.225817 0.2 -0.253398 0.228498 0.0941399 -0.256996 0.225175 0.0946976 -0.244083 0.220944 0.143954 -0.22845 0.216941 0.2 -0.264394 0.219262 0.0958434 -0.25036 0.216173 0.146333 -0.236622 0.212318 0.2 -0.268571 0.216391 0.0964897 -0.257031 0.211944 0.148858 -0.244418 0.208711 0.2 -0.272884 0.213735 0.0971565 -0.281605 0.209215 0.098503 -0.287795 0.206624 0.0994574 -0.264031 0.208309 0.151506 -0.246465 0.207882 0.2 -0.276237 0.203675 0.156118 -0.265583 0.202252 0.2 -0.256646 0.204428 0.2 -0.270066 0.205763 0.153787 -0.282498 0.202055 0.158481 -0.271972 0.201154 0.2 -0.287226 0.201149 0.160264 -0.313323 0.200549 0.103383 -0.308133 0.201227 0.102586 -0.302974 0.202173 0.101794 -0.293074 0.204782 0.100271 -0.285925 0.200023 0.2 -0.282413 0.200146 0.2 -0.291959 0.200507 0.162049 -0.306256 0.2 0.152619 -0.323876 0.2 0.105 -0.318596 0.200137 0.104191 -0.288191 0.2 0.200064 -0.299606 0.148816 0.202412 -0.292871 0.148816 0.200608 -0.296006 0.2 0.201291 -0.303428 0.2 0.204032 -0.305925 0.148816 0.205359 -0.310164 0.2 0.208181 -0.311637 0.148816 0.209358 -0.315953 0.2 0.213573 -0.285925 0.148816 0.2 -0.316567 0.148816 0.214289 -0.320566 0.2 0.22 -0.320566 0.148816 0.22 -0.290777 0.142821 0.20032 -0.320027 0.138325 0.219859 -0.317427 0.141062 0.215679 -0.263267 0.0746264 0.201562 -0.266933 0.0705915 0.203571 -0.262 0.0698413 0.202468 -0.262 0.0763678 0.201009 -0.295862 0.142485 0.201308 -0.262 0.0621765 0.205239 -0.300861 0.142155 0.202982 -0.262504 0.0534507 0.210563 -0.264897 0.0501169 0.214952 -0.262 0.0520928 0.211333 -0.262 0.0538576 0.21 -0.31006 0.141548 0.208284 -0.26684 0.0474088 0.21979 -0.262 0.0473857 0.215696 -0.314018 0.141287 0.211772 -0.26828 0.0453433 0.22489 -0.262 0.0424192 0.222382 -0.262 0.0444426 0.219284 -0.262 0.0407297 0.225636 -0.316628 0.133348 0.215638 -0.318627 0.127835 0.219833 -0.267908 0.0793202 0.201517 -0.305637 0.14184 0.205325 -0.262 0.0889423 0.2 -0.267772 0.0958186 0.2 -0.271982 0.0926172 0.200351 -0.268139 0.0877797 0.20036 -0.263982 0.0831504 0.20037 -0.262 0.0826263 0.200242 -0.295223 0.136191 0.201304 -0.290178 0.136861 0.200319 -0.294187 0.129951 0.201305 -0.289196 0.130953 0.200319 -0.292758 0.123786 0.201311 -0.287834 0.125118 0.200321 -0.290939 0.117713 0.201321 -0.286094 0.119372 0.200323 -0.288736 0.111752 0.201336 -0.283983 0.113734 0.200327 -0.286155 0.105921 0.201355 -0.281508 0.108223 0.200331 -0.283205 0.100237 0.201379 -0.278677 0.102855 0.200337 -0.279895 0.0947181 0.201407 -0.275498 0.0976477 0.200344 -0.276234 0.0893816 0.201439 -0.272234 0.0842437 0.201476 -0.262 0.0554743 0.208893 -0.265077 0.0618045 0.206588 -0.2704 0.0667748 0.206383 -0.271755 0.0755647 0.203466 -0.2754 0.0720057 0.206194 -0.276251 0.0807747 0.203371 -0.280062 0.0774818 0.206023 -0.280407 0.0862057 0.203286 -0.284372 0.0831865 0.20587 -0.284211 0.0918413 0.203211 -0.288319 0.089103 0.205735 -0.287652 0.0976645 0.203146 -0.291889 0.0952133 0.205619 -0.29072 0.103658 0.203091 -0.295073 0.1015 0.20552 -0.293406 0.109803 0.203046 -0.297863 0.107943 0.205441 -0.295701 0.116082 0.203012 -0.300249 0.114525 0.20538 -0.2976 0.122476 0.202989 -0.302224 0.121225 0.205338 -0.299094 0.128966 0.202976 -0.303783 0.128025 0.205315 -0.300183 0.135532 0.202974 -0.304922 0.134903 0.20531 -0.315363 0.125699 0.215649 -0.316359 0.117431 0.219926 -0.313635 0.118137 0.215715 -0.314115 0.10981 0.220071 -0.311448 0.110687 0.215833 -0.311401 0.102317 0.220282 -0.308809 0.103372 0.216005 -0.307566 0.0935941 0.220617 -0.305728 0.0962141 0.216229 -0.30461 0.0878464 0.220896 -0.302214 0.089236 0.216505 -0.300557 0.0809228 0.221297 -0.298276 0.0824594 0.216833 -0.296094 0.0742523 0.221758 -0.293928 0.0759056 0.217211 -0.291207 0.067816 0.222281 -0.289182 0.0695952 0.217639 -0.285953 0.0616864 0.222859 -0.284054 0.0635478 0.218115 -0.280296 0.0558229 0.223496 -0.278559 0.0577828 0.218638 -0.274321 0.0503131 0.224183 -0.272714 0.052318 0.219207 -0.276354 0.109411 0.2 -0.271128 0.100522 0.2 -0.285741 0.143182 0.2 -0.285184 0.137554 0.2 -0.284253 0.131958 0.2 -0.282949 0.126422 0.2 -0.281283 0.120985 0.2 -0.279258 0.115657 0.2 -0.268045 0.0581201 0.210237 -0.309311 0.13432 0.208261 -0.308126 0.127152 0.208267 -0.306506 0.120067 0.208303 -0.304456 0.113084 0.208368 -0.301982 0.106224 0.208462 -0.299091 0.0995071 0.208586 -0.295793 0.0929541 0.208738 -0.292096 0.086584 0.208918 -0.28801 0.0804157 0.209127 -0.283549 0.0744677 0.209364 -0.278725 0.0687578 0.209628 -0.273552 0.0633031 0.209919 -0.313241 0.133798 0.21174 -0.312013 0.126372 0.211749 -0.310337 0.11903 0.211799 -0.308216 0.111795 0.21189 -0.305657 0.104689 0.212022 -0.302669 0.0977324 0.212195 -0.29926 0.0909469 0.212407 -0.29544 0.0843528 0.21266 -0.29122 0.0779701 0.212952 -0.286613 0.0718184 0.213282 -0.281633 0.0659161 0.213651 -0.276294 0.0602815 0.214056 -0.270612 0.0549318 0.214498 -0.262 -0.0515051 0.21 -0.262 -0.0547907 0.207555 -0.262 -0.0584331 0.205413 -0.262 -0.0629219 0.203397 -0.262 -0.0675875 0.201882 -0.262 -0.0728197 0.20076 -0.262 -0.0785799 0.200121 -0.262 -0.082551 0.2 -0.26466 -0.0710492 0.201597 -0.267923 -0.0801066 0.200543 -0.267337 -0.0681155 0.20317 -0.269872 -0.0653317 0.205263 -0.27437 -0.0740439 0.203512 -0.272271 -0.0760199 0.202232 -0.262822 -0.058945 0.20548 -0.276601 -0.0579103 0.215369 -0.279839 -0.0580675 0.219207 -0.284203 -0.0647425 0.216105 -0.282994 -0.0658931 0.213577 -0.285217 -0.0637742 0.218716 -0.274157 -0.052683 0.219736 -0.269003 -0.0510134 0.21597 -0.268202 -0.0476351 0.220301 -0.270112 -0.0780505 0.201241 -0.276379 -0.0721509 0.205068 -0.263575 -0.0841848 0.2 -0.278268 -0.0703676 0.206883 -0.272474 -0.0624696 0.208179 -0.265231 -0.0558616 0.208515 -0.262 -0.0484069 0.212922 -0.267308 -0.0531958 0.212058 -0.262 -0.0457288 0.216175 -0.262 -0.0429353 0.220898 -0.274735 -0.0599757 0.21159 -0.280014 -0.0687179 0.208928 -0.281594 -0.0672215 0.211171 -0.274511 -0.0830749 0.201228 -0.276809 -0.0811591 0.202224 -0.284661 -0.092246 0.202124 -0.286949 -0.0907672 0.203294 -0.287943 -0.098135 0.202036 -0.278944 -0.0793769 0.203451 -0.279713 -0.0954407 0.200506 -0.282203 -0.0938337 0.201173 -0.282966 -0.100927 0.200497 -0.272182 -0.0850153 0.200529 -0.28091 -0.0866033 0.202171 -0.278528 -0.0883565 0.201199 -0.280991 -0.0776663 0.204935 -0.28525 -0.0834028 0.204815 -0.283124 -0.0849712 0.203367 -0.289148 -0.0893448 0.20471 -0.292674 -0.095477 0.204619 -0.289213 -0.0804741 0.208486 -0.282966 -0.0760134 0.206702 -0.284796 -0.0744803 0.208695 -0.287305 -0.081885 0.206539 -0.293257 -0.0866824 0.208302 -0.291276 -0.0879663 0.206397 -0.296916 -0.0930891 0.208143 -0.292506 -0.0780337 0.212923 -0.286458 -0.073085 0.210883 -0.287937 -0.0718411 0.213232 -0.290952 -0.0791862 0.210625 -0.296689 -0.0844528 0.21265 -0.295067 -0.0855075 0.210397 -0.300475 -0.0910805 0.212414 -0.289222 -0.0707576 0.215704 -0.292901 -0.0732265 0.218036 -0.293862 -0.0770251 0.215345 -0.299701 -0.0833374 0.217464 -0.298112 -0.083526 0.215027 -0.303234 -0.0895185 0.217181 -0.271382 -0.093514 0.2 -0.274846 -0.0985139 0.2 -0.27799 -0.103715 0.2 -0.276115 -0.0901317 0.200517 -0.267617 -0.0887325 0.2 -0.306807 -0.10488 0.212055 -0.312376 -0.111002 0.216542 -0.309335 -0.11201 0.211933 -0.31453 -0.118446 0.21643 -0.311428 -0.119267 0.211849 -0.309768 -0.10368 0.216704 -0.303851 -0.0978967 0.212216 -0.306717 -0.0965086 0.216918 -0.288389 -0.112365 0.200482 -0.290546 -0.11828 0.200477 -0.284135 -0.116921 0.2 -0.292324 -0.124305 0.200474 -0.286935 -0.125724 0.2 -0.281321 -0.110206 0.2 -0.28586 -0.106575 0.200489 -0.295855 -0.116511 0.201955 -0.297717 -0.122885 0.201941 -0.293602 -0.110251 0.201975 -0.290962 -0.10412 0.202002 -0.300914 -0.114824 0.204433 -0.302857 -0.12153 0.204401 -0.298564 -0.108235 0.20448 -0.295816 -0.101781 0.204542 -0.305474 -0.113301 0.207819 -0.307495 -0.120306 0.207762 -0.303032 -0.106418 0.207901 -0.300178 -0.0996746 0.208009 -0.295333 -0.142846 0.200473 -0.296828 -0.149123 0.200721 -0.289967 -0.149123 0.2 -0.31449 -0.149123 0.210919 -0.315038 -0.141577 0.21183 -0.318546 -0.149123 0.2165 -0.300894 -0.142487 0.201937 -0.303389 -0.149123 0.202853 -0.306194 -0.142145 0.204394 -0.309364 -0.149123 0.206302 -0.310979 -0.141837 0.20775 -0.318246 -0.141434 0.216406 -0.314283 -0.134072 0.211798 -0.317479 -0.133735 0.216362 -0.313079 -0.126628 0.211804 -0.31624 -0.126062 0.21637 -0.289779 -0.143241 0.2 -0.289212 -0.137363 0.2 -0.29472 -0.136606 0.200472 -0.288264 -0.131515 0.2 -0.293717 -0.130421 0.200472 -0.300239 -0.135891 0.201932 -0.29918 -0.129352 0.201933 -0.3055 -0.13521 0.204381 -0.304387 -0.128332 0.204384 -0.310251 -0.134594 0.207728 -0.309089 -0.127411 0.207732 -0.296828 -0.2 0.200721 -0.289967 -0.2 0.2 -0.303389 -0.2 0.202853 -0.309364 -0.2 0.206302 -0.31449 -0.2 0.210919 -0.318546 -0.2 0.2165 -0.318569 -0.200139 0.104187 -0.301372 -0.2 0.16559 -0.323876 -0.2 0.105 -0.29257 -0.204944 0.100193 -0.28465 -0.20788 0.0989726 -0.270066 -0.205763 0.153787 -0.280162 -0.20989 0.0982804 -0.271516 -0.214546 0.096945 -0.257031 -0.211944 0.148858 -0.25036 -0.216173 0.146333 -0.220749 -0.222224 0.2 -0.238254 -0.226194 0.141742 -0.213327 -0.228354 0.2 -0.282685 -0.208728 0.0986697 -0.313254 -0.200557 0.103372 -0.291959 -0.200507 0.162049 -0.277722 -0.20048 0.2 -0.288216 -0.2 0.2 -0.287226 -0.201149 0.160264 -0.282498 -0.202055 0.158481 -0.267352 -0.20191 0.2 -0.276237 -0.203675 0.156118 -0.26159 -0.20313 0.2 -0.255889 -0.204649 0.2 -0.264031 -0.208309 0.151506 -0.247572 -0.207453 0.2 -0.240105 -0.210615 0.2 -0.231319 -0.215212 0.2 -0.244083 -0.220944 0.143954 -0.225937 -0.218558 0.2 -0.313191 -0.200563 0.103362 -0.307982 -0.20125 0.102563 -0.302787 -0.202212 0.101765 -0.297634 -0.203447 0.100972 -0.25402 -0.2279 0.0942362 -0.259513 -0.223033 0.0950877 -0.26424 -0.219374 0.0958195 0.199437 0 0.200627 0.198756 -0.0164694 0.200627 0.205 0 0.2 0.20422 -0.0178669 0.2 -0.20422 -0.0178669 0.2 -0.198756 -0.0164694 0.200627 -0.205 0 0.2 -0.199437 0 0.200627 -0.18001 -0.014916 0.219437 -0.179232 -0.0166083 0.225 -0.18 0 0.225 0.179232 -0.0166083 0.225 0.18001 -0.014916 0.219437 0.18 0 0.225 -0.178163 -0.0297302 0.219437 -0.176935 -0.0330749 0.225 -0.201886 -0.0355979 0.2 -0.196717 -0.0328262 0.200627 -0.1751 -0.0443413 0.219437 -0.173129 -0.0492593 0.225 -0.198015 -0.0530579 0.2 -0.193334 -0.0489589 0.200627 -0.17084 -0.0586494 0.219437 -0.167845 -0.0650235 0.225 -0.192637 -0.0701141 0.2 -0.188631 -0.0647571 0.200627 -0.165413 -0.072557 0.219437 -0.161129 -0.0802329 0.225 -0.185793 -0.0866367 0.2 -0.182639 -0.0801129 0.200627 -0.158856 -0.0859689 0.219437 -0.153039 -0.0947578 0.225 -0.177535 -0.1025 0.2 -0.1754 -0.0949215 0.200627 -0.151215 -0.0987935 0.219437 -0.143643 -0.108474 0.225 -0.167926 -0.117583 0.2 -0.166962 -0.109082 0.200627 -0.14254 -0.110943 0.219437 -0.133022 -0.121265 0.225 -0.157039 -0.131772 0.2 -0.157384 -0.122497 0.200627 -0.144957 -0.144957 0.2 -0.146731 -0.135075 0.200627 -0.122335 -0.132892 0.219437 -0.121265 -0.133022 0.225 -0.131772 -0.157039 0.2 -0.135075 -0.146731 0.200627 -0.110943 -0.14254 0.219437 -0.108474 -0.143643 0.225 -0.117583 -0.167926 0.2 -0.122497 -0.157384 0.200627 -0.0987935 -0.151215 0.219437 -0.0947578 -0.153039 0.225 -0.1025 -0.177535 0.2 -0.109082 -0.166962 0.200627 -0.0859689 -0.158856 0.219437 -0.0802329 -0.161129 0.225 -0.0866367 -0.185793 0.2 -0.0949215 -0.1754 0.200627 -0.072557 -0.165413 0.219437 -0.0650235 -0.167845 0.225 -0.0701141 -0.192637 0.2 -0.0801129 -0.182639 0.200627 -0.0586494 -0.17084 0.219437 -0.0492593 -0.173129 0.225 -0.0530579 -0.198015 0.2 -0.0647571 -0.188631 0.200627 -0.0443413 -0.1751 0.219437 -0.0330749 -0.176935 0.225 -0.0355979 -0.201886 0.2 -0.0489589 -0.193334 0.200627 -0.0297302 -0.178163 0.219437 -0.0166083 -0.179232 0.225 -0.0178669 -0.20422 0.2 -0.0328262 -0.196717 0.200627 -0.014916 -0.18001 0.219437 0 -0.18 0.225 0 -0.205 0.2 -0.0164694 -0.198756 0.200627 0.014916 -0.18001 0.219437 0.0166083 -0.179232 0.225 0.0178669 -0.20422 0.2 0.0164694 -0.198756 0.200627 0 -0.199437 0.200627 0.0297302 -0.178163 0.219437 0.0330749 -0.176935 0.225 0.0355979 -0.201886 0.2 0.0328262 -0.196717 0.200627 0.0443413 -0.1751 0.219437 0.0492593 -0.173129 0.225 0.0530579 -0.198015 0.2 0.0489589 -0.193334 0.200627 0.0586494 -0.17084 0.219437 0.0650235 -0.167845 0.225 0.0701141 -0.192637 0.2 0.0647571 -0.188631 0.200627 0.072557 -0.165413 0.219437 0.0802329 -0.161129 0.225 0.0866367 -0.185793 0.2 0.0801129 -0.182639 0.200627 0.0859689 -0.158856 0.219437 0.0947578 -0.153039 0.225 0.1025 -0.177535 0.2 0.0949215 -0.1754 0.200627 0.0987935 -0.151215 0.219437 0.108474 -0.143643 0.225 0.117583 -0.167926 0.2 0.109082 -0.166962 0.200627 0.110943 -0.14254 0.219437 0.121265 -0.133022 0.225 0.131772 -0.157039 0.2 0.122497 -0.157384 0.200627 0.144957 -0.144957 0.2 0.135075 -0.146731 0.200627 0.132892 -0.122335 0.219437 0.133022 -0.121265 0.225 0.157039 -0.131772 0.2 0.146731 -0.135075 0.200627 0.14254 -0.110943 0.219437 0.143643 -0.108474 0.225 0.167926 -0.117583 0.2 0.157384 -0.122497 0.200627 0.151215 -0.0987935 0.219437 0.153039 -0.0947578 0.225 0.177535 -0.1025 0.2 0.166962 -0.109082 0.200627 0.158856 -0.0859689 0.219437 0.161129 -0.0802329 0.225 0.185793 -0.0866367 0.2 0.1754 -0.0949215 0.200627 0.165413 -0.072557 0.219437 0.167845 -0.0650235 0.225 0.192637 -0.0701141 0.2 0.182639 -0.0801129 0.200627 0.17084 -0.0586494 0.219437 0.173129 -0.0492593 0.225 0.198015 -0.0530579 0.2 0.188631 -0.0647571 0.200627 0.1751 -0.0443413 0.219437 0.176935 -0.0330749 0.225 0.201886 -0.0355979 0.2 0.193334 -0.0489589 0.200627 0.178163 -0.0297302 0.219437 0.196717 -0.0328262 0.200627 0.180627 0 0.219437 0.181853 -0.0150687 0.214153 0.182476 0 0.214153 0.184821 -0.0153147 0.209413 0.185454 0 0.209413 0.188766 -0.0156416 0.205454 0.189413 0 0.205454 0.19349 -0.016033 0.202476 0.194153 0 0.202476 -0.180627 0 0.219437 -0.182476 0 0.214153 -0.181853 -0.0150687 0.214153 -0.185454 0 0.209413 -0.184821 -0.0153147 0.209413 -0.189413 0 0.205454 -0.188766 -0.0156416 0.205454 -0.194153 0 0.202476 -0.19349 -0.016033 0.202476 -0.179987 -0.0300345 0.214153 -0.182925 -0.0305248 0.209413 -0.186829 -0.0311763 0.205454 -0.191505 -0.0319565 0.202476 -0.176892 -0.0447952 0.214153 -0.179779 -0.0455263 0.209413 -0.183617 -0.0464981 0.205454 -0.188212 -0.0476617 0.202476 -0.172589 -0.0592498 0.214153 -0.175406 -0.0602169 0.209413 -0.17915 -0.0615022 0.205454 -0.183633 -0.0630414 0.202476 -0.167106 -0.0732997 0.214153 -0.169834 -0.0744961 0.209413 -0.173459 -0.0760862 0.205454 -0.1778 -0.0779903 0.202476 -0.160483 -0.0868489 0.214153 -0.163102 -0.0882664 0.209413 -0.166584 -0.0901505 0.205454 -0.170752 -0.0924066 0.202476 -0.152763 -0.0998048 0.214153 -0.155256 -0.101434 0.209413 -0.15857 -0.103599 0.205454 -0.162538 -0.106192 0.202476 -0.143999 -0.112079 0.214153 -0.146349 -0.113908 0.209413 -0.149473 -0.11634 0.205454 -0.153214 -0.119251 0.202476 -0.132892 -0.122335 0.219437 -0.134252 -0.123587 0.214153 -0.136443 -0.125605 0.209413 -0.139355 -0.128286 0.205454 -0.142843 -0.131496 0.202476 -0.123587 -0.134252 0.214153 -0.125605 -0.136443 0.209413 -0.128286 -0.139355 0.205454 -0.131496 -0.142843 0.202476 -0.112079 -0.143999 0.214153 -0.113908 -0.146349 0.209413 -0.11634 -0.149473 0.205454 -0.119251 -0.153214 0.202476 -0.0998048 -0.152763 0.214153 -0.101434 -0.155256 0.209413 -0.103599 -0.15857 0.205454 -0.106192 -0.162538 0.202476 -0.0868489 -0.160483 0.214153 -0.0882664 -0.163102 0.209413 -0.0901505 -0.166584 0.205454 -0.0924066 -0.170752 0.202476 -0.0732997 -0.167106 0.214153 -0.0744961 -0.169834 0.209413 -0.0760862 -0.173459 0.205454 -0.0779903 -0.1778 0.202476 -0.0592498 -0.172589 0.214153 -0.0602169 -0.175406 0.209413 -0.0615022 -0.17915 0.205454 -0.0630414 -0.183633 0.202476 -0.0447952 -0.176892 0.214153 -0.0455263 -0.179779 0.209413 -0.0464981 -0.183617 0.205454 -0.0476617 -0.188212 0.202476 -0.0300345 -0.179987 0.214153 -0.0305248 -0.182925 0.209413 -0.0311763 -0.186829 0.205454 -0.0319565 -0.191505 0.202476 -0.0150687 -0.181853 0.214153 -0.0153147 -0.184821 0.209413 -0.0156416 -0.188766 0.205454 -0.016033 -0.19349 0.202476 0 -0.180627 0.219437 0 -0.182476 0.214153 0 -0.185454 0.209413 0 -0.189413 0.205454 0 -0.194153 0.202476 0.0150687 -0.181853 0.214153 0.0153147 -0.184821 0.209413 0.0156416 -0.188766 0.205454 0.016033 -0.19349 0.202476 0.0300345 -0.179987 0.214153 0.0305248 -0.182925 0.209413 0.0311763 -0.186829 0.205454 0.0319565 -0.191505 0.202476 0.0447952 -0.176892 0.214153 0.0455263 -0.179779 0.209413 0.0464981 -0.183617 0.205454 0.0476617 -0.188212 0.202476 0.0592498 -0.172589 0.214153 0.0602169 -0.175406 0.209413 0.0615022 -0.17915 0.205454 0.0630414 -0.183633 0.202476 0.0732997 -0.167106 0.214153 0.0744961 -0.169834 0.209413 0.0760862 -0.173459 0.205454 0.0779903 -0.1778 0.202476 0.0868489 -0.160483 0.214153 0.0882664 -0.163102 0.209413 0.0901505 -0.166584 0.205454 0.0924066 -0.170752 0.202476 0.0998048 -0.152763 0.214153 0.101434 -0.155256 0.209413 0.103599 -0.15857 0.205454 0.106192 -0.162538 0.202476 0.112079 -0.143999 0.214153 0.113908 -0.146349 0.209413 0.11634 -0.149473 0.205454 0.119251 -0.153214 0.202476 0.122335 -0.132892 0.219437 0.123587 -0.134252 0.214153 0.125605 -0.136443 0.209413 0.128286 -0.139355 0.205454 0.131496 -0.142843 0.202476 0.134252 -0.123587 0.214153 0.136443 -0.125605 0.209413 0.139355 -0.128286 0.205454 0.142843 -0.131496 0.202476 0.143999 -0.112079 0.214153 0.146349 -0.113908 0.209413 0.149473 -0.11634 0.205454 0.153214 -0.119251 0.202476 0.152763 -0.0998048 0.214153 0.155256 -0.101434 0.209413 0.15857 -0.103599 0.205454 0.162538 -0.106192 0.202476 0.160483 -0.0868489 0.214153 0.163102 -0.0882664 0.209413 0.166584 -0.0901505 0.205454 0.170752 -0.0924066 0.202476 0.167106 -0.0732997 0.214153 0.169834 -0.0744961 0.209413 0.173459 -0.0760862 0.205454 0.1778 -0.0779903 0.202476 0.172589 -0.0592498 0.214153 0.175406 -0.0602169 0.209413 0.17915 -0.0615022 0.205454 0.183633 -0.0630414 0.202476 0.176892 -0.0447952 0.214153 0.179779 -0.0455263 0.209413 0.183617 -0.0464981 0.205454 0.188212 -0.0476617 0.202476 0.179987 -0.0300345 0.214153 0.182925 -0.0305248 0.209413 0.186829 -0.0311763 0.205454 0.191505 -0.0319565 0.202476 0.20422 0.0178669 0.2 0.198756 0.0164694 0.200627 0.18001 0.014916 0.219437 0.179232 0.0166083 0.225 -0.179232 0.0166083 0.225 -0.18001 0.014916 0.219437 -0.198756 0.0164694 0.200627 -0.20422 0.0178669 0.2 0.178163 0.0297302 0.219437 0.176935 0.0330749 0.225 0.201886 0.0355979 0.2 0.196717 0.0328262 0.200627 0.1751 0.0443413 0.219437 0.173129 0.0492593 0.225 0.198015 0.0530579 0.2 0.193334 0.0489589 0.200627 0.17084 0.0586494 0.219437 0.167845 0.0650235 0.225 0.192637 0.0701141 0.2 0.188631 0.0647571 0.200627 0.165413 0.072557 0.219437 0.161129 0.0802329 0.225 0.185793 0.0866367 0.2 0.182639 0.0801129 0.200627 0.158856 0.0859689 0.219437 0.153039 0.0947578 0.225 0.177535 0.1025 0.2 0.1754 0.0949215 0.200627 0.151215 0.0987935 0.219437 0.143643 0.108474 0.225 0.167926 0.117583 0.2 0.166962 0.109082 0.200627 0.14254 0.110943 0.219437 0.133022 0.121265 0.225 0.157039 0.131772 0.2 0.157384 0.122497 0.200627 0.144957 0.144957 0.2 0.146731 0.135075 0.200627 0.122335 0.132892 0.219437 0.121265 0.133022 0.225 0.131772 0.157039 0.2 0.135075 0.146731 0.200627 0.110943 0.14254 0.219437 0.108474 0.143643 0.225 0.117583 0.167926 0.2 0.122497 0.157384 0.200627 0.0987935 0.151215 0.219437 0.0947578 0.153039 0.225 0.1025 0.177535 0.2 0.109082 0.166962 0.200627 0.0859689 0.158856 0.219437 0.0802329 0.161129 0.225 0.0866367 0.185793 0.2 0.0949215 0.1754 0.200627 0.072557 0.165413 0.219437 0.0650235 0.167845 0.225 0.0701141 0.192637 0.2 0.0801129 0.182639 0.200627 0.0586494 0.17084 0.219437 0.0492593 0.173129 0.225 0.0530579 0.198015 0.2 0.0647571 0.188631 0.200627 0.0443413 0.1751 0.219437 0.0330749 0.176935 0.225 0.0355979 0.201886 0.2 0.0489589 0.193334 0.200627 0.0297302 0.178163 0.219437 0.0166083 0.179232 0.225 0.0178669 0.20422 0.2 0.0328262 0.196717 0.200627 0.014916 0.18001 0.219437 0 0.18 0.225 0 0.205 0.2 0.0164694 0.198756 0.200627 -0.014916 0.18001 0.219437 -0.0166083 0.179232 0.225 -0.0178669 0.20422 0.2 -0.0164694 0.198756 0.200627 0 0.199437 0.200627 -0.0297302 0.178163 0.219437 -0.0330749 0.176935 0.225 -0.0355979 0.201886 0.2 -0.0328262 0.196717 0.200627 -0.0443413 0.1751 0.219437 -0.0492593 0.173129 0.225 -0.0530579 0.198015 0.2 -0.0489589 0.193334 0.200627 -0.0586494 0.17084 0.219437 -0.0650235 0.167845 0.225 -0.0701141 0.192637 0.2 -0.0647571 0.188631 0.200627 -0.072557 0.165413 0.219437 -0.0802329 0.161129 0.225 -0.0866367 0.185793 0.2 -0.0801129 0.182639 0.200627 -0.0859689 0.158856 0.219437 -0.0947578 0.153039 0.225 -0.1025 0.177535 0.2 -0.0949215 0.1754 0.200627 -0.0987935 0.151215 0.219437 -0.108474 0.143643 0.225 -0.117583 0.167926 0.2 -0.109082 0.166962 0.200627 -0.110943 0.14254 0.219437 -0.121265 0.133022 0.225 -0.131772 0.157039 0.2 -0.122497 0.157384 0.200627 -0.144957 0.144957 0.2 -0.135075 0.146731 0.200627 -0.132892 0.122335 0.219437 -0.133022 0.121265 0.225 -0.157039 0.131772 0.2 -0.146731 0.135075 0.200627 -0.14254 0.110943 0.219437 -0.143643 0.108474 0.225 -0.167926 0.117583 0.2 -0.157384 0.122497 0.200627 -0.151215 0.0987935 0.219437 -0.153039 0.0947578 0.225 -0.177535 0.1025 0.2 -0.166962 0.109082 0.200627 -0.158856 0.0859689 0.219437 -0.161129 0.0802329 0.225 -0.185793 0.0866367 0.2 -0.1754 0.0949215 0.200627 -0.165413 0.072557 0.219437 -0.167845 0.0650235 0.225 -0.192637 0.0701141 0.2 -0.182639 0.0801129 0.200627 -0.17084 0.0586494 0.219437 -0.173129 0.0492593 0.225 -0.198015 0.0530579 0.2 -0.188631 0.0647571 0.200627 -0.1751 0.0443413 0.219437 -0.176935 0.0330749 0.225 -0.201886 0.0355979 0.2 -0.193334 0.0489589 0.200627 -0.178163 0.0297302 0.219437 -0.196717 0.0328262 0.200627 -0.181853 0.0150687 0.214153 -0.184821 0.0153147 0.209413 -0.188766 0.0156416 0.205454 -0.19349 0.016033 0.202476 0.181853 0.0150687 0.214153 0.184821 0.0153147 0.209413 0.188766 0.0156416 0.205454 0.19349 0.016033 0.202476 0.179987 0.0300345 0.214153 0.182925 0.0305248 0.209413 0.186829 0.0311763 0.205454 0.191505 0.0319565 0.202476 0.176892 0.0447952 0.214153 0.179779 0.0455263 0.209413 0.183617 0.0464981 0.205454 0.188212 0.0476617 0.202476 0.172589 0.0592498 0.214153 0.175406 0.0602169 0.209413 0.17915 0.0615022 0.205454 0.183633 0.0630414 0.202476 0.167106 0.0732997 0.214153 0.169834 0.0744961 0.209413 0.173459 0.0760862 0.205454 0.1778 0.0779903 0.202476 0.160483 0.0868489 0.214153 0.163102 0.0882664 0.209413 0.166584 0.0901505 0.205454 0.170752 0.0924066 0.202476 0.152763 0.0998048 0.214153 0.155256 0.101434 0.209413 0.15857 0.103599 0.205454 0.162538 0.106192 0.202476 0.143999 0.112079 0.214153 0.146349 0.113908 0.209413 0.149473 0.11634 0.205454 0.153214 0.119251 0.202476 0.132892 0.122335 0.219437 0.134252 0.123587 0.214153 0.136443 0.125605 0.209413 0.139355 0.128286 0.205454 0.142843 0.131496 0.202476 0.123587 0.134252 0.214153 0.125605 0.136443 0.209413 0.128286 0.139355 0.205454 0.131496 0.142843 0.202476 0.112079 0.143999 0.214153 0.113908 0.146349 0.209413 0.11634 0.149473 0.205454 0.119251 0.153214 0.202476 0.0998048 0.152763 0.214153 0.101434 0.155256 0.209413 0.103599 0.15857 0.205454 0.106192 0.162538 0.202476 0.0868489 0.160483 0.214153 0.0882664 0.163102 0.209413 0.0901505 0.166584 0.205454 0.0924066 0.170752 0.202476 0.0732997 0.167106 0.214153 0.0744961 0.169834 0.209413 0.0760862 0.173459 0.205454 0.0779903 0.1778 0.202476 0.0592498 0.172589 0.214153 0.0602169 0.175406 0.209413 0.0615022 0.17915 0.205454 0.0630414 0.183633 0.202476 0.0447952 0.176892 0.214153 0.0455263 0.179779 0.209413 0.0464981 0.183617 0.205454 0.0476617 0.188212 0.202476 0.0300345 0.179987 0.214153 0.0305248 0.182925 0.209413 0.0311763 0.186829 0.205454 0.0319565 0.191505 0.202476 0.0150687 0.181853 0.214153 0.0153147 0.184821 0.209413 0.0156416 0.188766 0.205454 0.016033 0.19349 0.202476 0 0.180627 0.219437 0 0.182476 0.214153 0 0.185454 0.209413 0 0.189413 0.205454 0 0.194153 0.202476 -0.0150687 0.181853 0.214153 -0.0153147 0.184821 0.209413 -0.0156416 0.188766 0.205454 -0.016033 0.19349 0.202476 -0.0300345 0.179987 0.214153 -0.0305248 0.182925 0.209413 -0.0311763 0.186829 0.205454 -0.0319565 0.191505 0.202476 -0.0447952 0.176892 0.214153 -0.0455263 0.179779 0.209413 -0.0464981 0.183617 0.205454 -0.0476617 0.188212 0.202476 -0.0592498 0.172589 0.214153 -0.0602169 0.175406 0.209413 -0.0615022 0.17915 0.205454 -0.0630414 0.183633 0.202476 -0.0732997 0.167106 0.214153 -0.0744961 0.169834 0.209413 -0.0760862 0.173459 0.205454 -0.0779903 0.1778 0.202476 -0.0868489 0.160483 0.214153 -0.0882664 0.163102 0.209413 -0.0901505 0.166584 0.205454 -0.0924066 0.170752 0.202476 -0.0998048 0.152763 0.214153 -0.101434 0.155256 0.209413 -0.103599 0.15857 0.205454 -0.106192 0.162538 0.202476 -0.112079 0.143999 0.214153 -0.113908 0.146349 0.209413 -0.11634 0.149473 0.205454 -0.119251 0.153214 0.202476 -0.122335 0.132892 0.219437 -0.123587 0.134252 0.214153 -0.125605 0.136443 0.209413 -0.128286 0.139355 0.205454 -0.131496 0.142843 0.202476 -0.134252 0.123587 0.214153 -0.136443 0.125605 0.209413 -0.139355 0.128286 0.205454 -0.142843 0.131496 0.202476 -0.143999 0.112079 0.214153 -0.146349 0.113908 0.209413 -0.149473 0.11634 0.205454 -0.153214 0.119251 0.202476 -0.152763 0.0998048 0.214153 -0.155256 0.101434 0.209413 -0.15857 0.103599 0.205454 -0.162538 0.106192 0.202476 -0.160483 0.0868489 0.214153 -0.163102 0.0882664 0.209413 -0.166584 0.0901505 0.205454 -0.170752 0.0924066 0.202476 -0.167106 0.0732997 0.214153 -0.169834 0.0744961 0.209413 -0.173459 0.0760862 0.205454 -0.1778 0.0779903 0.202476 -0.172589 0.0592498 0.214153 -0.175406 0.0602169 0.209413 -0.17915 0.0615022 0.205454 -0.183633 0.0630414 0.202476 -0.176892 0.0447952 0.214153 -0.179779 0.0455263 0.209413 -0.183617 0.0464981 0.205454 -0.188212 0.0476617 0.202476 -0.179987 0.0300345 0.214153 -0.182925 0.0305248 0.209413 -0.186829 0.0311763 0.205454 -0.191505 0.0319565 0.202476 -0.311058 -0.22423 0.0589648 -0.31069 -0.226612 0.064425 -0.311996 -0.220639 0.0676988 -0.312579 -0.219022 0.0589648 -0.318405 -0.209705 0.0589648 -0.317399 -0.210858 0.0759408 -0.318725 -0.209362 0.0777008 -0.311143 -0.236186 0.0589648 -0.312156 -0.239835 0.0589648 -0.31143 -0.23742 0.060845 -0.313526 -0.243134 0.0589648 -0.313526 -0.243134 0.0600808 -0.310503 -0.229452 0.0589648 -0.310639 -0.232901 0.0589648 -0.310538 -0.231542 0.0624424 -0.314127 -0.215697 0.0712988 -0.314658 -0.214758 0.0720981 -0.315062 -0.214094 0.0589648 -0.327328 -0.203045 0.0887273 -0.326873 -0.203272 0.0589648 -0.323876 -0.205026 0.0843343 -0.322422 -0.206058 0.0589648 -0.3212 -0.207031 0.0809032 -0.336932 -0.200213 0.0589648 -0.333207 -0.200899 0.0589648 -0.336079 -0.200327 0.099583 -0.330034 -0.201884 0.0589648 -0.330903 -0.201576 0.0931953 -0.340498 -0.2 0.0589648 -0.340498 -0.2 0.105 -0.323876 -0.202257 0.0909261 -0.323876 -0.200568 0.0978731 -0.346083 -0.2 0.244344 -0.346692 -0.190521 0.244467 -0.349385 -0.186771 0.244856 -0.35232 -0.191327 0.245 -0.35232 -0.2 0.245 -0.350122 -0.185056 0.244919 -0.343122 -0.193202 0.243555 -0.340118 -0.2 0.242406 -0.339901 -0.194485 0.242308 -0.335685 -0.194997 0.239965 -0.334687 -0.2 0.23927 -0.333164 -0.19473 0.238087 -0.331509 -0.194312 0.236608 -0.330026 -0.2 0.235074 -0.329168 -0.193354 0.234077 -0.32634 -0.2 0.23 -0.32634 -0.191475 0.23 -0.1833 0.330613 0.01 -0.172159 0.327278 0.01 -0.182877 0.330459 0.01 -0.177797 0.327856 0.01 -0.168331 0.314011 0.01 -0.170293 0.319371 0.01 -0.160707 0.325258 0.01 -0.167749 0.308333 0.01 -0.168331 -0.314011 0.01 -0.160707 -0.325258 0.01 -0.170293 -0.319371 0.01 -0.167749 -0.308333 0.01 0.203013 0.303517 0.01 0.199516 0.299747 0.01 0.200248 0.308813 0.01 0.207355 0.306271 0.01 0.211006 0.310589 0.01 0.221506 0.313525 0.01 0.231623 0.317587 0.01 0.207355 -0.306271 0.01 0.231623 -0.317587 0.01 0.221506 -0.313525 0.01 0.211006 -0.310589 0.01 0.200248 -0.308813 0.01 0.203013 -0.303517 0.01 -0.296367 0.220791 0.01 -0.292691 0.216691 0.01 -0.292691 -0.216691 0.01 -0.296367 -0.220791 0.01 -0.311383 -0.230393 0.01 -0.31136 0.232136 0.01 -0.311521 0.234822 0.01 -0.312207 0.238778 0.01 -0.313418 0.242625 0.01 -0.314778 0.245617 0.01 -0.317968 0.251274 0.01 -0.321518 0.256711 0.01 0.306271 -0.207355 0.01 0.303905 -0.203494 0.01 0.303905 0.203494 0.01 0.306271 0.207355 0.01 0.308405 0.183246 0.01 0.308405 -0.183246 0.01 0.308418 -0.195677 0.01 0.309972 -0.208009 0.01 0.313045 -0.220053 0.01 0.317587 -0.231623 0.01 0.189362 -0.308218 0.01 0.195913 -0.290206 0.01 0.197096 -0.29521 0.01 0.199516 -0.299747 0.01 -0.321518 -0.256711 0.01 -0.317968 -0.251274 0.01 -0.314778 -0.245617 0.01 -0.31339 -0.242554 0.01 -0.312356 -0.239365 0.01 -0.311634 -0.23575 0.01 -0.172159 -0.327278 0.01 -0.1833 -0.330613 0.01 -0.182877 -0.330459 0.01 -0.177797 -0.327856 0.01 -0.173515 -0.324083 0.01 0.317587 0.231623 0.01 0.313045 0.220053 0.01 0.309972 0.208009 0.01 0.308418 0.195677 0.01 -0.173515 0.324083 0.01 -0.345508 -0.200675 0.01 -0.351376 -0.200184 0.01 -0.346484 0.200572 0.01 -0.357798 -0.2 0.01 -0.357798 0.2 0.01 -0.431437 -0.2 0.01 -0.431437 0.2 0.01 -0.335287 0.202283 0.01 -0.335287 -0.202283 0.01 -0.340878 0.201283 0.01 -0.321456 -0.209199 0.01 -0.323539 -0.207514 0.01 -0.322158 0.208596 0.01 -0.325758 -0.206024 0.01 -0.325404 0.206244 0.01 -0.3281 -0.204741 0.01 -0.328938 0.204346 0.01 -0.331807 -0.203219 0.01 -0.332049 0.203138 0.01 -0.311565 0.228131 0.01 -0.312087 -0.225076 0.01 -0.312666 0.222889 0.01 -0.313525 -0.220454 0.01 -0.313086 0.221614 0.01 -0.314869 -0.217564 0.01 -0.315365 0.216668 0.01 -0.316696 -0.214564 0.01 -0.317532 0.213416 0.01 -0.318818 -0.211848 0.01 -0.319256 0.21136 0.01 0.0217026 0.349326 0.01 0 -0.35 0.01 0 0.35 0.01 -0.0236218 -0.349202 0.01 -0.0236218 0.349202 0.01 -0.0471359 -0.346812 0.01 -0.0471359 0.346812 0.01 -0.070435 -0.34284 0.01 -0.070435 0.34284 0.01 -0.0934129 -0.337304 0.01 -0.0934129 0.337304 0.01 -0.115965 -0.330231 0.01 -0.115965 0.330231 0.01 -0.126773 -0.327106 0.01 -0.126773 0.327106 0.01 -0.137864 -0.325215 0.01 -0.137864 0.325215 0.01 -0.149098 -0.324582 0.01 -0.149098 0.324582 0.01 -0.168584 -0.302687 0.01 -0.168584 0.302687 0.01 -0.170783 -0.297419 0.01 -0.170783 0.297419 0.01 -0.174211 -0.292856 0.01 -0.174211 0.292856 0.01 -0.178658 -0.289277 0.01 -0.178658 0.289277 0.01 -0.19663 -0.277375 0.01 -0.19663 0.277375 0.01 -0.213812 -0.264357 0.01 -0.213812 0.264357 0.01 -0.230134 -0.250276 0.01 -0.230134 0.250276 0.01 -0.245531 -0.23519 0.01 -0.245531 0.23519 0.01 -0.259942 -0.219158 0.01 -0.259942 0.219158 0.01 -0.263557 -0.215712 0.01 -0.263557 0.215712 0.01 -0.26783 -0.213127 0.01 -0.26783 0.213127 0.01 -0.272561 -0.211526 0.01 -0.272561 0.211526 0.01 -0.277526 -0.210984 0.01 -0.277526 0.210984 0.01 -0.282993 -0.211643 0.01 -0.282993 0.211643 0.01 -0.288146 -0.213582 0.01 -0.288146 0.213582 0.01 0.0217026 -0.349326 0.01 0.0433217 0.347309 0.01 0.0433217 -0.347309 0.01 0.0647741 0.343954 0.01 0.0647741 -0.343954 0.01 0.0859771 0.339276 0.01 0.0859771 -0.339276 0.01 0.106849 0.333292 0.01 0.106849 -0.333292 0.01 0.12731 0.326025 0.01 0.12731 -0.326025 0.01 0.147281 0.317503 0.01 0.147281 -0.317503 0.01 0.15736 0.313477 0.01 0.15736 -0.313477 0.01 0.167815 0.310567 0.01 0.167815 -0.310567 0.01 0.178525 0.308807 0.01 0.178525 -0.308807 0.01 0.189362 0.308218 0.01 0.195913 0.290206 0.01 0.196045 0.285066 0.01 0.196045 -0.285066 0.01 0.197483 0.280129 0.01 0.197483 -0.280129 0.01 0.200133 0.275722 0.01 0.200133 -0.275722 0.01 0.203818 0.272137 0.01 0.203818 -0.272137 0.01 0.218997 0.260078 0.01 0.218997 -0.260078 0.01 0.233464 0.247173 0.01 0.233464 -0.247173 0.01 0.247173 0.233464 0.01 0.247173 -0.233464 0.01 0.260078 0.218997 0.01 0.260078 -0.218997 0.01 0.272137 0.203818 0.01 0.272137 -0.203818 0.01 0.275322 0.200458 0.01 0.275322 -0.200458 0.01 0.279194 0.197921 0.01 0.279194 -0.197921 0.01 0.283546 0.196343 0.01 0.283546 -0.196343 0.01 0.288145 0.195807 0.01 0.288145 -0.195807 0.01 0.292644 0.19632 0.01 0.292644 -0.19632 0.01 0.296912 0.197831 0.01 0.296912 -0.197831 0.01 0.300731 0.200264 0.01 0.300731 -0.200264 0.01 0.326629 0.125753 0.01 0.317503 -0.147281 0.01 0.317503 0.147281 0.01 0.312984 -0.158861 0.01 0.312984 0.158861 0.01 0.309935 -0.170911 0.01 0.309935 0.170911 0.01 0.326629 -0.125753 0.01 0.334296 0.103663 0.01 0.334296 -0.103663 0.01 0.340472 0.0811105 0.01 0.340472 -0.0811105 0.01 0.345128 0.0581961 0.01 0.345128 -0.0581961 0.01 0.348243 0.0350219 0.01 0.348243 -0.0350219 0.01 0.349805 0.0116913 0.01 0.349805 -0.0116913 0.01 0.197096 0.29521 0.01 -0.336322 -0.201359 0.0215872 -0.337477 -0.200662 0.0331599 -0.338552 -0.200259 0.0429738 -0.198837 -0.192306 0.207 -0.19957 -0.194073 0.207 -0.173988 -0.183924 0.207 -0.203837 -0.192306 0.207 -0.203105 -0.190538 0.207 -0.223321 -0.190267 0.207 -0.208102 -0.210101 0.207 -0.201337 -0.194806 0.207 -0.203105 -0.194073 0.207 -0.189207 -0.164091 0.207 -0.201337 -0.189806 0.207 -0.19957 -0.190538 0.207 -0.20747 -0.14029 0.207 -0.222689 -0.120456 0.207 -0.235363 -0.144705 0.207 -0.236095 -0.146472 0.207 -0.237863 -0.147205 0.207 -0.266971 -0.185947 0.207 -0.28219 -0.166113 0.207 -0.239631 -0.146472 0.207 -0.240363 -0.144705 0.207 -0.239631 -0.142937 0.207 -0.237863 -0.142205 0.207 -0.236095 -0.142937 0.207 -0.294683 -0.0587012 0.240456 -0.302374 -0.0697266 0.236982 -0.262 -0.0373063 0.233367 -0.276731 -0.0394228 0.249132 -0.262 -0.0320678 0.246195 -0.266649 -0.0313622 0.254246 -0.286107 -0.0485663 0.24452 -0.314803 -0.0940008 0.231933 -0.309103 -0.0815324 0.234132 -0.319417 -0.107007 0.230409 -0.322899 -0.120422 0.229575 -0.325215 -0.134112 0.229438 -0.32634 -0.147939 0.23 -0.340518 -0.162006 0.242581 -0.3427 -0.16658 0.243416 -0.338419 -0.158029 0.241585 -0.339451 -0.165402 0.242099 -0.337768 -0.165105 0.241234 -0.336255 -0.154414 0.240336 -0.334386 -0.165087 0.239049 -0.333815 -0.151027 0.238612 -0.332409 -0.149469 0.23744 -0.333179 -0.165268 0.2381 -0.330947 -0.148216 0.236051 -0.32994 -0.166279 0.234978 -0.329075 -0.147291 0.233964 -0.327615 -0.147265 0.232019 -0.327693 -0.16751 0.232131 -0.32634 -0.168525 0.23 -0.337966 0.194871 0.241343 -0.33458 0.194933 0.239193 -0.334687 0.2 0.23927 -0.35232 0.2 0.245 -0.35232 0.191327 0.245 -0.346083 0.2 0.244344 -0.350122 0.185056 0.244919 -0.349268 0.186997 0.244844 -0.343677 0.192887 0.243728 -0.340118 0.2 0.242406 -0.346514 0.190698 0.244433 -0.340496 0.19431 0.242571 -0.330026 0.2 0.235074 -0.332904 0.194677 0.237869 -0.330466 0.193942 0.235552 -0.32634 0.191475 0.23 -0.32634 0.2 0.23 -0.327466 0.192336 0.231801 -0.375988 0.178976 0.245522 -0.375119 0.181666 0.245 -0.378763 0.17993 0.245108 -0.379609 0.180079 0.245 -0.361849 0.186943 0.245 -0.364253 0.183195 0.245317 -0.357134 0.184922 0.245216 -0.355147 0.18997 0.245 -0.366239 0.185096 0.245 -0.354665 0.140924 0.25055 -0.351138 0.130855 0.25159 -0.351219 0.134401 0.250692 -0.34747 0.130477 0.249831 -0.343818 0.127029 0.248625 -0.323555 0.0952921 0.243179 -0.321395 0.0881178 0.245499 -0.319651 0.0935797 0.239362 -0.31734 0.0871469 0.241085 -0.328524 0.0831986 0.257011 -0.333896 0.0850015 0.260798 -0.334052 0.0838189 0.26183 -0.324275 0.0694994 0.264903 -0.329641 0.0727971 0.26709 -0.327347 0.067081 0.270623 -0.296562 0.0424679 0.269865 -0.293824 0.0393401 0.272433 -0.29044 0.0428216 0.261144 -0.291019 0.0363664 0.275048 -0.285262 0.0309026 0.280391 -0.281942 0.0343764 0.267482 -0.286252 0.0384488 0.264267 -0.31251 0.0414137 0.291793 -0.304685 0.0364323 0.292621 -0.307364 0.0386107 0.291212 -0.277528 0.03061 0.270773 -0.354636 0.178688 0.245457 -0.350937 0.181368 0.245023 -0.362569 0.162488 0.248255 -0.362506 0.160995 0.248516 -0.359243 0.156816 0.248673 -0.330606 0.0751921 0.265791 -0.326544 0.0762153 0.260818 -0.358361 0.150961 0.24957 -0.352525 0.146638 0.248598 -0.355885 0.151523 0.248789 -0.371932 0.181117 0.24532 -0.370662 0.183338 0.245 -0.373472 0.17741 0.245977 -0.370912 0.175027 0.246505 -0.369317 0.173104 0.24686 -0.369013 0.174833 0.246535 -0.321692 0.100133 0.23784 -0.323459 0.106781 0.236522 -0.325395 0.102609 0.241128 -0.324949 0.113498 0.235411 -0.326909 0.110032 0.239351 -0.326159 0.120255 0.234508 -0.328096 0.117525 0.237854 -0.327093 0.127028 0.233812 -0.328957 0.125051 0.236637 -0.327752 0.13379 0.233321 -0.329497 0.132574 0.235699 -0.328143 0.140518 0.233029 -0.329722 0.140061 0.235035 -0.328271 0.147187 0.232934 -0.329586 0.147457 0.234574 -0.340295 0.124077 0.247081 -0.342721 0.1347 0.246202 -0.345914 0.138203 0.2473 -0.349192 0.142189 0.248101 -0.339641 0.131702 0.244815 -0.336932 0.121638 0.245215 -0.336699 0.129226 0.24315 -0.333759 0.119726 0.243042 -0.333922 0.127285 0.241221 -0.330805 0.118352 0.240581 -0.331334 0.12589 0.239044 -0.33689 0.114085 0.247641 -0.340692 0.116489 0.249737 -0.344677 0.119396 0.251467 -0.347782 0.121154 0.252774 -0.333304 0.112201 0.245196 -0.329967 0.110848 0.242425 -0.344407 0.111512 0.254268 -0.340825 0.108976 0.252776 -0.336567 0.106607 0.250421 -0.332553 0.104749 0.247678 -0.328818 0.103413 0.244571 -0.335678 0.0879684 0.260264 -0.33507 0.0920267 0.257013 -0.33755 0.0928255 0.258661 -0.340688 0.101581 0.256191 -0.340999 0.10205 0.256189 -0.318922 0.0811215 0.248079 -0.325589 0.0889044 0.249749 -0.323519 0.0819023 0.25276 -0.33016 0.0902103 0.253597 -0.314767 0.0808605 0.243004 -0.316064 0.0741468 0.250991 -0.311942 0.0747452 0.245111 -0.312903 0.0674311 0.254149 -0.308875 0.0688242 0.247397 -0.309456 0.0610062 0.257537 -0.305581 0.0631191 0.249854 -0.305744 0.0549005 0.261133 -0.302073 0.0576498 0.252469 -0.301792 0.049139 0.264918 -0.298369 0.0524339 0.255232 -0.299216 0.0457304 0.267362 -0.294485 0.0474868 0.258128 -0.321085 0.0749244 0.256134 -0.321731 0.0630834 0.269244 -0.325083 0.0612924 0.274954 -0.315345 0.061787 0.263647 -0.318355 0.0682086 0.25977 -0.324389 0.0594495 0.276529 -0.323789 0.0578107 0.278023 -0.318927 0.0569967 0.273814 -0.322032 0.0525844 0.283492 -0.315883 0.0512644 0.278587 -0.313873 0.0478794 0.281652 -0.321091 0.0491719 0.287807 -0.320219 0.0465351 0.291312 -0.309609 0.0415485 0.287971 -0.298887 0.0372098 0.283436 -0.301419 0.0401701 0.280502 -0.320572 0.0466457 0.291524 -0.298303 0.0324631 0.293859 -0.293671 0.031778 0.289412 -0.350527 0.176265 0.245102 -0.35212 0.172819 0.245494 -0.34911 0.172712 0.244981 -0.349602 0.167348 0.245326 -0.34701 0.169813 0.244614 -0.347101 0.162303 0.244951 -0.34424 0.167466 0.243905 -0.344633 0.157713 0.244373 -0.3427 0.16658 0.243416 -0.342217 0.153602 0.243592 -0.340177 0.161331 0.242432 -0.33987 0.149994 0.242615 -0.338145 0.157543 0.24144 -0.337607 0.146906 0.241447 -0.336311 0.154501 0.240371 -0.335446 0.144357 0.240095 -0.333876 0.151102 0.23866 -0.333402 0.14236 0.238568 -0.332495 0.149555 0.237516 -0.33149 0.140925 0.236878 -0.331136 0.148355 0.236242 -0.351 0.18 0.245057 -0.361461 0.176746 0.246055 -0.358604 0.170618 0.246549 -0.355705 0.164846 0.246793 -0.352788 0.159461 0.246783 -0.349875 0.154495 0.246517 -0.34699 0.149974 0.245996 -0.344158 0.145925 0.245222 -0.341401 0.142368 0.2442 -0.338741 0.139324 0.242938 -0.3362 0.136811 0.241444 -0.3338 0.134841 0.23973 -0.33156 0.133426 0.23781 -0.365835 0.168505 0.247539 -0.367649 0.170717 0.247249 -0.364907 0.165962 0.247916 -0.327358 0.0960866 0.247015 -0.331505 0.0974059 0.250481 -0.335961 0.099241 0.253549 -0.312073 0.0556884 0.267742 -0.308562 0.0499379 0.272032 -0.306262 0.0465381 0.274794 -0.311783 0.0446445 0.284777 -0.303883 0.043286 0.277614 -0.385 0.176696 0.245 -0.383672 0.177199 0.245018 -0.382541 0.178624 0.245 -0.381434 0.177687 0.245127 -0.379161 0.177603 0.245342 -0.376464 0.176483 0.245734 -0.378866 0.17754 0.245378 -0.37701 -0.176816 0.245643 -0.379164 -0.177604 0.245342 -0.379777 -0.177693 0.245274 -0.382563 -0.177502 0.245059 -0.385 -0.176696 0.245 -0.353071 -0.0983783 0.256522 -0.355629 0.108317 0.254536 -0.355646 -0.108384 0.254524 -0.358032 0.118401 0.252896 -0.358052 -0.118487 0.252883 -0.361179 0.132517 0.251039 -0.361495 -0.133967 0.250869 -0.364881 0.149061 0.249227 -0.364883 -0.149072 0.249225 -0.367511 0.159203 0.248158 -0.366868 -0.156919 0.248404 -0.369294 0.164788 0.247531 -0.369014 -0.163987 0.247624 -0.370984 0.169007 0.247005 -0.370921 -0.168869 0.247023 -0.372345 0.171684 0.246628 -0.372123 -0.171288 0.246687 -0.37376 0.173843 0.24628 -0.373279 -0.173176 0.246393 -0.376017 0.176164 0.245814 -0.374993 -0.175267 0.246012 -0.35306 0.0983371 0.256531 -0.35032 -0.088514 0.258981 -0.350315 0.0884946 0.258987 -0.347447 -0.0789344 0.261988 -0.347441 0.0789136 0.261996 -0.344553 -0.0698148 0.265605 -0.344548 0.0697964 0.265613 -0.341691 -0.0610575 0.270014 -0.341684 0.0610351 0.270026 -0.339682 -0.0548713 0.273875 -0.340329 0.0568821 0.272539 -0.33905 -0.0528771 0.275287 -0.339043 0.0528549 0.275303 -0.338148 -0.0499483 0.277539 -0.337997 0.049444 0.277951 -0.336875 -0.0455105 0.281437 -0.336869 0.0454898 0.281457 -0.336085 -0.0423687 0.284642 -0.336039 0.0421681 0.284861 -0.335423 -0.039091 0.288512 -0.33542 0.0390719 0.288536 -0.335114 -0.0369382 0.291628 -0.335113 0.0369286 0.291641 -0.335 -0.0351907 0.295 -0.335 0.0351879 0.295 -0.378766 -0.179931 0.245107 -0.379609 -0.180079 0.245 -0.38238 -0.178728 0.245 -0.375636 -0.181478 0.245 -0.376464 -0.179194 0.245445 -0.32778 -0.0681678 0.2699 -0.320405 -0.0627808 0.268159 -0.327355 -0.0671019 0.270609 -0.325819 -0.0632032 0.273428 -0.276943 -0.0363981 0.25609 -0.327364 -0.139847 0.232003 -0.353646 -0.176329 0.245496 -0.350524 -0.183747 0.244955 -0.351 -0.18 0.245057 -0.280263 -0.0393713 0.254168 -0.283518 -0.0424987 0.252294 -0.321164 -0.0495346 0.287296 -0.321175 -0.0495134 0.287342 -0.322622 -0.0544409 0.281412 -0.309417 -0.0739532 0.242473 -0.31285 -0.0809271 0.240307 -0.315867 -0.0879219 0.238429 -0.318552 -0.0950942 0.236785 -0.320895 -0.102409 0.23538 -0.322891 -0.109829 0.234219 -0.344421 -0.111551 0.254261 -0.345089 -0.119718 0.251621 -0.340825 -0.108977 0.252777 -0.347789 -0.121171 0.252772 -0.351844 -0.13289 0.251369 -0.324534 -0.117319 0.233303 -0.325825 -0.124842 0.23263 -0.355709 -0.143831 0.250267 -0.35388 -0.14856 0.248712 -0.352368 -0.13568 0.250884 -0.368957 -0.184003 0.245 -0.362353 -0.186725 0.245 -0.363721 -0.181931 0.245478 -0.357255 -0.188989 0.245 -0.356404 -0.183058 0.245308 -0.319347 -0.0463212 0.290684 -0.314668 -0.0452442 0.28713 -0.337557 -0.0928438 0.258655 -0.341013 -0.102087 0.256181 -0.340688 -0.101581 0.256192 -0.334561 -0.0918211 0.256689 -0.33334 -0.0847974 0.260439 -0.334059 -0.0838384 0.261822 -0.292136 -0.0364553 0.276318 -0.289884 -0.0313207 0.285513 -0.296441 -0.0368958 0.280961 -0.298286 -0.0324604 0.293843 -0.300935 -0.0375056 0.285423 -0.304676 -0.0364365 0.292601 -0.305609 -0.0382837 0.289696 -0.311045 -0.0404848 0.291875 -0.312598 -0.0421571 0.290428 -0.320575 -0.0466633 0.291496 -0.286736 -0.0422643 0.257202 -0.289773 -0.0455293 0.255201 -0.292733 -0.0489401 0.253258 -0.297299 -0.0547043 0.250275 -0.314365 -0.0509548 0.277313 -0.324397 -0.0594701 0.276511 -0.317505 -0.0566913 0.272636 -0.323046 -0.069198 0.26391 -0.316654 -0.0679192 0.258119 -0.313509 -0.0614964 0.261851 -0.310844 -0.0672636 0.251753 -0.30723 -0.060838 0.254936 -0.305666 -0.0672375 0.244866 -0.301619 -0.0608117 0.247472 -0.32541 -0.0759139 0.259913 -0.330612 -0.0752086 0.265782 -0.331776 -0.104437 0.24708 -0.335499 -0.0990333 0.253258 -0.336151 -0.106396 0.250161 -0.330642 -0.0970979 0.249814 -0.327748 -0.103114 0.243563 -0.326169 -0.0957909 0.245892 -0.324108 -0.102436 0.23965 -0.322125 -0.095121 0.241535 -0.34822 -0.131232 0.250034 -0.344181 -0.127356 0.248762 -0.340295 -0.124078 0.247082 -0.340692 -0.116489 0.249737 -0.336603 -0.121422 0.24501 -0.336518 -0.113872 0.247409 -0.333145 -0.119405 0.242569 -0.33261 -0.111885 0.244663 -0.329959 -0.118044 0.239783 -0.329012 -0.110544 0.241526 -0.327078 -0.117347 0.236684 -0.32576 -0.109857 0.238032 -0.374904 -0.178389 0.245711 -0.371642 -0.180471 0.245455 -0.368408 -0.173593 0.246751 -0.360628 -0.174914 0.246226 -0.364884 -0.166706 0.24778 -0.357465 -0.168298 0.246676 -0.361263 -0.160209 0.248457 -0.354261 -0.16213 0.24682 -0.357582 -0.154146 0.248769 -0.351049 -0.156449 0.246656 -0.34786 -0.151296 0.246181 -0.350197 -0.14349 0.248284 -0.344725 -0.146704 0.245399 -0.34657 -0.13897 0.247486 -0.341675 -0.142705 0.244314 -0.343039 -0.135032 0.246326 -0.338741 -0.139325 0.242938 -0.339641 -0.131703 0.244815 -0.335952 -0.136588 0.241281 -0.336412 -0.129006 0.242967 -0.333335 -0.134511 0.239359 -0.333385 -0.126959 0.240801 -0.330916 -0.133109 0.237191 -0.330592 -0.125578 0.238339 -0.328719 -0.132391 0.234796 -0.328063 -0.12487 0.235606 -0.326766 -0.132362 0.232199 -0.329053 -0.139876 0.234251 -0.330939 -0.140604 0.236336 -0.333006 -0.142025 0.23824 -0.335235 -0.144131 0.239949 -0.337608 -0.146907 0.241447 -0.340103 -0.150336 0.242723 -0.3427 -0.154394 0.243766 -0.345376 -0.159055 0.24457 -0.348108 -0.164288 0.245127 -0.350872 -0.170059 0.245437 -0.349959 -0.17451 0.245071 -0.347679 -0.170587 0.244749 -0.345714 -0.16857 0.244311 -0.350854 -0.17791 0.245095 -0.270156 -0.0309354 0.260049 -0.273899 -0.0306844 0.265715 -0.280425 -0.0361564 0.261379 -0.277872 -0.0306106 0.271232 -0.284121 -0.0360853 0.266519 -0.282064 -0.0307145 0.276587 -0.288027 -0.0361848 0.271501 -0.307912 -0.0412268 0.286516 -0.303396 -0.0404612 0.282412 -0.299057 -0.0398611 0.278122 -0.294901 -0.0394276 0.273655 -0.290938 -0.0391615 0.269018 -0.287173 -0.0390635 0.264219 -0.283612 -0.0391335 0.259266 -0.310146 -0.0443274 0.283383 -0.30579 -0.0435729 0.279447 -0.301605 -0.0429815 0.27533 -0.297601 -0.0425542 0.271039 -0.293783 -0.0422919 0.266583 -0.29016 -0.0421953 0.261967 -0.296543 -0.0455565 0.264212 -0.304069 -0.0462375 0.272604 -0.312296 -0.0475663 0.280318 -0.299225 -0.048967 0.261899 -0.306455 -0.0496405 0.269937 -0.303349 -0.0547309 0.258325 -0.310102 -0.0553952 0.265798 -0.314171 -0.0739794 0.248795 -0.319518 -0.074635 0.254625 -0.327484 -0.082896 0.256191 -0.322084 -0.0816117 0.251388 -0.31719 -0.0809534 0.246077 -0.319816 -0.0879484 0.24368 -0.324279 -0.0886116 0.248504 -0.32921 -0.0899054 0.252855 -0.36946 -0.17329 0.246828 -0.367814 -0.170971 0.247211 -0.36491 -0.165969 0.247916 -0.36251 -0.161004 0.248516 -0.358365 -0.150972 0.249569 -0.372344 -0.176463 0.246203 -0.329403 0.202127 0.0913279 -0.323876 0.202762 0.0894786 -0.323876 0.205026 0.0843343 -0.323876 0.20119 0.0947186 -0.335167 0.200477 0.0984626 -0.323876 0.200287 0.0999286 -0.340498 0.2 0.105 -0.327455 0.202984 0.0589648 -0.333808 0.200755 0.0589648 -0.313438 0.217049 0.0589648 -0.317007 0.211341 0.0589648 -0.31599 0.212698 0.0740119 -0.311231 0.223409 0.0589648 -0.311294 0.223135 0.0662034 -0.310519 0.22887 0.0634412 -0.310498 0.230102 0.0589648 -0.310871 0.234715 0.0614787 -0.311276 0.236789 0.0589648 -0.321278 0.206966 0.0810034 -0.321759 0.206572 0.0589648 -0.340498 0.2 0.0589648 -0.318725 0.209362 0.0777008 -0.313128 0.217717 0.0697129 -0.31229 0.240214 0.0603726 -0.313526 0.243134 0.0600808 -0.313526 0.243134 0.0589648 -0.337476 0.200662 0.033153 -0.33891 0.20017 0.0460754 -0.336874 0.200987 0.0272761 -0.324264 0.189342 0.226405 -0.323013 0.187506 0.224238 -0.322 0.185384 0.222483 -0.321 0.18 0.220751 -0.321103 0.178249 0.220929 -0.3215 0.176159 0.221618 -0.322466 0.173533 0.22329 -0.324222 0.170711 0.226333 -0.32634 0.168525 0.23 -0.32634 0.147939 0.23 -0.321193 0.182398 0.221086 -0.179432 -0.312775 0.0668974 -0.201655 -0.307937 0.0631107 -0.183165 -0.319281 0.0631107 -0.206078 -0.314692 0.0607845 -0.187183 -0.326285 0.0607845 -0.210662 -0.321691 0.06 -0.191346 -0.333541 0.06 -0.197545 -0.301662 0.0668974 -0.176115 -0.306992 0.0720127 -0.193893 -0.296085 0.0720127 -0.173329 -0.302135 0.0782781 -0.190826 -0.2914 0.0782781 -0.171171 -0.298374 0.0854752 -0.18845 -0.287773 0.0854752 -0.247528 -0.262209 0.0668974 -0.268006 -0.252314 0.0631107 -0.252678 -0.267664 0.0631107 -0.273885 -0.257849 0.0607845 -0.25822 -0.273535 0.0607845 -0.279976 -0.263584 0.06 -0.263963 -0.279619 0.06 -0.262545 -0.247173 0.0668974 -0.242952 -0.257362 0.0720127 -0.257691 -0.242603 0.0720127 -0.239109 -0.25329 0.0782781 -0.253614 -0.238765 0.0782781 -0.236132 -0.250136 0.0854752 -0.250457 -0.235792 0.0854752 -0.231653 -0.276335 0.0668974 -0.236472 -0.282083 0.0631107 -0.241659 -0.288271 0.0607845 -0.247033 -0.294682 0.06 -0.22737 -0.271226 0.0720127 -0.223773 -0.266935 0.0782781 -0.220987 -0.263612 0.0854752 -0.214972 -0.289501 0.0668974 -0.219444 -0.295523 0.0631107 -0.224258 -0.302006 0.0607845 -0.229245 -0.308722 0.06 -0.210998 -0.284149 0.0720127 -0.20766 -0.279653 0.0782781 -0.205075 -0.276172 0.0854752 -0.1833 -0.330613 0.06 -0.181097 -0.327171 0.0607797 -0.166132 -0.300454 0.0868089 -0.178831 -0.323765 0.0619584 -0.175761 -0.319367 0.0641646 -0.179044 -0.318639 0.0640944 -0.172707 -0.315251 0.0670843 -0.176328 -0.314452 0.0668088 -0.173738 -0.310593 0.070156 -0.16975 -0.311534 0.070669 -0.169875 -0.305148 0.076929 -0.168218 -0.302972 0.0807461 -0.171724 -0.307699 0.0733766 -0.166968 -0.308319 0.0748331 -0.164431 -0.305684 0.0794616 -0.167113 -0.3016 0.0837391 -0.162195 -0.303673 0.0844193 -0.160737 -0.302582 0.088268 -0.172159 -0.327278 0.06 -0.174838 -0.325141 0.0612969 -0.155519 -0.306466 0.0850481 -0.158126 -0.307965 0.0800165 -0.161035 -0.310126 0.0752767 -0.162582 -0.311446 0.0730604 -0.169494 -0.318521 0.0652647 -0.172185 -0.321735 0.0630526 -0.12083 -0.328566 0.0602719 -0.125673 -0.327148 0.0605263 -0.126773 -0.327106 0.06 -0.130465 -0.325969 0.0607594 -0.137864 -0.325215 0.06 -0.135183 -0.325021 0.0609677 -0.139804 -0.324292 0.0611484 -0.160949 -0.323419 0.0615704 -0.160707 -0.325258 0.06 -0.152925 -0.323274 0.0615033 -0.16829 -0.324085 0.0614979 -0.14817 -0.310758 0.0824276 -0.127945 -0.325507 0.0631168 -0.119983 -0.328552 0.0610943 -0.119702 -0.328553 0.0613707 -0.130781 -0.323937 0.0650927 -0.135736 -0.322873 0.064858 -0.141506 -0.31994 0.0680441 -0.128779 -0.325635 0.0623185 -0.125106 -0.327079 0.061058 -0.120264 -0.328554 0.0608191 -0.134071 -0.324682 0.0619625 -0.137083 -0.323278 0.0635803 -0.142714 -0.322988 0.0626691 -0.145075 -0.321446 0.0645534 -0.15093 -0.321924 0.0631456 -0.152684 -0.32009 0.0652004 -0.158649 -0.321409 0.0633713 -0.149098 -0.324582 0.06 -0.144311 -0.323767 0.0612991 -0.118662 -0.328586 0.062416 -0.119007 -0.32857 0.062066 -0.119354 -0.328559 0.0617176 -0.119528 -0.328556 0.0615439 -0.14328 -0.32063 0.0662582 -0.148385 -0.317603 0.0694893 -0.150522 -0.318753 0.0672715 -0.15661 -0.315038 0.0706277 -0.159072 -0.316888 0.0679395 -0.164179 -0.312918 0.0709683 -0.16681 -0.315562 0.0679148 -0.164063 -0.32134 0.063369 -0.135182 -0.318523 0.0753057 -0.126835 -0.323595 0.0692543 -0.140877 -0.315095 0.0787978 -0.150795 -0.311698 0.0782662 -0.143262 -0.315607 0.0755581 -0.137217 -0.318788 0.0728043 -0.128125 -0.323636 0.0678419 -0.153625 -0.313129 0.0743053 -0.145775 -0.316444 0.0724415 -0.13933 -0.31926 0.0703771 -0.129441 -0.32375 0.0664534 -0.155101 -0.314025 0.0724262 -0.147069 -0.316984 0.0709424 -0.140411 -0.319575 0.0691976 -0.130109 -0.323834 0.0657693 -0.161566 -0.318998 0.0655116 0.209149 -0.30564 0.0606102 0.204458 -0.306621 0.0607204 0.212823 -0.31101 0.06 0.201175 -0.308919 0.06 0.205602 -0.300457 0.0624194 0.202098 -0.303533 0.0619086 0.202308 -0.295642 0.0653647 0.19743 -0.297747 0.0657071 0.199379 -0.291363 0.0693432 0.19692 -0.287769 0.0742163 0.192694 -0.292426 0.0720175 0.195015 -0.284986 0.0798141 0.190483 -0.290223 0.0762215 0.188651 -0.288626 0.0807263 0.155841 -0.311478 0.0664748 0.16453 -0.30533 0.0721262 0.167815 -0.310567 0.06 0.160895 -0.311984 0.0606932 0.15736 -0.313477 0.06 0.165388 -0.310585 0.060876 0.174169 -0.308419 0.0611463 0.178525 -0.308807 0.06 0.182568 -0.307027 0.0612727 0.197846 -0.306219 0.0610521 0.190499 -0.306322 0.0612421 0.156361 -0.313602 0.0604834 0.155909 -0.313552 0.0609721 0.151812 -0.315443 0.0602506 0.164479 -0.310297 0.0617798 0.155016 -0.313485 0.0619647 0.161824 -0.30968 0.0646405 0.150929 -0.315458 0.0612639 0.162695 -0.309844 0.0636639 0.160759 -0.309534 0.0658895 0.156613 -0.311461 0.0655023 0.150658 -0.315472 0.061584 0.165938 -0.305465 0.0701671 0.167418 -0.305742 0.0682613 0.15546 -0.313513 0.061466 0.150793 -0.315464 0.0614238 0.189362 -0.308218 0.06 0.181565 -0.299264 0.0699456 0.189199 -0.29738 0.0687041 0.187944 -0.29632 0.0703444 0.195226 -0.295189 0.0682754 0.193924 -0.293742 0.0700794 0.182712 -0.299984 0.0685183 0.174948 -0.302486 0.0689187 0.175932 -0.302927 0.0677383 0.168181 -0.305935 0.0673329 0.168958 -0.306162 0.0664231 0.161288 -0.309599 0.0652613 0.182554 -0.292752 0.0797117 0.176444 -0.296967 0.0778555 0.170428 -0.301173 0.075287 0.195652 -0.30375 0.0624573 0.188523 -0.304496 0.0627256 0.180879 -0.305813 0.0626914 0.172839 -0.30773 0.0623666 0.199738 -0.300551 0.0635742 0.193454 -0.301423 0.064213 0.18655 -0.302815 0.064443 0.179201 -0.304717 0.0642487 0.171523 -0.307122 0.0636564 0.163581 -0.31005 0.0627097 0.191291 -0.299287 0.0663042 0.184605 -0.301304 0.0663804 0.177547 -0.303752 0.065935 0.170227 -0.306599 0.0650105 0.186739 -0.295371 0.0720795 0.180453 -0.298628 0.0714348 0.173986 -0.302103 0.0701356 0.184508 -0.293821 0.0757843 0.178352 -0.297619 0.0745685 0.172145 -0.301517 0.072663 0.295642 -0.202308 0.0653647 0.287194 -0.223755 0.0624194 0.300457 -0.205602 0.0624194 0.292147 -0.227615 0.0606102 0.30564 -0.209149 0.0606102 0.29728 -0.231614 0.06 0.31101 -0.212823 0.06 0.282591 -0.22017 0.0653647 0.291363 -0.199379 0.0693432 0.278501 -0.216983 0.0693432 0.287769 -0.19692 0.0742163 0.275066 -0.214307 0.0742163 0.284986 -0.195015 0.0798141 0.272405 -0.212234 0.0798141 0.22017 -0.282591 0.0653647 0.223755 -0.287194 0.0624194 0.227615 -0.292147 0.0606102 0.231614 -0.29728 0.06 0.216983 -0.278501 0.0693432 0.214307 -0.275066 0.0742163 0.212234 -0.272405 0.0798141 0.237192 -0.268463 0.0653647 0.241055 -0.272835 0.0624194 0.245213 -0.277541 0.0606102 0.249522 -0.282418 0.06 0.233759 -0.264577 0.0693432 0.230876 -0.261314 0.0742163 0.228643 -0.258786 0.0798141 0.253311 -0.253311 0.0653647 0.257436 -0.257436 0.0624194 0.261877 -0.261877 0.0606102 0.266478 -0.266478 0.06 0.249644 -0.249644 0.0693432 0.246565 -0.246565 0.0742163 0.24418 -0.24418 0.0798141 0.268463 -0.237192 0.0653647 0.272835 -0.241055 0.0624194 0.277541 -0.245213 0.0606102 0.282418 -0.249522 0.06 0.264577 -0.233759 0.0693432 0.261314 -0.230876 0.0742163 0.258786 -0.228643 0.0798141 0.288626 -0.188651 0.0807263 0.308998 -0.201826 0.06 0.306621 -0.204458 0.0607204 0.290223 -0.190483 0.0762215 0.292426 -0.192694 0.0720175 0.295189 -0.195226 0.0682754 0.303533 -0.202098 0.0619086 0.315443 -0.151812 0.0602506 0.313602 -0.156361 0.0604834 0.313373 -0.15767 0.06 0.311984 -0.160895 0.0606932 0.310428 -0.168456 0.06 0.310585 -0.165388 0.060876 0.308419 -0.174169 0.0611463 0.308706 -0.179502 0.06 0.307027 -0.182568 0.0612727 0.308227 -0.190672 0.06 0.306322 -0.190499 0.0612421 0.306219 -0.197846 0.0610521 0.311478 -0.155841 0.0664748 0.311461 -0.156613 0.0655023 0.309534 -0.160759 0.0658895 0.315472 -0.150658 0.061584 0.305465 -0.165938 0.0701671 0.305742 -0.167418 0.0682613 0.30968 -0.161824 0.0646405 0.313485 -0.155016 0.0619647 0.315458 -0.150929 0.0612639 0.309844 -0.162695 0.0636639 0.313552 -0.155909 0.0609721 0.315464 -0.150793 0.0614238 0.313513 -0.15546 0.061466 0.302815 -0.18655 0.064443 0.299287 -0.191291 0.0663042 0.301423 -0.193454 0.064213 0.297747 -0.19743 0.0657071 0.300551 -0.199738 0.0635742 0.301304 -0.184605 0.0663804 0.304717 -0.179201 0.0642487 0.303752 -0.177547 0.065935 0.307122 -0.171523 0.0636564 0.306599 -0.170227 0.0650105 0.31005 -0.163581 0.0627097 0.292752 -0.182554 0.0797117 0.296967 -0.176444 0.0778555 0.301173 -0.170428 0.075287 0.30533 -0.16453 0.0721262 0.293821 -0.184508 0.0757843 0.297619 -0.178352 0.0745685 0.301517 -0.172145 0.072663 0.295371 -0.186739 0.0720795 0.298628 -0.180453 0.0714348 0.302103 -0.173986 0.0701356 0.293742 -0.193924 0.0700794 0.29632 -0.187944 0.0703444 0.299264 -0.181565 0.0699456 0.302486 -0.174948 0.0689187 0.305935 -0.168181 0.0673329 0.309599 -0.161288 0.0652613 0.29738 -0.189199 0.0687041 0.299984 -0.182712 0.0685183 0.302927 -0.175932 0.0677383 0.306162 -0.168958 0.0664231 0.30375 -0.195652 0.0624573 0.304496 -0.188523 0.0627256 0.305813 -0.180879 0.0626914 0.30773 -0.172839 0.0623666 0.310297 -0.164479 0.0617798 0.30564 0.209149 0.0606102 0.306621 0.204458 0.0607204 0.31101 0.212823 0.06 0.308998 0.201826 0.06 0.300457 0.205602 0.0624194 0.303533 0.202098 0.0619086 0.295642 0.202308 0.0653647 0.297747 0.19743 0.0657071 0.291363 0.199379 0.0693432 0.287769 0.19692 0.0742163 0.292426 0.192694 0.0720175 0.284986 0.195015 0.0798141 0.290223 0.190483 0.0762215 0.288626 0.188651 0.0807263 0.311478 0.155841 0.0664748 0.30533 0.16453 0.0721262 0.310428 0.168456 0.06 0.311984 0.160895 0.0606932 0.313373 0.15767 0.06 0.310585 0.165388 0.060876 0.308419 0.174169 0.0611463 0.308706 0.179502 0.06 0.307027 0.182568 0.0612727 0.308227 0.190672 0.06 0.306322 0.190499 0.0612421 0.306219 0.197846 0.0610521 0.313602 0.156361 0.0604834 0.313552 0.155909 0.0609721 0.315443 0.151812 0.0602506 0.310297 0.164479 0.0617798 0.30968 0.161824 0.0646405 0.315458 0.150929 0.0612639 0.313485 0.155016 0.0619647 0.309844 0.162695 0.0636639 0.309534 0.160759 0.0658895 0.311461 0.156613 0.0655023 0.315472 0.150658 0.061584 0.305465 0.165938 0.0701671 0.305742 0.167418 0.0682613 0.313513 0.15546 0.061466 0.315464 0.150793 0.0614238 0.299264 0.181565 0.0699456 0.29738 0.189199 0.0687041 0.29632 0.187944 0.0703444 0.295189 0.195226 0.0682754 0.293742 0.193924 0.0700794 0.299984 0.182712 0.0685183 0.302486 0.174948 0.0689187 0.302927 0.175932 0.0677383 0.305935 0.168181 0.0673329 0.306162 0.168958 0.0664231 0.309599 0.161288 0.0652613 0.292752 0.182554 0.0797117 0.296967 0.176444 0.0778555 0.301173 0.170428 0.075287 0.30375 0.195652 0.0624573 0.304496 0.188523 0.0627256 0.305813 0.180879 0.0626914 0.30773 0.172839 0.0623666 0.300551 0.199738 0.0635742 0.301423 0.193454 0.064213 0.302815 0.18655 0.064443 0.304717 0.179201 0.0642487 0.307122 0.171523 0.0636564 0.31005 0.163581 0.0627097 0.299287 0.191291 0.0663042 0.301304 0.184605 0.0663804 0.303752 0.177547 0.065935 0.306599 0.170227 0.0650105 0.295371 0.186739 0.0720795 0.298628 0.180453 0.0714348 0.302103 0.173986 0.0701356 0.293821 0.184508 0.0757843 0.297619 0.178352 0.0745685 0.301517 0.172145 0.072663 0.202308 0.295642 0.0653647 0.223755 0.287194 0.0624194 0.205602 0.300457 0.0624194 0.227615 0.292147 0.0606102 0.209149 0.30564 0.0606102 0.231614 0.29728 0.06 0.212823 0.31101 0.06 0.22017 0.282591 0.0653647 0.199379 0.291363 0.0693432 0.216983 0.278501 0.0693432 0.19692 0.287769 0.0742163 0.214307 0.275066 0.0742163 0.195015 0.284986 0.0798141 0.212234 0.272405 0.0798141 0.282591 0.22017 0.0653647 0.287194 0.223755 0.0624194 0.292147 0.227615 0.0606102 0.29728 0.231614 0.06 0.278501 0.216983 0.0693432 0.275066 0.214307 0.0742163 0.272405 0.212234 0.0798141 0.268463 0.237192 0.0653647 0.272835 0.241055 0.0624194 0.277541 0.245213 0.0606102 0.282418 0.249522 0.06 0.264577 0.233759 0.0693432 0.261314 0.230876 0.0742163 0.258786 0.228643 0.0798141 0.253311 0.253311 0.0653647 0.257436 0.257436 0.0624194 0.261877 0.261877 0.0606102 0.266478 0.266478 0.06 0.249644 0.249644 0.0693432 0.246565 0.246565 0.0742163 0.24418 0.24418 0.0798141 0.237192 0.268463 0.0653647 0.241055 0.272835 0.0624194 0.245213 0.277541 0.0606102 0.249522 0.282418 0.06 0.233759 0.264577 0.0693432 0.230876 0.261314 0.0742163 0.228643 0.258786 0.0798141 0.201175 0.308919 0.06 0.204458 0.306621 0.0607204 0.188651 0.288626 0.0807263 0.190483 0.290223 0.0762215 0.192694 0.292426 0.0720175 0.195226 0.295189 0.0682754 0.202098 0.303533 0.0619086 0.151812 0.315443 0.0602506 0.156361 0.313602 0.0604834 0.15736 0.313477 0.06 0.160895 0.311984 0.0606932 0.167815 0.310567 0.06 0.165388 0.310585 0.060876 0.174169 0.308419 0.0611463 0.178525 0.308807 0.06 0.182568 0.307027 0.0612727 0.190499 0.306322 0.0612421 0.197846 0.306219 0.0610521 0.155841 0.311478 0.0664748 0.156613 0.311461 0.0655023 0.160759 0.309534 0.0658895 0.150658 0.315472 0.061584 0.165938 0.305465 0.0701671 0.167418 0.305742 0.0682613 0.161824 0.30968 0.0646405 0.155016 0.313485 0.0619647 0.150929 0.315458 0.0612639 0.162695 0.309844 0.0636639 0.155909 0.313552 0.0609721 0.189362 0.308218 0.06 0.150793 0.315464 0.0614238 0.15546 0.313513 0.061466 0.18655 0.302815 0.064443 0.191291 0.299287 0.0663042 0.193454 0.301423 0.064213 0.19743 0.297747 0.0657071 0.199738 0.300551 0.0635742 0.184605 0.301304 0.0663804 0.179201 0.304717 0.0642487 0.177547 0.303752 0.065935 0.171523 0.307122 0.0636564 0.170227 0.306599 0.0650105 0.163581 0.31005 0.0627097 0.182554 0.292752 0.0797117 0.176444 0.296967 0.0778555 0.170428 0.301173 0.075287 0.16453 0.30533 0.0721262 0.184508 0.293821 0.0757843 0.178352 0.297619 0.0745685 0.172145 0.301517 0.072663 0.186739 0.295371 0.0720795 0.180453 0.298628 0.0714348 0.173986 0.302103 0.0701356 0.193924 0.293742 0.0700794 0.187944 0.29632 0.0703444 0.181565 0.299264 0.0699456 0.174948 0.302486 0.0689187 0.168181 0.305935 0.0673329 0.161288 0.309599 0.0652613 0.189199 0.29738 0.0687041 0.182712 0.299984 0.0685183 0.175932 0.302927 0.0677383 0.168958 0.306162 0.0664231 0.195652 0.30375 0.0624573 0.188523 0.304496 0.0627256 0.180879 0.305813 0.0626914 0.172839 0.30773 0.0623666 0.164479 0.310297 0.0617798 -0.181097 0.327171 0.0607797 -0.174838 0.325141 0.0612969 -0.1833 0.330613 0.06 -0.172159 0.327278 0.06 -0.178831 0.323765 0.0619584 -0.175761 0.319367 0.0641646 -0.172185 0.321735 0.0630526 -0.172707 0.315251 0.0670843 -0.169494 0.318521 0.0652647 -0.16975 0.311534 0.070669 -0.16681 0.315562 0.0679148 -0.166968 0.308319 0.0748331 -0.164431 0.305684 0.0794616 -0.161035 0.310126 0.0752767 -0.162195 0.303673 0.0844193 -0.158126 0.307965 0.0800165 -0.140877 0.315095 0.0787978 -0.135182 0.318523 0.0753057 -0.14817 0.310758 0.0824276 -0.155519 0.306466 0.0850481 -0.137864 0.325215 0.06 -0.130465 0.325969 0.0607594 -0.126773 0.327106 0.06 -0.135183 0.325021 0.0609677 -0.160707 0.325258 0.06 -0.160949 0.323419 0.0615704 -0.152925 0.323274 0.0615033 -0.16829 0.324085 0.0614979 -0.125673 0.327148 0.0605263 -0.125106 0.327079 0.061058 -0.12083 0.328566 0.0602719 -0.134071 0.324682 0.0619625 -0.144311 0.323767 0.0612991 -0.142714 0.322988 0.0626691 -0.139804 0.324292 0.0611484 -0.128779 0.325635 0.0623185 -0.120264 0.328554 0.0608191 -0.137083 0.323278 0.0635803 -0.145075 0.321446 0.0645534 -0.15093 0.321924 0.0631456 -0.152684 0.32009 0.0652004 -0.158649 0.321409 0.0633713 -0.141506 0.31994 0.0680441 -0.130781 0.323937 0.0650927 -0.135736 0.322873 0.064858 -0.14328 0.32063 0.0662582 -0.119983 0.328552 0.0610943 -0.119702 0.328553 0.0613707 -0.119528 0.328556 0.0615439 -0.119354 0.328559 0.0617176 -0.119007 0.32857 0.062066 -0.118662 0.328586 0.062416 -0.149098 0.324582 0.06 -0.147069 0.316984 0.0709424 -0.15661 0.315038 0.0706277 -0.155101 0.314025 0.0724262 -0.164179 0.312918 0.0709683 -0.162582 0.311446 0.0730604 -0.148385 0.317603 0.0694893 -0.140411 0.319575 0.0691976 -0.130109 0.323834 0.0657693 -0.126835 0.323595 0.0692543 -0.160737 0.302582 0.088268 -0.164063 0.32134 0.063369 -0.161566 0.318998 0.0655116 -0.159072 0.316888 0.0679395 -0.150522 0.318753 0.0672715 -0.127945 0.325507 0.0631168 -0.153625 0.313129 0.0743053 -0.145775 0.316444 0.0724415 -0.13933 0.31926 0.0703771 -0.129441 0.32375 0.0664534 -0.150795 0.311698 0.0782662 -0.143262 0.315607 0.0755581 -0.137217 0.318788 0.0728043 -0.128125 0.323636 0.0678419 -0.166132 0.300454 0.0868089 -0.171171 0.298374 0.0854752 -0.187183 0.326285 0.0607845 -0.191346 0.333541 0.06 -0.167113 0.3016 0.0837391 -0.168218 0.302972 0.0807461 -0.169875 0.305148 0.076929 -0.173329 0.302135 0.0782781 -0.171724 0.307699 0.0733766 -0.173738 0.310593 0.070156 -0.176115 0.306992 0.0720127 -0.179432 0.312775 0.0668974 -0.179044 0.318639 0.0640944 -0.183165 0.319281 0.0631107 -0.176328 0.314452 0.0668088 -0.262545 0.247173 0.0668974 -0.252678 0.267664 0.0631107 -0.268006 0.252314 0.0631107 -0.25822 0.273535 0.0607845 -0.273885 0.257849 0.0607845 -0.263963 0.279619 0.06 -0.279976 0.263584 0.06 -0.247528 0.262209 0.0668974 -0.257691 0.242603 0.0720127 -0.242952 0.257362 0.0720127 -0.253614 0.238765 0.0782781 -0.239109 0.25329 0.0782781 -0.250457 0.235792 0.0854752 -0.236132 0.250136 0.0854752 -0.197545 0.301662 0.0668974 -0.201655 0.307937 0.0631107 -0.206078 0.314692 0.0607845 -0.210662 0.321691 0.06 -0.193893 0.296085 0.0720127 -0.190826 0.2914 0.0782781 -0.18845 0.287773 0.0854752 -0.214972 0.289501 0.0668974 -0.219444 0.295523 0.0631107 -0.224258 0.302006 0.0607845 -0.229245 0.308722 0.06 -0.210998 0.284149 0.0720127 -0.20766 0.279653 0.0782781 -0.205075 0.276172 0.0854752 -0.231653 0.276335 0.0668974 -0.236472 0.282083 0.0631107 -0.241659 0.288271 0.0607845 -0.247033 0.294682 0.06 -0.22737 0.271226 0.0720127 -0.223773 0.266935 0.0782781 -0.220987 0.263612 0.0854752 0.313829 -0.222388 0.06 0.317587 -0.231623 0.06 0.231623 -0.317587 0.06 0.29769 -0.312171 0.06 0.222388 -0.313829 0.06 0.301965 -0.319576 0.06 0.304203 -0.349578 0.06 0.305725 -0.321746 0.06 0.324275 -0.347366 0.06 0.330819 -0.344155 0.06 0.336671 -0.339811 0.06 0.341637 -0.334476 0.06 0.345553 -0.328329 0.06 0.348289 -0.321573 0.06 0.349754 -0.314433 0.06 0.32231 -0.312171 0.06 0.320825 -0.31625 0.06 0.318035 -0.319576 0.06 0.317258 -0.349336 0.06 0.29769 -0.307829 0.06 0.299175 -0.30375 0.06 0.301965 -0.300424 0.06 0.305725 -0.298254 0.06 0.31 -0.2975 0.06 0.314275 -0.298254 0.06 0.348718 -0.299954 0.06 0.346252 -0.293095 0.06 0.349898 -0.307146 0.06 0.32231 -0.307829 0.06 0.298528 -0.34832 0.06 0.299175 -0.31625 0.06 0.293095 -0.346252 0.06 0.31 -0.3225 0.06 0.31 -0.35 0.06 0.314275 -0.321746 0.06 0.318035 -0.300424 0.06 0.320825 -0.30375 0.06 0.231623 0.317587 0.06 0.29769 0.312171 0.06 0.293095 0.346252 0.06 0.222388 0.313829 0.06 0.32231 0.312171 0.06 0.349754 0.314433 0.06 0.348289 0.321573 0.06 0.345553 0.328329 0.06 0.341637 0.334476 0.06 0.336671 0.339811 0.06 0.330819 0.344155 0.06 0.324275 0.347366 0.06 0.320825 0.31625 0.06 0.29769 0.307829 0.06 0.313829 0.222388 0.06 0.314275 0.298254 0.06 0.31 0.2975 0.06 0.305725 0.298254 0.06 0.301965 0.300424 0.06 0.299175 0.30375 0.06 0.346252 0.293095 0.06 0.32231 0.307829 0.06 0.320825 0.30375 0.06 0.318035 0.300424 0.06 0.317587 0.231623 0.06 0.349898 0.307146 0.06 0.348718 0.299954 0.06 0.298528 0.34832 0.06 0.299175 0.31625 0.06 0.304203 0.349578 0.06 0.301965 0.319576 0.06 0.305725 0.321746 0.06 0.31 0.35 0.06 0.31 0.3225 0.06 0.317258 0.349336 0.06 0.314275 0.321746 0.06 0.318035 0.319576 0.06 0.203818 -0.272137 0 0.200133 -0.275722 0 0.197483 -0.280129 0 0.196045 -0.285066 0 0.195913 -0.290206 0 0.197096 -0.29521 0 0.199516 -0.299747 0 0.203013 -0.303517 0 0.207355 -0.306271 0 0.288145 0.195807 0 0.292644 0.19632 0 0.296912 0.197831 0 0.300731 0.200264 0 0.303905 0.203494 0 0.306271 0.207355 0 0.346252 -0.293095 0 0.306271 -0.207355 0 0.303905 -0.203494 0 0.300731 -0.200264 0 0.296912 -0.197831 0 0.292644 -0.19632 0 0.288145 -0.195807 0 0.283546 -0.196343 0 0.279194 -0.197921 0 0.275322 -0.200458 0 0.272137 -0.203818 0 0.31 -0.35 0 0.317258 -0.349336 0 0.324275 -0.347366 0 0.330819 -0.344155 0 0.336671 -0.339811 0 0.341637 -0.334476 0 0.345553 -0.328329 0 0.348289 -0.321573 0 0.349754 -0.314433 0 0.349898 -0.307146 0 0.348718 -0.299954 0 0.299175 -0.30375 0 0.301965 -0.300424 0 0.305725 -0.298254 0 0.31 -0.2975 0 0.29769 -0.307829 0 0.29769 -0.312171 0 0.299175 -0.31625 0 0.301965 -0.319576 0 0.305725 -0.321746 0 0.31 -0.3225 0 0.320825 -0.31625 0 0.318035 -0.319576 0 0.314275 -0.321746 0 0.32231 -0.312171 0 0.32231 -0.307829 0 0.320825 -0.30375 0 0.318035 -0.300424 0 0.314275 -0.298254 0 0.293095 0.346252 0 0.207355 0.306271 0 0.203013 0.303517 0 0.199516 0.299747 0 0.197096 0.29521 0 0.195913 0.290206 0 0.196045 0.285066 0 0.197483 0.280129 0 0.200133 0.275722 0 0.203818 0.272137 0 0.272137 0.203818 0 0.275322 0.200458 0 0.279194 0.197921 0 0.283546 0.196343 0 0.299175 0.31625 0 0.301965 0.319576 0 0.305725 0.321746 0 0.31 0.3225 0 0.29769 0.312171 0 0.29769 0.307829 0 0.299175 0.30375 0 0.301965 0.300424 0 0.305725 0.298254 0 0.31 0.2975 0 0.320825 0.30375 0 0.318035 0.300424 0 0.314275 0.298254 0 0.32231 0.307829 0 0.32231 0.312171 0 0.320825 0.31625 0 0.318035 0.319576 0 0.314275 0.321746 0 -0.228281 0.346985 0.06 -0.228281 0.346985 0 -0.2367 0.34924 0.06 -0.2367 0.34924 0 -0.245382 0.35 0.06 -0.245382 0.35 0 -0.274266 0.304365 0.06 -0.275 0.309 0.06 -0.31 0.3225 0.06 -0.31 0.35 0.06 -0.314275 0.321746 0.06 -0.32231 0.312171 0.06 -0.320825 0.31625 0.06 -0.317881 0.349216 0.06 -0.325454 0.346894 0.06 -0.33242 0.343126 0.06 -0.338508 0.338059 0.06 -0.343477 0.331892 0.06 -0.347135 0.324867 0.06 -0.349336 0.317258 0.06 -0.26 0.294 0.06 -0.264635 0.294734 0.06 -0.268817 0.296865 0.06 -0.272135 0.300183 0.06 -0.245734 0.304365 0.06 -0.247865 0.300183 0.06 -0.251183 0.296865 0.06 -0.255365 0.294734 0.06 -0.305725 0.321746 0.06 -0.301965 0.319576 0.06 -0.299175 0.31625 0.06 -0.29769 0.312171 0.06 -0.272135 0.319817 0.06 -0.268817 0.323135 0.06 -0.264635 0.325266 0.06 -0.26 0.326 0.06 -0.255365 0.325266 0.06 -0.251183 0.323135 0.06 -0.247865 0.319817 0.06 -0.245734 0.315635 0.06 -0.245 0.311 0.06 -0.29327 0.253106 0.06 -0.29769 0.307829 0.06 -0.300041 0.249761 0.06 -0.299175 0.30375 0.06 -0.301965 0.300424 0.06 -0.245 0.309 0.06 -0.275 0.311 0.06 -0.283589 0.260074 0.06 -0.289313 0.255596 0.06 -0.274266 0.315635 0.06 -0.32231 0.307829 0.06 -0.349995 0.309365 0.06 -0.342766 0.287057 0.06 -0.349086 0.301497 0.06 -0.346644 0.293963 0.06 -0.305441 0.247796 0.06 -0.305725 0.298254 0.06 -0.311722 0.246197 0.06 -0.31 0.2975 0.06 -0.314803 0.245664 0.06 -0.314275 0.298254 0.06 -0.317982 0.251296 0.06 -0.318035 0.300424 0.06 -0.321518 0.256711 0.06 -0.320825 0.30375 0.06 -0.318035 0.319576 0.06 -0.178658 0.289277 0 -0.174211 0.292856 0 -0.170783 0.297419 0 -0.168584 0.302687 0 -0.167749 0.308333 0 -0.168331 0.314011 0 -0.170293 0.319371 0 -0.173515 0.324083 0 -0.177797 0.327856 0 -0.182877 0.330459 0 -0.296367 0.220791 0 -0.292691 0.216691 0 -0.288146 0.213582 0 -0.282993 0.211643 0 -0.277526 0.210984 0 -0.272561 0.211526 0 -0.26783 0.213127 0 -0.263557 0.215712 0 -0.259942 0.219158 0 -0.31 0.35 0 -0.317881 0.349216 0 -0.325454 0.346894 0 -0.33242 0.343126 0 -0.338508 0.338059 0 -0.343477 0.331892 0 -0.347135 0.324867 0 -0.349336 0.317258 0 -0.349995 0.309365 0 -0.349086 0.301497 0 -0.346644 0.293963 0 -0.342766 0.287057 0 -0.281733 0.304177 0 -0.2825 0.31 0 -0.275 0.309 0.0074667 -0.275 0.311 0.0074667 -0.265823 0.288267 0 -0.27125 0.290514 0 -0.264958 0.294843 0.00655278 -0.27591 0.29409 0 -0.279486 0.29875 0 -0.272815 0.301204 0.00695679 -0.270462 0.298251 0.00676791 -0.27591 0.32591 0 -0.27125 0.329486 0 -0.270961 0.321241 0.00680024 -0.265823 0.331733 0 -0.267251 0.324131 0.00661717 -0.273227 0.318075 0.00700323 -0.274768 0.313626 0.00729311 -0.279486 0.32125 0 -0.274353 0.304642 0.00717957 -0.268333 0.296528 0.00665878 -0.263608 0.32556 0.00652748 -0.26 0.3325 0 -0.26 0.326 0.0065 -0.281733 0.315823 0 -0.261266 0.294054 0.00650334 -0.26 0.294 0.0065 -0.26 0.2875 0 -0.238267 0.315823 0 -0.2375 0.31 0 -0.245 0.311 0.0074667 -0.245 0.309 0.0074667 -0.254177 0.331733 0 -0.24875 0.329486 0 -0.255042 0.325157 0.00655276 -0.24409 0.32591 0 -0.240514 0.32125 0 -0.247704 0.31959 0.00690583 -0.249538 0.321749 0.00676794 -0.24409 0.29409 0 -0.24875 0.290514 0 -0.24904 0.298759 0.00680024 -0.254177 0.288267 0 -0.252749 0.295869 0.00661717 -0.245647 0.315358 0.00717955 -0.251666 0.323472 0.00665879 -0.246773 0.301925 0.00700323 -0.245232 0.306374 0.00729311 -0.240514 0.29875 0 -0.238267 0.304177 0 -0.256392 0.29444 0.00652748 -0.258734 0.325947 0.00650325 -0.320825 0.31625 0 -0.318035 0.319576 0 -0.314275 0.321746 0 -0.31 0.3225 0 -0.32231 0.312171 0 -0.32231 0.307829 0 -0.320825 0.30375 0 -0.318035 0.300424 0 -0.314275 0.298254 0 -0.31 0.2975 0 -0.299175 0.30375 0 -0.301965 0.300424 0 -0.305725 0.298254 0 -0.29769 0.307829 0 -0.29769 0.312171 0 -0.299175 0.31625 0 -0.301965 0.319576 0 -0.305725 0.321746 0 -0.255169 0.229148 0.088838 -0.277083 0.258525 0.0603495 -0.274329 0.253168 0.0614556 -0.310503 0.240046 0.0604391 -0.270864 0.24341 0.0651602 -0.266346 0.23812 0.0696776 -0.314665 0.214213 0.0726134 -0.262009 0.23304 0.0761797 -0.264062 0.235445 0.072764 -0.313551 0.20291 0.0905006 -0.255927 0.22999 0.086157 -0.258695 0.229159 0.0837448 -0.260214 0.230938 0.0798626 -0.318601 0.20072 0.0977387 -0.284531 0.209258 0.0929574 -0.293113 0.205894 0.0941617 -0.303136 0.203043 0.0955683 -0.313388 0.201233 0.0970071 -0.294656 0.245645 0.0603966 -0.302441 0.242337 0.0604175 -0.283357 0.252839 0.0603663 -0.279803 0.248201 0.0615138 -0.275135 0.24841 0.0623487 -0.281035 0.243529 0.0624459 -0.285704 0.243869 0.0615766 -0.287373 0.239293 0.0625507 -0.292021 0.240154 0.061644 -0.294152 0.235693 0.062663 -0.30047 0.236398 0.0617344 -0.301289 0.232777 0.0627817 -0.309246 0.233744 0.0618286 -0.314304 0.210551 0.0766203 -0.313743 0.204863 0.0856723 -0.313995 0.207418 0.0810085 -0.273281 0.246239 0.0634181 -0.279388 0.241128 0.0635614 -0.285953 0.236684 0.0637159 -0.292982 0.232895 0.0638819 -0.300387 0.229814 0.0640574 -0.308619 0.2306 0.062904 -0.308001 0.227499 0.0642386 -0.307201 0.223483 0.0664179 -0.306441 0.219669 0.0690377 -0.305735 0.216124 0.0720656 -0.273248 0.232179 0.0700927 -0.27124 0.229251 0.0733097 -0.28068 0.226991 0.0705412 -0.278969 0.223844 0.0738992 -0.28865 0.222542 0.0710238 -0.287257 0.21921 0.0745334 -0.297065 0.218896 0.0715358 -0.296007 0.215415 0.0752058 -0.30502 0.212533 0.0759014 -0.261782 0.224671 0.0869287 -0.266592 0.222472 0.0847135 -0.265871 0.221419 0.0874678 -0.275074 0.216679 0.0857554 -0.274487 0.215599 0.0886046 -0.284144 0.211766 0.0868708 -0.28369 0.210681 0.0898194 -0.293691 0.207799 0.0880472 -0.293367 0.206732 0.0910982 -0.303494 0.204853 0.0892573 -0.30329 0.203826 0.0924109 -0.313457 0.201942 0.0937567 -0.265265 0.220535 0.0902546 -0.261115 0.223799 0.0896723 -0.27859 0.212141 0.092124 -0.274004 0.214707 0.0914806 -0.28882 0.248954 0.060381 -0.277243 0.238003 0.0653793 -0.284107 0.233291 0.0656158 -0.291461 0.229261 0.0658701 -0.299218 0.225971 0.0661395 -0.268542 0.240691 0.0672534 -0.275187 0.235006 0.0675637 -0.28234 0.230043 0.067899 -0.29001 0.225792 0.0682596 -0.298104 0.222311 0.0686421 -0.304403 0.20943 0.0801107 -0.295083 0.212379 0.0792409 -0.28603 0.216278 0.0783992 -0.277451 0.221053 0.0776044 -0.269446 0.226636 0.0768649 -0.267892 0.224368 0.0806906 -0.276148 0.218657 0.081583 -0.284989 0.213789 0.0825405 -0.294309 0.209831 0.0835528 -0.303892 0.206861 0.0845968 -0.262 0.0320678 0.246195 -0.262 0.013565 0.293859 -0.262 -0.0135711 0.293843 -0.262 0.0112743 0.301855 -0.262 -0.0112759 0.301855 -0.262 0.0105001 0.310105 -0.262 -0.0105001 0.310122 -0.262 0.0105001 0.33825 -0.262 -0.0105001 0.33825 -0.299558 0.0300517 0.310105 -0.299242 0.0306587 0.301869 -0.327183 0.167865 0.25 -0.329167 0.166647 0.234076 -0.331365 0.165734 0.25 -0.339065 0.165316 0.241912 -0.335687 0.165003 0.239966 -0.336 0.165 0.25 -0.340635 0.165734 0.25 -0.344817 0.167865 0.25 -0.348135 0.171183 0.25 -0.350266 0.175365 0.25 -0.321734 0.175365 0.25 -0.323865 0.171183 0.25 -0.321 0.18 0.25 -0.332337 0.165454 0.237376 -0.351 0.18 0.25 -0.253252 -0.231067 0.0885691 -0.280725 -0.255041 0.0603593 -0.291579 -0.247292 0.0603883 -0.288689 -0.242006 0.0616084 -0.29702 -0.242838 0.0606384 -0.298498 -0.246354 0.0601555 -0.276964 -0.250647 0.0614836 -0.285823 -0.236763 0.0637128 -0.283073 -0.231732 0.066705 -0.292574 -0.23226 0.0642202 -0.294039 -0.235746 0.0626611 -0.280532 -0.227083 0.0705321 -0.289793 -0.225645 0.0684156 -0.291152 -0.228878 0.0661428 -0.269637 -0.242085 0.0661619 -0.26629 -0.238173 0.0696744 -0.28734 -0.219808 0.0739114 -0.278284 -0.222969 0.0750863 -0.286277 -0.217278 0.0770633 -0.276395 -0.219511 0.0802143 -0.274905 -0.216783 0.0857344 -0.284535 -0.213134 0.0839502 -0.28534 -0.215048 0.0804259 -0.277258 -0.212854 0.091937 -0.283869 -0.211548 0.0875855 -0.258632 -0.229218 0.0837372 -0.282948 -0.209355 0.0949908 -0.283341 -0.21029 0.0912815 -0.269396 -0.217616 0.0908341 -0.261005 -0.22389 0.089657 -0.295527 -0.239287 0.061469 -0.288517 -0.222608 0.0710157 -0.266453 -0.222578 0.0846964 -0.257048 -0.227364 0.0891017 -0.273231 -0.246285 0.0634169 -0.27928 -0.24121 0.0635589 -0.282601 -0.246031 0.0615435 -0.270488 -0.228443 0.0744499 -0.268248 -0.225188 0.079376 -0.263292 -0.234668 0.0738643 -0.260721 -0.231662 0.0786033 -0.28441 -0.259357 0.06 -0.285949 -0.25089 0.0603733 -0.289861 -0.255224 0.06 -0.294427 -0.252458 0.06 -0.299947 -0.2498 0.06 -0.276087 -0.236574 0.0664222 -0.273126 -0.232274 0.0700853 -0.30391 -0.241839 0.0604214 -0.305708 -0.247714 0.06 -0.309128 -0.233772 0.0618273 -0.307874 -0.227531 0.0642356 -0.302066 -0.235827 0.0617515 -0.300238 -0.229868 0.064054 -0.304944 -0.21295 0.0754437 -0.304376 -0.210116 0.0791339 -0.314242 -0.210569 0.0766053 -0.295942 -0.215848 0.0747655 -0.313893 -0.207058 0.0816018 -0.295095 -0.21308 0.0783011 -0.294364 -0.210693 0.0820716 -0.30333 -0.204893 0.089237 -0.308106 -0.202031 0.0962658 -0.313466 -0.202733 0.0910558 -0.288005 -0.207788 0.0934451 -0.2935 -0.207867 0.088024 -0.313354 -0.201601 0.095209 -0.313285 -0.200884 0.0993323 -0.297906 -0.204392 0.0948345 -0.310395 -0.24007 0.0604388 -0.296896 -0.21896 0.0715257 -0.297672 -0.221494 0.0693221 -0.293897 -0.209165 0.0850142 -0.314803 -0.245664 0.06 -0.311635 -0.246215 0.06 -0.307265 -0.224505 0.0658267 -0.306678 -0.221583 0.0676688 -0.306118 -0.218793 0.0697509 -0.30559 -0.216163 0.0720567 -0.299351 -0.226974 0.0655739 -0.298493 -0.224174 0.0673333 -0.303891 -0.207697 0.0830604 -0.303585 -0.20617 0.0861176 -0.31362 -0.204296 0.0869339 -0.302969 -0.203082 0.0955448 -0.318586 -0.200744 0.0976022 0 -0.20225 0.264 0 -0.2 0.2355 0.0176272 -0.20148 0.264 0.0174311 -0.199239 0.2355 0.0351203 -0.199177 0.264 0.0347296 -0.196962 0.2355 0.0523461 -0.195358 0.264 0.0517638 -0.193185 0.2355 0.0691735 -0.190053 0.264 0.068404 -0.187938 0.2355 0.0854745 -0.183301 0.264 0.0845237 -0.181262 0.2355 0.101125 -0.175153 0.264 0.1 -0.173205 0.2355 0.116006 -0.165673 0.264 0.114715 -0.16383 0.2355 0.130004 -0.154932 0.264 0.128558 -0.153209 0.2355 0.143012 -0.143012 0.264 0.141421 -0.141421 0.2355 0.154932 -0.130004 0.264 0.153209 -0.128558 0.2355 0.165673 -0.116006 0.264 0.16383 -0.114715 0.2355 0.175153 -0.101125 0.264 0.173205 -0.1 0.2355 0.183301 -0.0854745 0.264 0.181262 -0.0845237 0.2355 0.190053 -0.0691735 0.264 0.187938 -0.068404 0.2355 0.195358 -0.0523461 0.264 0.193185 -0.0517638 0.2355 0.199177 -0.0351203 0.264 0.196962 -0.0347296 0.2355 0.20148 -0.0176272 0.264 0.199239 -0.0174311 0.2355 0.20225 0 0.264 0.2 0 0.2355 0.20148 0.0176272 0.264 0.199239 0.0174311 0.2355 0.199177 0.0351203 0.264 0.196962 0.0347296 0.2355 0.195358 0.0523461 0.264 0.193185 0.0517638 0.2355 0.190053 0.0691735 0.264 0.187938 0.068404 0.2355 0.183301 0.0854745 0.264 0.181262 0.0845237 0.2355 0.175153 0.101125 0.264 0.173205 0.1 0.2355 0.165673 0.116006 0.264 0.16383 0.114715 0.2355 0.154932 0.130004 0.264 0.153209 0.128558 0.2355 0.143012 0.143012 0.264 0.141421 0.141421 0.2355 0.130004 0.154932 0.264 0.128558 0.153209 0.2355 0.116006 0.165673 0.264 0.114715 0.16383 0.2355 0.101125 0.175153 0.264 0.1 0.173205 0.2355 0.0854745 0.183301 0.264 0.0845237 0.181262 0.2355 0.0691735 0.190053 0.264 0.068404 0.187938 0.2355 0.0523461 0.195358 0.264 0.0517638 0.193185 0.2355 0.0351203 0.199177 0.264 0.0347296 0.196962 0.2355 0.0176272 0.20148 0.264 0.0174311 0.199239 0.2355 0 0.20225 0.264 0 0.2 0.2355 -0.0176272 0.20148 0.264 -0.0174311 0.199239 0.2355 -0.0351203 0.199177 0.264 -0.0347296 0.196962 0.2355 -0.0523461 0.195358 0.264 -0.0517638 0.193185 0.2355 -0.0691735 0.190053 0.264 -0.068404 0.187938 0.2355 -0.0854745 0.183301 0.264 -0.0845237 0.181262 0.2355 -0.101125 0.175153 0.264 -0.1 0.173205 0.2355 -0.116006 0.165673 0.264 -0.114715 0.16383 0.2355 -0.130004 0.154932 0.264 -0.128558 0.153209 0.2355 -0.143012 0.143012 0.264 -0.141421 0.141421 0.2355 -0.154932 0.130004 0.264 -0.153209 0.128558 0.2355 -0.165673 0.116006 0.264 -0.16383 0.114715 0.2355 -0.175153 0.101125 0.264 -0.173205 0.1 0.2355 -0.183301 0.0854745 0.264 -0.181262 0.0845237 0.2355 -0.190053 0.0691735 0.264 -0.187938 0.068404 0.2355 -0.195358 0.0523461 0.264 -0.193185 0.0517638 0.2355 -0.199177 0.0351203 0.264 -0.196962 0.0347296 0.2355 -0.20148 0.0176272 0.264 -0.199239 0.0174311 0.2355 -0.20225 0 0.264 -0.2 0 0.2355 -0.20148 -0.0176272 0.264 -0.199239 -0.0174311 0.2355 -0.199177 -0.0351203 0.264 -0.196962 -0.0347296 0.2355 -0.195358 -0.0523461 0.264 -0.193185 -0.0517638 0.2355 -0.190053 -0.0691735 0.264 -0.187938 -0.068404 0.2355 -0.183301 -0.0854745 0.264 -0.181262 -0.0845237 0.2355 -0.175153 -0.101125 0.264 -0.173205 -0.1 0.2355 -0.165673 -0.116006 0.264 -0.16383 -0.114715 0.2355 -0.154932 -0.130004 0.264 -0.153209 -0.128558 0.2355 -0.143012 -0.143012 0.264 -0.141421 -0.141421 0.2355 -0.130004 -0.154932 0.264 -0.128558 -0.153209 0.2355 -0.116006 -0.165673 0.264 -0.114715 -0.16383 0.2355 -0.101125 -0.175153 0.264 -0.1 -0.173205 0.2355 -0.0854745 -0.183301 0.264 -0.0845237 -0.181262 0.2355 -0.0691735 -0.190053 0.264 -0.068404 -0.187938 0.2355 -0.0523461 -0.195358 0.264 -0.0517638 -0.193185 0.2355 -0.0351203 -0.199177 0.264 -0.0347296 -0.196962 0.2355 -0.0176272 -0.20148 0.264 -0.0174311 -0.199239 0.2355 -0.327959 -0.203348 0.0330661 -0.324802 -0.205074 0.0330666 -0.328404 -0.202701 0.0459922 -0.324463 -0.204812 0.0459921 -0.320755 -0.207596 0.0460078 -0.320824 -0.208055 0.0330978 -0.317443 -0.211008 0.0460403 -0.3173 -0.211766 0.033166 -0.31442 -0.216088 0.0332706 -0.312586 -0.219289 0.0461527 -0.311225 -0.223844 0.0462285 -0.310606 -0.228438 0.0463129 -0.312329 -0.220841 0.0334078 -0.311101 -0.225806 0.0335707 -0.310688 -0.232907 0.0464023 -0.31109 -0.235747 0.0464628 -0.311734 -0.23844 0.046523 -0.313645 -0.243377 0.0442001 -0.312602 -0.240904 0.0341736 -0.313851 -0.243796 0.0343089 -0.334364 -0.201171 0.0331153 -0.336222 -0.200441 0.0460305 -0.333454 -0.20098 0.0460117 -0.330932 -0.201714 0.0459995 -0.331171 -0.202055 0.0330831 -0.314682 -0.214953 0.0460891 -0.310734 -0.230759 0.0337508 -0.310982 -0.234344 0.0338918 -0.311624 -0.237743 0.0340338 -0.319542 -0.21012 0.0204251 -0.316648 -0.21357 0.0205253 -0.314279 -0.21746 0.0206653 -0.312688 -0.221183 0.02082 -0.311622 -0.22505 0.0209983 -0.311228 -0.234651 0.0215097 -0.312355 -0.23992 0.021831 -0.314012 -0.244118 0.028719 -0.311022 -0.23184 0.0213502 -0.322839 -0.207201 0.0203661 -0.326403 -0.204864 0.020347 -0.328859 -0.203635 0.0203546 -0.331334 -0.202664 0.0203768 -0.311086 -0.228952 0.0211948 -0.272135 -0.318817 0.06 -0.274266 -0.314635 0.06 -0.29769 -0.312171 0.06 -0.245382 -0.35 0.06 -0.2367 -0.34924 0.06 -0.245 -0.31 0.06 -0.245734 -0.314635 0.06 -0.247865 -0.318817 0.06 -0.251183 -0.322135 0.06 -0.255365 -0.324266 0.06 -0.26 -0.325 0.06 -0.264635 -0.324266 0.06 -0.268817 -0.322135 0.06 -0.299175 -0.31625 0.06 -0.301965 -0.319576 0.06 -0.305725 -0.321746 0.06 -0.31 -0.3225 0.06 -0.31 -0.35 0.06 -0.325454 -0.346894 0.06 -0.349336 -0.317258 0.06 -0.347135 -0.324867 0.06 -0.343477 -0.331892 0.06 -0.338508 -0.338059 0.06 -0.33242 -0.343126 0.06 -0.275 -0.31 0.06 -0.274266 -0.305365 0.06 -0.29769 -0.307829 0.06 -0.272135 -0.301183 0.06 -0.268817 -0.297865 0.06 -0.264635 -0.295734 0.06 -0.26 -0.295 0.06 -0.255365 -0.295734 0.06 -0.251183 -0.297865 0.06 -0.247865 -0.301183 0.06 -0.245734 -0.305365 0.06 -0.228281 -0.346985 0.06 -0.342766 -0.287057 0.06 -0.346644 -0.293963 0.06 -0.32231 -0.307829 0.06 -0.349086 -0.301497 0.06 -0.32231 -0.312171 0.06 -0.349995 -0.309365 0.06 -0.320825 -0.31625 0.06 -0.317881 -0.349216 0.06 -0.318035 -0.319576 0.06 -0.314275 -0.321746 0.06 -0.321518 -0.256711 0.06 -0.320825 -0.30375 0.06 -0.317982 -0.251296 0.06 -0.318035 -0.300424 0.06 -0.314275 -0.298254 0.06 -0.31 -0.2975 0.06 -0.305725 -0.298254 0.06 -0.301965 -0.300424 0.06 -0.299175 -0.30375 0.06 -0.259942 -0.219158 0 -0.263557 -0.215712 0 -0.26783 -0.213127 0 -0.272561 -0.211526 0 -0.277526 -0.210984 0 -0.282993 -0.211643 0 -0.288146 -0.213582 0 -0.292691 -0.216691 0 -0.296367 -0.220791 0 -0.31 -0.35 0 -0.245382 -0.35 0 -0.2367 -0.34924 0 -0.228281 -0.346985 0 -0.182877 -0.330459 0 -0.177797 -0.327856 0 -0.173515 -0.324083 0 -0.170293 -0.319371 0 -0.168331 -0.314011 0 -0.167749 -0.308333 0 -0.168584 -0.302687 0 -0.170783 -0.297419 0 -0.174211 -0.292856 0 -0.178658 -0.289277 0 -0.320825 -0.30375 0 -0.318035 -0.300424 0 -0.314275 -0.298254 0 -0.31 -0.2975 0 -0.32231 -0.307829 0 -0.32231 -0.312171 0 -0.320825 -0.31625 0 -0.318035 -0.319576 0 -0.314275 -0.321746 0 -0.31 -0.3225 0 -0.299175 -0.31625 0 -0.301965 -0.319576 0 -0.305725 -0.321746 0 -0.29769 -0.312171 0 -0.29769 -0.307829 0 -0.299175 -0.30375 0 -0.301965 -0.300424 0 -0.305725 -0.298254 0 -0.26 -0.3325 0 -0.265823 -0.331733 0 -0.26 -0.325 0.0075 -0.264635 -0.324266 0.0075 -0.264635 -0.295734 0.0075 -0.265823 -0.288267 0 -0.26 -0.295 0.0075 -0.26 -0.2875 0 -0.27125 -0.329486 0 -0.27591 -0.32591 0 -0.268817 -0.322135 0.0075 -0.279486 -0.32125 0 -0.272135 -0.318817 0.0075 -0.281733 -0.315823 0 -0.274266 -0.314635 0.0075 -0.2825 -0.31 0 -0.275 -0.31 0.0075 -0.281733 -0.304177 0 -0.279486 -0.29875 0 -0.274266 -0.305365 0.0075 -0.27591 -0.29409 0 -0.272135 -0.301183 0.0075 -0.27125 -0.290514 0 -0.268817 -0.297865 0.0075 -0.254177 -0.288267 0 -0.255365 -0.295734 0.0075 -0.255365 -0.324266 0.0075 -0.254177 -0.331733 0 -0.24875 -0.290514 0 -0.24409 -0.29409 0 -0.251183 -0.297865 0.0075 -0.240514 -0.29875 0 -0.247865 -0.301183 0.0075 -0.238267 -0.304177 0 -0.245734 -0.305365 0.0075 -0.2375 -0.31 0 -0.245 -0.31 0.0075 -0.238267 -0.315823 0 -0.240514 -0.32125 0 -0.245734 -0.314635 0.0075 -0.24409 -0.32591 0 -0.247865 -0.318817 0.0075 -0.24875 -0.329486 0 -0.251183 -0.322135 0.0075 -0.31393 0.243953 0.031452 -0.313852 0.243797 0.0343023 -0.313555 0.243193 0.0517668 -0.312355 0.23992 0.0218266 -0.311228 0.234652 0.0215052 -0.311624 0.237743 0.034027 -0.312602 0.240905 0.034167 -0.311087 0.228953 0.0211903 -0.311622 0.225051 0.0209938 -0.311101 0.225806 0.0335639 -0.310734 0.230759 0.033744 -0.312329 0.220841 0.0334009 -0.314279 0.21746 0.0206608 -0.31442 0.216089 0.0332638 -0.316648 0.213571 0.0205207 -0.317299 0.211766 0.0331591 -0.319542 0.21012 0.0204205 -0.322839 0.207201 0.0203616 -0.320823 0.208056 0.0330909 -0.326403 0.204865 0.0203424 -0.324801 0.205075 0.0330597 -0.327958 0.203349 0.0330592 -0.33117 0.202055 0.0330762 -0.331334 0.202664 0.0203722 -0.334363 0.201172 0.0331083 -0.310982 0.234345 0.033885 -0.311022 0.23184 0.0213457 -0.312688 0.221184 0.0208155 -0.328858 0.203636 0.02035 -0.299227 -0.0306523 0.301869 -0.298833 -0.0314087 0.297814 -0.299544 -0.0300441 0.310122 -0.299465 -0.0301964 0.305981 -0.348135 0.188817 0.25 -0.344817 0.192135 0.25 -0.350266 0.184635 0.25 -0.340635 0.194266 0.25 -0.336 0.195 0.25 -0.331365 0.194266 0.25 -0.327183 0.192135 0.25 -0.323865 0.188817 0.25 -0.321734 0.184635 0.25 -0.305015 0.0349934 0.296921 -0.305091 0.0331651 0.305856 -0.306777 0.0338093 0.310598 -0.320101 0.0422232 0.301679 -0.316612 0.0418359 0.296486 -0.320066 0.0433649 0.297966 -0.320189 0.0448017 0.294651 -0.305151 0.0338985 0.301351 -0.320165 0.0414328 0.305471 -0.316433 0.0401315 0.301584 -0.310894 0.0370653 0.301309 -0.310604 0.0360789 0.306183 -0.314191 0.0379765 0.30657 -0.320259 0.0409903 0.30932 -0.313713 0.0374201 0.311742 -0.320383 0.040892 0.313206 -0.310947 0.0384778 0.296532 -0.329844 0.05946 0.278872 -0.327247 0.0563017 0.281711 -0.326849 0.0597654 0.277939 -0.325581 0.0501862 0.288772 -0.326756 0.0473146 0.292765 -0.325021 0.0474749 0.292643 -0.327362 0.0499768 0.288979 -0.328507 0.0468852 0.292714 -0.328996 0.0495499 0.288992 -0.330187 0.046188 0.29248 -0.32567 0.0563358 0.28119 -0.3239 0.0501417 0.288394 -0.32338 0.047389 0.292373 -0.333001 0.0584262 0.279047 -0.332008 0.0550246 0.282119 -0.331433 0.0590328 0.279066 -0.330485 0.0556292 0.282183 -0.328929 0.0560523 0.282055 -0.337866 0.0548074 0.277017 -0.336827 0.0511542 0.279979 -0.335809 0.0567752 0.278373 -0.335928 0.0522538 0.280752 -0.33448 0.057662 0.278811 -0.334781 0.0533113 0.281397 -0.333475 0.0542348 0.281852 -0.335242 0.0445367 0.2865 -0.334756 0.0415857 0.290084 -0.334439 0.0457877 0.287276 -0.334024 0.0428823 0.290831 -0.333352 0.0469876 0.287956 -0.333004 0.0441273 0.291508 -0.332062 0.0480269 0.288474 -0.33171 0.0452514 0.29207 -0.330573 0.048901 0.288827 -0.335943 0.047728 0.283137 -0.324677 0.0531255 0.284673 -0.326307 0.05313 0.285131 -0.328041 0.0528998 0.285414 -0.329638 0.0524741 0.28549 -0.33119 0.0518467 0.285379 -0.332671 0.0510143 0.28507 -0.333972 0.0500325 0.284583 -0.335091 0.0489036 0.283917 -0.331096 0.0670771 0.272764 -0.328898 0.0652962 0.273484 -0.329057 0.0672252 0.271812 -0.339222 0.0636506 0.272426 -0.339655 0.0606845 0.272935 -0.337528 0.0624434 0.274207 -0.337454 0.0648404 0.273146 -0.34068 0.0623241 0.271329 -0.335405 0.0658604 0.273458 -0.336206 0.0632424 0.274594 -0.334763 0.0639402 0.274776 -0.333228 0.0666223 0.273322 -0.333254 0.0645078 0.274744 -0.331737 0.0649258 0.274503 -0.337229 0.0835053 0.263858 -0.335353 0.0747752 0.268336 -0.332755 0.0752111 0.267283 -0.335514 0.0837543 0.26295 -0.344768 0.0807432 0.263951 -0.342984 0.0711816 0.267182 -0.340804 0.0726278 0.268282 -0.343019 0.0816317 0.264508 -0.346258 0.0798182 0.263083 -0.338155 0.073885 0.2687 -0.341098 0.0824213 0.264685 -0.339126 0.0830576 0.26446 -0.342299 0.0919984 0.261087 -0.344132 0.0914368 0.261311 -0.338936 0.0926958 0.259697 -0.34909 0.0892508 0.259957 -0.347615 0.0900212 0.260712 -0.345936 0.0907646 0.26118 -0.340539 0.0924218 0.260531 -0.362574 0.14431 0.250206 -0.363326 0.149575 0.249748 -0.342806 0.10182 0.257376 -0.349356 0.0999765 0.258329 -0.357714 0.123957 0.252896 -0.355946 0.140651 0.250982 -0.358892 0.145364 0.250601 -0.352653 0.125397 0.253333 -0.361672 0.150078 0.249986 -0.36138 0.144677 0.250499 -0.360142 0.145031 0.250633 -0.34714 0.100746 0.25853 -0.359992 0.150547 0.249923 -0.344897 0.101376 0.258197 -0.351367 0.0991337 0.25763 -0.353988 0.108945 0.255481 -0.35211 0.109638 0.256071 -0.356093 0.124474 0.253347 -0.350994 0.12576 0.252869 -0.346108 0.111241 0.255282 -0.348035 0.110826 0.255968 -0.35438 0.124962 0.253498 -0.350081 0.11028 0.256242 -0.376216 0.177044 0.245758 -0.373797 0.17498 0.246244 -0.371474 0.171806 0.246823 -0.36907 0.167077 0.247539 -0.374297 0.1764 0.246065 -0.376506 0.177903 0.245651 -0.371563 0.173395 0.246695 -0.369377 0.169939 0.24729 -0.367023 0.165093 0.248016 -0.376248 0.178442 0.245603 -0.365047 0.160136 0.248693 -0.366305 0.159673 0.248513 -0.373883 0.176906 0.24604 -0.370932 0.173867 0.246695 -0.363768 0.16058 0.248692 -0.365961 0.165536 0.248029 -0.36855 0.170392 0.247302 -0.324791 -0.0458602 0.295456 -0.326758 -0.0473312 0.29274 -0.325024 -0.0474916 0.292617 -0.323055 -0.0457161 0.295268 -0.326626 -0.0457158 0.295506 -0.328509 -0.0469018 0.29269 -0.328361 -0.0452898 0.295408 -0.330189 -0.0462047 0.292456 -0.323382 -0.0474059 0.292347 -0.322969 -0.0443959 0.298337 -0.324676 -0.044587 0.298407 -0.326482 -0.0444881 0.298371 -0.3283 -0.0440651 0.298217 -0.330019 -0.0445822 0.295163 -0.330033 -0.0433146 0.297945 -0.331541 -0.0436007 0.294772 -0.33455 -0.0396333 0.292981 -0.334759 -0.0416039 0.29006 -0.333843 -0.0410528 0.293647 -0.334026 -0.0429001 0.290808 -0.332823 -0.0424119 0.294261 -0.333006 -0.0441446 0.291484 -0.331712 -0.0452683 0.292046 -0.334519 -0.038072 0.296045 -0.333853 -0.0395626 0.296585 -0.332871 -0.0409902 0.297103 -0.331582 -0.0422685 0.297566 -0.320065 -0.0433677 0.297965 -0.32019 -0.0448105 0.294636 -0.335815 -0.0567958 0.278356 -0.335933 -0.0522745 0.280734 -0.337872 -0.0548288 0.277001 -0.334443 -0.0458067 0.287255 -0.333355 -0.0470062 0.287935 -0.332065 -0.0480451 0.288452 -0.336833 -0.0511752 0.27996 -0.335246 -0.0445561 0.286478 -0.333007 -0.0584462 0.27903 -0.332014 -0.0550441 0.2821 -0.334486 -0.0576822 0.278795 -0.33348 -0.0542546 0.281834 -0.334787 -0.0533315 0.281378 -0.326856 -0.0597854 0.277921 -0.325676 -0.0563555 0.28117 -0.32985 -0.0594798 0.278854 -0.327253 -0.0563212 0.281691 -0.33144 -0.0590526 0.279049 -0.328935 -0.0560715 0.282036 -0.330491 -0.0556486 0.282164 -0.323905 -0.0501598 0.28837 -0.325585 -0.0502041 0.288748 -0.327366 -0.0499945 0.288956 -0.328999 -0.0495676 0.288969 -0.330576 -0.0489189 0.288804 -0.324682 -0.0531446 0.284651 -0.335948 -0.0477484 0.283117 -0.335095 -0.0489236 0.283897 -0.333976 -0.0500521 0.284563 -0.332675 -0.0510334 0.28505 -0.331194 -0.0518655 0.285358 -0.329642 -0.0524927 0.285469 -0.328046 -0.0529184 0.285392 -0.326312 -0.0531488 0.285109 -0.339229 -0.0636721 0.272413 -0.339662 -0.0607061 0.272921 -0.340687 -0.062346 0.271316 -0.331104 -0.0670973 0.27275 -0.331744 -0.064946 0.274488 -0.333236 -0.0666425 0.273308 -0.328905 -0.0653166 0.27347 -0.329066 -0.0672458 0.271798 -0.335412 -0.0658809 0.273445 -0.333261 -0.064528 0.27473 -0.33477 -0.0639606 0.274762 -0.33746 -0.0648613 0.273133 -0.336212 -0.063263 0.274579 -0.337534 -0.0624643 0.274193 -0.344775 -0.0807633 0.263944 -0.340811 -0.0726486 0.268272 -0.342991 -0.0712029 0.267172 -0.337237 -0.0835245 0.26385 -0.332763 -0.0752313 0.267273 -0.335361 -0.0747953 0.268325 -0.339133 -0.0830769 0.264451 -0.335522 -0.0837736 0.262942 -0.346264 -0.0798386 0.263076 -0.338162 -0.0739053 0.268689 -0.341105 -0.0824407 0.264677 -0.343025 -0.0816513 0.2645 -0.345942 -0.0907831 0.261174 -0.344138 -0.0914551 0.261305 -0.349096 -0.0892699 0.259951 -0.34762 -0.09004 0.260706 -0.338943 -0.0927139 0.259691 -0.340545 -0.0924399 0.260525 -0.342306 -0.0920166 0.261081 -0.359996 -0.150557 0.249921 -0.35595 -0.140663 0.25098 -0.358896 -0.145375 0.250599 -0.361676 -0.150089 0.249985 -0.362577 -0.144322 0.250204 -0.357718 -0.123972 0.252894 -0.360146 -0.145042 0.250631 -0.347146 -0.100764 0.258525 -0.352657 -0.125412 0.253331 -0.363329 -0.149586 0.249747 -0.361383 -0.144688 0.250498 -0.349361 -0.0999943 0.258324 -0.351372 -0.0991518 0.257626 -0.350999 -0.125775 0.252867 -0.342812 -0.101838 0.257372 -0.344903 -0.101393 0.258192 -0.346113 -0.111258 0.255279 -0.353992 -0.108962 0.255477 -0.356097 -0.124489 0.253345 -0.352114 -0.109655 0.256067 -0.354384 -0.124977 0.253495 -0.350086 -0.110297 0.256238 -0.34804 -0.110842 0.255965 -0.370937 -0.173873 0.246694 -0.373887 -0.17691 0.246039 -0.37622 -0.177046 0.245757 -0.373801 -0.174984 0.246243 -0.369074 -0.167085 0.247538 -0.366308 -0.159682 0.248511 -0.37651 -0.177905 0.245651 -0.374301 -0.176404 0.246064 -0.371567 -0.173401 0.246694 -0.371477 -0.171812 0.246822 -0.369381 -0.169946 0.247289 -0.367027 -0.165101 0.248015 -0.376252 -0.178444 0.245602 -0.363772 -0.160589 0.248691 -0.365965 -0.165544 0.248028 -0.368554 -0.170399 0.247301 -0.36505 -0.160145 0.248692 -0.324791 0.0458515 0.29547 -0.326482 0.0444848 0.298372 -0.324677 0.0445838 0.298408 -0.323055 0.0457074 0.295282 -0.326627 0.0457071 0.295519 -0.328301 0.0440618 0.298219 -0.328361 0.045281 0.295421 -0.330033 0.0433112 0.297946 -0.322969 0.0443928 0.298339 -0.330019 0.0445734 0.295176 -0.331541 0.0435918 0.294785 -0.33455 0.0396241 0.292994 -0.334519 0.0380691 0.296045 -0.333843 0.0410437 0.293659 -0.333853 0.0395595 0.296586 -0.332823 0.042403 0.294273 -0.332871 0.040987 0.297103 -0.331582 0.0422652 0.297567 -0.307 0.0113779 0.342 -0.307 0.0113779 0.354 -0.335 0.0259538 0.342 -0.335 0.0259538 0.354 -0.307 0.003 0.354 -0.292 0.003 0.354 -0.292 0.026117 0.354 -0.320383 0.040892 0.354 -0.322623 0.0417353 0.354 -0.325 0.0420219 0.354 -0.328827 0.0412607 0.354 -0.332071 0.039093 0.354 -0.334239 0.0358487 0.354 -0.335 0.0320219 0.354 -0.322506 0.041706 0.313206 -0.325 0.0420219 0.313206 -0.327036 0.0418124 0.313206 -0.329055 0.0411629 0.313206 -0.330834 0.0401435 0.313206 -0.332357 0.0387945 0.313206 -0.333571 0.0371736 0.313206 -0.334401 0.0354323 0.313206 -0.334861 0.0336852 0.313206 -0.335 0.0320219 0.313206 -0.32316 0.0420124 0.309388 -0.324908 0.0421819 0.309404 -0.326748 0.0420288 0.309392 -0.328481 0.041559 0.309352 -0.330128 0.0407725 0.309285 -0.331595 0.0397079 0.309194 -0.332827 0.0384195 0.309084 -0.333843 0.0368705 0.308951 -0.334526 0.0352485 0.308812 -0.335 0.0322182 0.30856 -0.323004 0.0432678 0.301956 -0.324763 0.0434594 0.302007 -0.326623 0.043334 0.301974 -0.328379 0.0428935 0.301858 -0.33005 0.0421386 0.301658 -0.331542 0.0411065 0.301385 -0.323068 0.0424772 0.305639 -0.335 0.0334693 0.300747 -0.334523 0.0358171 0.304487 -0.33452 0.0367539 0.300231 -0.333827 0.0383389 0.300651 -0.332794 0.0398514 0.301052 -0.333833 0.037428 0.304766 -0.332808 0.0389657 0.305033 -0.331564 0.0402429 0.305254 -0.330082 0.0412953 0.305436 -0.32842 0.0420682 0.30557 -0.326674 0.0425236 0.305648 -0.324822 0.0426612 0.305671 -0.335 -0.0320219 0.31323 -0.334526 -0.0352487 0.30883 -0.334239 -0.0358487 0.31323 -0.335 -0.0323652 0.307094 -0.328378 -0.0428954 0.301863 -0.326622 -0.0433358 0.301979 -0.324763 -0.0434612 0.302012 -0.323004 -0.0432695 0.301961 -0.328827 -0.0412607 0.31323 -0.332071 -0.039093 0.31323 -0.331595 -0.039708 0.309212 -0.330128 -0.0407727 0.309303 -0.328481 -0.0415592 0.30937 -0.326748 -0.042029 0.309409 -0.324908 -0.0421821 0.309421 -0.325 -0.0420219 0.31323 -0.335 -0.0337996 0.299444 -0.33452 -0.0367555 0.300237 -0.333827 -0.0383405 0.300657 -0.332794 -0.0398531 0.301057 -0.331542 -0.0411083 0.30139 -0.33005 -0.0421405 0.301663 -0.332827 -0.0384196 0.309101 -0.333843 -0.0368707 0.308969 -0.332808 -0.0389664 0.305044 -0.333833 -0.0374287 0.304778 -0.322623 -0.0417353 0.31323 -0.32316 -0.0420126 0.309406 -0.323067 -0.0424779 0.30565 -0.324822 -0.042662 0.305683 -0.3201 -0.0422258 0.30168 -0.320165 -0.0414347 0.305474 -0.320259 -0.0409907 0.309333 -0.320383 -0.040892 0.31323 -0.334523 -0.0358178 0.304499 -0.331564 -0.0402437 0.305265 -0.330082 -0.0412962 0.305447 -0.32842 -0.0420691 0.305581 -0.326673 -0.0425245 0.305659 -0.335 -0.0320219 0.354 -0.334239 -0.0358487 0.354 -0.332071 -0.039093 0.354 -0.328827 -0.0412607 0.354 -0.325 -0.0420219 0.354 -0.307 -0.0113779 0.354 -0.335 -0.0259538 0.354 -0.322623 -0.0417353 0.354 -0.320383 -0.040892 0.354 -0.292 -0.026117 0.354 -0.292 -0.003 0.354 -0.307 -0.003 0.354 -0.292 -0.026117 0.34425 -0.292 -0.003 0.347 -0.292 0.026117 0.34425 -0.292 0.003 0.347 -0.316615 -0.0418456 0.296471 -0.314189 -0.0379763 0.306579 -0.310599 -0.0360771 0.306191 -0.310066 -0.0355214 0.311098 -0.305081 -0.0331606 0.305863 -0.303496 -0.0321012 0.310281 -0.305142 -0.0338961 0.301349 -0.31089 -0.0370666 0.301306 -0.3146 -0.0391195 0.301461 -0.305007 -0.0349938 0.296909 -0.310944 -0.0384831 0.296518 -0.2815 0.0206511 0.34425 -0.2815 -0.0206511 0.34425 -0.2815 0.0206511 0.33825 -0.2815 -0.0206511 0.33825 0 -0.20225 0.267 0.0176272 -0.20148 0.267 0.0351203 -0.199177 0.267 0.0523461 -0.195358 0.267 0.0691735 -0.190053 0.267 0.0854745 -0.183301 0.267 0.101125 -0.175153 0.267 0.116006 -0.165673 0.267 0.130004 -0.154932 0.267 0.143012 -0.143012 0.267 0.154932 -0.130004 0.267 0.165673 -0.116006 0.267 0.175153 -0.101125 0.267 0.183301 -0.0854745 0.267 0.190053 -0.0691735 0.267 0.195358 -0.0523461 0.267 0.199177 -0.0351203 0.267 0.20148 -0.0176272 0.267 0.20225 0 0.267 0.20148 0.0176272 0.267 0.199177 0.0351203 0.267 0.195358 0.0523461 0.267 0.190053 0.0691735 0.267 0.183301 0.0854745 0.267 0.175153 0.101125 0.267 0.165673 0.116006 0.267 0.154932 0.130004 0.267 0.143012 0.143012 0.267 0.130004 0.154932 0.267 0.116006 0.165673 0.267 0.101125 0.175153 0.267 0.0854745 0.183301 0.267 0.0691735 0.190053 0.267 0.0523461 0.195358 0.267 0.0351203 0.199177 0.267 0.0176272 0.20148 0.267 0 0.20225 0.267 -0.0176272 0.20148 0.267 -0.0351203 0.199177 0.267 -0.0523461 0.195358 0.267 -0.0691735 0.190053 0.267 -0.0854745 0.183301 0.267 -0.101125 0.175153 0.267 -0.116006 0.165673 0.267 -0.130004 0.154932 0.267 -0.143012 0.143012 0.267 -0.154932 0.130004 0.267 -0.165673 0.116006 0.267 -0.175153 0.101125 0.267 -0.183301 0.0854745 0.267 -0.190053 0.0691735 0.267 -0.195358 0.0523461 0.267 -0.199177 0.0351203 0.267 -0.20148 0.0176272 0.267 -0.20225 0 0.267 -0.20148 -0.0176272 0.267 -0.199177 -0.0351203 0.267 -0.195358 -0.0523461 0.267 -0.190053 -0.0691735 0.267 -0.183301 -0.0854745 0.267 -0.175153 -0.101125 0.267 -0.165673 -0.116006 0.267 -0.154932 -0.130004 0.267 -0.143012 -0.143012 0.267 -0.130004 -0.154932 0.267 -0.116006 -0.165673 0.267 -0.101125 -0.175153 0.267 -0.0854745 -0.183301 0.267 -0.0691735 -0.190053 0.267 -0.0523461 -0.195358 0.267 -0.0351203 -0.199177 0.267 -0.0176272 -0.20148 0.267 -0.191357 0.09648 0.267 -0.191357 -0.09648 0.267 0.21411 -0.00909528 0.267 0.212567 -0.0272203 0.267 0.209493 -0.0451492 0.267 0.204909 -0.0627528 0.267 -0.198849 0.0799043 0.267 -0.204909 0.0627528 0.267 0.204909 0.0627528 0.267 0.198849 0.0799043 0.267 -0.198849 -0.0799043 0.267 -0.204909 -0.0627528 0.267 -0.209493 -0.0451492 0.267 -0.212567 -0.0272203 0.267 -0.21411 -0.00909528 0.267 -0.21411 0.00909528 0.267 -0.212567 0.0272203 0.267 -0.209493 0.0451492 0.267 0.21411 0.00909528 0.267 0.212567 0.0272203 0.267 0.209493 0.0451492 0.267 -0.182485 0.112361 0.267 -0.172299 0.127432 0.267 -0.160871 0.141585 0.267 -0.148285 0.154717 0.267 -0.134629 0.166735 0.267 -0.120004 0.177552 0.267 -0.104515 0.18709 0.267 -0.0882717 0.195279 0.267 -0.0713929 0.202062 0.267 -0.0539997 0.207388 0.267 -0.0362174 0.211221 0.267 -0.0181742 0.213531 0.267 0 0.214303 0.267 0.0181742 0.213531 0.267 0.0362174 0.211221 0.267 0.0539997 0.207388 0.267 0.0713929 0.202062 0.267 0.0882717 0.195279 0.267 0.104515 0.18709 0.267 0.120004 0.177552 0.267 0.134629 0.166735 0.267 0.148285 0.154717 0.267 0.160871 0.141585 0.267 0.172299 0.127432 0.267 0.182485 0.112361 0.267 0.191357 0.09648 0.267 -0.182485 -0.112361 0.267 -0.172299 -0.127432 0.267 -0.160871 -0.141585 0.267 -0.148285 -0.154717 0.267 -0.134629 -0.166735 0.267 -0.120004 -0.177552 0.267 -0.104515 -0.18709 0.267 -0.0882717 -0.195279 0.267 -0.0713929 -0.202062 0.267 -0.0539997 -0.207388 0.267 -0.0362174 -0.211221 0.267 -0.0181742 -0.213531 0.267 0 -0.214303 0.267 0.0181742 -0.213531 0.267 0.0362174 -0.211221 0.267 0.0539997 -0.207388 0.267 0.0713929 -0.202062 0.267 0.0882717 -0.195279 0.267 0.104515 -0.18709 0.267 0.120004 -0.177552 0.267 0.134629 -0.166735 0.267 0.148285 -0.154717 0.267 0.160871 -0.141585 0.267 0.172299 -0.127432 0.267 0.182485 -0.112361 0.267 0.191357 -0.09648 0.267 0.198849 -0.0799043 0.267 0 0.214303 0.289994 -0.0181742 0.213531 0.289994 -0.0362174 0.211221 0.289994 -0.0539997 0.207388 0.289994 -0.0713929 0.202062 0.289994 -0.0882717 0.195279 0.289994 -0.104515 0.18709 0.289994 -0.120004 0.177552 0.289994 -0.134629 0.166735 0.289994 -0.148285 0.154717 0.289994 -0.160871 0.141585 0.289994 -0.172299 0.127432 0.289994 -0.182485 0.112361 0.289994 -0.191357 0.09648 0.289994 -0.198849 0.0799043 0.289994 -0.204909 0.0627528 0.289994 -0.209493 0.0451492 0.289994 -0.212567 0.0272203 0.289994 -0.21411 0.00909528 0.289994 -0.21411 -0.00909528 0.289994 -0.212567 -0.0272203 0.289994 -0.209493 -0.0451492 0.289994 -0.204909 -0.0627528 0.289994 -0.198849 -0.0799043 0.289994 -0.191357 -0.09648 0.289994 -0.182485 -0.112361 0.289994 -0.172299 -0.127432 0.289994 -0.160871 -0.141585 0.289994 -0.148285 -0.154717 0.289994 -0.134629 -0.166735 0.289994 -0.120004 -0.177552 0.289994 -0.104515 -0.18709 0.289994 -0.0882717 -0.195279 0.289994 -0.0713929 -0.202062 0.289994 -0.0539997 -0.207388 0.289994 -0.0362174 -0.211221 0.289994 -0.0181742 -0.213531 0.289994 0 -0.214303 0.289994 0.0181742 -0.213531 0.289994 0.0362174 -0.211221 0.289994 0.0539997 -0.207388 0.289994 0.0713929 -0.202062 0.289994 0.0882717 -0.195279 0.289994 0.104515 -0.18709 0.289994 0.120004 -0.177552 0.289994 0.134629 -0.166735 0.289994 0.148285 -0.154717 0.289994 0.160871 -0.141585 0.289994 0.172299 -0.127432 0.289994 0.182485 -0.112361 0.289994 0.191357 -0.09648 0.289994 0.198849 -0.0799043 0.289994 0.204909 -0.0627528 0.289994 0.209493 -0.0451492 0.289994 0.212567 -0.0272203 0.289994 0.21411 -0.00909528 0.289994 0.21411 0.00909528 0.289994 0.212567 0.0272203 0.289994 0.209493 0.0451492 0.289994 0.204909 0.0627528 0.289994 0.198849 0.0799043 0.289994 0.191357 0.09648 0.289994 0.182485 0.112361 0.289994 0.172299 0.127432 0.289994 0.160871 0.141585 0.289994 0.148285 0.154717 0.289994 0.134629 0.166735 0.289994 0.120004 0.177552 0.289994 0.104515 0.18709 0.289994 0.0882717 0.195279 0.289994 0.0713929 0.202062 0.289994 0.0539997 0.207388 0.289994 0.0362174 0.211221 0.289994 0.0181742 0.213531 0.289994 0 0.22 0.296 -0.0186573 0.219207 0.296 -0.0371802 0.216835 0.296 -0.0554352 0.212901 0.296 -0.0732908 0.207433 0.296 -0.0906183 0.20047 0.296 -0.107293 0.192063 0.296 -0.123195 0.182272 0.296 -0.138208 0.171168 0.296 -0.152227 0.15883 0.296 -0.165148 0.145348 0.296 -0.176879 0.130819 0.296 -0.187336 0.115348 0.296 -0.196444 0.0990448 0.296 -0.204136 0.0820284 0.296 -0.210357 0.064421 0.296 -0.215062 0.0463494 0.296 -0.218218 0.0279439 0.296 -0.219802 0.00933706 0.296 -0.219802 -0.00933706 0.296 -0.218218 -0.0279439 0.296 -0.215062 -0.0463494 0.296 -0.210357 -0.064421 0.296 -0.204136 -0.0820284 0.296 -0.196444 -0.0990448 0.296 -0.187336 -0.115348 0.296 -0.176879 -0.130819 0.296 -0.165148 -0.145348 0.296 -0.152227 -0.15883 0.296 -0.138208 -0.171168 0.296 -0.123195 -0.182272 0.296 -0.107293 -0.192063 0.296 -0.0906183 -0.20047 0.296 -0.0732908 -0.207433 0.296 -0.0554352 -0.212901 0.296 -0.0371802 -0.216835 0.296 -0.0186573 -0.219207 0.296 0 -0.22 0.296 0.0186573 -0.219207 0.296 0.0371802 -0.216835 0.296 0.0554352 -0.212901 0.296 0.0732908 -0.207433 0.296 0.0906183 -0.20047 0.296 0.107293 -0.192063 0.296 0.123195 -0.182272 0.296 0.138208 -0.171168 0.296 0.152227 -0.15883 0.296 0.165148 -0.145348 0.296 0.176879 -0.130819 0.296 0.187336 -0.115348 0.296 0.196444 -0.0990448 0.296 0.204136 -0.0820284 0.296 0.210357 -0.064421 0.296 0.215062 -0.0463494 0.296 0.218218 -0.0279439 0.296 0.219802 -0.00933706 0.296 0.219802 0.00933706 0.296 0.218218 0.0279439 0.296 0.215062 0.0463494 0.296 0.210357 0.064421 0.296 0.204136 0.0820284 0.296 0.196444 0.0990448 0.296 0.187336 0.115348 0.296 0.176879 0.130819 0.296 0.165148 0.145348 0.296 0.152227 0.15883 0.296 0.138208 0.171168 0.296 0.123195 0.182272 0.296 0.107293 0.192063 0.296 0.0906183 0.20047 0.296 0.0732908 0.207433 0.296 0.0554352 0.212901 0.296 0.0371802 0.216835 0.296 0.0186573 0.219207 0.296 0 0.22 0.331 -0.0186573 0.219207 0.331 -0.0371802 0.216835 0.331 -0.0554352 0.212901 0.331 -0.0732908 0.207433 0.331 -0.0906183 0.20047 0.331 -0.107293 0.192063 0.331 -0.123195 0.182272 0.331 -0.138208 0.171168 0.331 -0.152227 0.15883 0.331 -0.165148 0.145348 0.331 -0.176879 0.130819 0.331 -0.187336 0.115348 0.331 -0.196444 0.0990448 0.331 -0.204136 0.0820284 0.331 -0.210357 0.064421 0.331 -0.215062 0.0463494 0.331 -0.218218 0.0279439 0.331 -0.219802 0.00933706 0.331 -0.219802 -0.00933706 0.331 -0.218218 -0.0279439 0.331 -0.215062 -0.0463494 0.331 -0.210357 -0.064421 0.331 -0.204136 -0.0820284 0.331 -0.196444 -0.0990448 0.331 -0.187336 -0.115348 0.331 -0.176879 -0.130819 0.331 -0.165148 -0.145348 0.331 -0.152227 -0.15883 0.331 -0.138208 -0.171168 0.331 -0.123195 -0.182272 0.331 -0.107293 -0.192063 0.331 -0.0906183 -0.20047 0.331 -0.0732908 -0.207433 0.331 -0.0554352 -0.212901 0.331 -0.0371802 -0.216835 0.331 -0.0186573 -0.219207 0.331 0 -0.22 0.331 0.0186573 -0.219207 0.331 0.0371802 -0.216835 0.331 0.0554352 -0.212901 0.331 0.0732908 -0.207433 0.331 0.0906183 -0.20047 0.331 0.107293 -0.192063 0.331 0.123195 -0.182272 0.331 0.138208 -0.171168 0.331 0.152227 -0.15883 0.331 0.165148 -0.145348 0.331 0.176879 -0.130819 0.331 0.187336 -0.115348 0.331 0.196444 -0.0990448 0.331 0.204136 -0.0820284 0.331 0.210357 -0.064421 0.331 0.215062 -0.0463494 0.331 0.218218 -0.0279439 0.331 0.219802 -0.00933706 0.331 0.219802 0.00933706 0.331 0.218218 0.0279439 0.331 0.215062 0.0463494 0.331 0.210357 0.064421 0.331 0.204136 0.0820284 0.331 0.196444 0.0990448 0.331 0.187336 0.115348 0.331 0.176879 0.130819 0.331 0.165148 0.145348 0.331 0.152227 0.15883 0.331 0.138208 0.171168 0.331 0.123195 0.182272 0.331 0.107293 0.192063 0.331 0.0906183 0.20047 0.331 0.0732908 0.207433 0.331 0.0554352 0.212901 0.331 0.0371802 0.216835 0.331 0.0186573 0.219207 0.331 -0.335393 0.18 0.231498 -0.335393 0.1775 0.233 -0.333626 0.178232 0.233 -0.332893 0.18 0.233 -0.333626 0.181768 0.233 -0.335393 0.1825 0.233 -0.337161 0.181768 0.233 -0.337893 0.18 0.233 -0.337161 0.178232 0.233 -0.333626 0.181768 0.25 -0.335393 0.1825 0.25 -0.332893 0.18 0.25 -0.333626 0.178232 0.25 -0.335393 0.1775 0.25 -0.337161 0.178232 0.25 -0.337893 0.18 0.25 -0.337161 0.181768 0.25 -0.272 0 0.323246 -0.272 0.005 0.32625 -0.2745 0.00433013 0.32625 -0.27633 0.0025 0.32625 -0.277 0 0.32625 -0.27633 -0.0025 0.32625 -0.2745 -0.00433013 0.32625 -0.272 -0.005 0.32625 -0.2695 -0.00433013 0.32625 -0.26767 -0.0025 0.32625 -0.267 0 0.32625 -0.26767 0.0025 0.32625 -0.2695 0.00433013 0.32625 -0.27633 -0.0025 0.33825 -0.2745 -0.00433013 0.33825 -0.272 -0.005 0.33825 -0.277 0 0.33825 -0.27633 0.0025 0.33825 -0.2745 0.00433013 0.33825 -0.272 0.005 0.33825 -0.26767 0.0025 0.33825 -0.2695 0.00433013 0.33825 -0.267 0 0.33825 -0.26767 -0.0025 0.33825 -0.2695 -0.00433013 0.33825 -0.311734 0.238441 0.0465172 -0.336222 0.200441 0.0460244 -0.310688 0.232907 0.0463964 -0.310607 0.228439 0.046307 -0.311225 0.223844 0.0462225 -0.312586 0.21929 0.0461467 -0.314681 0.214954 0.046083 -0.320754 0.207596 0.0460018 -0.324463 0.204813 0.045986 -0.328403 0.202701 0.0459861 -0.333453 0.20098 0.0460057 -0.31109 0.235747 0.046457 -0.317443 0.211009 0.0460342 -0.330932 0.201714 0.0459934 -0.307 -0.003 0.347 -0.307 0.003 0.347 -0.307 -0.0113779 0.342 -0.335 -0.0259538 0.342 -0.237863 -0.144705 0.188498 -0.237863 -0.142205 0.19 -0.239631 -0.142937 0.19 -0.240363 -0.144705 0.19 -0.239631 -0.146472 0.19 -0.237863 -0.147205 0.19 -0.236095 -0.146472 0.19 -0.235363 -0.144705 0.19 -0.236095 -0.142937 0.19 -0.201337 -0.192306 0.188498 -0.201337 -0.189806 0.19 -0.203105 -0.190538 0.19 -0.203837 -0.192306 0.19 -0.203105 -0.194073 0.19 -0.201337 -0.194806 0.19 -0.19957 -0.194073 0.19 -0.198837 -0.192306 0.19 -0.19957 -0.190538 0.19 -0.245531 -0.23519 0 -0.230134 -0.250276 0 -0.213812 -0.264357 0 -0.19663 -0.277375 0 -0.342766 -0.287057 0 -0.346644 -0.293963 0 -0.349086 -0.301497 0 -0.349995 -0.309365 0 -0.349336 -0.317258 0 -0.347135 -0.324867 0 -0.343477 -0.331892 0 -0.338508 -0.338059 0 -0.33242 -0.343126 0 -0.325454 -0.346894 0 -0.317881 -0.349216 0 0.18 0 0.2355 0.179232 -0.0166083 0.2355 -0.18 0 0.2355 -0.179232 -0.0166083 0.2355 -0.179232 0.0166083 0.2355 0.179232 0.0166083 0.2355 -0.176935 0.0330749 0.2355 -0.173129 0.0492593 0.2355 -0.167845 0.0650235 0.2355 -0.161129 0.0802329 0.2355 -0.153039 0.0947578 0.2355 -0.143643 0.108474 0.2355 -0.133022 0.121265 0.2355 -0.121265 0.133022 0.2355 -0.108474 0.143643 0.2355 -0.0947578 0.153039 0.2355 -0.0802329 0.161129 0.2355 -0.0650235 0.167845 0.2355 -0.0492593 0.173129 0.2355 -0.0330749 0.176935 0.2355 -0.0166083 0.179232 0.2355 0 0.18 0.2355 0.0166083 0.179232 0.2355 0.0330749 0.176935 0.2355 0.0492593 0.173129 0.2355 0.0650235 0.167845 0.2355 0.0802329 0.161129 0.2355 0.0947578 0.153039 0.2355 0.108474 0.143643 0.2355 0.121265 0.133022 0.2355 0.133022 0.121265 0.2355 0.143643 0.108474 0.2355 0.153039 0.0947578 0.2355 0.161129 0.0802329 0.2355 0.167845 0.0650235 0.2355 0.173129 0.0492593 0.2355 0.176935 0.0330749 0.2355 -0.176935 -0.0330749 0.2355 -0.173129 -0.0492593 0.2355 -0.167845 -0.0650235 0.2355 -0.161129 -0.0802329 0.2355 -0.153039 -0.0947578 0.2355 -0.143643 -0.108474 0.2355 -0.133022 -0.121265 0.2355 -0.121265 -0.133022 0.2355 -0.108474 -0.143643 0.2355 -0.0947578 -0.153039 0.2355 -0.0802329 -0.161129 0.2355 -0.0650235 -0.167845 0.2355 -0.0492593 -0.173129 0.2355 -0.0330749 -0.176935 0.2355 -0.0166083 -0.179232 0.2355 0 -0.18 0.2355 0.0166083 -0.179232 0.2355 0.0330749 -0.176935 0.2355 0.0492593 -0.173129 0.2355 0.0650235 -0.167845 0.2355 0.0802329 -0.161129 0.2355 0.0947578 -0.153039 0.2355 0.108474 -0.143643 0.2355 0.121265 -0.133022 0.2355 0.133022 -0.121265 0.2355 0.143643 -0.108474 0.2355 0.153039 -0.0947578 0.2355 0.161129 -0.0802329 0.2355 0.167845 -0.0650235 0.2355 0.173129 -0.0492593 0.2355 0.176935 -0.0330749 0.2355 -0.32732 0.147354 0.231583 -0.266649 0.0313622 0.254246 -0.271846 0.0307982 0.262669 -0.276731 0.0394228 0.249132 -0.279601 0.0372382 0.257857 -0.326654 0.136223 0.231388 -0.325215 0.134112 0.229438 -0.325271 0.124951 0.231786 -0.323089 0.113674 0.232709 -0.322899 0.120422 0.229575 -0.320103 0.102513 0.234167 -0.319417 0.107007 0.230409 -0.316322 0.0915909 0.236159 -0.314803 0.0940008 0.231933 -0.311775 0.0810287 0.238671 -0.309103 0.0815324 0.234132 -0.306506 0.0709423 0.241681 -0.300576 0.0614369 0.245151 -0.302374 0.0697266 0.236982 -0.294059 0.0526043 0.24904 -0.294683 0.0587012 0.240456 -0.287037 0.0445193 0.253294 -0.286107 0.0485663 0.24452 -0.19663 0.277375 0 -0.213812 0.264357 0 -0.230134 0.250276 0 -0.245531 0.23519 0 0.260078 0.218997 0 0.247173 0.233464 0 0.233464 0.247173 0 0.218997 0.260078 0 0.218997 -0.260078 0 0.233464 -0.247173 0 0.247173 -0.233464 0 0.260078 -0.218997 0 0.346252 0.293095 0 0.348718 0.299954 0 0.349898 0.307146 0 0.349754 0.314433 0 0.348289 0.321573 0 0.345553 0.328329 0 0.341637 0.334476 0 0.336671 0.339811 0 0.330819 0.344155 0 0.324275 0.347366 0 0.317258 0.349336 0 0.31 0.35 0 0.304203 0.349578 0 0.298528 0.34832 0 0.293095 -0.346252 0 0.298528 -0.34832 0 0.304203 -0.349578 0 -0.335393 -0.18 0.231498 -0.335393 -0.1825 0.233 -0.333626 -0.181768 0.233 -0.332893 -0.18 0.233 -0.333626 -0.178232 0.233 -0.335393 -0.1775 0.233 -0.337161 -0.178232 0.233 -0.337893 -0.18 0.233 -0.337161 -0.181768 0.233 -0.333626 -0.178232 0.25 -0.335393 -0.1775 0.25 -0.332893 -0.18 0.25 -0.333626 -0.181768 0.25 -0.335393 -0.1825 0.25 -0.337161 -0.181768 0.25 -0.337893 -0.18 0.25 -0.337161 -0.178232 0.25 -0.351 -0.18 0.25 -0.350266 -0.184635 0.25 -0.348135 -0.188817 0.25 -0.344817 -0.192135 0.25 -0.340635 -0.194266 0.25 -0.336 -0.195 0.25 -0.331365 -0.194266 0.25 -0.327183 -0.192135 0.25 -0.323865 -0.188817 0.25 -0.321734 -0.184635 0.25 -0.321 -0.18 0.25 -0.321734 -0.175365 0.25 -0.323865 -0.171183 0.25 -0.327183 -0.167865 0.25 -0.331365 -0.165734 0.25 -0.336 -0.165 0.25 -0.340635 -0.165734 0.25 -0.344817 -0.167865 0.25 -0.348135 -0.171183 0.25 -0.350266 -0.175365 0.25 -0.39 0.2 0.245 -0.324264 -0.170658 0.226405 -0.323013 -0.172494 0.224238 -0.322 -0.174616 0.222483 -0.321193 -0.177602 0.221086 -0.321 -0.18 0.220751 -0.322466 -0.186467 0.22329 -0.3215 -0.183841 0.221618 -0.321103 -0.181751 0.220929 -0.324222 -0.189289 0.226333 0.255797 -0.0788934 0.215 0.299097 -0.0904955 0.215 0.260973 -0.0595748 0.215 0.304273 -0.0711769 0.215 0.255797 0.0788934 0.215 0.260973 0.0595748 0.215 0.299097 0.0904955 0.215 0.304273 0.0711769 0.215 0.282562 -0.0372 0.142243 0.282562 -0.04595 0.1475 0.28591 -0.0452839 0.1475 0.288749 -0.0433871 0.1475 0.290646 -0.0405485 0.1475 0.291312 -0.0372 0.1475 0.290646 -0.0338515 0.1475 0.288749 -0.0310128 0.1475 0.28591 -0.029116 0.1475 0.282562 -0.02845 0.1475 0.279213 -0.029116 0.1475 0.276375 -0.0310128 0.1475 0.274478 -0.0338515 0.1475 0.273812 -0.0372 0.1475 0.274478 -0.0405485 0.1475 0.276375 -0.0433871 0.1475 0.279213 -0.0452839 0.1475 0.263306 -0.109065 0.142243 0.263306 -0.117815 0.1475 0.266654 -0.117149 0.1475 0.269493 -0.115252 0.1475 0.27139 -0.112413 0.1475 0.272056 -0.109065 0.1475 0.27139 -0.105716 0.1475 0.269493 -0.102878 0.1475 0.266654 -0.100981 0.1475 0.263306 -0.100315 0.1475 0.259957 -0.100981 0.1475 0.257118 -0.102878 0.1475 0.255222 -0.105716 0.1475 0.254556 -0.109065 0.1475 0.255222 -0.112413 0.1475 0.257118 -0.115252 0.1475 0.259957 -0.117149 0.1475 0.226106 -0.173497 0.142243 0.226106 -0.182247 0.1475 0.229454 -0.181581 0.1475 0.232293 -0.179684 0.1475 0.23419 -0.176846 0.1475 0.234856 -0.173497 0.1475 0.23419 -0.170149 0.1475 0.232293 -0.16731 0.1475 0.229454 -0.165413 0.1475 0.226106 -0.164747 0.1475 0.222757 -0.165413 0.1475 0.219919 -0.16731 0.1475 0.218022 -0.170149 0.1475 0.217356 -0.173497 0.1475 0.218022 -0.176846 0.1475 0.219919 -0.179684 0.1475 0.222757 -0.181581 0.1475 0.173497 -0.226106 0.142243 0.173497 -0.234856 0.1475 0.176846 -0.23419 0.1475 0.179684 -0.232293 0.1475 0.181581 -0.229454 0.1475 0.182247 -0.226106 0.1475 0.181581 -0.222757 0.1475 0.179684 -0.219919 0.1475 0.176846 -0.218022 0.1475 0.173497 -0.217356 0.1475 0.170149 -0.218022 0.1475 0.16731 -0.219919 0.1475 0.165413 -0.222757 0.1475 0.164747 -0.226106 0.1475 0.165413 -0.229454 0.1475 0.16731 -0.232293 0.1475 0.170149 -0.23419 0.1475 0.109065 -0.263306 0.142243 0.109065 -0.272056 0.1475 0.112413 -0.27139 0.1475 0.115252 -0.269493 0.1475 0.117149 -0.266654 0.1475 0.117815 -0.263306 0.1475 0.117149 -0.259957 0.1475 0.115252 -0.257118 0.1475 0.112413 -0.255222 0.1475 0.109065 -0.254556 0.1475 0.105716 -0.255222 0.1475 0.102878 -0.257118 0.1475 0.100981 -0.259957 0.1475 0.100315 -0.263306 0.1475 0.100981 -0.266654 0.1475 0.102878 -0.269493 0.1475 0.105716 -0.27139 0.1475 0.0372 -0.282562 0.142243 0.0372 -0.291312 0.1475 0.0405485 -0.290646 0.1475 0.0433871 -0.288749 0.1475 0.0452839 -0.28591 0.1475 0.04595 -0.282562 0.1475 0.0452839 -0.279213 0.1475 0.0433871 -0.276375 0.1475 0.0405485 -0.274478 0.1475 0.0372 -0.273812 0.1475 0.0338515 -0.274478 0.1475 0.0310128 -0.276375 0.1475 0.029116 -0.279213 0.1475 0.02845 -0.282562 0.1475 0.029116 -0.28591 0.1475 0.0310128 -0.288749 0.1475 0.0338515 -0.290646 0.1475 -0.0372 -0.282562 0.142243 -0.0372 -0.291312 0.1475 -0.0338515 -0.290646 0.1475 -0.0310128 -0.288749 0.1475 -0.029116 -0.28591 0.1475 -0.02845 -0.282562 0.1475 -0.029116 -0.279213 0.1475 -0.0310128 -0.276375 0.1475 -0.0338515 -0.274478 0.1475 -0.0372 -0.273812 0.1475 -0.0405485 -0.274478 0.1475 -0.0433871 -0.276375 0.1475 -0.0452839 -0.279213 0.1475 -0.04595 -0.282562 0.1475 -0.0452839 -0.28591 0.1475 -0.0433871 -0.288749 0.1475 -0.0405485 -0.290646 0.1475 -0.109065 -0.263306 0.142243 -0.109065 -0.272056 0.1475 -0.105716 -0.27139 0.1475 -0.102878 -0.269493 0.1475 -0.100981 -0.266654 0.1475 -0.100315 -0.263306 0.1475 -0.100981 -0.259957 0.1475 -0.102878 -0.257118 0.1475 -0.105716 -0.255222 0.1475 -0.109065 -0.254556 0.1475 -0.112413 -0.255222 0.1475 -0.115252 -0.257118 0.1475 -0.117149 -0.259957 0.1475 -0.117815 -0.263306 0.1475 -0.117149 -0.266654 0.1475 -0.115252 -0.269493 0.1475 -0.112413 -0.27139 0.1475 -0.173497 -0.226106 0.142243 -0.173497 -0.234856 0.1475 -0.170149 -0.23419 0.1475 -0.16731 -0.232293 0.1475 -0.165413 -0.229454 0.1475 -0.164747 -0.226106 0.1475 -0.165413 -0.222757 0.1475 -0.16731 -0.219919 0.1475 -0.170149 -0.218022 0.1475 -0.173497 -0.217356 0.1475 -0.176846 -0.218022 0.1475 -0.179684 -0.219919 0.1475 -0.181581 -0.222757 0.1475 -0.182247 -0.226106 0.1475 -0.181581 -0.229454 0.1475 -0.179684 -0.232293 0.1475 -0.176846 -0.23419 0.1475 -0.226106 0.173497 0.142243 -0.226106 0.164747 0.1475 -0.222757 0.165413 0.1475 -0.219919 0.16731 0.1475 -0.218022 0.170149 0.1475 -0.217356 0.173497 0.1475 -0.218022 0.176846 0.1475 -0.219919 0.179684 0.1475 -0.222757 0.181581 0.1475 -0.226106 0.182247 0.1475 -0.229454 0.181581 0.1475 -0.232293 0.179684 0.1475 -0.23419 0.176846 0.1475 -0.234856 0.173497 0.1475 -0.23419 0.170149 0.1475 -0.232293 0.16731 0.1475 -0.229454 0.165413 0.1475 -0.173497 0.226106 0.142243 -0.173497 0.217356 0.1475 -0.170149 0.218022 0.1475 -0.16731 0.219919 0.1475 -0.165413 0.222757 0.1475 -0.164747 0.226106 0.1475 -0.165413 0.229454 0.1475 -0.16731 0.232293 0.1475 -0.170149 0.23419 0.1475 -0.173497 0.234856 0.1475 -0.176846 0.23419 0.1475 -0.179684 0.232293 0.1475 -0.181581 0.229454 0.1475 -0.182247 0.226106 0.1475 -0.181581 0.222757 0.1475 -0.179684 0.219919 0.1475 -0.176846 0.218022 0.1475 -0.109065 0.263306 0.142243 -0.109065 0.254556 0.1475 -0.105716 0.255222 0.1475 -0.102878 0.257118 0.1475 -0.100981 0.259957 0.1475 -0.100315 0.263306 0.1475 -0.100981 0.266654 0.1475 -0.102878 0.269493 0.1475 -0.105716 0.27139 0.1475 -0.109065 0.272056 0.1475 -0.112413 0.27139 0.1475 -0.115252 0.269493 0.1475 -0.117149 0.266654 0.1475 -0.117815 0.263306 0.1475 -0.117149 0.259957 0.1475 -0.115252 0.257118 0.1475 -0.112413 0.255222 0.1475 -0.0372 0.282562 0.142243 -0.0372 0.273812 0.1475 -0.0338515 0.274478 0.1475 -0.0310128 0.276375 0.1475 -0.029116 0.279213 0.1475 -0.02845 0.282562 0.1475 -0.029116 0.28591 0.1475 -0.0310128 0.288749 0.1475 -0.0338515 0.290646 0.1475 -0.0372 0.291312 0.1475 -0.0405485 0.290646 0.1475 -0.0433871 0.288749 0.1475 -0.0452839 0.28591 0.1475 -0.04595 0.282562 0.1475 -0.0452839 0.279213 0.1475 -0.0433871 0.276375 0.1475 -0.0405485 0.274478 0.1475 0.0372 0.282562 0.142243 0.0372 0.273812 0.1475 0.0405485 0.274478 0.1475 0.0433871 0.276375 0.1475 0.0452839 0.279213 0.1475 0.04595 0.282562 0.1475 0.0452839 0.28591 0.1475 0.0433871 0.288749 0.1475 0.0405485 0.290646 0.1475 0.0372 0.291312 0.1475 0.0338515 0.290646 0.1475 0.0310128 0.288749 0.1475 0.029116 0.28591 0.1475 0.02845 0.282562 0.1475 0.029116 0.279213 0.1475 0.0310128 0.276375 0.1475 0.0338515 0.274478 0.1475 0.109065 0.263306 0.142243 0.109065 0.254556 0.1475 0.112413 0.255222 0.1475 0.115252 0.257118 0.1475 0.117149 0.259957 0.1475 0.117815 0.263306 0.1475 0.117149 0.266654 0.1475 0.115252 0.269493 0.1475 0.112413 0.27139 0.1475 0.109065 0.272056 0.1475 0.105716 0.27139 0.1475 0.102878 0.269493 0.1475 0.100981 0.266654 0.1475 0.100315 0.263306 0.1475 0.100981 0.259957 0.1475 0.102878 0.257118 0.1475 0.105716 0.255222 0.1475 0.173497 0.226106 0.142243 0.173497 0.217356 0.1475 0.176846 0.218022 0.1475 0.179684 0.219919 0.1475 0.181581 0.222757 0.1475 0.182247 0.226106 0.1475 0.181581 0.229454 0.1475 0.179684 0.232293 0.1475 0.176846 0.23419 0.1475 0.173497 0.234856 0.1475 0.170149 0.23419 0.1475 0.16731 0.232293 0.1475 0.165413 0.229454 0.1475 0.164747 0.226106 0.1475 0.165413 0.222757 0.1475 0.16731 0.219919 0.1475 0.170149 0.218022 0.1475 0.226106 0.173497 0.142243 0.226106 0.164747 0.1475 0.229454 0.165413 0.1475 0.232293 0.16731 0.1475 0.23419 0.170149 0.1475 0.234856 0.173497 0.1475 0.23419 0.176846 0.1475 0.232293 0.179684 0.1475 0.229454 0.181581 0.1475 0.226106 0.182247 0.1475 0.222757 0.181581 0.1475 0.219919 0.179684 0.1475 0.218022 0.176846 0.1475 0.217356 0.173497 0.1475 0.218022 0.170149 0.1475 0.219919 0.16731 0.1475 0.222757 0.165413 0.1475 0.263306 0.109065 0.142243 0.263306 0.100315 0.1475 0.266654 0.100981 0.1475 0.269493 0.102878 0.1475 0.27139 0.105716 0.1475 0.272056 0.109065 0.1475 0.27139 0.112413 0.1475 0.269493 0.115252 0.1475 0.266654 0.117149 0.1475 0.263306 0.117815 0.1475 0.259957 0.117149 0.1475 0.257118 0.115252 0.1475 0.255222 0.112413 0.1475 0.254556 0.109065 0.1475 0.255222 0.105716 0.1475 0.257118 0.102878 0.1475 0.259957 0.100981 0.1475 0.282562 0.0372 0.142243 0.282562 0.02845 0.1475 0.28591 0.029116 0.1475 0.288749 0.0310128 0.1475 0.290646 0.0338515 0.1475 0.291312 0.0372 0.1475 0.290646 0.0405485 0.1475 0.288749 0.0433871 0.1475 0.28591 0.0452839 0.1475 0.282562 0.04595 0.1475 0.279213 0.0452839 0.1475 0.276375 0.0433871 0.1475 0.274478 0.0405485 0.1475 0.273812 0.0372 0.1475 0.274478 0.0338515 0.1475 0.276375 0.0310128 0.1475 0.279213 0.029116 0.1475 -0.22792 0.213777 0.215 -0.196222 0.18208 0.215 -0.213777 0.22792 0.215 -0.18208 0.196222 0.215 0.226662 -0.14241 0.215 0.265483 -0.164824 0.215 0.236662 -0.12509 0.215 0.275483 -0.147503 0.215 0.18208 -0.196222 0.215 0.213777 -0.22792 0.215 0.196222 -0.18208 0.215 0.22792 -0.213777 0.215 0.12509 -0.236662 0.215 0.147503 -0.275483 0.215 0.14241 -0.226662 0.215 0.164824 -0.265483 0.215 0.0595748 -0.260973 0.215 0.0711769 -0.304273 0.215 0.0788934 -0.255797 0.215 0.0904955 -0.299097 0.215 -0.01 -0.312327 0.215 0.01 -0.312327 0.215 -0.01 -0.2675 0.215 0.01 -0.2675 0.215 -0.0904955 -0.299097 0.215 -0.0711769 -0.304273 0.215 -0.0788934 -0.255797 0.215 -0.0595748 -0.260973 0.215 -0.164824 -0.265483 0.215 -0.147503 -0.275483 0.215 -0.14241 -0.226662 0.215 -0.12509 -0.236662 0.215 -0.39 -0.2 0.245 -0.164824 0.265483 0.215 -0.14241 0.226662 0.215 -0.147503 0.275483 0.215 -0.12509 0.236662 0.215 -0.0904955 0.299097 0.215 -0.0788934 0.255797 0.215 -0.0711769 0.304273 0.215 -0.0595748 0.260973 0.215 -0.01 0.2675 0.215 0.01 0.2675 0.215 -0.01 0.312327 0.215 0.01 0.312327 0.215 0.0595748 0.260973 0.215 0.0788934 0.255797 0.215 0.0711769 0.304273 0.215 0.0904955 0.299097 0.215 0.12509 0.236662 0.215 0.14241 0.226662 0.215 0.147503 0.275483 0.215 0.164824 0.265483 0.215 0.18208 0.196222 0.215 0.196222 0.18208 0.215 0.213777 0.22792 0.215 0.22792 0.213777 0.215 0.226662 0.14241 0.215 0.236662 0.12509 0.215 0.265483 0.164824 0.215 0.275483 0.147503 0.215 0.312327 0.01 0.215 0.2675 0.01 0.215 0.312487 0 0.215 0.2675 -0.01 0.215 0.312327 -0.01 0.215 0.323197 -0.0875 0.185 0.325 -0.0905 0.185 0.325 -0.089927 0.183237 0.325 -0.0884271 0.182147 0.325 -0.086573 0.182147 0.325 -0.085073 0.183237 0.325 -0.0845 0.185 0.325 -0.085073 0.186763 0.325 -0.086573 0.187853 0.325 -0.0884271 0.187853 0.325 -0.089927 0.186763 0.323197 0.0875 0.185 0.325 0.0845 0.185 0.325 0.085073 0.183237 0.325 0.086573 0.182147 0.325 0.0884271 0.182147 0.325 0.089927 0.183237 0.325 0.0905 0.185 0.325 0.089927 0.186763 0.325 0.0884271 0.187853 0.325 0.086573 0.187853 0.325 0.085073 0.186763 0.304569 -0.0698977 0.2 0.260045 -0.0579676 0.2 0.25419 -0.0798213 0.2 0.298714 -0.0917515 0.2 0.301839 -0.0808776 0.2 -0.222689 -0.120456 0.2 -0.20747 -0.14029 0.2 -0.28219 -0.166113 0.2 -0.266971 -0.185947 0.2 -0.208102 -0.210101 0.2 -0.223321 -0.190267 0.2 -0.173988 -0.183924 0.2 -0.189207 -0.164091 0.2 0.298714 0.0917515 0.2 0.25419 0.0798213 0.2 0.260045 0.0579676 0.2 0.304569 0.0698977 0.2 0.301839 0.0808776 0.2 0.290646 -0.0338515 0.2 0.288749 -0.0310128 0.2 0.28591 -0.029116 0.2 0.282562 -0.02845 0.2 0.291312 -0.0372 0.2 0.290646 -0.0405485 0.2 0.288749 -0.0433871 0.2 0.28591 -0.0452839 0.2 0.282562 -0.04595 0.2 0.274478 -0.0405485 0.2 0.276375 -0.0433871 0.2 0.279213 -0.0452839 0.2 0.273812 -0.0372 0.2 0.274478 -0.0338515 0.2 0.276375 -0.0310128 0.2 0.279213 -0.029116 0.2 0.27139 -0.105716 0.2 0.269493 -0.102878 0.2 0.266654 -0.100981 0.2 0.263306 -0.100315 0.2 0.272056 -0.109065 0.2 0.27139 -0.112413 0.2 0.269493 -0.115252 0.2 0.266654 -0.117149 0.2 0.263306 -0.117815 0.2 0.255222 -0.112413 0.2 0.257118 -0.115252 0.2 0.259957 -0.117149 0.2 0.254556 -0.109065 0.2 0.255222 -0.105716 0.2 0.257118 -0.102878 0.2 0.259957 -0.100981 0.2 0.23419 -0.170149 0.2 0.232293 -0.16731 0.2 0.229454 -0.165413 0.2 0.226106 -0.164747 0.2 0.234856 -0.173497 0.2 0.23419 -0.176846 0.2 0.232293 -0.179684 0.2 0.229454 -0.181581 0.2 0.226106 -0.182247 0.2 0.218022 -0.176846 0.2 0.219919 -0.179684 0.2 0.222757 -0.181581 0.2 0.217356 -0.173497 0.2 0.218022 -0.170149 0.2 0.219919 -0.16731 0.2 0.222757 -0.165413 0.2 0.181581 -0.222757 0.2 0.179684 -0.219919 0.2 0.176846 -0.218022 0.2 0.173497 -0.217356 0.2 0.182247 -0.226106 0.2 0.181581 -0.229454 0.2 0.179684 -0.232293 0.2 0.176846 -0.23419 0.2 0.173497 -0.234856 0.2 0.165413 -0.229454 0.2 0.16731 -0.232293 0.2 0.170149 -0.23419 0.2 0.164747 -0.226106 0.2 0.165413 -0.222757 0.2 0.16731 -0.219919 0.2 0.170149 -0.218022 0.2 0.117149 -0.259957 0.2 0.115252 -0.257118 0.2 0.112413 -0.255222 0.2 0.109065 -0.254556 0.2 0.117815 -0.263306 0.2 0.117149 -0.266654 0.2 0.115252 -0.269493 0.2 0.112413 -0.27139 0.2 0.109065 -0.272056 0.2 0.100981 -0.266654 0.2 0.102878 -0.269493 0.2 0.105716 -0.27139 0.2 0.100315 -0.263306 0.2 0.100981 -0.259957 0.2 0.102878 -0.257118 0.2 0.105716 -0.255222 0.2 0.0452839 -0.279213 0.2 0.0433871 -0.276375 0.2 0.0405485 -0.274478 0.2 0.0372 -0.273812 0.2 0.04595 -0.282562 0.2 0.0452839 -0.28591 0.2 0.0433871 -0.288749 0.2 0.0405485 -0.290646 0.2 0.0372 -0.291312 0.2 0.029116 -0.28591 0.2 0.0310128 -0.288749 0.2 0.0338515 -0.290646 0.2 0.02845 -0.282562 0.2 0.029116 -0.279213 0.2 0.0310128 -0.276375 0.2 0.0338515 -0.274478 0.2 -0.029116 -0.279213 0.2 -0.0310128 -0.276375 0.2 -0.0338515 -0.274478 0.2 -0.0372 -0.273812 0.2 -0.02845 -0.282562 0.2 -0.029116 -0.28591 0.2 -0.0310128 -0.288749 0.2 -0.0338515 -0.290646 0.2 -0.0372 -0.291312 0.2 -0.0452839 -0.28591 0.2 -0.0433871 -0.288749 0.2 -0.0405485 -0.290646 0.2 -0.04595 -0.282562 0.2 -0.0452839 -0.279213 0.2 -0.0433871 -0.276375 0.2 -0.0405485 -0.274478 0.2 -0.100981 -0.259957 0.2 -0.102878 -0.257118 0.2 -0.105716 -0.255222 0.2 -0.109065 -0.254556 0.2 -0.100315 -0.263306 0.2 -0.100981 -0.266654 0.2 -0.102878 -0.269493 0.2 -0.105716 -0.27139 0.2 -0.109065 -0.272056 0.2 -0.117149 -0.266654 0.2 -0.115252 -0.269493 0.2 -0.112413 -0.27139 0.2 -0.117815 -0.263306 0.2 -0.117149 -0.259957 0.2 -0.115252 -0.257118 0.2 -0.112413 -0.255222 0.2 -0.165413 -0.222757 0.2 -0.16731 -0.219919 0.2 -0.170149 -0.218022 0.2 -0.173497 -0.217356 0.2 -0.164747 -0.226106 0.2 -0.165413 -0.229454 0.2 -0.16731 -0.232293 0.2 -0.170149 -0.23419 0.2 -0.173497 -0.234856 0.2 -0.181581 -0.229454 0.2 -0.179684 -0.232293 0.2 -0.176846 -0.23419 0.2 -0.182247 -0.226106 0.2 -0.181581 -0.222757 0.2 -0.179684 -0.219919 0.2 -0.176846 -0.218022 0.2 -0.218022 0.176846 0.2 -0.219919 0.179684 0.2 -0.222757 0.181581 0.2 -0.226106 0.182247 0.2 -0.217356 0.173497 0.2 -0.218022 0.170149 0.2 -0.219919 0.16731 0.2 -0.222757 0.165413 0.2 -0.226106 0.164747 0.2 -0.23419 0.170149 0.2 -0.232293 0.16731 0.2 -0.229454 0.165413 0.2 -0.234856 0.173497 0.2 -0.23419 0.176846 0.2 -0.232293 0.179684 0.2 -0.229454 0.181581 0.2 -0.165413 0.229454 0.2 -0.16731 0.232293 0.2 -0.170149 0.23419 0.2 -0.173497 0.234856 0.2 -0.164747 0.226106 0.2 -0.165413 0.222757 0.2 -0.16731 0.219919 0.2 -0.170149 0.218022 0.2 -0.173497 0.217356 0.2 -0.181581 0.222757 0.2 -0.179684 0.219919 0.2 -0.176846 0.218022 0.2 -0.182247 0.226106 0.2 -0.181581 0.229454 0.2 -0.179684 0.232293 0.2 -0.176846 0.23419 0.2 -0.100981 0.266654 0.2 -0.102878 0.269493 0.2 -0.105716 0.27139 0.2 -0.109065 0.272056 0.2 -0.100315 0.263306 0.2 -0.100981 0.259957 0.2 -0.102878 0.257118 0.2 -0.105716 0.255222 0.2 -0.109065 0.254556 0.2 -0.117149 0.259957 0.2 -0.115252 0.257118 0.2 -0.112413 0.255222 0.2 -0.117815 0.263306 0.2 -0.117149 0.266654 0.2 -0.115252 0.269493 0.2 -0.112413 0.27139 0.2 -0.029116 0.28591 0.2 -0.0310128 0.288749 0.2 -0.0338515 0.290646 0.2 -0.0372 0.291312 0.2 -0.02845 0.282562 0.2 -0.029116 0.279213 0.2 -0.0310128 0.276375 0.2 -0.0338515 0.274478 0.2 -0.0372 0.273812 0.2 -0.0452839 0.279213 0.2 -0.0433871 0.276375 0.2 -0.0405485 0.274478 0.2 -0.04595 0.282562 0.2 -0.0452839 0.28591 0.2 -0.0433871 0.288749 0.2 -0.0405485 0.290646 0.2 0.0452839 0.28591 0.2 0.0433871 0.288749 0.2 0.0405485 0.290646 0.2 0.0372 0.291312 0.2 0.04595 0.282562 0.2 0.0452839 0.279213 0.2 0.0433871 0.276375 0.2 0.0405485 0.274478 0.2 0.0372 0.273812 0.2 0.029116 0.279213 0.2 0.0310128 0.276375 0.2 0.0338515 0.274478 0.2 0.02845 0.282562 0.2 0.029116 0.28591 0.2 0.0310128 0.288749 0.2 0.0338515 0.290646 0.2 0.117149 0.266654 0.2 0.115252 0.269493 0.2 0.112413 0.27139 0.2 0.109065 0.272056 0.2 0.117815 0.263306 0.2 0.117149 0.259957 0.2 0.115252 0.257118 0.2 0.112413 0.255222 0.2 0.109065 0.254556 0.2 0.100981 0.259957 0.2 0.102878 0.257118 0.2 0.105716 0.255222 0.2 0.100315 0.263306 0.2 0.100981 0.266654 0.2 0.102878 0.269493 0.2 0.105716 0.27139 0.2 0.181581 0.229454 0.2 0.179684 0.232293 0.2 0.176846 0.23419 0.2 0.173497 0.234856 0.2 0.182247 0.226106 0.2 0.181581 0.222757 0.2 0.179684 0.219919 0.2 0.176846 0.218022 0.2 0.173497 0.217356 0.2 0.165413 0.222757 0.2 0.16731 0.219919 0.2 0.170149 0.218022 0.2 0.164747 0.226106 0.2 0.165413 0.229454 0.2 0.16731 0.232293 0.2 0.170149 0.23419 0.2 0.23419 0.176846 0.2 0.232293 0.179684 0.2 0.229454 0.181581 0.2 0.226106 0.182247 0.2 0.234856 0.173497 0.2 0.23419 0.170149 0.2 0.232293 0.16731 0.2 0.229454 0.165413 0.2 0.226106 0.164747 0.2 0.218022 0.170149 0.2 0.219919 0.16731 0.2 0.222757 0.165413 0.2 0.217356 0.173497 0.2 0.218022 0.176846 0.2 0.219919 0.179684 0.2 0.222757 0.181581 0.2 0.27139 0.112413 0.2 0.269493 0.115252 0.2 0.266654 0.117149 0.2 0.263306 0.117815 0.2 0.272056 0.109065 0.2 0.27139 0.105716 0.2 0.269493 0.102878 0.2 0.266654 0.100981 0.2 0.263306 0.100315 0.2 0.255222 0.105716 0.2 0.257118 0.102878 0.2 0.259957 0.100981 0.2 0.254556 0.109065 0.2 0.255222 0.112413 0.2 0.257118 0.115252 0.2 0.259957 0.117149 0.2 0.290646 0.0405485 0.2 0.288749 0.0433871 0.2 0.28591 0.0452839 0.2 0.282562 0.04595 0.2 0.291312 0.0372 0.2 0.290646 0.0338515 0.2 0.288749 0.0310128 0.2 0.28591 0.029116 0.2 0.282562 0.02845 0.2 0.274478 0.0338515 0.2 0.276375 0.0310128 0.2 0.279213 0.029116 0.2 0.273812 0.0372 0.2 0.274478 0.0405485 0.2 0.276375 0.0433871 0.2 0.279213 0.0452839 0.2 -0.228816 0.212818 0.2 -0.196222 0.180224 0.2 -0.180224 0.196222 0.2 -0.212818 0.228816 0.2 -0.220962 0.220962 0.2 0.236181 -0.123297 0.2 0.224869 -0.142891 0.2 0.196222 -0.180224 0.2 0.180224 -0.196222 0.2 0.142891 -0.224869 0.2 0.123297 -0.236181 0.2 0.0798213 -0.25419 0.2 0.0579676 -0.260045 0.2 0.0113123 -0.266188 0.2 -0.0113123 -0.266188 0.2 -0.0579676 -0.260045 0.2 -0.0798213 -0.25419 0.2 -0.123297 -0.236181 0.2 -0.142891 -0.224869 0.2 -0.142891 0.224869 0.2 -0.123297 0.236181 0.2 -0.0798213 0.25419 0.2 -0.0579676 0.260045 0.2 -0.0113123 0.266188 0.2 0.0113123 0.266188 0.2 0.0579676 0.260045 0.2 0.0798213 0.25419 0.2 0.123297 0.236181 0.2 0.142891 0.224869 0.2 0.180224 0.196222 0.2 0.196222 0.180224 0.2 0.224869 0.142891 0.2 0.236181 0.123297 0.2 0.266188 0.0113123 0.2 0.266188 -0.0113123 0.2 0.3405 -0.00432624 0.198315 0.3405 0.00432624 0.198315 0.3405 0 0.199 0.3405 0.00822899 0.196326 0.3405 -0.00822899 0.196326 0.3405 0.0113262 0.193229 0.3405 -0.0113262 0.193229 0.3405 0.0133148 0.189326 0.3405 -0.0133148 0.189326</float_array>
                    <technique_common>
                        <accessor count="5381" source="#shape0-lib-positions-array" stride="3">
                            <param name="X" type="float"/>
                            <param name="Y" type="float"/>
                            <param name="Z" type="float"/>
                        </accessor>
                    </technique_common>
                </source>
                <source id="shape0-lib-normals" name="normal">
                    <float_array id="shape0-lib-normals-array" count="32346">0 -0.987688 -0.156436 0 -0.987688 -0.156436 0 -0.891009 -0.453986 0 -0.891009 -0.453986 0 -0.707102 -0.707112 0 -0.707102 -0.707112 0 -0.453998 -0.891003 0 -0.453998 -0.891003 0 -0.156432 -0.987689 0 -0.156432 -0.987689 0 0.156432 -0.987689 0 0.156432 -0.987689 0 0.453998 -0.891003 0 0.453998 -0.891003 0 0.707102 -0.707112 0 0.707102 -0.707112 0 0.891009 -0.453986 0 0.891009 -0.453986 0 0.987688 -0.156436 0 0.987688 -0.156436 1 0 0 1 0 0 1 0 0 1 0 0 1 0 0 1 0 0 1 0 0 1 0 0 1 0 0 1 0 0 1 0 0 1 0 0 1 0 0 1 0 0 1 0 0 1 0 0 1 0 0 1 0 0 1 0 0 1 0 0 1 0 0 1 0 0 1 0 0 1 0 0 1 0 0 1 0 0 1 0 0 1 0 0 1 0 0 1 0 0 1 0 0 1 0 0 1 0 0 1 0 0 1 0 0 1 0 0 1 0 0 1 0 0 1 0 0 1 0 0 1 0 0 1 0 0 1 0 0 1 0 0 1 0 0 1 0 0 1 0 0 1 0 0 1 0 0 1 0 0 1 0 0 1 0 0 1 0 0 1 0 0 1 0 0 1 0 0 1 0 0 1 0 0 1 0 0 1 0 0 1 0 0 1 0 0 1 0 0 0 -1 0 0 -1 0 0 0 -1 0 0 -1 0 0 -1 0 0 -1 0 0 -1 0.00991412 0.473478 -0.88075 -0.012675 0.383475 -0.923464 0.0112151 0.244126 -0.969679 0 0.738586 -0.67416 0.00777895 0.67419 -0.738517 -0.0110649 0.614483 -0.788852 0 -0.674211 -0.738539 -0.0040634 -0.664775 -0.747032 0.00369828 -0.473498 -0.880787 -0.00583273 -0.446403 -0.894813 0.00556452 -0.244137 -0.969725 -0.00183658 -0.22107 -0.975256 0.00205606 0 -0.999998 0.0220766 -0.0562409 -0.998173 -0.0128213 0.129669 -0.991475 0 0 -1 0 0 -1 0 0 -1 0 0 -1 0 0 -1 0 1 0 0 1 0 0 -0.611345 0.791364 0.00634131 0.35355 0.935394 -0.00526487 0.464739 0.885432 0.00634165 0.566505 0.824034 0 0.611345 0.791364 0 0.611345 0.791364 0 -0.611345 0.791364 0.00634165 -0.566505 0.824034 -0.00179348 -0.495942 0.868354 0.00412051 -0.329654 0.944093 -0.00162267 -0.353556 0.935412 0.00153266 -0.113038 0.993589 0 -0.120168 0.992754 0 0.0778159 0.996968 0.00587885 0.120166 0.992736 -0.0050242 0.261811 0.965106 -0.965125 0.0379118 -0.259029 -0.965125 -0.0379118 -0.259029 0.965231 -0.0402627 0.258279 0.962481 -0.0784295 0.259766 0.312561 -0.913793 0.2594 0.266902 -0.928516 0.258112 0.379159 -0.888585 0.258176 0.414196 -0.872533 0.259091 0.837291 0.481678 0.258708 0.827023 0.498906 0.259086 0.780194 0.570032 0.257606 0.4989 0.827027 0.259085 0.481077 0.837641 0.258692 0.414196 0.872533 0.259091 0.379159 0.888585 0.258176 -0.538118 0.80179 0.259927 -0.498261 0.828012 0.257162 0.266902 0.928516 0.258112 0.312561 0.913793 0.2594 -0.587234 0.766593 0.259789 -0.598601 0.758382 0.25794 -0.552913 0.792356 0.257795 -0.458604 0.850126 0.258782 -0.369567 0.892214 0.259566 -0.396244 0.880962 0.258642 -0.416447 0.871425 0.25921 -0.342066 0.903352 0.258739 -0.356918 0.897494 0.259063 -0.374261 0.890065 0.260217 -0.126045 0.957401 0.259801 -0.162383 0.952516 0.257575 -0.0653956 0.96344 0.259821 -0.0977297 0.961313 0.257538 0.0897934 0.962024 0.257774 0.0653963 0.96345 0.259784 0.149275 0.9546 0.257789 0.126046 0.957409 0.259769 0.266266 0.928719 0.258039 0.323331 0.910398 0.258132 0.369589 0.892267 0.259352 0.429452 0.864811 0.260139 0.61711 0.743524 0.257581 0.587828 0.766075 0.259975 0.743524 0.61711 0.257581 0.766075 0.587828 0.259975 0.955079 0.143257 0.259424 0.954428 0.149248 0.258442 0.96194 -0.0897858 0.258088 0.955079 -0.143257 0.259424 0.927093 -0.27065 0.259322 0.928589 -0.266229 0.258544 0.864749 -0.42994 0.259539 0.766075 -0.587828 0.259975 0.780194 -0.570032 0.257606 0.743524 -0.61711 0.257581 0.587828 -0.766075 0.259975 0.61711 -0.743524 0.257581 0.570032 -0.780194 0.257606 0.369589 -0.892267 0.259352 0.323331 -0.910398 0.258132 0.266266 -0.928719 0.258039 0.0897934 -0.962024 0.257774 0.126046 -0.957409 0.259769 0.149275 -0.9546 0.257789 -0.0977298 -0.961313 0.257538 -0.162383 -0.952516 0.257575 -0.126045 -0.957401 0.259801 -0.371893 -0.891102 0.260064 -0.356918 -0.897494 0.259063 -0.342066 -0.903352 0.258739 -0.423602 -0.867793 0.2598 -0.552914 -0.792356 0.257795 -0.598601 -0.758382 0.25794 -0.587234 -0.766593 0.259789 -0.684018 -0.68309 0.255944 -0.684018 0.68309 0.255944 0.865338 0.429212 0.258781 0.872745 0.412635 0.26086 0.862706 0.434312 0.259057 0.854194 0.450977 0.25879 0.846883 0.464499 0.258902 0.845049 0.467699 0.259133 0.670543 0.695274 0.258779 0.661829 0.70402 0.257561 0.634982 0.72746 0.259999 0.467696 0.845043 0.259156 0.46291 0.847773 0.258832 0.446003 0.856802 0.258791 0.425111 0.867114 0.259605 0.233047 0.937306 0.259126 0.208181 0.943502 0.257806 0.186191 0.947556 0.259751 -0.186192 0.94756 0.259737 -0.226295 0.939365 0.257651 -0.233097 0.937506 0.258359 -0.266834 0.928276 0.259042 -0.289183 0.921972 0.257569 -0.325064 0.909004 0.260856 -0.31258 0.913847 0.259186 -0.634058 0.728403 0.259614 -0.64221 0.721763 0.258118 -0.672326 0.693383 0.259225 -0.505177 0.823389 0.25851 -0.467728 0.845101 0.258912 -0.473167 0.841884 0.259509 -0.0326237 0.965717 0.25754 -0.0174847 0.965778 0.25878 0.0174847 0.965778 0.25878 0.0299702 0.965744 0.257761 0.965761 0.0299707 0.257697 0.965751 0.0387142 0.256566 0.965854 0.023273 0.258041 0.965897 0.00776731 0.258811 0.965921 -0.0033677 0.258817 0.965894 -0.0132235 0.258601 0.965835 -0.0272966 0.257715 0.96583 -0.0299728 0.257437 0.888555 -0.379146 0.258299 0.887222 -0.381996 0.258681 0.872501 -0.41443 0.258825 -0.672326 -0.693383 0.259225 -0.64221 -0.721763 0.258118 -0.634058 -0.728403 0.259614 -0.467728 -0.845101 0.258912 -0.473166 -0.841884 0.259509 -0.458604 -0.850126 0.258782 -0.442126 -0.858793 0.258844 -0.425066 -0.867023 0.259982 -0.31258 -0.913847 0.259186 -0.325064 -0.909004 0.260856 -0.289183 -0.921972 0.257569 -0.266834 -0.928276 0.259042 -0.233097 -0.937506 0.258359 -0.226295 -0.939365 0.257651 -0.186192 -0.94756 0.259737 0.0174847 -0.965778 0.25878 0.0299702 -0.965744 0.257761 0.0653963 -0.96345 0.259784 0.186191 -0.947556 0.259751 0.208181 -0.943502 0.257806 0.233047 -0.937306 0.259126 0.425082 -0.867056 0.259845 0.434312 -0.862706 0.259057 0.450977 -0.854194 0.25879 0.464499 -0.846883 0.258902 0.480941 -0.837298 0.260056 0.467803 -0.845237 0.258332 0.497998 -0.827576 0.259068 0.498949 -0.827028 0.258989 0.517801 -0.815452 0.258691 0.527301 -0.809177 0.259205 0.536669 -0.802824 0.259729 0.538333 -0.80164 0.259945 0.634982 -0.72746 0.259999 0.661829 -0.70402 0.257561 0.670543 -0.695274 0.258779 0.80164 -0.538333 0.259945 0.80002 -0.540597 0.260236 0.806405 -0.531426 0.259418 0.815452 -0.517801 0.258691 0.827591 -0.498008 0.259001 -0.442126 0.858793 0.258844 -0.425066 0.867023 0.259982 -0.429196 0.864832 0.260493 0.517112 0.815229 0.260763 0.498209 0.827926 0.257539 0.531426 0.806405 0.259418 0.540597 0.80002 0.260236 0.538333 0.80164 0.259945 0.570032 0.780194 0.257606 0.703798 0.66162 0.258703 0.695685 0.670939 0.256639 0.72746 0.634982 0.259999 0.827591 0.498008 0.259001 0.815452 0.517801 0.258691 0.80168 0.53836 0.259764 0.808862 0.526708 0.261385 0.802764 0.5366 0.26006 0.888468 0.379109 0.258652 0.887334 0.382045 0.258225 0.906397 0.333622 0.259117 0.910437 0.323345 0.257977 0.915521 0.308149 0.258585 0.927093 0.27065 0.259322 0.943338 0.207452 0.258994 0.943224 0.20812 0.258874 0.928589 0.266229 0.258544 0.970244 0.0790621 0.228858 0.962539 0.0770353 0.259969 0.96194 0.0897858 0.258088 0.94337 -0.207459 0.258872 0.943192 -0.208113 0.258995 0.954428 -0.149249 0.258442 0.910389 -0.323327 0.25817 0.911875 -0.319608 0.257556 0.906397 -0.333622 0.259117 0.856977 -0.444413 0.260937 0.865367 -0.429227 0.258657 0.847774 -0.46291 0.258832 0.837649 -0.480368 0.259981 0.845237 -0.467803 0.258331 0.827027 -0.4989 0.259085 0.695274 -0.670543 0.258779 0.70402 -0.661829 0.257561 0.72746 -0.634982 0.259999 -0.0326134 -0.965412 0.258681 -0.0174962 -0.966414 0.256394 -0.0653957 -0.96344 0.259821 -0.385527 -0.884811 0.261684 -0.369625 -0.892354 0.259 -0.404776 -0.877055 0.258709 -0.505177 -0.823389 0.25851 -0.498261 -0.828012 0.257162 -0.538118 -0.80179 0.259927 -0.607788 0.758642 0.234638 -0.656856 0.71035 0.252872 -0.638716 0.731506 0.238621 -0.660069 0.71034 0.24439 -0.555511 0.803934 0.212363 -0.600557 0.764949 0.232776 -0.587835 0.778222 0.220953 -0.60388 0.764948 0.224018 -0.483928 0.855259 0.185326 -0.54032 0.81511 0.208924 -0.534036 0.821779 0.198705 -0.543363 0.815107 0.200889 -0.414517 0.896066 0.158874 -0.475838 0.860155 0.183607 -0.433921 0.885946 0.163745 -0.478517 0.860151 0.176526 -0.364531 0.921116 0.136611 -0.40988 0.899507 0.151278 -0.408184 0.899512 0.155769 -0.23573 0.967769 0.0886224 -0.281332 0.953374 0.109228 -0.16905 0.983514 0.0642099 -0.219485 0.971923 0.0848129 -0.164789 0.984305 0.0631468 -0.64091 0.725763 0.250004 -0.679024 0.688585 0.254512 -0.494499 0.849397 0.18438 -0.371087 0.916492 0.149454 -0.344348 0.930199 0.127102 -0.344431 0.930198 0.126882 -0.318775 0.939719 0.123736 -0.12238 0.991431 0.0456955 -0.165482 0.984305 0.0613095 -0.170545 0.983292 0.0636465 -0.220651 0.971923 0.0817219 -0.240529 0.966304 0.0916609 -0.283205 0.953374 0.104271 -0.311177 0.943186 0.116484 -0.0351937 0.999212 0.0183442 -0.095952 0.994819 0.0335855 -0.117574 0.992043 0.0450203 -0.0468547 0.998751 0.0173373 -0.0251784 0.999669 0.00520216 -0.116684 0.992038 0.0473783 -0.0743036 0.996957 0.0235797 -0.00995504 0.999943 0.00379044 -0.0489506 0.99859 0.0205237 0.258821 0.00295499 0.965921 0.346491 -0.003821 0.938046 0.42261 0.00286698 0.906307 0.524329 -0.00351702 0.851508 0.57358 0.00234559 0.819146 0.681665 -0.00277705 0.731659 0.155094 -0.00369207 0.987893 0.0871559 0.00260844 0.996191 0.0283229 0 0.999599 0.707105 0.00138999 0.707107 0.812334 -0.00160461 0.583191 0.819148 0 0.573582 0.087143 -0.0173629 0.996044 0.837895 0.0357474 0.54466 0.819089 0.0120414 0.573541 0.246616 0.243035 0.938144 0.125104 0.216564 0.968219 0.258791 -0.0154274 0.96581 0.253323 0.328822 0.909782 0.422611 -0.0021034 0.906309 0.469235 0.560967 0.682008 0.375342 0.558741 0.739545 0.573578 0.00335739 0.819144 0.483018 0.667001 0.567277 0.412179 0.619359 0.668209 0.707102 0.00307102 0.707105 0.517695 0.732125 0.442702 0.495419 0.72729 0.474983 0.51278 0.761913 0.395659 0.833496 0.10993 0.541479 0.821285 0.0819814 0.564598 0.173772 0.181088 0.967993 0.439684 0.0138259 0.898046 0.475263 0.680237 0.558035 0.0508195 0.0426559 0.997797 0.0505666 0.0419651 0.997839 0.0496626 0.0466876 0.997674 0.0744899 0.0381166 0.996493 0.189486 0.0190723 0.981698 0.189513 0.0186824 0.981701 0.189245 0.0188693 0.981749 0.187594 0.031294 0.981748 0.187664 0.031252 0.981736 0.185143 0.0438073 0.981735 0.185617 0.0435607 0.981656 0.182194 0.0562158 0.981654 0.183055 0.0558361 0.981516 0.178725 0.0684816 0.981513 0.180015 0.0680074 0.98131 0.174773 0.0805707 0.981307 0.176478 0.0800621 0.981043 0.170329 0.0924688 0.981039 0.172423 0.091982 0.980719 0.165363 0.104189 0.980714 0.167926 0.103754 0.980324 0.159975 0.115686 0.980319 0.162878 0.115369 0.979878 0.154069 0.126944 0.979872 0.15737 0.126776 0.979368 0.147708 0.137964 0.979361 0.151377 0.137988 0.978797 0.152555 0.136777 0.978785 0.0958805 0.121084 0.988001 0.311014 0.454986 0.834421 0.335687 0.368601 0.866861 0.308353 0.366582 0.877802 0.334507 0.342838 0.87782 0.325202 0.342593 0.881404 0.349534 0.317686 0.88142 0.341025 0.317906 0.884668 0.363423 0.291993 0.884683 0.355739 0.292605 0.887599 0.376177 0.265772 0.887613 0.369372 0.266691 0.890191 0.387777 0.239097 0.890203 0.381938 0.240222 0.892422 0.398263 0.212016 0.892433 0.393382 0.213251 0.894301 0.407598 0.184587 0.894311 0.403677 0.185827 0.895831 0.415782 0.156834 0.895839 0.412832 0.157965 0.897004 0.422818 0.128819 0.897012 0.420832 0.129722 0.897815 0.428729 0.100543 0.897821 0.427698 0.101091 0.898251 0.43351 0.0721561 0.898255 0.433309 0.0722797 0.898342 0.437112 0.0436673 0.898347 0.437749 0.0432177 0.898058 0.813554 0.13544 0.565497 0.818303 0.183232 0.544799 0.809565 0.189816 0.555495 0.794917 0.244617 0.55522 0.797523 0.242902 0.552227 0.778997 0.297611 0.551898 0.783033 0.29526 0.547432 0.758316 0.354501 0.54707 0.771827 0.348901 0.531556 0.732874 0.403466 0.547823 0.746805 0.397259 0.533355 0.716145 0.450172 0.533368 0.725052 0.446665 0.524204 0.690527 0.498256 0.524322 0.700948 0.49469 0.513764 0.662706 0.544839 0.513781 0.674637 0.541346 0.501806 0.632691 0.589644 0.502018 0.646061 0.586318 0.488708 0.600712 0.632675 0.488741 0.615468 0.62964 0.474081 0.566683 0.673661 0.474396 0.582726 0.670969 0.458509 0.531927 0.711868 0.458582 0.548849 0.709338 0.442272 0.0569577 0.0311015 0.997892 0.0518553 0.0329207 0.998112 0.0565541 0.0332549 0.997846 0.0530298 0.0386135 0.997846 0.0539727 0.0385095 0.9978 0.0632585 0.0020726 0.997995 0.0629647 0.00617572 0.997997 0.0628965 0.00622379 0.998001 0.0623157 0.0104115 0.998002 0.0623721 0.010377 0.997999 0.0615161 0.0145878 0.997999 0.0616529 0.0145159 0.997992 0.0605241 0.0187425 0.997991 0.0607763 0.0186294 0.997978 0.0593627 0.0228454 0.997975 0.0597383 0.0227046 0.997956 0.0580347 0.0268907 0.997952 0.0579244 0.0269244 0.997958 0.316201 0.0215518 0.948447 0.31555 0.0311523 0.948397 0.315116 0.0314545 0.948532 0.312373 0.0520986 0.94853 0.312502 0.0520209 0.948492 0.308307 0.0729049 0.948489 0.309077 0.0725042 0.948269 0.303384 0.0935457 0.948265 0.304835 0.0929026 0.947863 0.297634 0.113924 0.947858 0.299762 0.113135 0.947282 0.29104 0.134032 0.947276 0.293891 0.133169 0.946517 0.283643 0.15384 0.946509 0.287225 0.152986 0.945567 0.275451 0.173336 0.945559 0.279692 0.172586 0.94445 0.266443 0.192457 0.944441 0.271377 0.191876 0.943153 0.256658 0.211207 0.943143 0.262223 0.21087 0.941686 0.246097 0.229534 0.941674 0.252242 0.229502 0.940055 0.234746 0.247421 0.940041 0.241483 0.24775 0.938246 0.383866 0.474912 0.7919 0.39671 0.523483 0.754046 0.422414 0.512029 0.747925 0.555042 0.0189166 0.831607 0.552684 0.0545854 0.831601 0.551935 0.0551314 0.832063 0.547135 0.0912489 0.832056 0.547342 0.0911164 0.831934 0.540004 0.127639 0.831928 0.541314 0.126912 0.831187 0.531348 0.163734 0.83118 0.533747 0.162588 0.829867 0.521145 0.199358 0.829858 0.524738 0.197896 0.827942 0.509467 0.234463 0.827932 0.514266 0.232828 0.825422 0.496331 0.268981 0.825412 0.502328 0.267312 0.822321 0.481713 0.302917 0.82231 0.488933 0.301334 0.818622 0.465704 0.336149 0.818611 0.474063 0.334786 0.81436 0.448279 0.368624 0.814348 0.457753 0.367589 0.809531 0.429479 0.400285 0.809518 0.440031 0.399677 0.804133 0.409305 0.431117 0.804119 0.420857 0.431029 0.798181 0.387847 0.460982 0.798167 0.400286 0.46149 0.791706 0.659636 0.0321196 0.750899 0.657361 0.064933 0.750773 0.656511 0.0655882 0.75146 0.6508 0.10854 0.751451 0.651054 0.108367 0.751255 0.642326 0.151797 0.751249 0.643766 0.150944 0.750187 0.631916 0.19471 0.750181 0.634662 0.193294 0.748225 0.619675 0.237009 0.748218 0.623747 0.2352 0.7454 0.605599 0.27864 0.745392 0.611023 0.276588 0.741721 0.589715 0.319527 0.741713 0.596531 0.317367 0.737176 0.572044 0.359649 0.737169 0.580231 0.357529 0.731782 0.552657 0.398844 0.731774 0.562189 0.396897 0.725546 0.531578 0.437058 0.725538 0.542407 0.435407 0.718481 0.508853 0.474198 0.718474 0.520912 0.472957 0.710607 0.484481 0.510222 0.7106 0.497692 0.509489 0.701943 0.45855 0.544995 0.701935 0.472877 0.544853 0.692475 0.431898 0.577862 0.692488 0.446874 0.578031 0.682777 0.752073 0.0346553 0.658168 0.749333 0.0740247 0.658043 0.748443 0.0747693 0.658971 0.741931 0.123735 0.65896 0.742193 0.123542 0.658701 0.732244 0.173034 0.658694 0.733775 0.172037 0.65725 0.720272 0.221896 0.657245 0.723148 0.220251 0.654635 0.70608 0.270022 0.654629 0.710396 0.267864 0.650835 0.689738 0.317302 0.650831 0.695516 0.314796 0.64588 0.67126 0.363665 0.645877 0.678537 0.360954 0.639766 0.650683 0.409039 0.639764 0.659443 0.406274 0.632515 0.628108 0.453215 0.632516 0.638297 0.450542 0.62417 0.60352 0.496159 0.624171 0.615153 0.493689 0.614701 0.577057 0.537721 0.614704 0.590051 0.535575 0.604152 0.548729 0.577832 0.604157 0.562988 0.576114 0.592568 0.518614 0.616356 0.592575 0.534089 0.615147 0.579951 0.487699 0.652513 0.57998 0.503945 0.65155 0.56703 1 0 0 1 0 0 1 0 0 1 0 0 1 0 0 1 0 0 1 0 0 1 0 0 1 0 0 1 0 0 1 0 0 1 0 0 1 0 0 0.184851 -0.179027 0.966323 0.165704 -0.206812 0.964246 0.337258 -0.349823 0.874003 0.286576 -0.287392 0.913937 0.33519 -0.38197 0.861247 0.609065 -0.625104 0.488144 0.586794 -0.593576 0.550764 0.62056 -0.625528 0.472886 0.585213 -0.663278 0.466463 0.553693 -0.703141 0.446113 0.152569 -0.168276 0.973861 0.343034 -0.352163 0.870809 0.311291 -0.373389 0.873887 0.313179 -0.389166 0.866296 0.0988103 -0.109768 0.989034 0.0824898 -0.0446351 0.995592 0.0315322 -0.0303919 0.999041 0.251705 -0.298769 0.920533 0.251024 -0.269532 0.929698 0.252625 -0.268067 0.929689 0.225005 -0.223385 0.948405 0.40254 -0.407484 0.819706 0.415435 -0.43583 0.798414 0.390586 -0.45835 0.798347 0.39278 -0.47073 0.790023 0.369242 -0.489227 0.790137 0.390517 -0.466635 0.793567 0.399903 -0.547189 0.735297 0.508667 -0.59071 0.626354 0.419818 -0.589756 0.689885 0.510138 -0.664038 0.546638 0.481254 -0.660112 0.576756 0.535805 -0.726712 0.429886 0.503255 -0.724018 0.471733 0.567939 -0.667643 0.481351 0.515055 -0.619109 0.592809 0.530785 -0.621207 0.576515 0.455513 -0.547404 0.702038 0.470178 -0.550479 0.689858 0.456964 -0.460188 0.76119 0.494364 -0.512385 0.702187 0.500933 -0.514463 0.695984 0.567516 -0.571517 0.5927 0.534694 -0.568556 0.625177 0.237307 -0.210297 0.948399 0.303542 -0.269375 0.913947 0.338874 -0.202585 0.918762 0.368113 -0.325626 0.870897 0.188263 -0.113267 0.975565 0.16976 -0.150021 0.974 0.236242 -0.210006 0.948729 0.2479 -0.196034 0.948745 0.246085 -0.19242 0.949956 0.256406 -0.178406 0.949962 0.254582 -0.175275 0.951034 0.263697 -0.161171 0.951046 0.232828 -0.11709 0.965443 0.362468 -0.324265 0.873767 0.381529 -0.30149 0.873807 0.378741 -0.296087 0.876862 0.3947 -0.274454 0.876862 0.39192 -0.269801 0.879549 0.406719 -0.246927 0.879549 0.377731 -0.205121 0.902909 0.50302 -0.397487 0.767447 0.480481 -0.424415 0.76747 0.483575 -0.432078 0.761225 0.499748 -0.390655 0.773072 0.520817 -0.362134 0.773052 0.517507 -0.356203 0.778014 0.537048 -0.326037 0.777997 0.511422 -0.286912 0.810018 0.606054 -0.478846 0.635142 0.578819 -0.511351 0.635208 0.581799 -0.51972 0.62562 0.602818 -0.471328 0.643786 0.628316 -0.436845 0.643728 0.624972 -0.430264 0.65137 0.648651 -0.393738 0.651323 0.627307 -0.358543 0.691326 0.678221 -0.53127 0.507709 0.722278 -0.512064 0.464871 0.712239 -0.490166 0.502447 0.734699 -0.443356 0.51347 0.720787 -0.417011 0.553685 0.660893 -0.582877 0.472732 0.67646 -0.582362 0.450839 0.0720435 -0.0499154 0.996152 0.0745727 -0.0459108 0.996158 0.0742774 -0.0449035 0.996226 0.0722994 -0.0510422 0.996076 0.0696112 -0.054803 0.996068 0.0698184 -0.056093 0.995981 0.0669964 -0.0595568 0.995974 0.0671339 -0.0610446 0.995875 0.16776 -0.149471 0.974431 0.17617 -0.139378 0.974442 0.174884 -0.136817 0.975037 0.182225 -0.12684 0.975041 0.180934 -0.124623 0.975568 0.301199 -0.268746 0.914907 0.316649 -0.250256 0.914935 0.314283 -0.245725 0.916976 0.327515 -0.227774 0.91698 0.325144 -0.223847 0.91879 0.474892 -0.28543 0.832471 0.456353 -0.314108 0.832513 0.459433 -0.319473 0.828769 0.440874 -0.344612 0.828778 0.443951 -0.350841 0.824511 0.424084 -0.374592 0.82452 0.427022 -0.381611 0.819771 0.597269 -0.358923 0.717247 0.573907 -0.395058 0.717329 0.577305 -0.401391 0.711059 0.553915 -0.433036 0.711096 0.557245 -0.440306 0.703995 0.532247 -0.470153 0.704038 0.535374 -0.478309 0.696129 0.697634 -0.419218 0.581002 0.670282 -0.461534 0.581127 0.673418 -0.468191 0.572107 0.64604 -0.505207 0.572188 0.649018 -0.512761 0.562007 0.619803 -0.547621 0.5621 0.622496 -0.556032 0.550751 0.77093 -0.283173 0.570508 0.786573 -0.236156 0.570556 0.785373 -0.233183 0.573424 0.772402 -0.287608 0.566283 0.754281 -0.332271 0.566265 0.755861 -0.338331 0.560541 0.735467 -0.380575 0.560581 0.736894 -0.388072 0.553523 0.0805737 -0.0302007 0.996291 0.0792669 -0.0239404 0.996566 0.080863 -0.0257216 0.996393 0.0779487 -0.0326658 0.996422 0.0788103 -0.0355243 0.996256 0.0760306 -0.0390108 0.996342 0.0766354 -0.0406945 0.996228 0.239654 -0.0881727 0.966846 0.244525 -0.0735571 0.966849 0.243902 -0.0725114 0.967085 0.240455 -0.0897383 0.966503 0.234817 -0.103635 0.966499 0.235729 -0.105736 0.96605 0.229372 -0.118943 0.966044 0.230321 -0.121584 0.965489 0.395804 -0.145463 0.906741 0.403837 -0.121385 0.906742 0.402839 -0.119664 0.907415 0.397084 -0.148032 0.905765 0.387783 -0.170931 0.905763 0.389243 -0.174404 0.904474 0.378768 -0.196135 0.90447 0.380291 -0.200525 0.902867 0.540619 -0.198577 0.817495 0.551584 -0.16573 0.817489 0.55032 -0.163413 0.818807 0.542244 -0.20207 0.81556 0.529549 -0.233296 0.815568 0.531368 -0.237965 0.813032 0.51706 -0.267612 0.813039 0.518912 -0.273449 0.809911 0.667319 -0.245088 0.70329 0.680862 -0.204536 0.703273 0.679497 -0.201738 0.705398 0.669039 -0.249268 0.700181 0.653363 -0.287802 0.700205 0.655231 -0.293332 0.696152 0.637564 -0.32991 0.696184 0.639402 -0.336801 0.691181 0.104513 0.0143839 0.99442 0.808952 -0.0122652 0.587747 0.308985 0.0150067 0.950948 0.499974 0.00978897 0.865985 0.669132 0.000699682 0.743144 0.818243 -0.0248842 0.574334 0.815101 -0.0794923 0.57384 0.814032 -0.0778271 0.575582 0.807581 -0.131135 0.574993 0.807446 -0.130894 0.575238 0.797666 -0.182393 0.574858 0.79838 -0.183873 0.573394 0.0846983 -0.00270715 0.996403 0.0843131 -0.00813167 0.996406 0.08425 -0.0080607 0.996412 0.0834981 -0.0135392 0.996416 0.0835501 -0.0136057 0.996411 0.0824827 -0.0189244 0.996413 0.0826056 -0.0191033 0.996399 0.253246 -0.0221184 0.967149 0.253079 -0.0246393 0.967132 0.252758 -0.0242789 0.967225 0.250629 -0.0407113 0.967227 0.250679 -0.0407753 0.967211 0.247571 -0.0566626 0.967211 0.247937 -0.0571956 0.967086 0.418519 -0.0321611 0.907638 0.417933 -0.0407217 0.907565 0.417422 -0.0401321 0.907826 0.413916 -0.067211 0.907831 0.414004 -0.0673264 0.907782 0.408876 -0.0935255 0.907785 0.409488 -0.0944418 0.907414 0.572344 -0.0358744 0.819228 0.570969 -0.0556564 0.819083 0.57032 -0.0548629 0.819588 0.565536 -0.0918223 0.819596 0.565652 -0.0919834 0.819498 0.558645 -0.127772 0.819506 0.559403 -0.128975 0.8188 0.707412 -0.0339155 0.705988 0.705027 -0.0687463 0.70584 0.704306 -0.0677743 0.706654 0.698405 -0.113392 0.706663 0.698544 -0.113606 0.706491 0.689898 -0.157768 0.706506 0.690716 -0.15921 0.705382 0.30902 0 0.951055 0.104524 0 0.994522 0.104524 0 0.994522 0.30902 0 0.951055 0.499998 0 0.866027 0.499998 0 0.866027 0.669132 0 0.743144 0.669132 0 0.743144 0.809013 0 0.587791 0.809013 0 0.587791 -0.0247031 -0.999653 0.00917502 -0.32819 -0.936506 0.123485 -0.446976 -0.878487 0.16874 -0.478484 -0.860152 0.176613 -0.618652 -0.749091 0.236923 -0.653496 -0.713143 0.253714 -0.3749 -0.917159 0.135165 -0.0741378 -0.996862 0.0277481 -0.0478999 -0.998729 0.0156697 -0.0469066 -0.998731 0.0183102 -0.045678 -0.998804 0.0174648 -0.117641 -0.992043 0.0448413 -0.167263 -0.984288 0.0565789 -0.136441 -0.989218 0.0532204 -0.219936 -0.971924 0.0836184 -0.206384 -0.975112 0.0810029 -0.2825 -0.953377 0.106138 -0.256103 -0.96128 0.101747 -0.344022 -0.930201 0.127968 -0.31708 -0.940231 0.124202 -0.408641 -0.899513 0.15456 -0.385453 -0.910253 0.151214 -0.477113 -0.860159 0.180248 -0.456172 -0.872015 0.177474 -0.541197 -0.815116 0.206622 -0.517081 -0.831562 0.202812 -0.0983857 -0.994477 0.0365459 -0.123774 -0.991256 0.0457276 -0.1179 -0.992043 0.0441553 -0.172208 -0.983 0.063675 -0.165277 -0.984306 0.0618548 -0.220365 -0.972004 0.0815277 -0.220693 -0.971923 0.081612 -0.267802 -0.958276 0.0999474 -0.283183 -0.953375 0.104328 -0.409994 -0.899506 0.150974 -0.342692 -0.930201 0.131488 -0.396394 -0.907411 0.139562 -0.624202 -0.745415 0.233941 -0.604092 -0.764946 0.223454 -0.600629 -0.764949 0.232588 -0.563434 -0.797327 0.216363 -0.520997 -0.830799 0.195791 -0.578291 -0.788642 0.208862 -0.541496 -0.815116 0.205835 -0.656252 -0.710345 0.254447 -0.660004 -0.710341 0.244563 -0.676187 -0.69167 0.253698 0.111964 -0.00463105 0.993702 0.112722 -0.00492165 0.993614 -0.112722 -0.00492165 0.993614 -0.111964 -0.00463105 0.993701 -0.991146 -0.0458213 0.124623 0.991146 -0.0458212 0.124623 -0.981431 -0.136904 0.134352 -0.11254 -0.0148161 0.993537 -0.110478 -0.0137711 0.993783 -0.963702 -0.226664 0.141075 -0.111412 -0.0246995 0.993467 -0.108342 -0.0227167 0.993854 -0.938168 -0.314442 0.144803 -0.109333 -0.0344725 0.993407 -0.105576 -0.0314318 0.993914 -0.905054 -0.39962 0.145537 -0.10632 -0.0440394 0.993356 -0.102195 -0.039876 0.993965 -0.864607 -0.481582 0.143298 -0.102391 -0.0533015 0.993315 -0.0982209 -0.0480175 0.994006 -0.817093 -0.559725 0.138087 -0.0975816 -0.0621659 0.993284 -0.0936745 -0.0558176 0.994037 -0.762819 -0.633436 0.129873 -0.0919326 -0.0705426 0.993263 -0.0885784 -0.0632442 0.994059 -0.0855018 -0.0783481 0.993253 -0.082961 -0.0702638 0.994073 -0.702114 -0.702114 0.118628 -0.0783481 -0.0855018 0.993253 -0.0768469 -0.0768469 0.994077 -0.633436 -0.762819 0.129873 -0.0705426 -0.0919326 0.993263 -0.0702638 -0.082961 0.994073 -0.559725 -0.817093 0.138087 -0.0621659 -0.0975816 0.993284 -0.0632442 -0.0885784 0.994059 -0.481582 -0.864607 0.143298 -0.0533015 -0.102391 0.993315 -0.0558176 -0.0936745 0.994037 -0.39962 -0.905054 0.145537 -0.0440394 -0.10632 0.993356 -0.0480175 -0.0982209 0.994006 -0.314442 -0.938168 0.144803 -0.0344725 -0.109333 0.993407 -0.039876 -0.102195 0.993965 -0.226664 -0.963702 0.141075 -0.0246995 -0.111412 0.993467 -0.0314318 -0.105576 0.993914 -0.136904 -0.981431 0.134352 -0.0148161 -0.11254 0.993537 -0.0227167 -0.108342 0.993854 -0.0458212 -0.991146 0.124623 -0.00492165 -0.112722 0.993614 -0.0137711 -0.110478 0.993783 0.0458212 -0.991146 0.124623 0.00492165 -0.112722 0.993614 0.00463105 -0.111964 0.993702 0.136904 -0.981431 0.134352 0.0148161 -0.11254 0.993537 0.0137711 -0.110478 0.993783 0.226664 -0.963702 0.141075 0.0246995 -0.111412 0.993467 0.0227167 -0.108342 0.993854 0.314442 -0.938168 0.144803 0.0344725 -0.109333 0.993407 0.0314318 -0.105576 0.993914 0.39962 -0.905054 0.145537 0.0440394 -0.10632 0.993356 0.039876 -0.102195 0.993965 0.481582 -0.864607 0.143298 0.0533015 -0.102391 0.993315 0.0480175 -0.0982209 0.994006 0.559725 -0.817093 0.138087 0.0621659 -0.0975816 0.993284 0.0558176 -0.0936745 0.994037 0.633436 -0.762819 0.129873 0.0705426 -0.0919326 0.993263 0.0632442 -0.0885784 0.994059 0.0783481 -0.0855018 0.993253 0.0702638 -0.082961 0.994073 0.702114 -0.702114 0.118628 0.0855018 -0.0783481 0.993253 0.0768469 -0.0768469 0.994077 0.762819 -0.633436 0.129873 0.0919326 -0.0705426 0.993263 0.082961 -0.0702638 0.994073 0.817093 -0.559725 0.138087 0.0975816 -0.0621659 0.993284 0.0885784 -0.0632442 0.994059 0.864607 -0.481582 0.143298 0.102391 -0.0533015 0.993315 0.0936745 -0.0558176 0.994037 0.905054 -0.39962 0.145537 0.10632 -0.0440394 0.993356 0.0982209 -0.0480175 0.994006 0.938168 -0.314442 0.144803 0.109333 -0.0344725 0.993407 0.102195 -0.039876 0.993965 0.963702 -0.226664 0.141075 0.111412 -0.0246995 0.993467 0.105576 -0.0314318 0.993914 0.981431 -0.136904 0.134352 0.11254 -0.0148161 0.993537 0.108342 -0.0227167 0.993854 0.110478 -0.0137711 0.993783 -0.00463105 -0.111964 0.993702 0.992874 -0.041063 0.111868 0.943169 -0.0390073 0.330017 0.943163 -0.0390129 0.330031 0.8462 -0.0350021 0.531714 0.846206 -0.0349984 0.531705 0.706812 -0.0292332 0.706797 0.706805 -0.0292367 0.706805 0.531895 -0.0220016 0.846525 0.531903 -0.0219987 0.84652 0.330253 -0.0136588 0.943794 0.33025 -0.0136598 0.943795 -0.992874 -0.041063 0.111868 -0.943164 -0.0390071 0.330031 -0.943169 -0.0390131 0.330017 -0.846206 -0.0350023 0.531705 -0.8462 -0.0349982 0.531714 -0.706805 -0.0292329 0.706805 -0.706812 -0.029237 0.706797 -0.531903 -0.022002 0.84652 -0.531895 -0.0219984 0.846525 -0.33025 -0.0136586 0.943795 -0.330253 -0.0136599 0.943794 -0.987288 -0.123066 0.100586 -0.936726 -0.116764 0.330017 -0.936721 -0.116757 0.330032 -0.84042 -0.104754 0.531714 -0.840424 -0.104757 0.531708 -0.701984 -0.0875009 0.706797 -0.701985 -0.0875018 0.706796 -0.528262 -0.0658473 0.846525 -0.528266 -0.0658498 0.846522 -0.327997 -0.0408857 0.943794 -0.327995 -0.0408848 0.943794 -0.97454 -0.204339 0.092286 -0.923879 -0.193716 0.330032 -0.923881 -0.193719 0.330027 -0.828903 -0.173804 0.531707 -0.828901 -0.173803 0.53171 -0.692362 -0.145173 0.706796 -0.692359 -0.145171 0.706799 -0.521024 -0.109246 0.846522 -0.521024 -0.109246 0.846522 -0.323499 -0.0678297 0.943794 -0.323498 -0.0678294 0.943794 -0.954793 -0.284253 0.0870055 -0.904729 -0.269348 0.330027 -0.904732 -0.269354 0.330013 -0.811717 -0.241662 0.53171 -0.811714 -0.241659 0.531715 -0.678005 -0.201852 0.706799 -0.678002 -0.201849 0.706803 -0.510223 -0.151899 0.846522 -0.510224 -0.1519 0.846521 -0.316792 -0.0943129 0.943794 -0.316795 -0.0943156 0.943793 -0.92824 -0.362204 0.0847323 -0.879399 -0.343146 0.330014 -0.879398 -0.343143 0.330019 -0.788986 -0.307864 0.531715 -0.788987 -0.307865 0.531713 -0.659017 -0.257151 0.706803 -0.659015 -0.257148 0.706806 -0.495937 -0.193515 0.846521 -0.495936 -0.193514 0.846522 -0.307926 -0.120152 0.943793 -0.307923 -0.12015 0.943794 -0.895102 -0.437591 0.0854794 -0.848057 -0.414592 0.330019 -0.848055 -0.414583 0.330037 -0.760871 -0.371962 0.531713 -0.760875 -0.371969 0.531704 -0.635529 -0.310691 0.706805 -0.63553 -0.310692 0.706805 -0.478262 -0.233808 0.846522 -0.478263 -0.23381 0.846521 -0.296949 -0.14517 0.943794 -0.296949 -0.14517 0.943794 -0.855626 -0.50984 0.0892615 -0.81092 -0.483202 0.330037 -0.810921 -0.483207 0.330027 -0.727558 -0.433533 0.531704 -0.727555 -0.433526 0.531713 -0.607703 -0.362111 0.706805 -0.607707 -0.362116 0.706799 -0.457322 -0.272506 0.846521 -0.457321 -0.272504 0.846522 -0.283947 -0.169196 0.943794 -0.283945 -0.169194 0.943795 -0.810084 -0.57839 0.0960675 -0.76825 -0.54852 0.330026 -0.76825 -0.548525 0.330018 -0.689267 -0.492131 0.531712 -0.689267 -0.492132 0.531711 -0.575726 -0.411065 0.706799 -0.575724 -0.41106 0.706804 -0.433255 -0.309339 0.846522 -0.433255 -0.309339 0.846522 -0.269003 -0.192065 0.943795 -0.269004 -0.192067 0.943794 -0.758797 -0.642665 0.105868 -0.720334 -0.610088 0.330018 -0.720334 -0.610086 0.330023 -0.646278 -0.547365 0.531711 -0.646279 -0.547368 0.531706 -0.539814 -0.457197 0.706804 -0.539815 -0.457198 0.706803 -0.406231 -0.344059 0.846522 -0.406232 -0.344061 0.846521 -0.252225 -0.213624 0.943794 -0.252223 -0.213621 0.943795 -0.702114 -0.702114 0.118628 -0.66749 -0.66749 0.330023 -0.66749 -0.66749 0.330023 -0.598869 -0.598869 0.531706 -0.598869 -0.598869 0.531706 -0.500215 -0.500215 0.706803 -0.500215 -0.500215 0.706803 -0.376433 -0.376433 0.846521 -0.376432 -0.376432 0.846521 -0.233721 -0.233721 0.943795 -0.233721 -0.233721 0.943795 -0.642665 -0.758797 0.105868 -0.610087 -0.720332 0.330023 -0.610087 -0.720335 0.330018 -0.547367 -0.646281 0.531706 -0.547366 -0.646277 0.531711 -0.457198 -0.539815 0.706803 -0.457198 -0.539814 0.706804 -0.344061 -0.406233 0.846521 -0.34406 -0.406231 0.846522 -0.213622 -0.252222 0.943795 -0.213623 -0.252226 0.943794 -0.57839 -0.810084 0.0960675 -0.548522 -0.768252 0.330018 -0.548523 -0.768248 0.330026 -0.492132 -0.689268 0.531711 -0.492132 -0.689267 0.531712 -0.411062 -0.575723 0.706804 -0.411063 -0.575727 0.706799 -0.309339 -0.433255 0.846522 -0.309339 -0.433255 0.846522 -0.192066 -0.269004 0.943794 -0.192065 -0.269002 0.943795 -0.50984 -0.855626 0.0892615 -0.483203 -0.810924 0.330027 -0.483205 -0.810918 0.330037 -0.43353 -0.727553 0.531713 -0.433529 -0.72756 0.531704 -0.362114 -0.607708 0.706799 -0.362113 -0.607702 0.706804 -0.272505 -0.45732 0.846522 -0.272505 -0.457322 0.846521 -0.169194 -0.283944 0.943795 -0.169195 -0.283947 0.943794 -0.437591 -0.895102 0.0854794 -0.414589 -0.848051 0.330037 -0.414586 -0.84806 0.330019 -0.371965 -0.760877 0.531704 -0.371966 -0.760869 0.531713 -0.310691 -0.63553 0.706805 -0.310691 -0.635529 0.706805 -0.233809 -0.478264 0.846521 -0.233809 -0.478261 0.846522 -0.14517 -0.296949 0.943794 -0.14517 -0.296949 0.943794 -0.362204 -0.92824 0.0847323 -0.343145 -0.879397 0.330019 -0.343144 -0.879399 0.330014 -0.307864 -0.788987 0.531713 -0.307865 -0.788986 0.531715 -0.25715 -0.659015 0.706806 -0.257149 -0.659018 0.706803 -0.193515 -0.495936 0.846522 -0.193515 -0.495937 0.846521 -0.120151 -0.307923 0.943794 -0.120151 -0.307926 0.943793 -0.284253 -0.954793 0.0870055 -0.269349 -0.904733 0.330013 -0.269353 -0.904727 0.330027 -0.241661 -0.811714 0.531715 -0.24166 -0.811718 0.53171 -0.201851 -0.678002 0.706803 -0.20185 -0.678006 0.706799 -0.1519 -0.510224 0.846521 -0.1519 -0.510222 0.846522 -0.0943141 -0.316796 0.943793 -0.0943144 -0.316791 0.943794 -0.204339 -0.97454 0.092286 -0.193717 -0.923881 0.330027 -0.193718 -0.923879 0.330032 -0.173804 -0.828901 0.53171 -0.173803 -0.828903 0.531707 -0.145173 -0.692358 0.706799 -0.145172 -0.692362 0.706796 -0.109246 -0.521024 0.846522 -0.109246 -0.521024 0.846522 -0.0678296 -0.323498 0.943794 -0.0678295 -0.323499 0.943794 -0.123066 -0.987288 0.100586 -0.116763 -0.93672 0.330032 -0.116758 -0.936726 0.330017 -0.104754 -0.840425 0.531707 -0.104757 -0.84042 0.531714 -0.0875011 -0.701985 0.706796 -0.0875017 -0.701984 0.706797 -0.0658479 -0.528266 0.846522 -0.0658493 -0.528261 0.846525 -0.0408855 -0.327995 0.943794 -0.0408851 -0.327997 0.943794 -0.041063 -0.992874 0.111868 -0.0390073 -0.943169 0.330017 -0.0390129 -0.943163 0.330031 -0.0350021 -0.8462 0.531714 -0.0349984 -0.846206 0.531705 -0.0292332 -0.706812 0.706797 -0.0292367 -0.706805 0.706805 -0.0220016 -0.531895 0.846525 -0.0219987 -0.531903 0.84652 -0.0136588 -0.330253 0.943794 -0.0136598 -0.33025 0.943795 0.041063 -0.992874 0.111868 0.0390071 -0.943164 0.330031 0.0390131 -0.943169 0.330017 0.0350023 -0.846206 0.531705 0.0349982 -0.8462 0.531714 0.0292329 -0.706805 0.706805 0.029237 -0.706812 0.706797 0.022002 -0.531903 0.84652 0.0219984 -0.531895 0.846525 0.0136586 -0.33025 0.943795 0.0136599 -0.330253 0.943794 0.123066 -0.987288 0.100586 0.116764 -0.936726 0.330017 0.116757 -0.936721 0.330032 0.104754 -0.84042 0.531714 0.104757 -0.840424 0.531708 0.0875009 -0.701984 0.706797 0.0875018 -0.701985 0.706796 0.0658473 -0.528262 0.846525 0.0658498 -0.528266 0.846522 0.0408857 -0.327997 0.943794 0.0408848 -0.327995 0.943794 0.204339 -0.97454 0.092286 0.193716 -0.923879 0.330032 0.193719 -0.923881 0.330027 0.173804 -0.828903 0.531707 0.173803 -0.828901 0.53171 0.145173 -0.692362 0.706796 0.145171 -0.692359 0.706799 0.109246 -0.521024 0.846522 0.109246 -0.521024 0.846522 0.0678297 -0.323499 0.943794 0.0678294 -0.323498 0.943794 0.284253 -0.954793 0.0870055 0.269348 -0.904729 0.330027 0.269354 -0.904732 0.330013 0.241662 -0.811717 0.53171 0.241659 -0.811714 0.531715 0.201852 -0.678005 0.706799 0.201849 -0.678002 0.706803 0.151899 -0.510223 0.846522 0.1519 -0.510224 0.846521 0.0943129 -0.316792 0.943794 0.0943156 -0.316795 0.943793 0.362204 -0.92824 0.0847323 0.343146 -0.879399 0.330014 0.343143 -0.879398 0.330019 0.307864 -0.788986 0.531715 0.307865 -0.788987 0.531713 0.257151 -0.659017 0.706803 0.257148 -0.659015 0.706806 0.193515 -0.495937 0.846521 0.193514 -0.495936 0.846522 0.120152 -0.307926 0.943793 0.12015 -0.307923 0.943794 0.437591 -0.895102 0.0854794 0.414592 -0.848057 0.330019 0.414583 -0.848055 0.330037 0.371962 -0.760871 0.531713 0.371969 -0.760875 0.531704 0.310691 -0.635529 0.706805 0.310692 -0.63553 0.706805 0.233808 -0.478262 0.846522 0.23381 -0.478263 0.846521 0.14517 -0.296949 0.943794 0.14517 -0.296949 0.943794 0.50984 -0.855626 0.0892615 0.483202 -0.81092 0.330037 0.483207 -0.810921 0.330027 0.433533 -0.727558 0.531704 0.433526 -0.727555 0.531713 0.362111 -0.607703 0.706805 0.362116 -0.607707 0.706799 0.272506 -0.457322 0.846521 0.272504 -0.457321 0.846522 0.169196 -0.283947 0.943794 0.169194 -0.283945 0.943795 0.57839 -0.810084 0.0960675 0.54852 -0.76825 0.330026 0.548525 -0.76825 0.330018 0.492131 -0.689267 0.531712 0.492132 -0.689267 0.531711 0.411065 -0.575726 0.706799 0.41106 -0.575724 0.706804 0.309339 -0.433255 0.846522 0.309339 -0.433255 0.846522 0.192065 -0.269003 0.943795 0.192067 -0.269004 0.943794 0.642665 -0.758797 0.105868 0.610088 -0.720334 0.330018 0.610086 -0.720334 0.330023 0.547365 -0.646278 0.531711 0.547368 -0.646279 0.531706 0.457197 -0.539814 0.706804 0.457198 -0.539815 0.706803 0.344059 -0.406231 0.846522 0.344061 -0.406232 0.846521 0.213624 -0.252225 0.943794 0.213621 -0.252223 0.943795 0.702114 -0.702114 0.118628 0.66749 -0.66749 0.330023 0.66749 -0.66749 0.330023 0.598869 -0.598869 0.531706 0.598869 -0.598869 0.531706 0.500215 -0.500215 0.706803 0.500215 -0.500215 0.706803 0.376433 -0.376433 0.846521 0.376432 -0.376432 0.846521 0.233721 -0.233721 0.943795 0.233721 -0.233721 0.943795 0.758797 -0.642665 0.105868 0.720332 -0.610087 0.330023 0.720335 -0.610087 0.330018 0.646281 -0.547367 0.531706 0.646277 -0.547366 0.531711 0.539815 -0.457198 0.706803 0.539814 -0.457198 0.706804 0.406233 -0.344061 0.846521 0.406231 -0.34406 0.846522 0.252222 -0.213622 0.943795 0.252226 -0.213623 0.943794 0.810084 -0.57839 0.0960675 0.768252 -0.548522 0.330018 0.768248 -0.548523 0.330026 0.689268 -0.492132 0.531711 0.689267 -0.492132 0.531712 0.575723 -0.411062 0.706804 0.575727 -0.411063 0.706799 0.433255 -0.309339 0.846522 0.433255 -0.309339 0.846522 0.269004 -0.192066 0.943794 0.269002 -0.192065 0.943795 0.855626 -0.50984 0.0892615 0.810924 -0.483203 0.330027 0.810918 -0.483205 0.330037 0.727553 -0.43353 0.531713 0.72756 -0.433529 0.531704 0.607708 -0.362114 0.706799 0.607702 -0.362113 0.706804 0.45732 -0.272505 0.846522 0.457322 -0.272505 0.846521 0.283944 -0.169194 0.943795 0.283947 -0.169195 0.943794 0.895102 -0.437591 0.0854794 0.848051 -0.414589 0.330037 0.84806 -0.414586 0.330019 0.760877 -0.371965 0.531704 0.760869 -0.371966 0.531713 0.63553 -0.310691 0.706805 0.635529 -0.310691 0.706805 0.478264 -0.233809 0.846521 0.478261 -0.233809 0.846522 0.296949 -0.14517 0.943794 0.296949 -0.14517 0.943794 0.92824 -0.362204 0.0847323 0.879397 -0.343145 0.330019 0.879399 -0.343144 0.330014 0.788987 -0.307864 0.531713 0.788986 -0.307865 0.531715 0.659015 -0.25715 0.706806 0.659018 -0.257149 0.706803 0.495936 -0.193515 0.846522 0.495937 -0.193515 0.846521 0.307923 -0.120151 0.943794 0.307926 -0.120151 0.943793 0.954793 -0.284253 0.0870055 0.904733 -0.269349 0.330013 0.904727 -0.269353 0.330027 0.811714 -0.241661 0.531715 0.811718 -0.24166 0.53171 0.678002 -0.201851 0.706803 0.678006 -0.20185 0.706799 0.510224 -0.1519 0.846521 0.510222 -0.1519 0.846522 0.316796 -0.0943141 0.943793 0.316791 -0.0943144 0.943794 0.97454 -0.204339 0.092286 0.923881 -0.193717 0.330027 0.923879 -0.193718 0.330032 0.828901 -0.173804 0.53171 0.828903 -0.173803 0.531707 0.692358 -0.145173 0.706799 0.692362 -0.145172 0.706796 0.521024 -0.109246 0.846522 0.521024 -0.109246 0.846522 0.323498 -0.0678296 0.943794 0.323499 -0.0678295 0.943794 0.987288 -0.123066 0.100586 0.93672 -0.116763 0.330032 0.936726 -0.116758 0.330017 0.840425 -0.104754 0.531707 0.84042 -0.104757 0.531714 0.701985 -0.0875011 0.706796 0.701984 -0.0875017 0.706797 0.528266 -0.0658479 0.846522 0.528261 -0.0658493 0.846525 0.327995 -0.0408855 0.943794 0.327997 -0.0408851 0.943794 0.112722 0.00492165 0.993614 0.111964 0.00463105 0.993701 0.991146 0.0458213 0.124623 -0.991146 0.0458212 0.124623 -0.111964 0.00463105 0.993702 -0.112722 0.00492165 0.993614 0.981431 0.136904 0.134352 0.11254 0.0148161 0.993537 0.110478 0.0137711 0.993783 0.963702 0.226664 0.141075 0.111412 0.0246995 0.993467 0.108342 0.0227167 0.993854 0.938168 0.314442 0.144803 0.109333 0.0344725 0.993407 0.105576 0.0314318 0.993914 0.905054 0.39962 0.145537 0.10632 0.0440394 0.993356 0.102195 0.039876 0.993965 0.864607 0.481582 0.143298 0.102391 0.0533015 0.993315 0.0982209 0.0480175 0.994006 0.817093 0.559725 0.138087 0.0975816 0.0621659 0.993284 0.0936745 0.0558176 0.994037 0.762819 0.633436 0.129873 0.0919326 0.0705426 0.993263 0.0885784 0.0632442 0.994059 0.0855018 0.0783481 0.993253 0.082961 0.0702638 0.994073 0.702114 0.702114 0.118628 0.0783481 0.0855018 0.993253 0.0768469 0.0768469 0.994077 0.633436 0.762819 0.129873 0.0705426 0.0919326 0.993263 0.0702638 0.082961 0.994073 0.559725 0.817093 0.138087 0.0621659 0.0975816 0.993284 0.0632442 0.0885784 0.994059 0.481582 0.864607 0.143298 0.0533015 0.102391 0.993315 0.0558176 0.0936745 0.994037 0.39962 0.905054 0.145537 0.0440394 0.10632 0.993356 0.0480175 0.0982209 0.994006 0.314442 0.938168 0.144803 0.0344725 0.109333 0.993407 0.039876 0.102195 0.993965 0.226664 0.963702 0.141075 0.0246995 0.111412 0.993467 0.0314318 0.105576 0.993914 0.136904 0.981431 0.134352 0.0148161 0.11254 0.993537 0.0227167 0.108342 0.993854 0.0458212 0.991146 0.124623 0.00492165 0.112722 0.993614 0.0137711 0.110478 0.993783 -0.0458212 0.991146 0.124623 -0.00492165 0.112722 0.993614 -0.00463105 0.111964 0.993702 -0.136904 0.981431 0.134352 -0.0148161 0.11254 0.993537 -0.0137711 0.110478 0.993783 -0.226664 0.963702 0.141075 -0.0246995 0.111412 0.993467 -0.0227167 0.108342 0.993854 -0.314442 0.938168 0.144803 -0.0344725 0.109333 0.993407 -0.0314318 0.105576 0.993914 -0.39962 0.905054 0.145537 -0.0440394 0.10632 0.993356 -0.039876 0.102195 0.993965 -0.481582 0.864607 0.143298 -0.0533015 0.102391 0.993315 -0.0480175 0.0982209 0.994006 -0.559725 0.817093 0.138087 -0.0621659 0.0975816 0.993284 -0.0558176 0.0936745 0.994037 -0.633436 0.762819 0.129873 -0.0705426 0.0919326 0.993263 -0.0632442 0.0885784 0.994059 -0.0783481 0.0855018 0.993253 -0.0702638 0.082961 0.994073 -0.702114 0.702114 0.118628 -0.0855018 0.0783481 0.993253 -0.0768469 0.0768469 0.994077 -0.762819 0.633436 0.129873 -0.0919326 0.0705426 0.993263 -0.082961 0.0702638 0.994073 -0.817093 0.559725 0.138087 -0.0975816 0.0621659 0.993284 -0.0885784 0.0632442 0.994059 -0.864607 0.481582 0.143298 -0.102391 0.0533015 0.993315 -0.0936745 0.0558176 0.994037 -0.905054 0.39962 0.145537 -0.10632 0.0440394 0.993356 -0.0982209 0.0480175 0.994006 -0.938168 0.314442 0.144803 -0.109333 0.0344725 0.993407 -0.102195 0.039876 0.993965 -0.963702 0.226664 0.141075 -0.111412 0.0246995 0.993467 -0.105576 0.0314318 0.993914 -0.981431 0.136904 0.134352 -0.11254 0.0148161 0.993537 -0.108342 0.0227167 0.993854 -0.110478 0.0137711 0.993783 0.00463105 0.111964 0.993702 -0.992874 0.041063 0.111868 -0.943169 0.0390073 0.330017 -0.943163 0.0390129 0.330031 -0.8462 0.0350021 0.531714 -0.846206 0.0349984 0.531705 -0.706812 0.0292332 0.706797 -0.706805 0.0292367 0.706805 -0.531895 0.0220016 0.846525 -0.531903 0.0219987 0.84652 -0.330253 0.0136588 0.943794 -0.33025 0.0136598 0.943795 0.992874 0.041063 0.111868 0.943164 0.0390071 0.330031 0.943169 0.0390131 0.330017 0.846206 0.0350023 0.531705 0.8462 0.0349982 0.531714 0.706805 0.0292329 0.706805 0.706812 0.029237 0.706797 0.531903 0.022002 0.84652 0.531895 0.0219984 0.846525 0.33025 0.0136586 0.943795 0.330253 0.0136599 0.943794 0.987288 0.123066 0.100586 0.936726 0.116764 0.330017 0.936721 0.116757 0.330032 0.84042 0.104754 0.531714 0.840424 0.104757 0.531708 0.701984 0.0875009 0.706797 0.701985 0.0875018 0.706796 0.528262 0.0658473 0.846525 0.528266 0.0658498 0.846522 0.327997 0.0408857 0.943794 0.327995 0.0408848 0.943794 0.97454 0.204339 0.092286 0.923879 0.193716 0.330032 0.923881 0.193719 0.330027 0.828903 0.173804 0.531707 0.828901 0.173803 0.53171 0.692362 0.145173 0.706796 0.692359 0.145171 0.706799 0.521024 0.109246 0.846522 0.521024 0.109246 0.846522 0.323499 0.0678297 0.943794 0.323498 0.0678294 0.943794 0.954793 0.284253 0.0870055 0.904729 0.269348 0.330027 0.904732 0.269354 0.330013 0.811717 0.241662 0.53171 0.811714 0.241659 0.531715 0.678005 0.201852 0.706799 0.678002 0.201849 0.706803 0.510223 0.151899 0.846522 0.510224 0.1519 0.846521 0.316792 0.0943129 0.943794 0.316795 0.0943156 0.943793 0.92824 0.362204 0.0847323 0.879399 0.343146 0.330014 0.879398 0.343143 0.330019 0.788986 0.307864 0.531715 0.788987 0.307865 0.531713 0.659017 0.257151 0.706803 0.659015 0.257148 0.706806 0.495937 0.193515 0.846521 0.495936 0.193514 0.846522 0.307926 0.120152 0.943793 0.307923 0.12015 0.943794 0.895102 0.437591 0.0854794 0.848057 0.414592 0.330019 0.848055 0.414583 0.330037 0.760871 0.371962 0.531713 0.760875 0.371969 0.531704 0.635529 0.310691 0.706805 0.63553 0.310692 0.706805 0.478262 0.233808 0.846522 0.478263 0.23381 0.846521 0.296949 0.14517 0.943794 0.296949 0.14517 0.943794 0.855626 0.50984 0.0892615 0.81092 0.483202 0.330037 0.810921 0.483207 0.330027 0.727558 0.433533 0.531704 0.727555 0.433526 0.531713 0.607703 0.362111 0.706805 0.607707 0.362116 0.706799 0.457322 0.272506 0.846521 0.457321 0.272504 0.846522 0.283947 0.169196 0.943794 0.283945 0.169194 0.943795 0.810084 0.57839 0.0960675 0.76825 0.54852 0.330026 0.76825 0.548525 0.330018 0.689267 0.492131 0.531712 0.689267 0.492132 0.531711 0.575726 0.411065 0.706799 0.575724 0.41106 0.706804 0.433255 0.309339 0.846522 0.433255 0.309339 0.846522 0.269003 0.192065 0.943795 0.269004 0.192067 0.943794 0.758797 0.642665 0.105868 0.720334 0.610088 0.330018 0.720334 0.610086 0.330023 0.646278 0.547365 0.531711 0.646279 0.547368 0.531706 0.539814 0.457197 0.706804 0.539815 0.457198 0.706803 0.406231 0.344059 0.846522 0.406232 0.344061 0.846521 0.252225 0.213624 0.943794 0.252223 0.213621 0.943795 0.702114 0.702114 0.118628 0.66749 0.66749 0.330023 0.66749 0.66749 0.330023 0.598869 0.598869 0.531706 0.598869 0.598869 0.531706 0.500215 0.500215 0.706803 0.500215 0.500215 0.706803 0.376433 0.376433 0.846521 0.376432 0.376432 0.846521 0.233721 0.233721 0.943795 0.233721 0.233721 0.943795 0.642665 0.758797 0.105868 0.610087 0.720332 0.330023 0.610087 0.720335 0.330018 0.547367 0.646281 0.531706 0.547366 0.646277 0.531711 0.457198 0.539815 0.706803 0.457198 0.539814 0.706804 0.344061 0.406233 0.846521 0.34406 0.406231 0.846522 0.213622 0.252222 0.943795 0.213623 0.252226 0.943794 0.57839 0.810084 0.0960675 0.548522 0.768252 0.330018 0.548523 0.768248 0.330026 0.492132 0.689268 0.531711 0.492132 0.689267 0.531712 0.411062 0.575723 0.706804 0.411063 0.575727 0.706799 0.309339 0.433255 0.846522 0.309339 0.433255 0.846522 0.192066 0.269004 0.943794 0.192065 0.269002 0.943795 0.50984 0.855626 0.0892615 0.483203 0.810924 0.330027 0.483205 0.810918 0.330037 0.43353 0.727553 0.531713 0.433529 0.72756 0.531704 0.362114 0.607708 0.706799 0.362113 0.607702 0.706804 0.272505 0.45732 0.846522 0.272505 0.457322 0.846521 0.169194 0.283944 0.943795 0.169195 0.283947 0.943794 0.437591 0.895102 0.0854794 0.414589 0.848051 0.330037 0.414586 0.84806 0.330019 0.371965 0.760877 0.531704 0.371966 0.760869 0.531713 0.310691 0.63553 0.706805 0.310691 0.635529 0.706805 0.233809 0.478264 0.846521 0.233809 0.478261 0.846522 0.14517 0.296949 0.943794 0.14517 0.296949 0.943794 0.362204 0.92824 0.0847323 0.343145 0.879397 0.330019 0.343144 0.879399 0.330014 0.307864 0.788987 0.531713 0.307865 0.788986 0.531715 0.25715 0.659015 0.706806 0.257149 0.659018 0.706803 0.193515 0.495936 0.846522 0.193515 0.495937 0.846521 0.120151 0.307923 0.943794 0.120151 0.307926 0.943793 0.284253 0.954793 0.0870055 0.269349 0.904733 0.330013 0.269353 0.904727 0.330027 0.241661 0.811714 0.531715 0.24166 0.811718 0.53171 0.201851 0.678002 0.706803 0.20185 0.678006 0.706799 0.1519 0.510224 0.846521 0.1519 0.510222 0.846522 0.0943141 0.316796 0.943793 0.0943144 0.316791 0.943794 0.204339 0.97454 0.092286 0.193717 0.923881 0.330027 0.193718 0.923879 0.330032 0.173804 0.828901 0.53171 0.173803 0.828903 0.531707 0.145173 0.692358 0.706799 0.145172 0.692362 0.706796 0.109246 0.521024 0.846522 0.109246 0.521024 0.846522 0.0678296 0.323498 0.943794 0.0678295 0.323499 0.943794 0.123066 0.987288 0.100586 0.116763 0.93672 0.330032 0.116758 0.936726 0.330017 0.104754 0.840425 0.531707 0.104757 0.84042 0.531714 0.0875011 0.701985 0.706796 0.0875017 0.701984 0.706797 0.0658479 0.528266 0.846522 0.0658493 0.528261 0.846525 0.0408855 0.327995 0.943794 0.0408851 0.327997 0.943794 0.041063 0.992874 0.111868 0.0390073 0.943169 0.330017 0.0390129 0.943163 0.330031 0.0350021 0.8462 0.531714 0.0349984 0.846206 0.531705 0.0292332 0.706812 0.706797 0.0292367 0.706805 0.706805 0.0220016 0.531895 0.846525 0.0219987 0.531903 0.84652 0.0136588 0.330253 0.943794 0.0136598 0.33025 0.943795 -0.041063 0.992874 0.111868 -0.0390071 0.943164 0.330031 -0.0390131 0.943169 0.330017 -0.0350023 0.846206 0.531705 -0.0349982 0.8462 0.531714 -0.0292329 0.706805 0.706805 -0.029237 0.706812 0.706797 -0.022002 0.531903 0.84652 -0.0219984 0.531895 0.846525 -0.0136586 0.33025 0.943795 -0.0136599 0.330253 0.943794 -0.123066 0.987288 0.100586 -0.116764 0.936726 0.330017 -0.116757 0.936721 0.330032 -0.104754 0.84042 0.531714 -0.104757 0.840424 0.531708 -0.0875009 0.701984 0.706797 -0.0875018 0.701985 0.706796 -0.0658473 0.528262 0.846525 -0.0658498 0.528266 0.846522 -0.0408857 0.327997 0.943794 -0.0408848 0.327995 0.943794 -0.204339 0.97454 0.092286 -0.193716 0.923879 0.330032 -0.193719 0.923881 0.330027 -0.173804 0.828903 0.531707 -0.173803 0.828901 0.53171 -0.145173 0.692362 0.706796 -0.145171 0.692359 0.706799 -0.109246 0.521024 0.846522 -0.109246 0.521024 0.846522 -0.0678297 0.323499 0.943794 -0.0678294 0.323498 0.943794 -0.284253 0.954793 0.0870055 -0.269348 0.904729 0.330027 -0.269354 0.904732 0.330013 -0.241662 0.811717 0.53171 -0.241659 0.811714 0.531715 -0.201852 0.678005 0.706799 -0.201849 0.678002 0.706803 -0.151899 0.510223 0.846522 -0.1519 0.510224 0.846521 -0.0943129 0.316792 0.943794 -0.0943156 0.316795 0.943793 -0.362204 0.92824 0.0847323 -0.343146 0.879399 0.330014 -0.343143 0.879398 0.330019 -0.307864 0.788986 0.531715 -0.307865 0.788987 0.531713 -0.257151 0.659017 0.706803 -0.257148 0.659015 0.706806 -0.193515 0.495937 0.846521 -0.193514 0.495936 0.846522 -0.120152 0.307926 0.943793 -0.12015 0.307923 0.943794 -0.437591 0.895102 0.0854794 -0.414592 0.848057 0.330019 -0.414583 0.848055 0.330037 -0.371962 0.760871 0.531713 -0.371969 0.760875 0.531704 -0.310691 0.635529 0.706805 -0.310692 0.63553 0.706805 -0.233808 0.478262 0.846522 -0.23381 0.478263 0.846521 -0.14517 0.296949 0.943794 -0.14517 0.296949 0.943794 -0.50984 0.855626 0.0892615 -0.483202 0.81092 0.330037 -0.483207 0.810921 0.330027 -0.433533 0.727558 0.531704 -0.433526 0.727555 0.531713 -0.362111 0.607703 0.706805 -0.362116 0.607707 0.706799 -0.272506 0.457322 0.846521 -0.272504 0.457321 0.846522 -0.169196 0.283947 0.943794 -0.169194 0.283945 0.943795 -0.57839 0.810084 0.0960675 -0.54852 0.76825 0.330026 -0.548525 0.76825 0.330018 -0.492131 0.689267 0.531712 -0.492132 0.689267 0.531711 -0.411065 0.575726 0.706799 -0.41106 0.575724 0.706804 -0.309339 0.433255 0.846522 -0.309339 0.433255 0.846522 -0.192065 0.269003 0.943795 -0.192067 0.269004 0.943794 -0.642665 0.758797 0.105868 -0.610088 0.720334 0.330018 -0.610086 0.720334 0.330023 -0.547365 0.646278 0.531711 -0.547368 0.646279 0.531706 -0.457197 0.539814 0.706804 -0.457198 0.539815 0.706803 -0.344059 0.406231 0.846522 -0.344061 0.406232 0.846521 -0.213624 0.252225 0.943794 -0.213621 0.252223 0.943795 -0.702114 0.702114 0.118628 -0.66749 0.66749 0.330023 -0.66749 0.66749 0.330023 -0.598869 0.598869 0.531706 -0.598869 0.598869 0.531706 -0.500215 0.500215 0.706803 -0.500215 0.500215 0.706803 -0.376433 0.376433 0.846521 -0.376432 0.376432 0.846521 -0.233721 0.233721 0.943795 -0.233721 0.233721 0.943795 -0.758797 0.642665 0.105868 -0.720332 0.610087 0.330023 -0.720335 0.610087 0.330018 -0.646281 0.547367 0.531706 -0.646277 0.547366 0.531711 -0.539815 0.457198 0.706803 -0.539814 0.457198 0.706804 -0.406233 0.344061 0.846521 -0.406231 0.34406 0.846522 -0.252222 0.213622 0.943795 -0.252226 0.213623 0.943794 -0.810084 0.57839 0.0960675 -0.768252 0.548522 0.330018 -0.768248 0.548523 0.330026 -0.689268 0.492132 0.531711 -0.689267 0.492132 0.531712 -0.575723 0.411062 0.706804 -0.575727 0.411063 0.706799 -0.433255 0.309339 0.846522 -0.433255 0.309339 0.846522 -0.269004 0.192066 0.943794 -0.269002 0.192065 0.943795 -0.855626 0.50984 0.0892615 -0.810924 0.483203 0.330027 -0.810918 0.483205 0.330037 -0.727553 0.43353 0.531713 -0.72756 0.433529 0.531704 -0.607708 0.362114 0.706799 -0.607702 0.362113 0.706804 -0.45732 0.272505 0.846522 -0.457322 0.272505 0.846521 -0.283944 0.169194 0.943795 -0.283947 0.169195 0.943794 -0.895102 0.437591 0.0854794 -0.848051 0.414589 0.330037 -0.84806 0.414586 0.330019 -0.760877 0.371965 0.531704 -0.760869 0.371966 0.531713 -0.63553 0.310691 0.706805 -0.635529 0.310691 0.706805 -0.478264 0.233809 0.846521 -0.478261 0.233809 0.846522 -0.296949 0.14517 0.943794 -0.296949 0.14517 0.943794 -0.92824 0.362204 0.0847323 -0.879397 0.343145 0.330019 -0.879399 0.343144 0.330014 -0.788987 0.307864 0.531713 -0.788986 0.307865 0.531715 -0.659015 0.25715 0.706806 -0.659018 0.257149 0.706803 -0.495936 0.193515 0.846522 -0.495937 0.193515 0.846521 -0.307923 0.120151 0.943794 -0.307926 0.120151 0.943793 -0.954793 0.284253 0.0870055 -0.904733 0.269349 0.330013 -0.904727 0.269353 0.330027 -0.811714 0.241661 0.531715 -0.811718 0.24166 0.53171 -0.678002 0.201851 0.706803 -0.678006 0.20185 0.706799 -0.510224 0.1519 0.846521 -0.510222 0.1519 0.846522 -0.316796 0.0943141 0.943793 -0.316791 0.0943144 0.943794 -0.97454 0.204339 0.092286 -0.923881 0.193717 0.330027 -0.923879 0.193718 0.330032 -0.828901 0.173804 0.53171 -0.828903 0.173803 0.531707 -0.692358 0.145173 0.706799 -0.692362 0.145172 0.706796 -0.521024 0.109246 0.846522 -0.521024 0.109246 0.846522 -0.323498 0.0678296 0.943794 -0.323499 0.0678295 0.943794 -0.987288 0.123066 0.100586 -0.93672 0.116763 0.330032 -0.936726 0.116758 0.330017 -0.840425 0.104754 0.531707 -0.84042 0.104757 0.531714 -0.701985 0.0875011 0.706796 -0.701984 0.0875017 0.706797 -0.528266 0.0658479 0.846522 -0.528261 0.0658493 0.846525 -0.327995 0.0408855 0.943794 -0.327997 0.0408851 0.943794 -0.979141 -0.201979 -0.0220881 -0.959843 -0.280272 0.01218 -0.748671 -0.662941 -0.000656098 -0.963158 0.267444 0.0283034 -0.915118 0.379987 -0.134791 -0.938846 0.344337 0 -0.994179 -0.105689 0.0209238 -0.997738 0.0392449 -0.0545858 -0.997543 -0.0503902 0.0486711 -0.987969 0.151603 -0.0305725 -0.98582 0.161788 -0.0445466 -0.920986 -0.389451 -0.0106229 -0.858757 -0.511498 0.0300879 -0.893041 -0.449951 0.00467806 -0.81996 -0.572408 -0.00375395 -0.795523 -0.605894 0.0059946 -0.498591 -0.866837 -0.00100761 -0.530385 -0.847747 0.00406816 -0.601229 -0.799074 -0.00197216 -0.672238 -0.740321 0.00459057 -0.684487 -0.729023 0.00165299 -0.1813 -0.983427 0.00103516 -0.296367 -0.955045 -0.00750045 -0.23112 -0.972921 0.00289529 -0.402141 -0.915576 -0.00196066 -0.378855 -0.925455 0.00127016 -0.0595426 -0.998225 -0.00156352 -0.0738437 -0.99727 0 -0.036207 -0.921385 0.386961 0.011755 -0.947055 0.320855 -0.0179346 -0.971522 0.236271 0.00846798 -0.980074 0.198453 -0.00853791 -0.996803 0.0794435 0 -0.998181 0.0602928 0.137389 -0.0040136 0.990509 0.0366386 0 0.999329 0.10453 -0.0100138 0.994471 -0.0093424 -0.0409692 0.999117 0.250071 0.00350756 0.968221 0.308916 -0.0241507 0.950783 0.361673 0.00227851 0.932302 0.485479 -0.00363701 0.874241 0.499904 -0.0205172 0.865838 0.596822 0.00764371 0.802337 0.67014 -0.0271461 0.741738 0.668907 -0.0259155 0.742895 0.732516 0.00744043 0.680709 0.809017 0 0.587785 0.826302 -0.0223555 0.562784 0 0 -1 0 0 -1 0 0 -1 0 0 -1 0 0 -1 0 0 -1 0 0 -1 0 0 -1 0 0 -1 0 0 -1 0 0 -1 0 0 -1 0 0 -1 0 0 -1 0 0 -1 0 0 -1 0 0 -1 0 0 -1 0 0 -1 0 0 -1 0 0 -1 0 0 -1 0 0 -1 0 0 -1 0 0 -1 0 0 -1 0 0 -1 0 0 -1 0 0 -1 0 0 -1 0 0 -1 0 0 -1 0 0 -1 0 0 -1 0 0 -1 0 0 -1 0 0 -1 0 0 -1 0 0 -1 0 0 -1 0 0 -1 0 0 -1 0 0 -1 0 0 -1 0 0 -1 0 0 -1 0 0 -1 0 0 -1 0 0 -1 0 0 -1 0 0 -1 0 0 -1 0 0 -1 0 0 -1 0 0 -1 -1.7461e-06 -4.24892e-09 -1 1.59401e-06 -4.50206e-08 -1 0 0 -1 0 0 -1 0 0 -1 0 0 -1 0 0 -1 0 0 -1 0 0 -1 0 0 -1 0 0 -1 0 0 -1 0 0 -1 0 0 -1 0 0 -1 0 0 -1 0 0 -1 0 0 -1 0 0 -1 0 0 -1 0 0 -1 0 0 -1 0 0 -1 0 0 -1 0 0 -1 0 0 -1 0 0 -1 0 0 -1 0 0 -1 0 0 -1 0 0 -1 0 0 -1 0 0 -1 0 0 -1 0 0 -1 0 0 -1 0 0 -1 0 0 -1 0 0 -1 0 0 -1 0 0 -1 0 0 -1 0 0 -1 0 0 -1 0 0 -1 0 0 -1 0 0 -1 0 0 -1 0 0 -1 0 0 -1 0 0 -1 0 0 -1 0 0 -1 0 0 -1 0 0 -1 0 0 -1 0 0 -1 0 0 -1 0 0 -1 0 0 -1 0 0 -1 0 0 -1 0 0 -1 0 0 -1 0 0 -1 0 0 -1 0 0 -1 0 0 -1 0 0 -1 0 0 -1 0 0 -1 0 0 -1 0 0 -1 0 0 -1 0 0 -1 0 0 -1 0 0 -1 0 0 -1 0 0 -1 0 0 -1 0 0 -1 0 0 -1 0 0 -1 0 0 -1 0 0 -1 0 0 -1 0 0 -1 0 0 -1 0 0 -1 0 0 -1 0 0 -1 0 0 -1 0 0 -1 0 0 -1 0 0 -1 0 0 -1 0 0 -1 0 0 -1 0 0 -1 0 0 -1 0 0 -1 0 0 -1 0 0 -1 0 0 -1 0 0 -1 0 0 -1 0 0 -1 0 0 -1 0 0 -1 0 0 -1 0 0 -1 0 0 -1 0 0 -1 0 0 -1 0 0 -1 0 0 -1 0 0 -1 0 0 -1 0 0 -1 0 0 -1 0 0 -1 0 0 -1 0 0 -1 0 0 -1 0 0 -1 0 0 -1 0 0 -1 0 0 -1 0 0 -1 0 0 -1 0 0 -1 0 0 -1 0 0 -1 0 0 -1 0 0 -1 0 0 -1 0 0 -1 0 0 -1 0 0 -1 0 0 -1 0 0 -1 0 0 -1 0 0 -1 0 0 -1 0 0 -1 0 0 -1 0 0 -1 0 0 -1 0 0 -1 0 0 -1 0 0 -1 0 0 -1 0 0 -1 0 0 -1 0 0 -1 0 0 -1 0 0 -1 0 0 -1 0 0 -1 0 0 -1 0 0 -1 -0.155077 -0.985776 0.0647836 -0.132223 -0.990133 0.0464084 -0.0882955 -0.995606 0.0311795 -0.0833748 -0.996062 0.0301473 -0.0362089 -0.999275 0.0117969 -0.0286233 -0.999539 0.0101127 0 0 1 0 0 1 0 0 1 0 0 1 0 0 1 0 0 1 0 0 1 0 0 1 0 0 1 0 0 1 0 0 1 0 0 1 0 0 1 0 0 1 0 0 1 0 0 1 0 0 1 0 0 1 0 0 1 0 0 1 0 0 1 0 0 1 0 0 1 0 0 1 0.639239 -0.63923 0.427503 0.669831 -0.60355 0.432497 0.678155 -0.583454 0.446864 0.496054 -0.791387 0.357262 0.473524 -0.815411 0.332985 0.473448 -0.810704 0.344392 0.57188 -0.718899 0.395143 0.538527 -0.757514 0.369001 0.544718 -0.748916 0.377368 0.608277 -0.681722 0.406516 0.610677 -0.679676 0.406343 0.775243 -0.404602 0.485073 0.762144 -0.456555 0.459014 0.763981 -0.433515 0.47791 0.722988 -0.512455 0.463334 0.720927 -0.521195 0.45675 0.812708 -0.300469 0.499223 0.802649 -0.355804 0.478705 0.802343 -0.341945 0.489202 0.840569 -0.192818 0.506227 0.833542 -0.248592 0.493365 0.833408 -0.247078 0.494352 0.858757 -0.0826796 0.505668 0.854127 -0.138349 0.501325 0.855668 -0.149665 0.495412 0.864648 -0.0275867 0.50162 0.868592 -0.0506494 0.492932 0.773115 -0.263549 0.576918 0.371445 0.0128099 0.928367 0.457565 -0.00197185 0.889174 0.496534 0.00266526 0.868013 0.542704 -0.00623009 0.839901 0.575003 0.00205112 0.818149 0.642074 -0.00227143 0.766639 0.618401 0.00270424 0.785858 0.690004 -0.00337837 0.723798 0.693276 -0.0041836 0.72066 0.744052 0.00176963 0.66812 0.799879 -0.00440318 0.600145 0.785012 0.000424218 0.61948 0.845411 -0.000283628 0.534117 0.844234 0 0.535974 0.536145 -0.00168627 0.844124 0.104535 0 0.994521 0.0823861 0.0160755 0.996471 0.00124904 0.0381126 0.999273 0.167969 0.0981875 0.98089 0.309002 -0.00528827 0.951047 0.144234 0.00271723 0.98954 0.416929 0.0985459 0.903581 0.499993 -0.00806592 0.865992 0.339807 0.00471798 0.940483 0.669129 0.00266588 0.743141 0.624718 0.0706273 0.77765 0.690032 0.00701178 0.723745 0.847829 0 0.53027 0.808867 0.0192212 0.587677 0.779441 -0.00715678 0.626435 -0.0725742 0.21266 0.974427 -0.0820854 0.232299 0.969175 -0.00741011 0.0890799 0.995997 -0.0234477 0.0519093 0.998377 -0.0483999 0.115053 0.99218 0.404746 0.233129 0.884213 0.440133 0.15677 0.884142 0.724426 0.39977 0.561596 0.715131 0.408795 0.566987 0.607872 0.475206 0.636137 0.58717 0.58281 0.561751 0.510411 0.766684 0.389457 0.462445 0.819135 0.339355 0.480026 0.797152 0.366229 0.479233 0.809285 0.339696 0.451972 0.825377 0.338341 0.114921 0.00236234 0.993372 0.179607 0.176729 0.967734 0.439957 0.22985 0.868105 0.583973 0.556128 0.591352 0.305574 0.203352 0.9302 0.26719 0.146534 0.952438 0.257478 0.183999 0.948604 0.177315 0.174968 0.968476 -0.0346081 0.129266 0.991006 -0.0727083 0.182931 0.980434 -0.0675504 0.18011 0.981324 -0.0619333 0.209497 0.975846 -0.0547801 0.196246 0.979023 -0.0291076 0.186123 0.982095 0.0142709 0.193186 0.981058 -0.00813774 0.186149 0.982488 -0.045423 0.169219 0.984531 0.728006 0.36202 0.582193 0.770664 0.31466 0.554135 0.707168 0.350056 0.614309 0.778235 0.266603 0.56857 0.724932 0.29666 0.621665 0.783565 0.218125 0.581762 0.740565 0.242557 0.626681 0.786646 0.169452 0.593696 0.754004 0.188071 0.629371 0.787512 0.120735 0.604357 0.765254 0.133439 0.629746 0.786175 0.0721799 0.613775 0.774284 0.078952 0.627895 0.782664 0.0239812 0.621983 0.781931 0.0243972 0.622887 0.522016 0.188118 0.831932 0.502679 0.194182 0.842382 0.464876 0.189746 0.864804 0.450025 0.194925 0.871482 0.405889 0.191704 0.893591 0.39516 0.195799 0.897503 0.327608 0.193267 0.924836 0.553175 0.193445 0.810294 0.576809 0.186932 0.795203 0.601183 0.19271 0.775527 0.629145 0.186173 0.754663 0.646849 0.191839 0.738095 0.678499 0.185915 0.710686 0.690069 0.190851 0.698127 0.724736 0.186197 0.663391 0.730864 0.189671 0.655639 0.581086 0.241519 0.777179 0.555721 0.248509 0.793359 0.529963 0.242889 0.812493 0.475986 0.25934 0.840345 0.500538 0.273388 0.821414 0.601081 0.247368 0.759941 0.629942 0.240621 0.738427 0.644332 0.246182 0.724037 0.676003 0.240255 0.696633 0.685274 0.244964 0.685851 0.7192 0.240409 0.651886 0.724049 0.243657 0.645279 0.51042 0.303303 0.804661 0.539015 0.298265 0.787719 0.556864 0.303058 0.773343 0.583158 0.295812 0.756586 0.599357 0.301531 0.741519 0.62843 0.294734 0.719866 0.639996 0.300056 0.70737 0.671153 0.294225 0.68043 0.678521 0.298648 0.671133 0.711234 0.294256 0.638404 0.715071 0.297286 0.632688 0.590345 0.448783 0.670885 0.592789 0.408287 0.694192 0.614055 0.410284 0.674243 0.53944 0.36122 0.760608 0.561889 0.354215 0.747538 0.704504 0.451049 0.547931 0.674893 0.453257 0.582303 0.673237 0.451065 0.585912 0.646038 0.454712 0.613084 0.642668 0.451419 0.619031 0.61577 0.456448 0.642248 0.61024 0.452345 0.650378 0.564981 0.462517 0.683281 0.603672 0.477647 0.638305 0.700543 0.454587 0.550083 0.681864 0.501638 0.532373 0.684785 0.499265 0.530852 0.655767 0.551287 0.515803 0.667414 0.542617 0.510025 0.627317 0.598946 0.497731 0.648441 0.584465 0.487776 0.596732 0.644403 0.47818 0.627882 0.62468 0.464261 0.564266 0.687428 0.457217 0.605828 0.663092 0.439638 0.539724 0.720298 0.435739 0.573047 0.699688 0.426677 0.526677 0.74392 0.411333 0.54123 0.734268 0.409781 0.606704 0.518854 0.602246 0.597808 0.507652 0.620415 0.628432 0.502027 0.594173 0.631008 0.504891 0.588994 0.655735 0.501576 0.564298 0.656959 0.503463 0.561186 0.573799 0.622558 0.532143 0.567299 0.603829 0.559967 0.593076 0.599115 0.537888 0.594303 0.601123 0.53428 0.613655 0.598532 0.514963 0.614177 0.599846 0.512808 0.544922 0.653796 0.524987 0.523254 0.67081 0.525566 0.558028 0.647105 0.519481 0.536563 0.689518 0.486483 0.536246 0.689759 0.486491 0.519515 0.722092 0.456823 0.519445 0.721692 0.457534 0.504721 0.74552 0.435266 0.474317 0.790249 0.387982 0.480988 0.789013 0.382242 0.480868 0.789405 0.381584 0.485953 0.788726 0.376512 0.485846 0.788969 0.37614 0.491478 0.788557 0.369632 0.510284 0.766774 0.389446 0.497165 0.748274 0.439219 0.486844 0.77129 0.409993 0.489933 0.774937 0.399297 0.404578 0.792717 0.455978 0.454818 0.820021 0.347429 0.454774 0.819749 0.348126 0.456718 0.819488 0.346191 0.456713 0.819578 0.345984 0.169027 0.0339316 0.985027 0.169409 0.047674 0.984392 0.227324 0.0416241 0.972929 0.227998 0.0408792 0.972803 0.27936 0.0396539 0.959367 0.288167 0.0342868 0.956966 0.319599 0.0325405 0.946994 0.346526 0.0256653 0.937689 0.412573 0.0277534 0.910502 0.41798 0.0259632 0.908085 0.479167 0.027127 0.877305 0.485584 0.0251198 0.873829 0.537092 0.0277043 0.843069 0.550548 0.024189 0.834453 0.601998 0.0295721 0.79795 0.613726 0.0249652 0.789124 0.656024 0.0276253 0.754234 0.671927 0.0235735 0.740242 0.6967 0.0281915 0.716808 0.727167 0.0241096 0.686037 0.739748 0.0282555 0.672291 0.101764 0.0207156 0.994593 0.0926365 0.0460223 0.994636 0.170332 0.0333056 0.984824 -0.0252652 0.0526211 0.998295 -0.00430681 0.0369059 0.999309 0.0913804 0.0192397 0.99563 -0.012124 0.108397 0.994034 0.0219487 0.0905283 0.995652 0.107345 0.0813033 0.990892 0.092804 0.0885677 0.991737 0.174908 0.0812119 0.98123 0.163282 0.0866897 0.982763 0.241273 0.0812751 0.967048 0.233133 0.0848746 0.968734 0.306171 0.0814492 0.948486 0.301974 0.0831798 0.94968 0.369152 0.0817555 0.925766 0.369625 0.0815753 0.925593 0.430059 0.0821013 0.89906 0.435631 0.0801601 0.896549 0.488472 0.082493 0.868672 0.499791 0.078946 0.862541 0.544185 0.082806 0.834869 0.561521 0.0780327 0.823775 0.597054 0.0829914 0.797897 0.620672 0.0774736 0.780233 0.647035 0.0828881 0.757942 0.676482 0.0773799 0.732382 0.693992 0.0824459 0.715247 0.728698 0.0777909 0.680403 0.738172 0.0815683 0.669663 0.496089 0.13834 0.85718 0.511958 0.133365 0.848594 0.54927 0.138113 0.824152 0.57027 0.132328 0.810729 0.599769 0.137818 0.788215 0.626012 0.131685 0.768615 0.647756 0.137336 0.749367 0.678673 0.131551 0.722563 0.692935 0.136602 0.707941 0.727906 0.131909 0.67287 0.735539 0.135553 0.663783 0.451205 0.134778 0.882184 0.440488 0.138514 0.887009 0.388614 0.136456 0.91124 0.382554 0.138768 0.913453 0.324271 0.138406 0.935784 0.322606 0.139093 0.936258 0.258653 0.140534 0.955693 0.260801 0.139583 0.955248 0.191867 0.142869 0.970966 0.197473 0.140226 0.970227 0.124367 0.14535 0.981533 0.132912 0.141078 0.981036 0.056246 0.148017 0.987384 0.0674473 0.142102 0.987552 -0.0120648 0.150808 0.988489 0.0280423 0.179918 0.983282 0.131478 0.211613 0.96847 -0.0759566 0.118964 0.989989 0.21946 0.220893 0.950286 0.108996 0.175579 0.978413 0.669743 0.351695 0.65403 0.700913 0.347511 0.622862 0.703856 0.350254 0.617987 0.663947 0.347602 0.662078 0.633812 0.353241 0.688116 0.624623 0.348256 0.698973 0.595989 0.354948 0.720284 0.582983 0.349496 0.733473 0.590881 0.407353 0.696365 0.618551 0.400887 0.675785 0.625738 0.405454 0.666377 0.654435 0.400087 0.641596 0.658906 0.403796 0.634659 0.688229 0.399863 0.605351 0.690467 0.402336 0.60115 0.583277 0.556822 0.591386 0.611821 0.551594 0.566939 0.613636 0.55402 0.562595 0.635766 0.551055 0.5405 0.636594 0.55265 0.537891 0.589825 0.644855 0.486074 0.589529 0.643805 0.487822 0.573091 0.646005 0.504226 0.572323 0.644413 0.507127 0.563691 0.687464 0.457872 0.563558 0.686675 0.459218 0.550144 0.688469 0.472601 0.549704 0.687245 0.474889 0.541143 0.720211 0.434121 0.54129 0.719583 0.434979 0.530098 0.721078 0.446143 0.530195 0.720094 0.447613 0.504216 0.746015 0.435004 0.514378 0.744126 0.426254 0.51425 0.744893 0.425067 0.523424 0.743668 0.415916 0.52328 0.74415 0.415234 0.49054 0.768488 0.410849 0.497968 0.767104 0.40445 0.497837 0.767666 0.403544 0.504971 0.766713 0.396429 0.504836 0.767082 0.395887 -0.0256032 0.0326585 0.999139 -0.0623376 0.0617785 0.996141 -0.0892018 0.115017 0.98935 -0.10223 0.130505 0.986163 -0.0423444 0.0853167 0.995454 -0.146766 -2.93437e-05 0.989171 -0.119704 0.000115132 0.99281 -0.13831 1.3708e-07 0.990389 -0.0940504 -1.90546e-07 0.995568 -0.110615 -0.000107061 0.993863 -0.0490262 0.000182081 0.998797 -0.0766257 -0.000122103 0.99706 -0.0132834 7.6294e-05 0.999912 -0.0243684 0 0.999703 -0.613161 2.95845e-06 0.789958 -0.563648 -2.80019e-06 0.826015 -0.563286 2.7721e-06 0.826262 -0.508247 -3.69876e-06 0.861211 -0.505092 4.92167e-05 0.863065 -0.439956 -5.0476e-05 0.898019 -0.436512 4.68682e-07 0.899699 -0.376225 -1.54941e-07 0.926528 -0.382372 -6.12744e-05 0.924009 -0.331899 5.63059e-05 0.943315 -0.341219 -2.30108e-05 0.939984 -0.297198 1.87448e-05 0.954816 -0.300693 -3.9664e-06 0.953721 -0.266744 2.85702e-06 0.963767 -0.269591 -9.9674e-06 0.962975 -0.23896 1.13043e-05 0.971029 -0.245918 -2.37492e-05 0.969291 -0.202261 3.99774e-05 0.979332 -0.217217 -8.25376e-05 0.976123 -0.175067 4.50114e-05 0.984557 -0.18004 2.35077e-05 0.983659 -0.613427 -2.30697e-06 0.789752 -0.666536 2.76739e-06 0.745473 -0.666702 -1.6103e-06 0.745325 -0.722964 1.82961e-06 0.690886 -0.723091 -2.73709e-06 0.690753 -0.780836 2.65056e-06 0.624736 -0.780952 -3.12473e-06 0.624591 -0.838722 3.94729e-06 0.544559 -0.838855 -5.82394e-06 0.544355 -0.887116 5.70846e-06 0.461546 -0.879839 0.000587096 0.475271 -0.912575 -0.000395788 0.40891 -0.906706 -5.51559e-06 0.421764 -0.928301 3.53298e-06 0.371829 -0.930019 -0.000105367 0.36751 -0.950626 0.000162637 0.310339 -0.951989 -7.95673e-06 0.306131 -0.970937 7.73495e-06 0.239334 -0.971536 -8.60639e-05 0.236894 -0.985698 9.94187e-05 0.168524 -0.986105 -1.14601e-05 0.166125 -0.995124 1.00646e-05 0.0986337 -0.99516 -4.95849e-06 0.098268 -0.99943 6.52128e-06 0.0337561 -0.999435 0 0.0336163 -0.105114 -0.117416 0.987504 -0.0925144 -0.119818 0.988476 -0.0573849 -0.117679 0.991392 -0.0805889 -0.0602665 0.994924 -0.0423956 -0.0546744 0.997604 -0.0822437 -0.233574 0.968855 -0.0735185 -0.216253 0.973565 0.570718 -0.600321 0.560264 0.573425 -0.61627 0.53981 0.461032 -0.808595 0.365545 0.810264 -0.0421783 0.584546 0.840983 -0.0273544 0.540369 0.153615 -0.00740271 0.988103 0.499224 -0.788975 0.358183 0.527501 -0.745972 0.406533 0.521703 -0.766914 0.373723 0.557273 -0.700395 0.445974 0.716207 -0.502913 0.483866 0.697312 -0.517256 0.496187 0.766219 -0.401818 0.501449 0.737096 -0.429022 0.52214 0.80482 -0.296844 0.513953 0.538839 -0.298674 0.787684 0.497333 -0.270779 0.82422 0.831519 -0.189343 0.522232 0.297036 -0.192548 0.935251 0.394234 -0.228962 0.890031 -0.0462543 -0.112232 0.992605 -0.0216227 -0.048683 0.99858 0.370147 0.0883242 0.924765 0.503448 -0.74536 0.437011 0.50705 -0.302364 0.807141 0.617612 -0.410515 0.670845 0.594236 -0.408358 0.692912 0.591831 -0.457255 0.663817 0.613222 -0.463159 0.639876 0.456838 -0.819591 0.34579 0.455668 -0.81955 0.347426 0.456156 -0.819287 0.347405 0.443524 -0.823445 0.35387 0.46632 -0.806598 0.363244 0.470669 -0.805119 0.360907 0.476543 -0.784948 0.395933 0.493277 -0.783992 0.376875 0.488804 -0.766792 0.416054 0.49909 -0.746429 0.440174 0.483199 -0.749772 0.452062 0.542075 -0.74383 0.390988 0.547387 -0.718924 0.428388 0.554778 -0.735367 0.389174 0.592848 -0.687053 0.420105 0.594448 -0.677004 0.433932 0.529712 -0.71135 0.461938 0.535911 -0.678643 0.502238 0.546056 -0.688274 0.477599 0.555263 -0.645056 0.524963 0.556791 -0.647586 0.520207 0.571883 -0.603361 0.555792 0.600399 -0.598373 0.530538 0.597529 -0.600999 0.53081 0.621578 -0.598215 0.505747 0.620072 -0.599494 0.50608 0.641392 -0.598546 0.479958 0.641323 -0.5986 0.479982 0.653762 -0.599194 0.462127 0.651568 -0.600563 0.463448 0.589074 -0.48769 0.644322 0.607934 -0.518678 0.601157 0.587455 -0.556491 0.587549 0.593686 -0.570615 0.567394 0.638943 -0.345646 0.687227 0.586411 -0.357632 0.726789 0.596232 -0.345635 0.724599 0.5381 -0.361553 0.761398 0.561942 -0.354071 0.747566 0.630835 -0.354583 0.690158 0.678941 -0.346122 0.647487 0.673136 -0.351943 0.650403 0.715951 -0.346995 0.605813 0.712842 -0.349855 0.607831 0.750108 -0.348207 0.562219 0.749996 -0.348302 0.562309 0.759804 -0.348822 0.548655 0.780003 -0.338379 0.526398 0.42822 -0.232427 0.873273 0.383392 -0.0981352 0.918357 0.473474 -0.258881 0.841904 0.546365 -0.2359 0.80364 0.532707 -0.254536 0.807115 0.59924 -0.236281 0.764907 0.586781 -0.251274 0.769772 0.648751 -0.23714 0.723109 0.638359 -0.248278 0.728599 0.694924 -0.238332 0.678438 0.687404 -0.245578 0.683497 0.737416 -0.239801 0.631437 0.733404 -0.243307 0.63476 0.776385 -0.241408 0.582192 0.776227 -0.241534 0.582351 0.797922 -0.242557 0.551804 0.799479 -0.241728 0.54991 -0.0573652 -0.21084 0.975836 -0.0778407 -0.205905 0.975471 -0.00751445 -0.13338 0.991037 -0.0306619 -0.150596 0.98812 -0.0341419 -0.16953 0.984933 0.0456092 -0.12563 0.991028 0.0382307 -0.166793 0.98525 0.119928 -0.124375 0.984961 0.110769 -0.163799 0.980255 0.193616 -0.123368 0.97329 0.182557 -0.160837 0.969951 0.266022 -0.122745 0.95612 0.253066 -0.157975 0.954464 0.336869 -0.122451 0.933555 0.322175 -0.155094 0.933889 0.405558 -0.12257 0.905814 0.389476 -0.152239 0.908367 0.471813 -0.123065 0.873068 0.454947 -0.149285 0.877916 0.534946 -0.124003 0.835737 0.518095 -0.146374 0.842705 0.594763 -0.125345 0.794069 0.579032 -0.143393 0.802596 0.650592 -0.127075 0.74872 0.637196 -0.140504 0.757787 0.702393 -0.129042 0.699995 0.692542 -0.137756 0.708103 0.74973 -0.131151 0.648617 0.744442 -0.135315 0.653832 0.792798 -0.133177 0.594756 0.792597 -0.133319 0.594992 0.824964 -0.134727 0.548893 0.809853 -0.142653 0.569023 0.846017 -0.0813647 0.52691 0.797113 -0.0793297 0.598596 0.79735 -0.0791759 0.598301 0.746412 -0.0814331 0.660483 0.752581 -0.0769149 0.653993 0.691734 -0.0839429 0.717257 0.703074 -0.074495 0.707204 0.633421 -0.0867379 0.768931 0.6487 -0.0721321 0.757618 0.572211 -0.0895718 0.815201 0.589878 -0.0699978 0.804453 0.50818 -0.0924025 0.85628 0.526789 -0.06823 0.847253 0.441846 -0.0950694 0.892039 0.460169 -0.066799 0.885315 0.37319 -0.0976125 0.922606 0.390292 -0.0658025 0.918337 0.302672 -0.0999712 0.947837 0.317947 -0.0651384 0.945868 0.230374 -0.102251 0.967715 0.243507 -0.0648224 0.96773 0.156728 -0.104417 0.982107 0.167621 -0.0647662 0.983722 0.0818919 -0.106592 0.990925 0.0906191 -0.0650005 0.993762 0.0064488 -0.108691 0.994055 0.00828894 -0.0969265 0.995257 0.204236 -0.0383497 0.97817 0.211448 0.00630015 0.977369 0.228641 -0.0574827 0.971812 0.295107 -0.017177 0.95531 0.283692 -0.0459824 0.957812 0.374045 -0.00917919 0.927365 0.355801 -0.0433785 0.933555 0.446254 -0.0114224 0.894834 0.426222 -0.0403404 0.903719 0.516656 -0.0135012 0.856087 0.496603 -0.0388719 0.867107 0.589211 -0.0134174 0.807868 0.568295 -0.0422219 0.821741 0.649387 -0.0136145 0.760336 0.627584 -0.0333821 0.777833 0.697783 -0.0211027 0.715999 0.687738 -0.0277767 0.725428 0.749779 -0.0254382 0.661199 0.746102 -0.027899 0.665247 0.799766 -0.0255228 0.599769 0.799262 -0.0258204 0.600429 0.127276 -0.0267918 0.991505 0.127396 -0.026578 0.991496 0.139843 -0.052433 0.988784 -0.0229689 -0.0484886 0.99856 0.0591687 -0.00791321 0.998217 0.0466775 -0.0471011 0.997799 0.461701 -0.81956 0.339342 0.460825 -0.819477 0.340731 0.460744 -0.819505 0.340773 0.459859 -0.819467 0.342057 0.459836 -0.819476 0.342068 0.458855 -0.81948 0.343374 0.458901 -0.819462 0.343355 0.457444 -0.819528 0.345135 0.458406 -0.819013 0.345083 0.477974 -0.789657 0.384686 0.480981 -0.789126 0.382017 0.480577 -0.789393 0.381974 0.483704 -0.788933 0.378965 0.483388 -0.789135 0.378949 0.486362 -0.78879 0.37585 0.486124 -0.788936 0.37585 0.488935 -0.788706 0.372674 0.48877 -0.788804 0.372683 0.491421 -0.788685 0.369434 0.491389 -0.788704 0.369437 0.493862 -0.788695 0.366143 0.493897 -0.788676 0.366138 0.496192 -0.788772 0.362812 0.496317 -0.788706 0.362785 0.489687 -0.768478 0.411883 0.494033 -0.767594 0.408328 0.493356 -0.768075 0.40824 0.49798 -0.767261 0.404138 0.497408 -0.767653 0.404097 0.501828 -0.767002 0.399845 0.501348 -0.76732 0.399837 0.505533 -0.766835 0.395476 0.505205 -0.767044 0.395488 0.509156 -0.766721 0.391023 0.508956 -0.766844 0.391042 0.512683 -0.766678 0.386473 0.512586 -0.766735 0.386487 0.516069 -0.766723 0.381849 0.516129 -0.766688 0.381838 0.519342 -0.766824 0.37718 0.519547 -0.76671 0.377128 0.533324 -0.743657 0.403161 0.533081 -0.746466 0.398262 0.537827 -0.743651 0.397146 0.523942 -0.743843 0.414949 0.524225 -0.746637 0.409539 0.528565 -0.74387 0.408994 0.513982 -0.744412 0.426232 0.514864 -0.747125 0.420381 0.518787 -0.74444 0.420321 0.51955 -0.72223 0.456565 0.506272 -0.745755 0.433056 0.505895 -0.749449 0.427079 0.556299 -0.71948 0.415788 0.556327 -0.719458 0.41579 0.544689 -0.719977 0.430054 0.545328 -0.719407 0.430198 0.532435 -0.720902 0.443637 0.533624 -0.719751 0.444076 0.582271 -0.686584 0.435388 0.582319 -0.686549 0.435379 0.56783 -0.687195 0.453136 0.568821 -0.686423 0.453063 0.552571 -0.688306 0.47 0.554441 -0.68674 0.470088 0.631768 -0.644522 0.430652 0.61273 -0.643781 0.458375 0.612776 -0.643746 0.458363 0.594859 -0.644544 0.480319 0.596121 -0.643513 0.480136 0.575966 -0.645847 0.501143 0.578314 -0.643784 0.501094 0.692903 -0.552205 0.463634 0.667899 -0.551221 0.500067 0.667962 -0.551169 0.500039 0.643275 -0.552265 0.530283 0.645082 -0.550682 0.529735 0.617149 -0.553914 0.558843 0.620545 -0.550705 0.558254 0.607954 -0.50649 0.611441 0.638642 -0.501008 0.584061 0.634667 -0.504854 0.585081 0.66646 -0.501176 0.551955 0.664361 -0.503057 0.552774 0.692364 -0.501815 0.518472 0.692269 -0.501894 0.518523 0.74194 -0.452701 0.494558 0.714054 -0.451537 0.535015 0.71415 -0.451455 0.534956 0.682961 -0.452836 0.573152 0.685332 -0.450646 0.572048 0.649842 -0.45475 0.609022 0.654317 -0.450271 0.607557 0.614666 -0.457248 0.642736 0.62092 -0.450421 0.641544 0.592753 -0.407517 0.694675 0.630953 -0.39864 0.66557 0.62382 -0.4065 0.667537 0.667708 -0.398778 0.628604 0.662598 -0.403923 0.630721 0.70176 -0.399396 0.589929 0.699049 -0.40191 0.591438 0.733325 -0.400393 0.549473 0.733212 -0.40049 0.549553 0.554817 -0.303607 0.774597 0.598693 -0.29131 0.746127 0.58763 -0.304779 0.749534 0.644867 -0.291722 0.706432 0.635691 -0.301743 0.710527 0.688016 -0.292542 0.664118 0.681406 -0.299076 0.668012 0.727841 -0.293711 0.619663 0.724313 -0.296894 0.622274 0.764481 -0.295118 0.573127 0.764335 -0.29524 0.573259 0.376278 -0.196811 0.905362 0.419511 -0.17961 0.889804 0.404543 -0.207001 0.890784 0.482012 -0.179546 0.857571 0.466553 -0.203695 0.860719 0.541489 -0.18001 0.82121 0.526309 -0.200502 0.826316 0.597903 -0.180862 0.780897 0.583906 -0.197373 0.787463 0.650639 -0.182155 0.737217 0.63885 -0.194433 0.744357 0.699691 -0.183739 0.690414 0.691111 -0.191705 0.69686 0.744714 -0.185514 0.641082 0.740102 -0.189366 0.645283 0.785828 -0.187344 0.589386 0.785635 -0.18749 0.589597 0.0214527 -0.177441 0.983898 0.0890189 -0.191614 0.977425 0.0685927 -0.178139 0.981612 0.131409 -0.174837 0.975789 0.17348 -0.200396 0.964234 0.128733 -0.128845 0.983274 0.213581 -0.188895 0.958489 0.272982 -0.171252 0.946654 0.285554 -0.197802 0.937728 -0.0450711 -0.190942 0.980566 -0.00266187 -0.183951 0.982932 0.0131775 -0.204868 0.978701 0.0297267 0.914858 0.402679 -0.0138383 0.957769 0.287205 0.0179523 0.970853 0.239003 -0.00554578 0.985276 0.170881 0.00667802 0.996912 0.0782459 0 0.998406 0.0564423 -0.33097 0.943628 0.00505697 -0.847842 0.530164 0.0094774 -0.991223 0.132153 -0.00364253 -0.993743 0.108797 0.02525 -0.997422 -0.0678462 -0.0233685 -0.991217 -0.115336 0.0647038 -0.599236 0.800571 -0.00119579 -0.533041 0.84606 0.0070997 -0.4693 0.883025 -0.00486961 -0.278361 0.960473 -0.00281886 -0.112205 0.99368 0.00313262 -0.0892021 0.996014 0 -0.775757 0.631016 -0.00448669 -0.708269 0.705877 0.00961069 -0.683083 0.730339 0.00189019 -0.870676 0.491827 -0.00548311 -0.945791 0.324698 0.00706999 -0.94475 0.327764 0.00418385 -0.963561 -0.260739 -0.0597049 -0.905196 -0.360503 0.225074 -0.942519 -0.334151 0 -0.0837589 0.996073 0.0286891 -0.0504647 0.998489 0.0217265 -0.0276021 0.999571 0.00975191 -0.175705 0.982758 0.0575722 -0.125785 0.990984 0.046145 -0.119407 0.991932 0.0425744 0.866013 0 0.500021 0.866046 2.51084e-05 0.499965 0.86604 1.94815e-05 0.499974 0.865965 -4.76876e-06 0.500104 0.866021 -6.71529e-07 0.500007 0.866036 1.2685e-06 0.499982 0.866028 -1.02561e-06 0.499995 0.866019 -7.12805e-06 0.500011 0.866025 0 0.500001 0.866025 1.40112e-06 0.500001 0.86602 3.53058e-06 0.50001 0.866034 1.42387e-06 0.499984 0.866051 0 0.499956 -0.235752 -0.384253 0.89262 -0.14483 -0.236059 0.960885 -0.144829 -0.236057 0.960886 -0.0488459 -0.0796137 0.995628 -0.048846 -0.0796145 0.995628 -0.235752 -0.384254 0.89262 -0.318442 -0.519031 0.793222 -0.318442 -0.519028 0.793224 -0.390011 -0.635677 0.666188 -0.390011 -0.635675 0.66619 -0.447974 -0.73015 0.515946 -0.447974 -0.730156 0.515938 -0.490317 -0.79917 0.34773 -0.490317 -0.799168 0.347734 -0.318987 -0.318554 0.89262 -0.195963 -0.195698 0.960886 -0.195964 -0.195699 0.960885 -0.0660919 -0.0660026 0.995628 -0.0660914 -0.0660016 0.995628 -0.318987 -0.318554 0.89262 -0.43087 -0.430286 0.793225 -0.43087 -0.430286 0.793225 -0.527707 -0.526991 0.666188 -0.527707 -0.526992 0.666187 -0.606135 -0.605313 0.515943 -0.606135 -0.605316 0.515939 -0.663426 -0.662529 0.347737 -0.663426 -0.662526 0.347743 -0.299668 -0.336792 0.89262 -0.184096 -0.206903 0.960885 -0.184095 -0.206901 0.960886 -0.0620887 -0.0697802 0.995628 -0.062089 -0.069781 0.995628 -0.299668 -0.336792 0.89262 -0.404775 -0.45492 0.793224 -0.404775 -0.45492 0.793225 -0.495745 -0.55716 0.666191 -0.495746 -0.557163 0.666187 -0.569425 -0.639971 0.515937 -0.569425 -0.639968 0.515942 -0.62325 -0.70046 0.347729 -0.623251 -0.700455 0.347737 -0.279309 -0.35386 0.89262 -0.171587 -0.217386 0.960886 -0.171587 -0.217387 0.960885 -0.0578707 -0.0733172 0.995628 -0.0578708 -0.0733177 0.995628 -0.279309 -0.35386 0.89262 -0.377273 -0.477972 0.793226 -0.377274 -0.477975 0.793224 -0.462063 -0.585396 0.66619 -0.462063 -0.585395 0.666191 -0.53074 -0.672403 0.515936 -0.53074 -0.672402 0.515937 -0.580904 -0.735956 0.347736 -0.580903 -0.73596 0.347729 -0.257978 -0.369699 0.89262 -0.158484 -0.227117 0.960885 -0.158484 -0.227117 0.960885 -0.0534514 -0.0765993 0.995628 -0.0534511 -0.0765979 0.995628 -0.257978 -0.369699 0.89262 -0.348462 -0.499369 0.793224 -0.348462 -0.499366 0.793226 -0.426779 -0.611598 0.666189 -0.426779 -0.611597 0.66619 -0.490209 -0.702497 0.515938 -0.490209 -0.702499 0.515936 -0.536543 -0.768897 0.347734 -0.536543 -0.768896 0.347736 0.102549 -0.28175 0.953992 -0.0137284 -0.0996845 0.994924 -0.434896 -0.830672 0.347636 -0.459166 -0.824724 0.330146 -0.0430813 -0.300995 0.952652 -0.128144 -0.494574 0.859637 -0.139576 -0.239081 0.960916 0.0122072 -0.455198 0.890306 -0.130771 -0.507157 0.851875 -0.261291 -0.526467 0.809049 -0.194684 -0.407559 0.892185 -0.133097 -0.476875 0.868836 -0.19126 -0.59825 0.77815 -0.16744 -0.457494 0.873306 -0.236596 -0.564096 0.791086 -0.396038 -0.713179 0.578386 -0.325765 -0.671595 0.66546 -0.314265 -0.685975 0.656259 -0.350364 -0.718346 0.601019 -0.291194 -0.698745 0.653423 -0.439496 -0.786425 0.434027 -0.339912 -0.745966 0.572708 -0.231996 -0.543878 0.806458 -0.324306 -0.593786 0.736372 -0.244645 -0.640179 0.728231 -0.298953 -0.64834 0.700202 -0.39496 -0.775398 0.492712 -0.386549 -0.775937 0.498499 -0.397881 -0.769414 0.499692 -0.374958 -0.770676 0.515234 -0.438467 -0.836748 0.328024 -0.418989 -0.85755 0.298423 -0.429688 -0.792334 0.433099 -0.403036 -0.829044 0.387618 0.120016 -0.400871 0.908239 -0.0112885 -0.214048 0.976758 -0.386956 -0.838272 0.384143 -0.42831 -0.843682 0.323653 -0.335463 -0.810523 0.480121 -0.275922 -0.762416 0.585311 -0.219705 -0.69575 0.683858 -0.0742892 -0.539646 0.838608 -0.0129928 -0.441138 0.897345 -0.234606 -0.876334 0.420713 -0.206375 -0.910239 0.358992 -0.140362 -0.823347 0.549908 -0.140491 -0.820738 0.553761 -0.116494 -0.860862 0.495324 0.0181108 -0.647948 0.761469 0.112273 -0.63674 0.762861 0.0326046 -0.456625 0.889062 0.0492117 -0.472482 0.879966 -0.374675 -0.875082 0.306348 -0.39571 -0.865373 0.307479 -0.39651 -0.86305 0.312928 -0.4261 -0.853502 0.299954 -0.280077 -0.91829 0.279822 -0.26095 -0.902515 0.342597 -0.210336 -0.88975 0.405098 -0.209061 -0.878351 0.429875 -0.267389 -0.922678 0.277791 -0.187407 -0.871795 0.452607 -0.188093 -0.887695 0.420261 -0.125828 -0.85317 0.506229 -0.128486 -0.840245 0.526763 -0.0720507 -0.814181 0.576123 -0.0858608 -0.778688 0.621508 -0.0316174 -0.759031 0.650287 -0.242449 -0.894864 0.37475 -0.208736 -0.916389 0.341555 -0.208518 -0.912636 0.35159 -0.154098 -0.869765 0.468789 -0.045925 -0.814989 0.577654 -0.061759 -0.727236 0.683604 -0.0308724 -0.791648 0.610198 0.0407746 -0.700052 0.712927 -0.305896 -0.910478 0.278312 -0.314218 -0.910443 0.268999 -0.307796 -0.909922 0.278036 -0.303508 -0.909015 0.285613 -0.301121 -0.908307 0.290353 -0.297784 -0.906984 0.297834 -0.294537 -0.905055 0.306795 -0.228918 -0.832992 0.503707 -0.321162 -0.946026 0.0434711 -0.205374 -0.71039 0.673177 -0.162864 -0.855135 0.492157 -0.180508 -0.843839 0.505324 -0.134977 -0.820536 0.555429 -0.16928 -0.798838 0.577237 -0.117313 -0.764662 0.633664 -0.174437 -0.729266 0.661621 -0.121466 -0.696151 0.707545 -0.200602 -0.648412 0.734384 -0.141054 -0.626786 0.766318 -0.123096 -0.889164 0.44072 -0.12849 -0.860918 0.492251 -0.0773041 -0.825178 0.559559 -0.0747637 -0.826792 0.557517 -0.0277377 -0.755345 0.65474 -0.0310344 -0.753239 0.657014 0.0184399 -0.678702 0.734183 -0.00875507 -0.661592 0.749813 0.0476353 -0.611653 0.789691 -0.00521306 -0.557736 0.830002 0.052224 -0.489352 0.870521 -0.00842838 -0.452933 0.891505 0.0353578 -0.347732 0.936927 -0.346812 -0.891904 0.290221 -0.347742 -0.89718 0.272293 -0.339218 -0.89863 0.278199 -0.328344 -0.905597 0.268484 -0.371447 -0.89978 0.228959 -0.374881 -0.878429 0.296356 -0.352771 -0.887608 0.296149 -0.369041 -0.884919 0.284126 -0.381612 -0.812961 0.439849 -0.32929 -0.844597 0.422165 -0.346813 -0.843869 0.409397 -0.309326 -0.86688 0.390944 -0.327087 -0.866199 0.377774 -0.300283 -0.883022 0.360697 -0.316033 -0.88172 0.350276 -0.29479 -0.895134 0.334415 -0.316007 -0.895159 0.314371 -0.299983 -0.905531 0.300041 -0.321621 -0.905593 0.276517 -0.326397 -0.768313 0.550601 -0.258722 -0.809094 0.527665 -0.293633 -0.812651 0.503367 -0.242865 -0.843897 0.478388 -0.277644 -0.847889 0.451663 -0.242585 -0.869958 0.429331 -0.272969 -0.871515 0.407368 -0.2484 -0.88711 0.389015 -0.287447 -0.893146 0.345926 -0.273562 -0.902185 0.333505 -0.312051 -0.907137 0.28236 -0.269801 -0.732593 0.624912 -0.212956 -0.766761 0.60558 -0.244393 -0.786513 0.567159 -0.19935 -0.814357 0.545053 -0.232969 -0.833335 0.501277 -0.204555 -0.85128 0.483198 -0.234829 -0.863987 0.445401 -0.217762 -0.874865 0.432656 -0.260963 -0.89372 0.364916 -0.256174 -0.896839 0.360631 -0.301155 -0.910545 0.28322 -0.21345 -0.71494 0.665808 -0.176834 -0.736439 0.652984 -0.212033 -0.76478 0.608403 -0.166279 -0.79309 0.585969 -0.203725 -0.820639 0.533898 -0.176208 -0.838027 0.516393 -0.209994 -0.856897 0.470776 -0.196011 -0.865833 0.460339 -0.243626 -0.893263 0.377792 -0.244672 -0.892581 0.378729 -0.294181 -0.912799 0.283294 -0.14334 -0.58504 0.798237 -0.0622246 -0.634049 0.770785 -0.119609 -0.685099 0.718563 -0.0642051 -0.719486 0.691532 -0.119763 -0.772358 0.623795 -0.0895731 -0.791465 0.604616 -0.138836 -0.828471 0.542551 -0.126741 -0.83623 0.533531 -0.173706 -0.871112 0.459337 -0.176556 -0.86926 0.461753 -0.220821 -0.900544 0.374512 -0.236606 -0.890183 0.389347 -0.277027 -0.916384 0.288959 -0.0791905 -0.519334 0.850894 -0.00472378 -0.564259 0.825584 -0.0623203 -0.636826 0.768484 -0.00885823 -0.669933 0.742369 -0.0616472 -0.703402 0.708114 0.0411636 -0.084952 0.995534 -0.0434221 -0.241889 0.969332 0.0961816 -0.268752 0.958395 0.230227 -0.388281 0.892319 0.369213 -0.649127 0.665069 0.440742 -0.734903 0.515426 0.515613 -0.783044 0.34783 0.504197 -0.799744 0.325877 0.404519 -0.865434 0.295615 0.435357 -0.860008 0.266176 0.432171 -0.855687 0.284655 0.218812 -0.786169 0.577978 0.218276 -0.77827 0.588771 0.190934 -0.837641 0.511763 0.117523 -0.715142 0.689028 0.111277 -0.732804 0.67128 0.0290319 -0.331716 0.942933 0.0269819 -0.333959 0.942201 0.327993 -0.859906 0.391128 0.237965 -0.830419 0.503762 0.371794 -0.877727 0.302265 0.311034 -0.852251 0.420625 0.374285 -0.869824 0.32143 0.361964 -0.853878 0.373997 0.345612 -0.852399 0.392389 0.328129 -0.821442 0.466439 -0.0177423 -0.0821615 0.996461 0.411076 -0.910165 0.0511485 0.348482 -0.855263 0.383517 0.354838 -0.861139 0.364046 0.347812 -0.8563 0.381808 0.387378 -0.87337 0.295233 0.390301 -0.874121 0.289097 0.367957 -0.86917 0.330379 0.390623 -0.871991 0.295034 0.430794 -0.869945 0.240024 -0.0316752 -0.534348 0.844671 0.0538025 -0.569572 0.820179 0.0343298 -0.631742 0.774418 0.279275 -0.694997 0.662559 0.295798 -0.683233 0.667605 0.301589 -0.625578 0.719511 0.24927 -0.659617 0.709063 0.330152 -0.511631 0.793242 0.282206 -0.746011 0.603181 0.273355 -0.752409 0.599298 0.284056 -0.795984 0.53453 0.281644 -0.797746 0.533177 0.29921 -0.833705 0.464122 0.302036 -0.831627 0.466016 0.325569 -0.85968 0.393643 0.332034 -0.85491 0.3986 0.377904 -0.88027 0.286903 0.507711 -0.797465 0.326004 0.494686 -0.80645 0.323919 0.493988 -0.808583 0.319639 0.473579 -0.823087 0.313451 0.473608 -0.823739 0.311688 0.457137 -0.83648 0.302203 0.457425 -0.837285 0.299527 0.441075 -0.847772 0.294509 0.44199 -0.848436 0.291205 0.294642 -0.87533 0.383384 0.294068 -0.874133 0.386543 0.299782 -0.880546 0.367109 0.0851685 -0.300432 0.949993 0.0909007 -0.296342 0.950746 0.014429 -0.484765 0.874525 0.0796341 -0.438568 0.895163 0.0290154 -0.611226 0.790924 0.0935811 -0.564866 0.819859 0.0664558 -0.717414 0.69347 0.130546 -0.670903 0.729964 0.123769 -0.800512 0.586397 0.18737 -0.754071 0.6295 0.197452 -0.859117 0.472155 0.185633 -0.363135 0.913057 0.146679 -0.391397 0.908457 0.0892984 -0.544901 0.833732 0.131995 -0.514693 0.847153 0.0967134 -0.653485 0.750735 0.140576 -0.621999 0.770296 0.124997 -0.743104 0.657398 0.169917 -0.710503 0.682872 0.171241 -0.812306 0.557526 0.216984 -0.778882 0.58844 0.232439 -0.860549 0.453241 0.277957 -0.827202 0.488341 0.304398 -0.88747 0.346032 0.174972 -0.500795 0.847696 0.203559 -0.48108 0.852717 0.162963 -0.60085 0.782574 0.185512 -0.584901 0.789605 0.162937 -0.691925 0.703342 0.188524 -0.673551 0.714694 0.181887 -0.76596 0.616622 0.210032 -0.745519 0.632526 0.2171 -0.822431 0.525809 0.247234 -0.800393 0.54612 0.265933 -0.861355 0.432837 0.296705 -0.838784 0.456517 0.324763 -0.883144 0.338504 0.289479 -0.542422 0.788658 0.260427 -0.563074 0.7843 0.233605 -0.651802 0.721514 0.239323 -0.647755 0.723283 0.226548 -0.726192 0.649093 0.236843 -0.718791 0.65364 0.236516 -0.78585 0.571402 0.250554 -0.775646 0.579306 0.261059 -0.830893 0.491391 0.277991 -0.818498 0.502775 0.297929 -0.861796 0.410544 0.370538 -0.642014 0.671208 0.336324 -0.666035 0.665795 0.333592 -0.710016 0.620156 0.312676 -0.724916 0.613784 0.317105 -0.763448 0.562665 0.303641 -0.773184 0.556767 0.314483 -0.8058 0.501784 0.307313 -0.81104 0.497768 0.32391 -0.837695 0.439716 0.32178 -0.839261 0.43829 0.343446 -0.859752 0.377984 0.343909 -0.859411 0.378338 0.385973 -0.877289 0.285288 0.441553 -0.678152 0.587487 0.388786 -0.716141 0.579645 0.37722 -0.75134 0.541473 0.363505 -0.761051 0.537277 0.359086 -0.79103 0.495307 0.350008 -0.797557 0.491322 0.35207 -0.822295 0.447076 0.346819 -0.826112 0.444134 0.35483 -0.845717 0.398571 0.489433 -0.739977 0.461399 0.446019 -0.77091 0.454714 0.441368 -0.785704 0.433431 0.421782 -0.799605 0.427472 0.420766 -0.811598 0.405297 0.405115 -0.822874 0.398447 0.407322 -0.832371 0.375828 0.395181 -0.841212 0.369045 0.40041 -0.848433 0.346169 0.387457 -0.857883 0.337512 0.402607 -0.863173 0.304697 0.364011 -0.26596 0.892615 0.223627 -0.16339 0.960882 0.223629 -0.163391 0.960882 0.0754225 -0.0551062 0.995628 0.0754218 -0.055106 0.995628 0.36402 -0.265963 0.89261 0.491693 -0.359244 0.79321 0.491689 -0.359243 0.793213 0.602193 -0.439981 0.666169 0.602191 -0.43998 0.666171 0.691684 -0.505366 0.515925 0.691676 -0.505366 0.515935 0.757052 -0.553131 0.347733 0.757061 -0.553131 0.347715 0.265965 -0.364018 0.89261 0.163392 -0.223629 0.960882 0.16339 -0.223627 0.960882 0.0551058 -0.0754219 0.995628 0.0551064 -0.0754224 0.995628 0.265957 -0.364012 0.892615 0.359242 -0.49169 0.793213 0.359245 -0.491692 0.79321 0.43998 -0.602192 0.666171 0.439981 -0.602192 0.666169 0.505363 -0.691679 0.515935 0.505369 -0.691681 0.515925 0.553135 -0.757057 0.347715 0.553127 -0.757055 0.347733 0.287924 -0.346906 0.892612 0.176881 -0.213116 0.960882 0.176881 -0.213116 0.960882 0.0596565 -0.0718773 0.995628 0.0596557 -0.0718768 0.995628 0.287926 -0.346908 0.89261 0.388909 -0.468576 0.793213 0.388909 -0.468576 0.793213 0.476313 -0.573885 0.66617 0.476313 -0.573884 0.666171 0.547096 -0.659167 0.515932 0.547093 -0.659166 0.515935 0.598806 -0.721473 0.347719 0.598808 -0.721473 0.347715 0.308787 -0.328471 0.892612 0.189699 -0.201792 0.960882 0.189696 -0.20179 0.960883 0.0639785 -0.0680574 0.995628 0.0639789 -0.0680577 0.995628 0.308788 -0.328472 0.892612 0.417089 -0.443677 0.793214 0.41709 -0.443677 0.793213 0.510833 -0.543395 0.666162 0.510825 -0.543392 0.66617 0.586737 -0.624144 0.515931 0.586736 -0.624144 0.515931 0.642193 -0.683136 0.347727 0.642197 -0.683136 0.347719 0.328472 -0.308788 0.892612 0.201789 -0.189697 0.960883 0.201792 -0.189698 0.960882 0.0680578 -0.0639788 0.995628 0.0680573 -0.0639786 0.995628 0.328471 -0.308788 0.892612 0.443677 -0.41709 0.793213 0.443676 -0.417089 0.793214 0.54339 -0.510828 0.66617 0.543398 -0.51083 0.666162 0.624144 -0.586737 0.515931 0.624144 -0.586737 0.515931 0.683138 -0.642195 0.347719 0.683134 -0.642195 0.347727 0.346908 -0.287926 0.892611 0.213116 -0.176881 0.960882 0.213116 -0.176881 0.960882 0.0718766 -0.0596559 0.995628 0.0718775 -0.0596563 0.995628 0.346905 -0.287925 0.892612 0.468576 -0.388909 0.793213 0.468576 -0.388909 0.793213 0.573884 -0.476313 0.666171 0.573885 -0.476313 0.66617 0.659165 -0.547094 0.515935 0.659168 -0.547094 0.515932 0.721474 -0.598807 0.347715 0.721472 -0.598807 0.347719 0.791508 -0.502614 0.347698 0.787055 -0.529077 0.317209 0.244132 0.0446517 0.968714 0.084952 -0.0411636 0.995534 0.734903 -0.440742 0.515426 0.649127 -0.369213 0.665069 0.536984 -0.291107 0.791773 0.268752 -0.0961816 0.958395 0.833005 -0.313803 0.455664 0.875233 -0.294595 0.383643 0.787327 -0.21497 0.577844 0.764071 -0.213036 0.608943 0.835131 -0.19018 0.516128 0.71129 -0.110911 0.694094 0.719193 -0.108798 0.68624 0.635129 -0.0272133 0.771926 0.542233 -0.0514435 0.838652 0.548276 0.0379099 0.835438 0.317395 -0.0289585 0.947851 0.318371 -0.0281967 0.947547 0.866794 -0.410851 0.282612 0.869824 -0.374285 0.32143 0.853878 -0.361964 0.373997 0.852399 -0.345612 0.392389 0.877728 -0.371794 0.302265 0.852251 -0.311034 0.420625 0.859906 -0.327993 0.391128 0.881909 -0.29782 0.365431 0.869945 -0.430794 0.240024 0.871991 -0.390623 0.295034 0.86917 -0.367957 0.330379 0.874121 -0.390301 0.289097 0.87337 -0.387378 0.295233 0.8563 -0.347812 0.381808 0.861139 -0.354838 0.364046 0.855263 -0.348482 0.383517 0.910165 -0.411076 0.0511485 0.669968 -0.266351 0.692965 0.610441 -0.148993 0.777922 0.560681 -0.218269 0.798746 0.512811 -0.156986 0.844026 0.445467 -0.252565 0.858936 0.419545 -0.181866 0.889329 0.659513 -0.207264 0.722555 0.69339 -0.160843 0.702382 0.740486 -0.216695 0.636179 0.760067 -0.190188 0.621391 0.803112 -0.243644 0.543736 0.809931 -0.234488 0.537613 0.847518 -0.28514 0.447671 0.843502 -0.290507 0.451785 0.87426 -0.337285 0.349154 0.793454 -0.513391 0.326894 0.807751 -0.492765 0.323607 0.807066 -0.496062 0.320262 0.823508 -0.472969 0.313264 0.823228 -0.474243 0.312071 0.837082 -0.456331 0.301756 0.836937 -0.456954 0.301213 0.848376 -0.44127 0.292469 0.848785 -0.439328 0.294203 0.860093 -0.428814 0.27633 0.856392 -0.449512 0.254031 0.739977 -0.489433 0.461399 0.778051 -0.435336 0.452901 0.777034 -0.453124 0.436918 0.805513 -0.41316 0.424791 0.804341 -0.430506 0.409512 0.827625 -0.398321 0.395445 0.826377 -0.415322 0.380275 0.844839 -0.390076 0.366181 0.843606 -0.406832 0.350453 0.859736 -0.384854 0.335769 0.859521 -0.407429 0.308587 0.678152 -0.441553 0.587487 0.730454 -0.367247 0.575819 0.733416 -0.401461 0.548571 0.773001 -0.346008 0.53174 0.775969 -0.379284 0.504 0.807154 -0.336274 0.485203 0.809949 -0.368561 0.45623 0.833366 -0.336626 0.438389 0.835933 -0.367885 0.40728 0.642014 -0.370538 0.671208 0.676311 -0.320959 0.663015 0.696955 -0.351194 0.625233 0.733422 -0.300301 0.609845 0.752597 -0.331626 0.568878 0.779947 -0.294029 0.552475 0.797027 -0.326196 0.508276 0.816113 -0.30024 0.493777 0.830827 -0.333092 0.445844 0.842632 -0.317153 0.435184 0.854713 -0.350215 0.383165 0.86026 -0.342755 0.377454 0.874003 -0.390462 0.289238 0.587732 -0.354436 0.727287 0.638144 -0.282858 0.716075 0.667179 -0.317502 0.673843 0.705319 -0.264308 0.657774 0.732794 -0.299953 0.610771 0.760557 -0.26182 0.594141 0.785397 -0.298246 0.542403 0.803817 -0.273219 0.528422 0.825494 -0.310243 0.471496 0.835645 -0.296552 0.462336 0.853697 -0.333657 0.399842 0.855912 -0.330688 0.397569 0.876439 -0.383205 0.291561 0.542422 -0.289479 0.788658 0.588226 -0.223091 0.777316 0.619673 -0.277433 0.734191 0.668206 -0.209787 0.713786 0.700023 -0.261994 0.664324 0.734814 -0.214263 0.643538 0.765084 -0.2646 0.587054 0.787477 -0.234233 0.570101 0.814984 -0.282651 0.505876 0.826307 -0.267416 0.495687 0.850275 -0.313682 0.422654 0.363135 -0.185633 0.913057 0.429854 -0.0909267 0.898308 0.497091 -0.155777 0.853601 0.545443 -0.0885082 0.833461 0.615072 -0.1498 0.77411 0.645755 -0.107795 0.755897 0.713089 -0.166504 0.681014 0.727846 -0.146555 0.669897 0.789708 -0.202743 0.579014 0.790226 -0.202048 0.578549 0.844467 -0.255168 0.47092 0.832795 -0.270741 0.482858 0.877227 -0.319158 0.358625 0.300432 -0.0851685 0.949993 0.34133 -0.0264024 0.939573 0.430225 -0.0909241 0.898131 0.474458 -0.0293981 0.879787 0.567375 -0.0902427 0.8185 0.592556 -0.0557817 0.803595 0.683177 -0.114393 0.721238 0.691091 -0.103706 0.715289 0.774847 -0.160124 0.611532 0.767256 -0.170285 0.618321 0.840956 -0.223651 0.492721 0.830419 -0.237965 0.503762 0.875916 -0.296773 0.38039 0.084952 0.0411636 0.995534 0.244132 -0.0446517 0.968714 0.268752 0.0961816 0.958395 0.388281 0.230227 0.892319 0.649127 0.369213 0.665069 0.734903 0.440742 0.515426 0.783044 0.515613 0.34783 0.799744 0.504197 0.325877 0.865434 0.404519 0.295615 0.860008 0.435357 0.266176 0.855687 0.432171 0.284655 0.787327 0.21497 0.577844 0.764071 0.213036 0.608943 0.835131 0.19018 0.516128 0.71129 0.110911 0.694094 0.719193 0.108798 0.68624 0.635129 0.0272133 0.771926 0.542233 0.0514435 0.838652 0.548276 -0.0379099 0.835438 0.317395 0.0289585 0.947851 0.318371 0.0281967 0.947547 0.859906 0.327993 0.391128 0.830419 0.237965 0.503762 0.877728 0.371794 0.302265 0.852251 0.311034 0.420625 0.869824 0.374285 0.32143 0.853878 0.361964 0.373997 0.852399 0.345612 0.392389 0.810511 0.322225 0.489124 0.0821615 -0.0177423 0.996461 0.910165 0.411076 0.0511485 0.855263 0.348482 0.383517 0.861139 0.354838 0.364046 0.8563 0.347812 0.381808 0.87337 0.387378 0.295233 0.874121 0.390301 0.289097 0.86917 0.367957 0.330379 0.871991 0.390623 0.295034 0.869945 0.430794 0.240024 0.694997 0.279275 0.662559 0.683233 0.295798 0.667605 0.625578 0.301589 0.719511 0.659617 0.24927 0.709063 0.511631 0.330152 0.793242 0.746011 0.282206 0.603181 0.752409 0.273355 0.599298 0.795984 0.284056 0.53453 0.797746 0.281644 0.533177 0.833705 0.29921 0.464122 0.831627 0.302036 0.466016 0.85968 0.325569 0.393643 0.85491 0.332034 0.3986 0.88027 0.377904 0.286903 0.797465 0.507711 0.326004 0.80645 0.494686 0.323919 0.808583 0.493988 0.319639 0.823087 0.473579 0.313451 0.823739 0.473608 0.311688 0.83648 0.457137 0.302203 0.837285 0.457425 0.299527 0.847772 0.441075 0.294509 0.848436 0.44199 0.291205 0.875233 0.294595 0.383643 0.874133 0.294068 0.386543 0.880546 0.299782 0.367109 0.300432 0.0851685 0.949993 0.296342 0.0909007 0.950746 0.484765 0.014429 0.874525 0.438568 0.0796341 0.895163 0.611226 0.0290154 0.790924 0.564866 0.0935811 0.819859 0.717414 0.0664558 0.69347 0.670903 0.130546 0.729964 0.800512 0.123769 0.586397 0.754071 0.18737 0.6295 0.859117 0.197452 0.472155 0.363135 0.185633 0.913057 0.391397 0.146679 0.908457 0.544901 0.0892984 0.833732 0.514693 0.131995 0.847153 0.653485 0.0967134 0.750735 0.621999 0.140576 0.770296 0.743104 0.124997 0.657398 0.710503 0.169917 0.682872 0.812306 0.171241 0.557526 0.778882 0.216984 0.58844 0.860549 0.232439 0.453241 0.827202 0.277957 0.488341 0.88747 0.304398 0.346032 0.500795 0.174972 0.847696 0.48108 0.203559 0.852717 0.60085 0.162963 0.782574 0.584901 0.185512 0.789605 0.691925 0.162937 0.703342 0.673551 0.188524 0.714694 0.76596 0.181887 0.616622 0.745519 0.210032 0.632526 0.822431 0.2171 0.525809 0.800393 0.247234 0.54612 0.861355 0.265933 0.432837 0.838784 0.296705 0.456517 0.883144 0.324763 0.338504 0.542422 0.289479 0.788658 0.563074 0.260427 0.7843 0.651802 0.233605 0.721514 0.647755 0.239323 0.723283 0.726192 0.226548 0.649093 0.718791 0.236843 0.65364 0.78585 0.236516 0.571402 0.775646 0.250554 0.579306 0.830893 0.261059 0.491391 0.818498 0.277991 0.502775 0.861796 0.297929 0.410544 0.642014 0.370538 0.671208 0.666035 0.336324 0.665795 0.710016 0.333592 0.620156 0.724916 0.312676 0.613784 0.763448 0.317105 0.562665 0.773184 0.303641 0.556767 0.8058 0.314483 0.501784 0.81104 0.307313 0.497768 0.837695 0.32391 0.439716 0.839261 0.32178 0.43829 0.859752 0.343446 0.377984 0.859411 0.343909 0.378338 0.877289 0.385973 0.285288 0.678152 0.441553 0.587487 0.716141 0.388786 0.579645 0.75134 0.37722 0.541473 0.761051 0.363505 0.537277 0.79103 0.359086 0.495307 0.797557 0.350008 0.491322 0.822295 0.35207 0.447076 0.826112 0.346819 0.444134 0.845717 0.35483 0.398571 0.739977 0.489433 0.461399 0.77091 0.446019 0.454714 0.785704 0.441368 0.433431 0.799605 0.421782 0.427472 0.811598 0.420766 0.405297 0.822874 0.405115 0.398447 0.832371 0.407322 0.375828 0.841212 0.395181 0.369045 0.848433 0.40041 0.346169 0.857883 0.387457 0.337512 0.863173 0.402607 0.304697 0.26596 0.364011 0.892615 0.16339 0.223627 0.960882 0.163391 0.223629 0.960882 0.0551062 0.0754225 0.995628 0.055106 0.0754218 0.995628 0.265963 0.36402 0.89261 0.359244 0.491693 0.79321 0.359243 0.491689 0.793213 0.439981 0.602193 0.666169 0.43998 0.602191 0.666171 0.505366 0.691684 0.515925 0.505366 0.691676 0.515935 0.553131 0.757052 0.347733 0.553131 0.757061 0.347715 0.364018 0.265965 0.89261 0.223629 0.163392 0.960882 0.223627 0.16339 0.960882 0.0754219 0.0551058 0.995628 0.0754224 0.0551064 0.995628 0.364012 0.265957 0.892615 0.49169 0.359242 0.793213 0.491692 0.359245 0.79321 0.602192 0.43998 0.666171 0.602192 0.439981 0.666169 0.691679 0.505363 0.515935 0.691681 0.505369 0.515925 0.757057 0.553135 0.347715 0.757055 0.553127 0.347733 0.346906 0.287924 0.892612 0.213116 0.176881 0.960882 0.213116 0.176881 0.960882 0.0718773 0.0596565 0.995628 0.0718768 0.0596557 0.995628 0.346908 0.287926 0.89261 0.468576 0.388909 0.793213 0.468576 0.388909 0.793213 0.573885 0.476313 0.66617 0.573884 0.476313 0.666171 0.659167 0.547096 0.515932 0.659166 0.547093 0.515935 0.721473 0.598806 0.347719 0.721473 0.598808 0.347715 0.328471 0.308787 0.892612 0.201792 0.189699 0.960882 0.20179 0.189696 0.960883 0.0680574 0.0639785 0.995628 0.0680577 0.0639789 0.995628 0.328472 0.308788 0.892612 0.443677 0.417089 0.793214 0.443677 0.41709 0.793213 0.543395 0.510833 0.666162 0.543392 0.510825 0.66617 0.624144 0.586737 0.515931 0.624144 0.586736 0.515931 0.683136 0.642193 0.347727 0.683136 0.642197 0.347719 0.308788 0.328472 0.892612 0.189697 0.201789 0.960883 0.189698 0.201792 0.960882 0.0639788 0.0680578 0.995628 0.0639786 0.0680573 0.995628 0.308788 0.328471 0.892612 0.41709 0.443677 0.793213 0.417089 0.443676 0.793214 0.510828 0.54339 0.66617 0.51083 0.543398 0.666162 0.586737 0.624144 0.515931 0.586737 0.624144 0.515931 0.642195 0.683138 0.347719 0.642195 0.683134 0.347727 0.287926 0.346908 0.892611 0.176881 0.213116 0.960882 0.176881 0.213116 0.960882 0.0596559 0.0718766 0.995628 0.0596563 0.0718775 0.995628 0.287925 0.346905 0.892612 0.388909 0.468576 0.793213 0.388909 0.468576 0.793213 0.476313 0.573884 0.666171 0.476313 0.573885 0.66617 0.547094 0.659165 0.515935 0.547094 0.659168 0.515932 0.598807 0.721474 0.347715 0.598807 0.721472 0.347719 -0.0434221 0.241889 0.969332 0.0411636 0.084952 0.995534 0.502614 0.791508 0.347698 0.529077 0.787055 0.317209 0.440742 0.734903 0.515426 0.369213 0.649127 0.665069 0.291107 0.536984 0.791773 0.0961816 0.268752 0.958395 0.317514 0.840153 0.439691 0.294642 0.87533 0.383384 0.218812 0.786169 0.577978 0.218276 0.77827 0.588771 0.190934 0.837641 0.511763 0.117523 0.715142 0.689028 0.111277 0.732804 0.67128 0.0290319 0.331716 0.942933 0.0269819 0.333959 0.942201 0.410851 0.866794 0.282612 0.374285 0.869824 0.32143 0.361964 0.853878 0.373997 0.345612 0.852399 0.392389 0.371794 0.877728 0.302265 0.311034 0.852251 0.420625 0.327993 0.859906 0.391128 0.29782 0.881909 0.365431 0.0343298 0.631742 0.774418 0.0538025 0.569572 0.820179 -0.0316752 0.534348 0.844671 0.430794 0.869945 0.240024 0.390623 0.871991 0.295034 0.367957 0.86917 0.330379 0.390301 0.874121 0.289097 0.387378 0.87337 0.295233 0.347812 0.8563 0.381808 0.354838 0.861139 0.364046 0.348482 0.855263 0.383517 0.411076 0.910165 0.0511485 0.271821 0.680479 0.680486 0.148993 0.610441 0.777922 0.218269 0.560681 0.798746 0.156986 0.512811 0.844026 0.252565 0.445467 0.858936 0.181866 0.419545 0.889329 0.207264 0.659513 0.722555 0.160843 0.69339 0.702382 0.216695 0.740486 0.636179 0.190188 0.760067 0.621391 0.243644 0.803112 0.543736 0.234488 0.809931 0.537613 0.28514 0.847518 0.447671 0.290507 0.843502 0.451785 0.337285 0.87426 0.349154 0.513391 0.793454 0.326894 0.492765 0.807751 0.323607 0.496062 0.807066 0.320262 0.472969 0.823508 0.313264 0.474243 0.823228 0.312071 0.456331 0.837082 0.301756 0.456954 0.836937 0.301213 0.44127 0.848376 0.292469 0.439328 0.848785 0.294203 0.428814 0.860093 0.27633 0.449512 0.856392 0.254031 0.489433 0.739977 0.461399 0.435336 0.778051 0.452901 0.453124 0.777034 0.436918 0.41316 0.805513 0.424791 0.430506 0.804341 0.409512 0.398321 0.827625 0.395445 0.415322 0.826377 0.380275 0.390076 0.844839 0.366181 0.406832 0.843606 0.350453 0.384854 0.859736 0.335769 0.407429 0.859521 0.308587 0.441553 0.678152 0.587487 0.367247 0.730454 0.575819 0.401461 0.733416 0.548571 0.346008 0.773001 0.53174 0.379284 0.775969 0.504 0.336274 0.807154 0.485203 0.368561 0.809949 0.45623 0.336626 0.833366 0.438389 0.367885 0.835933 0.40728 0.370538 0.642014 0.671208 0.320959 0.676311 0.663015 0.351194 0.696955 0.625233 0.300301 0.733422 0.609845 0.331626 0.752597 0.568878 0.294029 0.779947 0.552475 0.326196 0.797027 0.508276 0.30024 0.816113 0.493777 0.333092 0.830827 0.445844 0.317153 0.842632 0.435184 0.350215 0.854713 0.383165 0.342755 0.86026 0.377454 0.390462 0.874003 0.289238 0.354436 0.587732 0.727287 0.282858 0.638144 0.716075 0.317502 0.667179 0.673843 0.264308 0.705319 0.657774 0.299953 0.732794 0.610771 0.26182 0.760557 0.594141 0.298246 0.785397 0.542403 0.273219 0.803817 0.528422 0.310243 0.825494 0.471496 0.296552 0.835645 0.462336 0.333657 0.853697 0.399842 0.330688 0.855912 0.397569 0.383205 0.876439 0.291561 0.289479 0.542422 0.788658 0.223091 0.588226 0.777316 0.277433 0.619673 0.734191 0.209787 0.668206 0.713786 0.261994 0.700023 0.664324 0.214263 0.734814 0.643538 0.2646 0.765084 0.587054 0.234233 0.787477 0.570101 0.282651 0.814984 0.505876 0.267416 0.826307 0.495687 0.313682 0.850275 0.422654 0.185633 0.363135 0.913057 0.0909267 0.429854 0.898308 0.155777 0.497091 0.853601 0.0885082 0.545443 0.833461 0.1498 0.615072 0.77411 0.107795 0.645755 0.755897 0.166504 0.713089 0.681014 0.146555 0.727846 0.669897 0.202743 0.789708 0.579014 0.202048 0.790226 0.578549 0.255168 0.844467 0.47092 0.270741 0.832795 0.482858 0.319158 0.877227 0.358625 0.0851685 0.300432 0.949993 0.0264024 0.34133 0.939573 0.0909241 0.430225 0.898131 0.0293981 0.474458 0.879787 0.0902427 0.567375 0.8185 0.0557817 0.592556 0.803595 0.114393 0.683177 0.721238 0.103706 0.691091 0.715289 0.160124 0.774847 0.611532 0.170285 0.767256 0.618321 0.223651 0.840956 0.492721 0.237965 0.830419 0.503762 0.296773 0.875916 0.38039 -0.0112885 0.214048 0.976758 0.120016 0.400871 0.908239 0.0353577 0.347732 0.936927 -0.0129928 0.441138 0.897345 -0.0742891 0.539646 0.838608 -0.141054 0.626786 0.766318 -0.275922 0.762416 0.585311 -0.335463 0.810523 0.480121 -0.357851 0.888133 0.28838 -0.366635 0.880044 0.30183 -0.37448 0.878357 0.297075 -0.386828 0.867638 0.31236 -0.395835 0.865415 0.307199 -0.40328 0.859065 0.315234 -0.140362 0.823347 0.549908 -0.140491 0.820738 0.553761 0.0181108 0.647948 0.761469 0.112273 0.63674 0.762861 0.0326046 0.456625 0.889062 0.0492117 0.472481 0.879966 -0.242449 0.894864 0.37475 -0.154098 0.869765 0.468789 -0.0773041 0.825178 0.559559 -0.267389 0.922678 0.277791 -0.187407 0.871795 0.452607 -0.188093 0.887695 0.420261 -0.125828 0.85317 0.506229 -0.128486 0.840245 0.526763 -0.0720507 0.814181 0.576123 -0.0858608 0.778688 0.621508 -0.0316174 0.759031 0.650287 -0.209061 0.878351 0.429875 -0.162864 0.855135 0.492157 -0.247994 0.857811 0.450177 0.032499 0.0678906 0.997163 -0.321162 0.946026 0.0434711 -0.228918 0.832992 0.503707 -0.294537 0.905055 0.306795 -0.297784 0.906984 0.297834 -0.301121 0.908307 0.290353 -0.303508 0.909015 0.285613 -0.307796 0.909922 0.278036 -0.314218 0.910443 0.268999 -0.305896 0.910478 0.278312 0.0407746 0.700052 0.712927 -0.0308724 0.791648 0.610198 -0.061759 0.727236 0.683604 -0.045925 0.814989 0.577654 -0.179748 0.785072 0.59275 -0.190984 0.778182 0.598295 -0.194455 0.726299 0.6593 -0.21345 0.71494 0.665808 -0.219705 0.69575 0.683858 -0.186913 0.831417 0.523269 -0.186498 0.831676 0.523004 -0.197046 0.865185 0.461116 -0.201841 0.862154 0.464705 -0.233747 0.899585 0.36893 -0.246111 0.891637 0.380017 -0.288557 0.916345 0.277574 -0.346597 0.890732 0.294054 -0.347906 0.898151 0.268861 -0.34172 0.896985 0.280436 -0.330375 0.904318 0.270298 -0.342812 0.905265 0.250948 -0.386956 0.838272 0.384143 -0.441506 0.84447 0.30322 -0.417829 0.850249 0.320148 -0.206375 0.910239 0.358992 -0.206875 0.911552 0.355352 -0.210163 0.915535 0.342968 -0.116494 0.860862 0.495324 -0.114432 0.851753 0.511295 -0.135785 0.881472 0.452293 -0.00842837 0.452933 0.891505 -0.0128922 0.450154 0.892858 0.0803509 0.642949 0.761683 -0.00743574 0.555378 0.831565 0.0565337 0.701233 0.710687 -0.0214525 0.653312 0.756785 0.0193949 0.78373 0.620799 -0.0563164 0.73656 0.674024 -0.0362099 0.849887 0.52572 -0.0791905 0.519334 0.850894 -0.0583903 0.532353 0.844507 0.00429922 0.677601 0.735417 -0.0523029 0.643268 0.763852 -0.010392 0.794764 0.606829 -0.14334 0.58504 0.798237 -0.106629 0.608032 0.786719 -0.0648932 0.719082 0.691888 -0.0972665 0.699422 0.708059 -0.0772869 0.798843 0.596554 -0.114318 0.775907 0.620403 -0.107019 0.848321 0.518554 -0.1439 0.825143 0.54629 -0.149699 0.886043 0.438769 -0.186599 0.862595 0.470224 -0.204044 0.910903 0.358639 -0.239881 0.887958 0.392413 -0.267117 0.922434 0.278861 -0.210336 0.88975 0.405098 -0.26095 0.902515 0.342597 -0.280077 0.91829 0.279822 -0.200602 0.648412 0.734384 -0.156801 0.675716 0.720293 -0.131545 0.756256 0.640915 -0.143971 0.748696 0.647091 -0.135517 0.82021 0.55578 -0.155106 0.808037 0.568347 -0.15491 0.860037 0.486148 -0.269801 0.732593 0.624912 -0.227339 0.758518 0.610711 -0.227447 0.797352 0.559015 -0.210455 0.807778 0.550639 -0.219279 0.842159 0.492631 -0.213112 0.846025 0.488697 -0.224157 0.870856 0.43745 -0.22267 0.871796 0.436337 -0.252747 0.899039 0.357559 -0.257391 0.896051 0.36172 -0.296455 0.913556 0.278443 -0.326397 0.768313 0.550601 -0.278587 0.797797 0.534705 -0.270725 0.827265 0.492281 -0.258418 0.834764 0.486199 -0.25884 0.860007 0.439761 -0.254713 0.86258 0.437125 -0.258059 0.881127 0.396259 -0.25548 0.882743 0.394329 -0.275817 0.900749 0.335524 -0.275347 0.901049 0.335104 -0.305272 0.911551 0.275472 -0.381612 0.812961 0.439849 -0.338479 0.839345 0.425362 -0.336509 0.850435 0.404379 -0.316594 0.862605 0.394564 -0.318526 0.871723 0.372344 -0.306052 0.879518 0.364391 -0.309074 0.88622 0.345091 -0.298273 0.893 0.337022 -0.310429 0.898841 0.309385 -0.300883 0.904964 0.300847 -0.318271 0.907807 0.273114 -0.459166 0.824724 0.330146 -0.434896 0.830671 0.347636 -0.0137284 0.0996845 0.994924 0.102549 0.28175 0.953992 -0.439496 0.786425 0.434027 -0.427427 0.814314 0.392682 -0.421916 0.845916 0.326212 -0.396038 0.713179 0.578386 -0.400503 0.809115 0.430036 -0.350364 0.718346 0.601019 -0.339912 0.745966 0.572708 -0.324306 0.593786 0.736372 -0.298953 0.64834 0.700202 -0.236596 0.564096 0.791086 -0.144517 0.434489 0.889007 -0.208842 0.432959 0.876887 -0.130771 0.507157 0.851875 -0.16744 0.457494 0.873306 -0.135282 0.367255 0.92023 -0.128144 0.494574 0.859637 -0.046623 0.29067 0.955687 -0.0430813 0.300995 0.952652 -0.445749 0.841919 0.304107 -0.244645 0.640179 0.728231 -0.390456 0.778233 0.491831 -0.394242 0.771528 0.499318 -0.368391 0.786035 0.496426 -0.387096 0.764406 0.515596 -0.291194 0.698745 0.653423 -0.314265 0.685975 0.656259 -0.325765 0.671595 0.66546 -0.261291 0.526467 0.809049 -0.231996 0.543878 0.806458 -0.19126 0.59825 0.77815 -0.318987 0.318554 0.89262 -0.195964 0.195699 0.960885 -0.195963 0.195698 0.960886 -0.0660912 0.0660019 0.995628 -0.0660921 0.0660023 0.995628 -0.318987 0.318554 0.89262 -0.43087 0.430286 0.793225 -0.43087 0.430286 0.793225 -0.527707 0.526991 0.666187 -0.527707 0.526991 0.666188 -0.606136 0.605315 0.515939 -0.606134 0.605314 0.515943 -0.663425 0.662528 0.347742 -0.663428 0.662528 0.347737 -0.235752 0.384254 0.89262 -0.144829 0.236057 0.960886 -0.14483 0.236058 0.960885 -0.0488463 0.0796143 0.995628 -0.0488456 0.0796138 0.995628 -0.235752 0.384253 0.89262 -0.318441 0.519029 0.793224 -0.318444 0.519031 0.793222 -0.39001 0.635676 0.66619 -0.390011 0.635677 0.666188 -0.447977 0.730154 0.515938 -0.447971 0.730152 0.515946 -0.490316 0.799169 0.347734 -0.490318 0.79917 0.34773 -0.257978 0.369699 0.89262 -0.158484 0.227117 0.960885 -0.158484 0.227117 0.960885 -0.0534506 0.0765982 0.995628 -0.0534518 0.076599 0.995628 -0.257978 0.369699 0.89262 -0.348461 0.499366 0.793226 -0.348464 0.499368 0.793224 -0.426778 0.611598 0.66619 -0.426779 0.611598 0.666189 -0.49021 0.702498 0.515936 -0.490209 0.702498 0.515938 -0.536542 0.768897 0.347736 -0.536543 0.768897 0.347734 -0.279308 0.35386 0.89262 -0.171588 0.217386 0.960886 -0.171587 0.217386 0.960886 -0.057871 0.0733176 0.995628 -0.0578706 0.0733173 0.995628 -0.279309 0.35386 0.89262 -0.377275 0.477974 0.793224 -0.377272 0.477973 0.793226 -0.462063 0.585396 0.666191 -0.462064 0.585396 0.66619 -0.530739 0.672402 0.515937 -0.53074 0.672402 0.515936 -0.580905 0.735958 0.347729 -0.580901 0.735957 0.347736 -0.299668 0.336792 0.89262 -0.184095 0.206901 0.960886 -0.184096 0.206902 0.960885 -0.0620893 0.0697808 0.995628 -0.0620885 0.0697804 0.995628 -0.299668 0.336792 0.89262 -0.404774 0.45492 0.793225 -0.404775 0.45492 0.793224 -0.495747 0.557162 0.666187 -0.495744 0.557161 0.666191 -0.569424 0.639969 0.515942 -0.569427 0.63997 0.515937 -0.623248 0.700458 0.347737 -0.623253 0.700458 0.347729 -0.0562612 -0.998416 0 -0.168053 -0.985778 0 -0.168053 -0.985778 0 -0.277727 -0.96066 0 -0.277727 -0.96066 0 -0.0562612 -0.998416 0 0.0581466 -0.998308 0 0.0581466 -0.998308 0 0.173645 -0.984808 0 0.173645 -0.984808 0 0.286809 -0.957988 0 0.286809 -0.957988 0 0.96946 -0.245237 0.00248701 0.988058 -0.154067 -0.00217294 0.992393 -0.123066 0.00326063 0.999079 -0.0428075 -0.00278937 0.999993 0.000997399 0.00371961 0.997613 0.0689787 -0.00309333 0.992143 0.125052 0.00386633 0.959181 0.282788 -0.00184933 0.968964 0.247173 0.00369868 0.983677 0.179915 -0.00308305 0.964687 -0.263396 -0.00124176 0.931553 -0.363603 0.00140114 0.929257 -0.369433 0 0.930823 0.365471 0 0.926247 0.376905 0.00306136 0.268135 0.963381 0 0.370955 0.928651 0 0.370955 0.928651 0 0.268135 0.963381 0 0.16216 0.986764 0 0.16216 0.986764 0 0.0542615 0.998527 0 0.0542615 0.998527 0 0 0 1 0 0 1 0 0 1 0 0 1 0 0 1 0 0 1 0 0 1 0 0 1 0 0 1 0 0 1 0 0 1 0 0 1 0 0 1 0 0 1 0 0 1 0 0 1 0 0 1 0 0 1 0 0 1 0 0 1 0 0 1 0 0 1 0 0 1 0 0 1 0 0 1 0 0 1 0 0 1 0 0 1 0 0 1 0 0 1 0 0 1 0 0 1 0 0 1 0 0 1 0 0 1 0 0 1 0 0 1 0 0 1 0 0 1 0 0 1 0 0 1 0 0 1 0 0 1 0 0 1 0 0 1 0 0 1 0 0 1 0 0 1 0 0 1 0 0 1 0 0 1 0 0 1 0 0 1 0 0 1 0 0 1 0 0 1 0 0 1 0 0 1 0 0 1 0 0 1 0 0 1 0 0 1 0 0 1 0 0 1 0 0 1 0 0 1 0 0 1 0 0 1 0 0 1 0 0 1 0 0 1 0 0 1 0 0 1 0 0 1 0 0 1 0 0 1 0 0 1 0 0 1 0 0 1 0 0 1 0 0 1 0 0 1 0 0 1 0 0 1 0 0 1 0 0 1 0 0 1 0 0 1 -0.697386 0.716696 0 -0.697386 0.716696 0 -0.857067 0.515205 0 -0.857067 0.515205 0 -0.960091 0.279688 0 -0.960091 0.279688 0 -0.999671 0.0256535 0 -0.999671 0.0256535 0 -0.973173 -0.230073 0 -0.973173 -0.230073 0 -0.88235 -0.470593 0 -0.88235 -0.470593 0 -0.733212 -0.68 0 -0.733212 -0.68 0 -0.535616 -0.844461 0 -0.535616 -0.844461 0 0.113204 -0.993572 0 0.113204 -0.993572 0 0.333802 -0.942643 0 0.333802 -0.942643 0 0.537306 -0.843388 0 0.537306 -0.843388 0 0.713253 -0.700906 0 0.713253 -0.700906 0 0.852639 -0.522501 0 0.852639 -0.522501 0 0.906308 0.422618 0 0.906308 0.422618 0 0.906308 0.422617 6.7386e-06 0.906308 0.422618 0 0.852639 0.522501 0 0.852639 0.522501 0 0.713253 0.700906 0 0.713253 0.700906 0 0.537306 0.843388 0 0.537306 0.843388 0 0.333802 0.942643 0 0.333802 0.942643 0 0.113204 0.993572 0 0.113204 0.993572 0 -0.115736 0.99328 0 -0.115736 0.99328 0 -0.341018 0.940057 0 -0.341018 0.940057 0 -0.547996 0.836481 0 -0.547996 0.836481 0 -0.725639 0.688076 0 -0.725639 0.688076 0 0.0911017 -0.995842 0 0.0911017 -0.995842 0 0.270301 -0.962776 0 0.270301 -0.962776 0 0.440502 -0.897752 0 0.440502 -0.897752 0 0.596098 -0.802911 0 0.596098 -0.802911 0 0.731899 -0.681413 0 0.731899 -0.681413 0 0.843392 -0.537299 0 0.843392 -0.537299 0 0.926887 -0.375342 0 0.926887 -0.375342 0 0.979606 -0.200929 0 0.979606 -0.200929 0 0.999803 -0.0198273 0 0.999803 -0.0198273 0 0.986805 0.161915 0 0.986805 0.161915 0 0.941039 0.338298 0 0.941039 0.338298 0 0.939693 -0.34202 0 0.766037 -0.642797 0 0.766037 -0.642797 0 0.499998 -0.866026 0 0.499998 -0.866026 0 0.173658 -0.984806 0 0.173658 -0.984806 0 0.939693 -0.34202 0 1 0 0 1 0 0 0.939693 0.34202 0 0.939693 0.34202 0 0.766045 0.642786 0 0.766045 0.642786 0 0.499998 0.866026 0 0.499998 0.866026 0 0.173638 0.98481 0 0.173638 0.98481 0 -0.939693 0.34202 0 -0.766056 0.642774 0 -0.766056 0.642774 0 -0.499998 0.866026 0 -0.499998 0.866026 0 -0.173635 0.98481 0 -0.173635 0.98481 0 -0.939693 0.34202 0 -1 0 0 -1 0 0 -0.939693 -0.34202 0 -0.939693 -0.34202 0 -0.766047 -0.642785 0 -0.766047 -0.642785 0 -0.499998 -0.866026 0 -0.499998 -0.866026 0 -0.173655 -0.984807 0 -0.173655 -0.984807 0 -0.422618 0.906308 0 -0.422618 0.906308 0 -0.422617 0.906308 6.7386e-06 -0.422618 0.906308 0 -0.535616 0.844461 0 -0.535616 0.844461 0 -0.733212 0.68 0 -0.733212 0.68 0 -0.88235 0.470593 0 -0.88235 0.470593 0 -0.973173 0.230073 0 -0.973173 0.230073 0 -0.999671 -0.0256535 0 -0.999671 -0.0256535 0 -0.960091 -0.279688 0 -0.960091 -0.279688 0 -0.857067 -0.515205 0 -0.857067 -0.515205 0 -0.697386 -0.716696 0 -0.697386 -0.716696 0 -0.725639 -0.688076 0 -0.725639 -0.688076 0 -0.547996 -0.836481 0 -0.547996 -0.836481 0 -0.341018 -0.940057 0 -0.341018 -0.940057 0 -0.115736 -0.99328 0 -0.115736 -0.99328 0 0.939693 -0.34202 0 0.766045 -0.642786 0 0.766045 -0.642786 0 0.499998 -0.866026 0 0.499998 -0.866026 0 0.173638 -0.98481 0 0.173638 -0.98481 0 0.939693 -0.34202 0 1 0 0 1 0 0 0.939693 0.34202 0 0.939693 0.34202 0 0.766037 0.642797 0 0.766037 0.642797 0 0.499998 0.866026 0 0.499998 0.866026 0 0.173658 0.984806 0 0.173658 0.984806 0 -0.939693 0.34202 0 -0.766047 0.642785 0 -0.766047 0.642785 0 -0.499998 0.866026 0 -0.499998 0.866026 0 -0.173655 0.984807 0 -0.173655 0.984807 0 -0.939693 0.34202 0 -1 0 0 -1 0 0 -0.939693 -0.34202 0 -0.939693 -0.34202 0 -0.766056 -0.642774 0 -0.766056 -0.642774 0 -0.499998 -0.866026 0 -0.499998 -0.866026 0 -0.173635 -0.98481 0 -0.173635 -0.98481 0 0.258824 0.965925 0 0.258824 0.965925 0 0.0871546 0.996195 0 0.0871546 0.996195 0 0 0 1 0 0 1 0 0 1 0 0 1 0 0 1 0 0 1 0 0 1 0 0 1 0 0 1 0 0 1 0 0 1 0 0 1 0 0 1 0 0 1 0 0 1 0 0 1 0 0 1 0 0 1 0 0 1 0 0 1 0 0 1 0 0 1 0 0 1 0 0 1 0 0 1 0 0 1 0 0 1 0 0 1 0 0 1 0 0 1 0 0 1 0 0 1 0 0 1 0 0 1 0 0 1 0 0 1 0 0 1 0 0 1 0 0 1 0 0 1 0 0 1 0 0 1 0 0 1 0 0 1 0 0 1 0 0 1 0 0 1 0 0 1 0 0 1 0 0 1 0 0 1 0 0 1 0 0 1 0 0 1 0 0 1 0 0 1 0 0 1 0 0 1 0 0 1 0 0 1 0 0 1 0 0 1 0 0 1 0 0 1 0 0 1 0 0 1 0 0 1 0 0 1 0 0 1 0 0 1 0 0 1 0 0 1 0.626982 -0.779034 0 0.626982 -0.779034 0 0.799507 -0.600656 0 0.799507 -0.600656 0 0.922796 -0.38529 0 0.922796 -0.38529 0 0.989257 -0.146189 0 0.989257 -0.146189 0 0.994792 0.101929 0 0.994792 0.101929 0 0.939064 0.343743 0 0.939064 0.343743 0 0.8255 0.564403 0 0.8255 0.564403 0 0.661093 0.750304 0 0.661093 0.750304 0 0.455979 0.88999 0 0.455979 0.88999 0 -0.7446 -0.667511 0 -0.7446 -0.667511 0 -0.564606 -0.825361 0 -0.564606 -0.825361 0 -0.35225 -0.935906 0 -0.35225 -0.935906 0 -0.119698 -0.99281 0 -0.119698 -0.99281 0 0.108561 -0.99409 0 0.108561 -0.99409 0 0.320613 -0.94721 0 0.320613 -0.94721 0 0.517519 -0.855672 0 0.517519 -0.855672 0 0.690026 -0.723785 0 0.690026 -0.723785 0 0 1 0 0 1 0 -0.0989985 0.995088 0 -0.0989985 0.995088 0 -0.293131 0.956072 0 -0.293131 0.956072 0 -0.475764 0.879573 0 -0.475764 0.879573 0 -0.639742 0.76859 0 -0.639742 0.76859 0 -0.778647 0.627462 0 -0.778647 0.627462 0 -0.887009 0.461752 0 -0.887009 0.461752 0 -0.960602 0.277929 0 -0.960602 0.277929 0 -0.996533 0.0832027 0 -0.996533 0.0832027 0 -0.993391 -0.114779 0 -0.993391 -0.114779 0 -0.951303 -0.308258 0 -0.951303 -0.308258 0 -0.871911 -0.489665 0 -0.871911 -0.489665 0 -0.819153 -0.573576 0 -0.819153 -0.573576 0 -0.819152 -0.573576 -7.96457e-07 -0.819153 -0.573576 0 0.708675 0.0932915 -0.69934 0.705532 0 -0.708678 0.273619 0.660592 -0.699107 0.567906 0.435773 -0.698272 0.527341 0.465597 -0.710726 0.433088 -0.564408 -0.702765 0.273467 -0.660232 -0.699507 0.410356 -0.571616 -0.710537 0.65284 -0.272254 -0.706879 0.565199 -0.433696 -0.701753 0.553566 -0.441568 -0.706103 0.62284 0.324736 -0.71177 0.66165 0.274066 -0.697931 0.684703 0.148671 -0.713497 0.297312 0.640173 -0.708367 0.43411 0.565739 -0.701062 0.428667 0.573826 -0.697831 0.24231 -0.662479 -0.708807 0.0931374 -0.707395 -0.700655 0.0806463 -0.704803 -0.704804 0.654054 -0.27092 -0.706269 0.702385 -0.108484 -0.703482 0.708675 -0.0932914 -0.69934 0.138036 0.6899 -0.710622 0.0293921 0.736418 -0.675888 0.092695 0.704062 -0.704063 -0.708674 -0.093304 -0.699339 -0.705531 0 -0.708679 -0.273619 -0.660597 -0.699102 -0.568835 -0.436484 -0.697071 -0.51376 -0.481895 -0.709809 -0.433087 0.564408 -0.702765 -0.273468 0.660223 -0.699515 -0.410333 0.571624 -0.710545 -0.608698 -0.34206 -0.715878 -0.661656 -0.274058 -0.697929 -0.684707 -0.148671 -0.713493 -0.297305 -0.640184 -0.70836 -0.434113 -0.565745 -0.701055 -0.428683 -0.573814 -0.697831 -0.652832 0.272264 -0.706883 -0.565198 0.433693 -0.701756 -0.553573 0.44156 -0.706104 -0.654062 0.270912 -0.706265 -0.70239 0.108481 -0.703477 -0.708674 0.0933041 -0.699339 -0.242334 0.662468 -0.708809 -0.0931337 0.707394 -0.700657 -0.080647 0.704803 -0.704804 -0.138028 -0.689907 -0.710617 -0.029372 -0.736429 -0.675877 -0.0926986 -0.704062 -0.704062 0.939693 -0.34202 0 0.766056 -0.642774 0 0.766056 -0.642774 0 0.499998 -0.866026 0 0.499998 -0.866026 0 0.173635 -0.98481 0 0.173635 -0.98481 0 0.939693 -0.34202 0 1 0 0 1 0 0 0.939693 0.34202 0 0.939693 0.34202 0 0.766047 0.642785 0 0.766047 0.642785 0 0.499998 0.866026 0 0.499998 0.866026 0 0.173655 0.984807 0 0.173655 0.984807 0 -0.939693 0.34202 0 -0.766037 0.642797 0 -0.766037 0.642797 0 -0.499998 0.866026 0 -0.499998 0.866026 0 -0.173658 0.984806 0 -0.173658 0.984806 0 -0.939693 0.34202 0 -1 0 0 -1 0 0 -0.939693 -0.34202 0 -0.939693 -0.34202 0 -0.766045 -0.642786 0 -0.766045 -0.642786 0 -0.499998 -0.866026 0 -0.499998 -0.866026 0 -0.173638 -0.98481 0 -0.173638 -0.98481 0 -0.0723184 0.0688309 0.995004 -0.00508013 0.0293553 0.999556 -0.672623 0.653136 0.347839 -0.664356 0.682115 0.305533 -0.101923 0.150653 0.983319 -0.136798 -0.00979621 0.990551 -0.0184508 0.192587 0.981107 -0.0310231 0.0650577 0.997399 -0.326744 0.310371 0.892697 -0.43477 0.426218 0.793292 0.173628 0.581622 0.794714 -0.526626 0.528102 0.666164 -0.511863 0.526836 0.678557 -0.0421536 0.957009 0.286977 -0.647121 0.655788 0.388814 -0.592381 0.619075 0.515588 -0.616885 0.609597 0.497839 -0.600978 0.611062 0.515198 -0.0100649 0.985241 0.170875 -0.353292 0.915261 0.193604 -0.246486 0.953199 0.17509 -0.231992 0.962497 0.140639 -0.157614 0.977412 0.140796 -0.152344 0.977689 0.144621 -0.0288541 0.0584032 0.997876 -0.0245318 0.0640369 0.997646 -0.123626 0.139326 0.982499 -0.123785 0.147895 0.981226 -0.181255 0.210981 0.960538 -0.18133 0.238183 0.954143 -0.161489 0.233873 0.958762 -0.158361 0.260542 0.952386 -0.13956 0.254647 0.956911 -0.133433 0.280899 0.950416 -0.11028 0.271155 0.956197 -0.106121 0.298334 0.948544 -0.078473 0.29331 0.952791 -0.0948316 0.839185 0.535514 -0.0384372 0.914586 0.40256 -0.0495507 0.874837 0.481877 -0.0549763 0.880893 0.470112 -0.0385673 0.0493038 0.998039 -0.0419052 0.0491904 0.99791 -0.043073 0.0443259 0.998088 -0.22977 0.159455 0.960094 -0.219873 0.2158 0.95136 -0.240284 0.256002 0.936337 -0.214548 0.277977 0.936321 -0.216717 0.285133 0.933667 -0.188186 0.304712 0.933668 -0.189607 0.31247 0.930812 -0.159287 0.328968 0.93081 -0.159891 0.33722 0.927749 -0.127834 0.350631 0.927748 -0.127527 0.359199 0.924507 -0.0942493 0.369328 0.924508 -0.0929626 0.377897 0.921169 -0.0759763 0.309113 0.947986 -0.0118054 0.321514 0.946831 -0.0207047 0.317105 0.948164 -0.0851294 0.379501 0.921266 -0.0455442 0.438454 0.897599 -0.0856024 0.461992 0.882743 -0.0909878 0.562932 0.82148 -0.077972 0.553832 0.828969 -0.119141 0.663593 0.738546 -0.0892421 0.63655 0.766055 -0.451836 0.481041 0.751295 -0.404033 0.52185 0.751285 -0.405795 0.535503 0.740653 -0.353975 0.571062 0.740669 -0.354085 0.585608 0.729169 -0.299309 0.615402 0.729174 -0.297671 0.630538 0.716808 -0.240026 0.654653 0.71681 -0.236508 0.669984 0.703694 -0.177007 0.688092 0.703703 -0.171534 0.703064 0.690128 -0.110725 0.715167 0.690128 -0.10344 0.729522 0.676091 -0.118909 0.727543 0.675679 -0.0443399 0.757103 0.651789 -0.578146 0.697711 0.423022 -0.53657 0.701626 0.468843 -0.530132 0.736377 0.420368 -0.476053 0.77261 0.420056 -0.477596 0.784353 0.395844 -0.39929 0.826953 0.395873 -0.399354 0.838826 0.369984 -0.317264 0.87318 0.37 -0.315772 0.88478 0.342713 -0.23133 0.910503 0.34274 -0.228248 0.921328 0.314734 -0.142355 0.938434 0.314764 -0.137877 0.948258 0.286 -0.0426331 0.957304 0.285923 -0.0482695 0.970713 0.235342 -0.517699 0.813159 0.266008 -0.576424 0.772664 0.265943 -0.574559 0.776624 0.258335 -0.618848 0.721915 0.309621 -0.615766 0.730524 0.295241 -0.400912 0.88967 0.218534 -0.425661 0.881769 0.203213 -0.449111 0.861702 0.236156 -0.481962 0.842851 0.239406 -0.506552 0.817291 0.274664 -0.288484 0.929023 0.23172 -0.338842 0.92525 0.170584 -0.305553 0.895306 0.324138 -0.33196 0.902416 0.274677 -0.112492 0.987864 0.107095 -0.0824141 0.990826 0.107107 -0.0638979 0.9939 0.0898846 -0.0444552 0.994952 0.089964 -0.017293 0.998257 0.0564339 -0.0306272 0.0587287 0.997804 -0.0354372 0.0535868 0.997934 -0.0353617 0.0561967 0.997793 -0.0231338 0.0635884 0.997708 -0.0170359 0.0669329 0.997612 -0.0166215 0.0679228 0.997552 -0.0926555 0.196724 0.976071 -0.0515644 0.205204 0.97736 -0.05394 0.199075 0.978499 -0.0749149 0.192117 0.978508 -0.0763496 0.185884 0.979601 -0.0939209 0.17746 0.979636 -0.0950569 0.172278 0.980451 -0.109529 0.163412 0.980459 -0.110041 0.158425 0.98122 -0.297073 0.303737 0.905258 -0.259733 0.33574 0.905438 -0.261461 0.344985 0.901456 -0.227899 0.368016 0.901458 -0.228584 0.377961 0.897159 -0.193011 0.397316 0.897155 -0.192576 0.407786 0.892538 -0.155034 0.423493 0.892535 -0.153372 0.434258 0.887636 -0.114492 0.446089 0.887635 -0.111546 0.456734 0.882582 -0.346628 0.368182 0.862723 -0.309402 0.399974 0.862723 -0.311482 0.410778 0.856878 -0.271392 0.438288 0.856884 -0.272246 0.449895 0.850574 -0.229763 0.473006 0.850573 -0.229301 0.485233 0.843783 -0.184473 0.503987 0.843782 -0.182574 0.516504 0.836595 -0.136176 0.530624 0.836597 -0.132754 0.54304 0.829147 -0.405206 0.41962 0.812236 -0.356714 0.461214 0.812427 -0.359056 0.473311 0.804398 -0.312715 0.50511 0.804409 -0.31367 0.51809 0.795735 -0.264578 0.544796 0.795736 -0.264048 0.558433 0.786404 -0.212288 0.580088 0.786405 -0.210134 0.594043 0.776502 -0.156582 0.610341 0.776509 -0.152722 0.624097 0.766276 -0.0507256 0.811092 0.582715 -0.114282 0.804677 0.582611 -0.122246 0.790188 0.600549 -0.189717 0.77676 0.600543 -0.195788 0.761489 0.617901 -0.261915 0.741361 0.617887 -0.265925 0.725579 0.63468 -0.330071 0.698742 0.634676 -0.332085 0.683023 0.650538 -0.393122 0.649822 0.650528 -0.393261 0.634637 0.665268 -0.451071 0.594965 0.665246 -0.449426 0.580623 0.678892 -0.547671 0.583256 0.59989 -0.489648 0.632768 0.599875 -0.490959 0.647288 0.583075 -0.427811 0.690628 0.583105 -0.427248 0.70586 0.564996 -0.360647 0.742088 0.565013 -0.358135 0.757699 0.545556 -0.288271 0.786931 0.545564 -0.283708 0.802436 0.524981 -0.211815 0.824324 0.525 -0.205159 0.839132 0.503754 -0.131947 0.853703 0.503768 -0.123401 0.867521 0.481851 -0.0505288 0.925157 0.376205 -0.130673 0.917277 0.3762 -0.139708 0.90492 0.401996 -0.217675 0.889401 0.401975 -0.224894 0.875838 0.427003 -0.301636 0.852469 0.42698 -0.306809 0.837984 0.451276 -0.38152 0.806724 0.451264 -0.384664 0.791867 0.474321 -0.45603 0.753047 0.474296 -0.457202 0.738348 0.495791 -0.524974 0.691829 0.495756 -0.524224 0.677673 0.515701 -0.38339 0.87545 0.294277 -0.40975 0.828082 0.382603 -0.409984 0.849409 0.33229 -0.490632 0.805536 0.332254 -0.489601 0.794835 0.358507 -0.545418 0.757491 0.358784 -0.547439 0.749996 0.371237 -0.591735 0.715642 0.371088 -0.590902 0.706804 0.388926 -0.0658437 0.974646 0.213844 -0.140711 0.966712 0.2137 -0.145282 0.958669 0.244634 -0.233302 0.941138 0.2446 -0.236629 0.931919 0.274833 1 0 0 1 -1.29734e-06 3.76284e-05 1 -4.43653e-07 2.55052e-05 1 0 0 1 0 0 1 0 0 1 0 0 1 0 0 1 0 0 1 0 0 1 0 0 1 0 0 1 0 0 1 0 0 1 0 0 1 4.69022e-07 9.1215e-05 1 2.44127e-06 2.31259e-05 1 4.56034e-07 -0.00010249 1 0 -6.70563e-05 0.460157 0.883954 0.082957 0.460137 0.883978 0.0828084 0.44755 0.859673 0.246293 0.447541 0.859719 0.246152 0.548866 -0.835898 -0.0044397 0.453952 -0.890951 0.0115943 -0.0941078 -0.995557 -0.00327463 -0.156408 -0.987477 0.020649 -0.648091 -0.761476 -0.0115074 -0.706731 -0.70675 0.0321682 -0.810888 -0.584838 -0.0206173 -0.890466 -0.453718 0.0347835 0.890985 -0.453983 0.00673168 0.938158 -0.346203 -0.00195356 0.982553 -0.185959 0.00289641 0.998253 -0.0568567 0.0160469 0.987688 -0.156439 0 0.707092 -0.707092 0.00648311 0.720759 -0.69318 0.0029426 0.847876 -0.530191 -0.00222944 0.156444 -0.987676 0.00454887 0.141778 -0.989837 0.0110237 0.34666 -0.937972 -0.0059108 -0.45394 -0.8909 0.0153338 -0.48858 -0.87154 0.0413216 -0.334157 -0.942378 -0.0162026 -0.98769 -0.156426 0 -0.991692 -0.125091 0.0299815 -0.928885 -0.369912 -0.0183586 -0.664912 -0.686767 0.293672 -0.689255 -0.635548 0.347859 -0.0820184 -0.0490572 0.995423 -0.0968224 -0.17329 0.9801 -0.0490432 -0.115601 0.992084 -0.208484 -0.182391 0.960868 -0.208849 -0.413041 0.886442 -0.161108 -0.345738 0.924397 -0.266245 -0.52173 0.810501 -0.232277 -0.492212 0.838913 -0.320185 -0.317296 0.892639 -0.43508 -0.425894 0.793297 -0.323213 -0.681885 0.656175 -0.386727 -0.781001 0.490387 -0.375231 -0.776024 0.506941 -0.409524 -0.832904 0.372237 -0.388451 -0.816337 0.427434 -0.617999 -0.652639 0.438338 -0.600774 -0.610733 0.515825 -0.424497 -0.879174 0.216461 -0.398607 -0.87837 0.263779 -0.388107 -0.903529 0.181681 -0.438709 -0.874302 0.207678 -0.473641 -0.84187 0.258688 -0.511285 -0.825911 0.237612 -0.547058 -0.785702 0.288789 -0.561 -0.779994 0.277288 -0.0949658 -0.188763 0.97742 -0.208427 -0.415555 0.885366 -0.266255 -0.55987 0.784636 -0.351469 -0.732038 0.583601 -0.395789 -0.85065 0.346044 -0.448763 -0.822056 0.350479 -0.485366 -0.77895 0.39706 -0.522379 -0.768027 0.370481 -0.556312 -0.716158 0.421467 -0.567144 -0.712239 0.413598 -0.605311 -0.680017 0.413732 -0.215926 -0.235275 0.94764 -0.192193 -0.255527 0.947506 -0.200455 -0.257085 0.94537 -0.167769 -0.279592 0.945348 -0.176434 -0.282062 0.943033 -0.156964 -0.292776 0.94321 -0.126195 -0.268461 0.954989 -0.354497 -0.709465 0.60909 -0.422027 -0.671901 0.608639 -0.401984 -0.669189 0.624976 -0.480997 -0.614836 0.624995 -0.462223 -0.613765 0.640034 -0.550047 -0.537415 0.639245 -0.512047 -0.542823 0.665696 -0.642569 -0.702656 0.30558 -0.611061 -0.739197 0.283182 -0.609608 -0.739956 0.284329 -0.0436693 -0.0458027 0.997996 -0.0377461 -0.0508592 0.997992 -0.0386846 -0.0510278 0.997948 -0.0331362 -0.0560298 0.997879 -0.0340712 -0.0562302 0.997836 -0.0406973 -0.0525739 0.997787 -0.0180551 -0.0375037 0.999133 -0.121447 -0.147197 0.981623 -0.114762 -0.152902 0.981555 -0.119614 -0.153817 0.980833 -0.100121 -0.167244 0.980819 -0.105192 -0.1687 0.980038 -0.313247 -0.316958 0.895217 -0.267873 -0.355856 0.895327 -0.279431 -0.357906 0.890967 -0.233807 -0.389313 0.890938 -0.24597 -0.392609 0.886204 -0.382733 -0.414144 0.825833 -0.339491 -0.450855 0.825515 -0.35405 -0.453086 0.818146 -0.296134 -0.492942 0.818116 -0.311503 -0.496674 0.810111 -0.455925 -0.494491 0.740008 -0.404896 -0.537644 0.739593 -0.421897 -0.539582 0.728597 -0.352746 -0.587159 0.72857 -0.370801 -0.590741 0.716611 -0.310866 -0.62392 0.716998 -0.30378 -0.620191 0.723244 -0.587131 -0.611745 0.530137 -0.51009 -0.677399 0.530037 -0.529868 -0.676985 0.510815 -0.442626 -0.736992 0.510808 -0.463866 -0.738064 0.489989 -0.0480594 -0.116014 0.992084 -0.00851976 -0.0689525 0.997584 -0.123449 -0.33555 0.933899 0.00495713 -0.262937 0.9648 -0.105431 -0.277197 0.955011 -0.0621889 -0.197386 0.978351 -0.0598967 -0.374007 0.92549 -0.102968 -0.330843 0.938052 -0.122178 -0.777975 0.616301 -0.260823 -0.708102 0.656173 -0.110543 -0.809537 0.576567 -0.280791 -0.761877 0.583695 -0.25852 -0.729654 0.633065 -0.297837 -0.808802 0.507082 -0.278712 -0.786053 0.551762 -0.151118 -0.947127 0.283045 -0.322243 -0.883647 0.339599 -0.114745 -0.978396 0.171972 -0.343805 -0.918919 0.193355 -0.35813 -0.895617 0.263842 -0.293428 -0.935697 0.195889 -0.317961 -0.931348 0.17746 -0.365839 -0.912776 0.181665 -0.0141745 -0.039135 0.999133 -0.110712 -0.192694 0.974993 -0.0602461 -0.203319 0.977257 -0.215468 -0.602375 0.768582 -0.238085 -0.648019 0.723455 -0.296675 -0.827459 0.476756 -0.13138 -0.955567 0.263876 -0.273633 -0.916818 0.290809 -0.314004 -0.884216 0.345779 -0.00510002 -0.0293453 0.999556 -0.0552175 -0.0600417 0.996668 0.0255247 -0.141713 0.989579 -0.0913156 -0.992505 0.0812091 -0.168749 -0.982226 0.0821967 -0.111015 -0.986009 0.124348 -0.0871213 -0.449835 0.888852 -0.0209092 -0.530091 0.847683 -0.0826055 -0.492818 0.866203 -0.0988255 -0.582314 0.806935 -0.0834873 -0.610053 0.78795 -0.102448 -0.644143 0.758013 -0.101644 -0.677555 0.728414 -0.131824 -0.358029 0.924358 -0.155862 -0.437725 0.885496 -0.159551 -0.420259 0.893267 -0.177737 -0.514921 0.83861 -0.187834 -0.480663 0.856552 -0.19706 -0.588503 0.784112 -0.216176 -0.538299 0.814556 -0.235864 -0.665163 0.708468 -0.167435 -0.685857 0.708213 -0.181461 -0.695911 0.694824 -0.0957395 -0.712942 0.694656 -0.108913 -0.723106 0.682097 -0.130982 -0.836832 0.531561 -0.122509 -0.882909 0.45328 -0.126484 -0.878123 0.461412 -0.139114 -0.912412 0.384904 -0.133337 -0.924989 0.355833 -0.305712 -0.850843 0.427324 -0.31605 -0.855371 0.41043 -0.217285 -0.885615 0.410454 -0.232295 -0.893324 0.384722 -0.257367 -0.953282 0.158165 -0.207079 -0.965511 0.157817 -0.229354 -0.963026 0.141347 -0.159192 -0.977088 0.141271 -0.18214 -0.975368 0.124428 -0.126773 -0.510559 0.850446 -0.144148 -0.560886 0.815248 -0.142469 -0.573426 0.806774 -0.159185 -0.619623 0.768588 -0.157381 -0.633051 0.757943 -0.128322 -0.499158 0.856957 -0.110433 -0.445054 0.888669 -0.111845 -0.434987 0.893463 -0.0830667 -0.34418 0.935222 -0.0875491 -0.335532 0.937952 -0.0493159 -0.205573 0.977398 -0.0520506 -0.200487 0.978313 -0.0158769 -0.0680396 0.997556 -0.0167974 -0.0664237 0.99765 -0.215632 -0.864762 0.45353 -0.21823 -0.851501 0.476782 -0.203357 -0.822268 0.531527 -0.208443 -0.80754 0.551752 -0.18892 -0.764542 0.616267 -0.19359 -0.749514 0.63305 -0.154436 -0.947248 0.28084 -0.246079 -0.927775 0.280499 -0.189121 -0.918792 0.346488 -0.0590787 -0.782083 0.620367 -0.0945965 -0.838282 0.536968 -0.0290443 -0.996419 0.0794129 -0.0119828 -0.995729 0.0915444 -0.0772259 -0.726746 0.682551 -0.0581735 -0.814896 0.576681 -0.0470215 -0.933384 0.355787 -0.0159629 -0.951894 0.306011 -0.0355314 -0.971064 0.23616 -0.0472457 -0.963429 0.263767 -0.0487227 -0.878438 0.475366 -0.0539523 -0.885494 0.461509 -0.0325065 -0.921502 0.387011 -0.0821521 -0.981667 0.171991 -0.0528628 -0.9953 0.0811416 -0.0641175 -0.99374 0.0914916 0.0434831 -0.995956 -0.0786244 0.043487 -0.995955 -0.0786268 0.130127 -0.988375 -0.0786268 0.130117 -0.988377 -0.0786207 0.215767 -0.973275 -0.0786207 0.215771 -0.973274 -0.0786233 0.299776 -0.950764 -0.0786233 0.299778 -0.950764 -0.0786243 0.3815 -0.921019 -0.0786243 0.381495 -0.921021 -0.078621 0.46032 -0.884265 -0.0786211 0.46032 -0.884265 -0.0786211 0.535633 -0.840783 -0.0786211 0.535637 -0.84078 -0.0786246 0.606878 -0.790896 -0.0786246 0.606877 -0.790897 -0.0786237 0.673496 -0.734997 -0.0786238 0.673496 -0.734997 -0.078624 0.734997 -0.673496 -0.078624 0.734997 -0.673496 -0.0786238 0.790896 -0.606878 -0.0786237 0.790897 -0.606877 -0.0786246 0.840783 -0.535633 -0.0786246 0.84078 -0.535638 -0.0786211 0.884265 -0.46032 -0.0786211 0.884265 -0.46032 -0.0786211 0.921019 -0.3815 -0.078621 0.921021 -0.381495 -0.0786243 0.950764 -0.299776 -0.0786243 0.950764 -0.299778 -0.0786233 0.973275 -0.215766 -0.0786233 0.973274 -0.215771 -0.0786207 0.988375 -0.130127 -0.0786207 0.988376 -0.130117 -0.0786268 0.995955 -0.0434831 -0.0786268 0.995955 -0.043487 -0.0786244 0.995956 0.0434831 -0.0786244 0.995955 0.043487 -0.0786268 0.988375 0.130127 -0.0786268 0.988377 0.130117 -0.0786207 0.973275 0.215767 -0.0786207 0.973274 0.215771 -0.0786233 0.950764 0.299776 -0.0786233 0.950764 0.299778 -0.0786243 0.921019 0.3815 -0.0786243 0.921021 0.381495 -0.078621 0.884265 0.46032 -0.0786211 0.884265 0.46032 -0.0786211 0.840783 0.535633 -0.0786211 0.84078 0.535637 -0.0786246 0.790896 0.606878 -0.0786246 0.790897 0.606877 -0.0786237 0.734997 0.673496 -0.0786238 0.734997 0.673496 -0.078624 0.673496 0.734997 -0.078624 0.673496 0.734997 -0.0786238 0.606878 0.790896 -0.0786237 0.606877 0.790897 -0.0786246 0.535633 0.840783 -0.0786246 0.535638 0.84078 -0.0786211 0.46032 0.884265 -0.0786211 0.46032 0.884265 -0.0786211 0.3815 0.921019 -0.078621 0.381495 0.921021 -0.0786243 0.299776 0.950764 -0.0786243 0.299778 0.950764 -0.0786233 0.215766 0.973275 -0.0786233 0.215771 0.973274 -0.0786207 0.130127 0.988375 -0.0786207 0.130117 0.988376 -0.0786268 0.0434831 0.995955 -0.0786268 0.043487 0.995955 -0.0786244 -0.0434831 0.995956 -0.0786244 -0.043487 0.995955 -0.0786268 -0.130127 0.988375 -0.0786268 -0.130117 0.988377 -0.0786207 -0.215767 0.973275 -0.0786207 -0.215771 0.973274 -0.0786233 -0.299776 0.950764 -0.0786233 -0.299778 0.950764 -0.0786243 -0.3815 0.921019 -0.0786243 -0.381495 0.921021 -0.078621 -0.46032 0.884265 -0.0786211 -0.46032 0.884265 -0.0786211 -0.535633 0.840783 -0.0786211 -0.535637 0.84078 -0.0786246 -0.606878 0.790896 -0.0786246 -0.606877 0.790897 -0.0786237 -0.673496 0.734997 -0.0786238 -0.673496 0.734997 -0.078624 -0.734997 0.673496 -0.078624 -0.734997 0.673496 -0.0786238 -0.790896 0.606878 -0.0786237 -0.790897 0.606877 -0.0786246 -0.840783 0.535633 -0.0786246 -0.84078 0.535638 -0.0786211 -0.884265 0.46032 -0.0786211 -0.884265 0.46032 -0.0786211 -0.921019 0.3815 -0.078621 -0.921021 0.381495 -0.0786243 -0.950764 0.299776 -0.0786243 -0.950764 0.299778 -0.0786233 -0.973275 0.215766 -0.0786233 -0.973274 0.215771 -0.0786207 -0.988375 0.130127 -0.0786207 -0.988376 0.130117 -0.0786268 -0.995955 0.0434831 -0.0786268 -0.995955 0.043487 -0.0786244 -0.995956 -0.0434831 -0.0786244 -0.995955 -0.043487 -0.0786268 -0.988375 -0.130127 -0.0786268 -0.988377 -0.130117 -0.0786207 -0.973275 -0.215767 -0.0786207 -0.973274 -0.215771 -0.0786233 -0.950764 -0.299776 -0.0786233 -0.950764 -0.299778 -0.0786243 -0.921019 -0.3815 -0.0786243 -0.921021 -0.381495 -0.078621 -0.884265 -0.46032 -0.0786211 -0.884265 -0.46032 -0.0786211 -0.840783 -0.535633 -0.0786211 -0.84078 -0.535637 -0.0786246 -0.790896 -0.606878 -0.0786246 -0.790897 -0.606877 -0.0786237 -0.734997 -0.673496 -0.0786238 -0.734997 -0.673496 -0.078624 -0.673496 -0.734997 -0.078624 -0.673496 -0.734997 -0.0786238 -0.606878 -0.790896 -0.0786237 -0.606877 -0.790897 -0.0786246 -0.535633 -0.840783 -0.0786246 -0.535638 -0.84078 -0.0786211 -0.46032 -0.884265 -0.0786211 -0.46032 -0.884265 -0.0786211 -0.3815 -0.921019 -0.078621 -0.381495 -0.921021 -0.0786243 -0.299776 -0.950764 -0.0786243 -0.299778 -0.950764 -0.0786233 -0.215766 -0.973275 -0.0786233 -0.215771 -0.973274 -0.0786207 -0.130127 -0.988375 -0.0786207 -0.130117 -0.988376 -0.0786268 -0.0434831 -0.995955 -0.0786268 -0.043487 -0.995955 -0.0786244 -0.479553 -0.877085 0.0273996 -0.60019 -0.799661 0.0177201 -0.530388 -0.847752 0.00211842 -0.59952 -0.799725 0.0318716 -0.472149 -0.881002 0.0301821 -0.717626 -0.696226 0.0168157 -0.672244 -0.740328 0.00140578 -0.725094 -0.688066 0.028349 -0.600022 -0.799358 0.0316374 -0.832253 -0.553906 0.0233133 -0.717415 -0.695867 0.032948 -0.95812 -0.286293 0.00652123 -0.893007 -0.449934 0.00989949 -0.991044 -0.133234 0.00892411 -0.959907 -0.280291 0.00405879 -0.970598 -0.239119 0.027599 -0.958066 -0.286127 0.0155067 -0.999785 0.0183642 0.0096337 -0.994397 -0.105712 -0.000349636 -0.991029 -0.133194 0.0109863 -0.990111 0.140239 0.00379153 -0.99922 0.0393032 0.00386716 -0.933858 0.357547 0.00838341 -0.931408 0.363906 -0.00714597 -0.923546 0.383486 0.00112139 -0.917918 0.396764 0.00236068 -0.160928 -0.986426 0.0326519 -0.114317 -0.993043 0.0282232 -0.0937433 -0.995519 0.0123969 -0.0595403 -0.998186 0.00893995 -0.19119 -0.981529 0.00680348 -0.279456 -0.959987 -0.0181775 -0.181219 -0.982987 0.029946 -0.363636 -0.931526 -0.00529487 -0.296297 -0.954822 0.0228739 -0.472361 -0.881397 -0.00387476 -0.40191 -0.915049 0.0339738 -0.36333 -0.931036 0.0341017 -0.27871 -0.958679 0.0570495 -0.3734 -0.927603 0.0111743 -0.190708 -0.980481 0.0478247 -0.266449 -0.963713 0.016183 -0.81893 -0.572884 0.0340168 -0.819207 -0.573325 0.0140557 -0.795535 -0.605904 0.00191382 -0.900404 -0.435047 0.00243406 -0.900326 -0.43475 0.0201327 -0.915229 -0.401782 0.0304479 -0.997042 -0.0731352 0.0236294 -0.997626 0.068813 -0.00258224 -0.999599 0.0185952 0.021354 -0.982586 0.185802 0.00174039 -0.989872 0.14055 0.0199855 -0.955422 0.295176 -0.00632207 -0.972233 0.232994 0.021841 -0.96354 0.26755 -0.0027125 -0.988243 0.151645 0.0194672 -0.972512 0.232176 -0.0177684 -0.765873 -0.640886 0.051994 -0.724936 -0.687726 0.0387393 -0.852839 -0.519481 0.0529714 -0.765511 -0.640234 0.0639715 -0.905342 -0.421209 0.0542058 -0.96382 -0.264284 0.034701 -0.915095 -0.401532 0.0370482 -0.953522 -0.296504 0.0536835 -0.91938 -0.390825 0.0446834 -0.970631 -0.239186 0.0257986 -0.963653 -0.263929 0.0414009 -0.977618 0.209903 0.0142594 -0.997409 0.0696124 0.0181353 -0.955297 0.295614 0.0044569 -0.951117 0.308487 0.0145673 -0.977724 0.209662 0.00993401 -0.917895 0.396807 0.00349987 -0.787086 -0.615024 0.0473349 -0.919634 -0.391448 0.0322898 -0.997115 0.0740394 0.0167156 -0.982086 0.1867 0.0254953 -0.980515 0.195803 0.0158831 -0.996815 0.074659 0.0280255 -0.998195 0.0467268 0.0377232 -0.923101 0.384364 0.012178 -0.93029 0.366826 -0.00024165 -0.910858 0.412699 0.00423862 -0.599361 -0.799415 0.0412723 -0.478472 -0.875094 0.0726256 -0.548197 -0.835715 0.0325719 -0.372394 -0.925809 0.0648141 -0.447145 -0.893965 0.0298068 -0.265291 -0.961534 0.0712298 -0.365056 -0.93072 0.0222392 -0.159907 -0.984102 0.0772867 -0.245369 -0.968839 0.0338314 -0.627674 -0.775693 0.0657658 -0.547539 -0.83447 0.0621313 -0.556296 -0.828937 0.0582903 -0.44607 -0.892078 0.0722418 -0.479643 -0.87552 0.0583678 -0.363793 -0.928652 0.0725301 -0.379226 -0.922906 0.0665701 -0.238454 -0.969132 0.0626357 -0.259206 -0.964324 0.0537779 -0.662377 -0.747167 0.0547529 -0.662354 -0.747123 0.055633 -0.706993 -0.703979 0.0676422 -0.85372 -0.5181 0.0522985 -0.853864 -0.518384 0.0468413 -0.832079 -0.553481 0.0361016 -0.999361 -0.0206769 0.0291672 -0.999468 -0.0209009 0.0250503 -0.997152 -0.0733685 0.0174378 -0.990403 -0.134234 0.0329221 -0.990119 -0.133727 0.0422143 -0.990427 -0.131122 0.0431439 0 0 1 0 0 1 0 0 1 0 0 1 0 0 1 0 0 1 0 0 1 0 0 1 0 0 1 0 0 1 0 0 1 0 0 1 0 0 1 0 0 1 0 0 1 0 0 1 0 0 1 0 0 1 0 0 1 0 0 1 0 0 1 0 0 1 0 0 1 0 0 1 0 0 1 0 0 1 0 0 1 0 0 1 0 0 1 0 0 1 0 0 1 0 0 1 0 0 1 0 0 1 0 0 1 0 0 1 0 0 1 0 0 1 0 0 1 0 0 1 0 0 1 0 0 1 0 0 1 0 0 1 0 0 1 0 0 1 0 0 1 0 0 1 0 0 1 0 0 1 0 0 1 0 0 1 0 0 1 0 0 1 0 0 1 0 0 1 0 0 1 0 0 1 0 0 1 0 0 1 0 0 1 0 0 1 0 0 1 0 0 1 0 0 1 0 0 1 0 0 1 0 0 1 0 0 1 0 0 1 0.690026 0.723785 0 0.690026 0.723785 0 0.517519 0.855672 0 0.517519 0.855672 0 0.320613 0.94721 0 0.320613 0.94721 0 0.108561 0.99409 0 0.108561 0.99409 0 -0.119698 0.99281 0 -0.119698 0.99281 0 -0.35225 0.935906 0 -0.35225 0.935906 0 -0.564606 0.825361 0 -0.564606 0.825361 0 -0.7446 0.667511 0 -0.7446 0.667511 0 0 -1 0 0 -1 0 0.0871546 -0.996195 0 0.0871546 -0.996195 0 0.258824 -0.965925 0 0.258824 -0.965925 0 0.342019 -0.939693 0 0.342079 -0.939671 -0.000297749 0.342019 -0.939693 0 0.342021 -0.939692 -1.81278e-06 0.342018 -0.939693 0 0.455979 -0.88999 0 0.455979 -0.88999 0 0.661093 -0.750304 0 0.661093 -0.750304 0 0.8255 -0.564403 0 0.8255 -0.564403 0 0.939064 -0.343743 0 0.939064 -0.343743 0 0.994792 -0.101929 0 0.994792 -0.101929 0 0.989257 0.146189 0 0.989257 0.146189 0 0.922796 0.38529 0 0.922796 0.38529 0 0.799507 0.600656 0 0.799507 0.600656 0 0.626982 0.779034 0 0.626982 0.779034 0 0.939693 -0.34202 0 0.766047 -0.642785 0 0.766047 -0.642785 0 0.499998 -0.866026 0 0.499998 -0.866026 0 0.173655 -0.984807 0 0.173655 -0.984807 0 0.939693 -0.34202 0 1 0 0 1 0 0 0.939693 0.34202 0 0.939693 0.34202 0 0.766056 0.642774 0 0.766056 0.642774 0 0.499998 0.866026 0 0.499998 0.866026 0 0.173635 0.98481 0 0.173635 0.98481 0 -0.939693 0.34202 0 -0.766045 0.642786 0 -0.766045 0.642786 0 -0.499998 0.866026 0 -0.499998 0.866026 0 -0.173638 0.98481 0 -0.173638 0.98481 0 -0.939693 0.34202 0 -1 0 0 -1 0 0 -0.939693 -0.34202 0 -0.939693 -0.34202 0 -0.766037 -0.642797 0 -0.766037 -0.642797 0 -0.499998 -0.866026 0 -0.499998 -0.866026 0 -0.173658 -0.984806 0 -0.173658 -0.984806 0 0.0926985 0.704061 -0.704063 0.110155 0.695554 -0.709979 0.110171 -0.695546 -0.709985 0.0926951 -0.704063 -0.704062 0.273242 0.659689 -0.700106 0.435872 0.568035 -0.698106 0.317747 0.623609 -0.714247 0.568035 0.435872 -0.698106 0.493884 0.493884 -0.715652 0.659682 0.273251 -0.70011 0.623608 0.317747 -0.714248 0.704063 0.0926844 -0.704063 0.695548 0.110158 -0.709985 0.65968 -0.27325 -0.700112 0.695547 -0.11016 -0.709986 0.568032 -0.43587 -0.69811 0.623605 -0.317747 -0.71425 0.43587 -0.568033 -0.698109 0.493884 -0.493879 -0.715655 0.273243 -0.659684 -0.700111 0.317745 -0.623605 -0.714251 0.704063 -0.0926844 -0.704063 -0.0926951 -0.704063 -0.704062 -0.110171 -0.695546 -0.709985 -0.110155 0.695554 -0.709979 -0.0926985 0.704061 -0.704063 -0.273244 -0.659683 -0.700111 -0.435868 -0.568033 -0.69811 -0.317747 -0.623605 -0.714251 -0.56803 -0.435867 -0.698113 -0.493888 -0.493872 -0.715657 -0.659683 -0.273241 -0.700112 -0.623602 -0.317746 -0.714253 -0.704062 -0.0926968 -0.704063 -0.695546 -0.110171 -0.709985 -0.659685 0.273241 -0.700111 -0.695547 0.110169 -0.709984 -0.568033 0.435869 -0.698109 -0.623605 0.317745 -0.714251 -0.435871 0.568036 -0.698106 -0.493888 0.493877 -0.715654 -0.273243 0.659689 -0.700106 -0.317749 0.623608 -0.714247 -0.704062 0.0926968 -0.704063 -0.16289 0.986644 0.000930523 -0.0545182 0.998512 -0.00110383 -0.0591743 0.998248 0 -0.176687 0.984265 -0.00186152 -0.282788 0.95918 0.00220726 -0.269341 0.963044 -0.0011044 -0.376906 0.926251 0.00101677 -0.372583 0.927999 0 -0.870865 -0.491522 -1.62119e-05 -0.871061 -0.491174 3.52281e-05 -0.890768 -0.454458 -9.31743e-06 -0.89294 -0.450176 -0.000332286 -0.893125 -0.449808 -0.000365937 -0.892788 -0.450478 -0.000113699 -0.892769 -0.450515 0 -0.837346 -0.546673 0 -0.837269 -0.546791 1.82593e-05 -0.977414 -0.210287 0.0210188 -0.955287 -0.295647 0.00446069 -0.953704 -0.30026 0.0170931 -0.985037 -0.170862 0.0225329 -0.977761 -0.209569 0.00803237 -0.990402 0.134236 0.0329364 -0.997155 0.073334 0.0174408 -0.970631 0.239185 0.0258109 -0.977307 0.205239 0.0524291 -0.990414 0.134261 0.0324768 -0.906569 0.417585 0.0612794 -0.832098 0.553452 0.0361105 -0.830465 0.553646 0.0616797 -0.85383 0.518295 0.0484233 -0.662393 0.747152 0.0547636 -0.724942 0.687719 0.0387511 -0.547761 0.834813 0.0551857 -0.599377 0.799402 0.0412786 -0.585351 0.80773 0.0702578 -0.662332 0.747037 0.0570247 -0.479251 0.876478 0.0458702 -0.547672 0.83465 0.0584439 -0.265879 0.96273 0.0495928 -0.160822 0.986251 0.0380187 -0.982375 -0.186323 0.014946 -0.853869 0.518375 0.0468467 -0.688177 0.722432 0.0671115 -0.9179 -0.396799 0.00328713 -0.920839 -0.389737 0.0126551 -0.925513 -0.378646 0.00724324 -0.910332 -0.413683 -0.0127434 -0.997816 -0.0597402 0.028169 -0.996929 -0.0744644 0.0242606 -0.997115 -0.0740497 0.0167111 -0.997411 -0.0695878 0.0181423 -0.999468 0.0209113 0.0250485 -0.999328 0.0206249 0.0303106 -0.997941 0.0509912 0.0389161 -0.919252 0.390566 0.0493321 -0.919638 0.391438 0.0322937 -0.9151 0.40152 0.0370515 -0.963828 0.264255 0.0347046 -0.963711 0.263998 0.0395858 -0.948625 0.312845 0.0473197 -0.765875 0.640883 0.0520078 -0.765796 0.640731 0.0549608 -0.765024 0.641615 0.0553891 -0.36108 0.9301 0.0673459 -0.364028 0.929012 0.0664884 -0.364526 0.929888 0.0492891 -0.372862 0.926677 0.047376 -0.446674 0.893193 0.0518473 -0.445926 0.891846 0.0758996 -0.472286 0.879126 0.0638963 -0.216962 0.974173 0.0625695 -0.220444 0.973575 0.0596296 -0.25495 0.965711 0.0490141 0.45188 -0.868021 0.205775 0.435217 -0.853658 0.286102 0.447524 -0.859686 0.246297 0.461352 -0.886249 0.0414395 0.450976 -0.883876 0.124035 0.460131 -0.883967 0.0829571 -0.706722 0.706719 0.0330549 -0.613286 0.789681 -0.0168569 -0.998958 0.045645 0 -0.987228 0.156354 0.0305828 -0.97643 0.215614 -0.00976906 -0.915163 0.403014 0.00749376 -0.890444 0.453707 0.035504 -0.803609 0.594233 -0.0331622 -0.396741 0.917153 0.0377686 -0.453991 0.891001 -0.00318883 -0.215371 0.976531 0.00180454 -0.156386 0.987478 0.0207563 -0.0243155 0.99966 -0.00941868 0.162487 0.986594 0.0152017 0.156409 0.987598 0.0136237 0.285464 0.958382 -0.00373989 0.481933 0.876147 0.010327 0.453981 0.891007 0.00276367 0.606474 0.795103 -0.000668366 0.723161 0.690636 0.00770018 0.707113 0.707091 0.00376681 0.825592 0.564266 -0.00141846 0.90498 0.425374 0.00827575 0.890999 0.45399 0.00375827 0.965127 0.261773 -0.00218667 0.996778 0.080208 0 0.987668 0.156436 0.00638403 0.45686 0.832402 0.313666 0.438171 0.864536 0.246138 0.439702 0.89432 0.0827866 0.463683 0.884876 0.0446444 0.482174 0.83611 0.261588 0.496625 0.802971 0.329548 0.452882 0.862206 0.226935 0.490361 0.851476 0.185833 0.467141 0.873656 0.13603 0.477692 0.868095 0.134985 0.468997 0.870663 0.148284 0.484675 0.862475 0.145694 0.47501 0.865242 0.160383 0.471501 0.866744 0.162609 0.482158 0.868944 0.111622 0.468963 0.881971 0.0469163 0.47089 0.881055 0.044775 0.467833 0.882304 0.0516936 0.463156 0.884727 0.0523864 0.467844 0.883027 0.0372144 0.44597 0.793809 0.413496 0.465989 0.791558 0.395335 0.506735 0.797678 0.327 0.456104 0.816025 0.355068 0.486842 0.816398 0.310612 0.483145 0.835326 0.2623 0.477182 0.838363 0.263524 0.493348 0.835599 0.241623 0.466645 0.849534 0.246039 0.482693 0.846658 0.224002 0.137507 0.722334 0.677736 -0.0348531 0.816228 0.576678 -0.209182 0.783863 0.584638 -0.381341 0.727258 0.570679 0.206977 0.70967 0.673445 0.133809 0.823105 0.5519 -0.244943 0.609475 0.754018 -0.272381 0.607453 0.746197 -0.0860187 0.659714 0.746578 -0.118578 0.66061 0.741305 0.0458922 0.688447 0.723833 -0.871333 0.104732 0.479386 -0.895491 0.0974696 0.434277 -0.711719 0.30905 0.630828 -0.80377 0.293361 0.517584 -0.519731 0.40843 0.750376 -0.700923 0.399667 0.59074 -0.379302 0.491967 0.783644 -0.577683 0.498107 0.646662 -0.422002 0.536707 0.730657 -0.867423 0.319984 0.381034 -0.887866 0.300013 0.348835 -0.773164 0.443854 0.453002 -0.800039 0.426503 0.42194 -0.65399 0.556566 0.512379 -0.683693 0.543768 0.486704 -0.514933 0.653447 0.554843 -0.542212 0.646173 0.537091 -0.361116 0.730011 0.580241 -0.904099 0.13927 0.40399 -0.9164 0.0854195 0.391042 -0.934248 0.140201 0.32791 -0.942115 0.094264 0.321766 -0.95654 0.147809 0.251363 -0.963444 0.101583 0.247903 0.424609 0.68996 0.586227 0.42803 0.694949 0.577786 0.38832 0.725369 0.568372 0.39798 0.728288 0.557862 0.387361 0.762328 0.518466 0.373467 0.760179 0.531649 0.374163 0.790414 0.485023 0.359654 0.788724 0.498562 0.193329 0.748249 0.634623 0.18211 0.745381 0.641283 0.169183 0.785841 0.594837 0.156051 0.783095 0.602006 0.146077 0.820105 0.553254 0.0288306 0.736818 0.675476 0.014328 0.730959 0.682271 -0.000598976 0.777576 0.628788 -0.0167915 0.771633 0.635847 -0.0286772 0.815535 0.577997 -0.134192 0.704595 0.696806 -0.151892 0.695376 0.702411 -0.168265 0.746347 0.643935 -0.187338 0.736853 0.649579 -0.200173 0.784041 0.587546 -0.289077 0.65452 0.698597 -0.30925 0.640957 0.702523 -0.32671 0.695166 0.640316 -0.347742 0.681216 0.644221 -0.439331 0.585606 0.681215 -0.460963 0.567017 0.682645 -0.479102 0.623178 0.618151 -0.501234 0.603943 0.619691 -0.578271 0.499871 0.644773 -0.600258 0.476189 0.642599 -0.618475 0.532455 0.57791 -0.640403 0.50798 0.576055 -0.701116 0.400261 0.590108 -0.721888 0.371335 0.583942 -0.739721 0.426353 0.520611 -0.759846 0.396564 0.515142 -0.802979 0.290864 0.520215 -0.821111 0.257721 0.50927 -0.837908 0.30954 0.449549 -0.854842 0.275467 0.43973 0.285792 0.641167 0.712199 -0.627976 0.219809 0.746546 -0.546607 0.352957 0.759369 -0.80114 0.0801944 0.593079 -0.705932 0.218676 0.673677 -0.823339 0.0720639 0.562957 -0.326508 0.458375 0.826611 0.436685 0.656828 0.614722 0.481143 0.667143 0.568701 0.390433 0.621339 0.679338 0.474779 0.638724 0.605489 -0.133064 0.530313 0.837295 -0.18941 0.549714 0.813596 0.0979249 0.554705 0.826264 -0.0531553 0.637281 0.768796 0.208034 0.576672 0.790045 -0.516368 0.400011 0.757202 -0.482452 0.428263 0.764088 -0.460313 0.371133 0.806456 -0.353608 0.461127 0.813832 -0.698367 0.274227 0.661122 -0.65484 0.28639 0.699403 -0.86306 0.0832314 0.498198 -0.843075 0.0942542 0.529473 -0.341593 0.49716 0.797588 -0.377924 0.48841 0.786529 -0.193932 0.56123 0.804619 -0.225002 0.556519 0.799788 -0.0422039 0.610367 0.790994 -0.0669495 0.60874 0.79054 0.179337 0.651427 0.737212 0.163172 0.654775 0.738 0.257505 0.48426 0.836172 0.343154 0.510695 0.788312 0.311748 0.573811 0.757333 0.222262 0.575542 0.786989 -0.53531 0.179042 0.825462 -0.411565 0.264415 0.87218 -0.518164 0.281459 0.807643 -0.72857 0.0481142 0.683279 -0.571105 0.165142 0.804094 -0.567159 0.260653 0.781275 -0.700233 0.0600452 0.711385 0.505259 0.518534 0.689808 0.492006 0.514966 0.701955 0.475975 0.559786 0.678297 0.497232 0.590635 0.635539 0.493123 0.59191 0.637551 -0.744228 0.0900956 0.661821 -0.81702 0.0561137 0.573873 -0.681256 0.157453 0.714912 -0.323823 0.397024 0.858784 -0.327932 0.39614 0.857633 -0.0456727 0.497868 0.86605 -0.119295 0.495149 0.860579 0.103997 0.538454 0.836213 -0.220645 0.330433 0.917676 -0.294553 0.321678 0.899868 -0.0305443 0.416761 0.908503 -0.0149062 0.418276 0.908198 0.161244 0.477655 0.863624 0.00626876 0.352356 0.935845 -0.202821 0.282624 0.937543 0.510772 0.44039 0.738355 0.552027 0.463407 0.693196 0.522455 0.472729 0.709625 -0.638729 0.0495147 0.767837 -0.689962 0.0325177 0.723115 -0.505116 0.13108 0.853039 -0.553626 0.117966 0.824368 -0.348544 0.211844 0.913038 -0.38887 0.203156 0.898614 -0.175213 0.287125 0.941732 0.369644 0.4393 0.818766 0.354341 0.439469 0.825415 0.188623 0.403968 0.895115 0.185864 0.403822 0.895758 -0.00613361 0.350993 0.936358 -0.328424 0.0350854 0.943878 -0.345915 0.0253652 0.937923 0.467412 0.398947 0.788903 -0.33192 0.164323 0.928885 -0.454783 0.00913711 0.890555 0.525133 0.397934 0.752252 0.173239 0.186476 0.967065 -0.131388 0.086729 0.98753 -0.157287 0.235655 0.959024 0.00188088 0.127674 0.991814 -0.00860843 0.12795 0.991743 0.168764 0.163027 0.972081 0.140089 0.166478 0.976043 0.276131 0.193605 0.941419 0.0566046 0.302517 0.951462 0.0242618 0.300644 0.953428 0.276044 0.352169 0.894302 0.202827 0.355267 0.912495 0.376564 0.375196 0.847011 -0.49097 0.0908678 0.866425 -0.380525 0.151835 0.912221 -0.365337 0.105049 0.924929 -0.338066 0.121766 0.933212 -0.325857 0.0812683 0.94192 -0.294919 0.0953359 0.950754 -0.284847 0.0584669 0.956788 -0.257962 0.0683505 0.963734 -0.252352 0.0479172 0.966448 -0.166892 0.0843154 0.982364 -0.627941 0.0189693 0.778029 -0.564287 0.0637782 0.823112 -0.55235 0.0244179 0.833255 -0.512804 0.0507727 0.857003 -0.504596 0.0201027 0.863122 -0.49088 0.0280604 0.870775 -0.425006 0.0242924 0.904865 0.405211 0.233267 0.883963 0.272 0.209469 0.939222 0.224488 0.195624 0.954639 0.483374 0.347913 0.803309 0.44472 0.329351 0.832918 0.45521 0.292989 0.840798 0.432433 0.283931 0.855795 0.365395 0.236259 0.900371 0.215334 0.230237 0.949011 0.274935 0.254777 0.927092 0.262854 0.296179 0.918252 0.289537 0.309706 0.905677 -0.00985049 0.132555 0.991127 0.0545192 0.15643 0.986183 0.0451141 0.191584 0.980439 0.0759947 0.204649 0.975881 0.0629634 0.248826 0.966499 0.0722255 0.253792 0.964559 -0.135482 0.10178 0.985538 -0.117547 0.108391 0.987134 -0.127705 0.145961 0.981013 -0.128795 0.145485 0.980941 -0.141915 0.18944 0.971582 -0.15205 0.183659 0.971159 -0.168285 0.233944 0.957575 -0.225424 -0.642272 0.732578 -0.138575 0.0189153 0.990171 -0.177609 0.0248996 0.983786 -0.251099 0.0188177 0.967778 -0.249065 0.0209676 0.96826 -0.131929 0.0779935 0.988186 -0.147655 0.0725062 0.986378 -0.148649 0.0710909 0.986331 -0.156511 0.0705548 0.985153 -0.158166 0.0686628 0.985022 -0.163756 0.0679894 0.984155 -0.116584 0.119361 0.985982 -0.182621 0.0600385 0.981349 -0.109681 0.14191 0.983784 -0.0820934 0.186935 0.978936 -0.156417 0.0269015 0.987325 -0.179404 0.0214471 0.983542 -0.131824 0.0783037 0.988176 -0.21127 0.0235763 0.977143 -0.220362 0.0128892 0.975333 -0.221849 0.0243911 0.974776 -0.165989 0.0680583 0.983776 -0.163319 0.0684503 0.984196 -0.288258 0.0182684 0.957379 -0.26768 0.0228051 0.963238 -0.290738 0.0253225 0.956468 -0.324118 0.0201229 0.945803 -0.167038 0.0710658 0.983386 -0.163295 0.0717336 0.983966 -0.0657469 0.179373 0.981582 -0.066645 0.177088 0.981936 -0.0502387 0.164099 0.985164 -0.0510771 0.162816 0.985334 -0.0238953 0.16252 0.986416 0.163811 0.180594 0.96982 0.0910986 0.141176 0.985784 0.0819349 0.167608 0.982443 0.0486479 0.142928 0.988537 0.0382217 0.16786 0.98507 0.00695195 0.142792 0.989728 -0.00314836 0.170033 0.985433 -0.0370218 0.135543 0.99008 -0.094787 0.135007 0.9863 -0.0973719 0.128449 0.986924 -0.0917484 0.123904 0.988044 -0.092188 0.123328 0.988075 -0.0854708 0.114358 0.989756 -0.0802623 0.119547 0.989579 -0.074377 0.108767 0.991281 -0.0616093 0.118628 0.991026 -0.0569838 0.107493 0.992571 -0.0407517 0.11912 0.992043 -0.0368767 0.107967 0.99347 0.00175716 0.12811 0.991758 -0.0445758 -0.864556 0.500555 0.124526 -0.864626 0.486739 -0.219776 -0.837815 0.499765 -0.0539734 -0.861133 0.505507 -0.391879 -0.781799 0.484996 -0.232657 -0.830892 0.50546 0.125292 -0.864778 0.486272 0.118042 -0.913422 0.38952 0.11802 -0.91342 0.389533 -0.061202 -0.915587 0.397435 -0.0580571 -0.916546 0.395694 -0.24024 -0.887795 0.392561 -0.23964 -0.888091 0.39226 -0.410375 -0.832679 0.371805 -0.417507 -0.827697 0.374974 -0.569777 -0.74893 0.338317 -0.977436 -0.115636 0.176771 -0.973436 -0.15154 0.171634 -0.905212 -0.319574 0.280114 -0.895907 -0.34371 0.281449 -0.818342 -0.456165 0.349614 -0.808729 -0.473647 0.348735 -0.702645 -0.581989 0.409365 -0.693147 -0.594729 0.40724 -0.56193 -0.68949 0.456988 -0.552253 -0.699287 0.453888 -0.402541 -0.773777 0.489112 -0.986654 -0.128547 0.0999473 -0.982931 -0.159624 0.091468 -0.920509 -0.3442 0.184903 -0.911535 -0.367945 0.183632 -0.837922 -0.487865 0.244692 -0.825389 -0.510271 0.24157 -0.724048 -0.621598 0.298949 -0.710162 -0.63948 0.294509 -0.581927 -0.737346 0.343047 0.352155 -0.86347 0.361119 0.35247 -0.863252 0.361331 0.357438 -0.822889 0.441692 0.351789 -0.826779 0.438954 -0.721246 -0.336978 0.605186 -0.797659 -0.417619 0.435125 -0.681482 -0.535513 0.498807 -0.540433 -0.63925 0.547075 -0.784605 -0.239936 0.571687 -0.885641 -0.291972 0.361098 -0.399871 -0.546965 0.735481 -0.419441 -0.530281 0.736798 -0.540479 -0.46387 0.701931 -0.558495 -0.444855 0.700134 -0.684293 -0.353239 0.637939 0.418549 -0.705329 0.572126 0.391631 -0.700211 0.596934 0.144011 -0.706238 0.693173 0.196554 -0.73969 0.643603 -0.0752259 -0.631382 0.771815 0.034397 -0.721629 0.691425 -0.234645 -0.582521 0.77821 -0.127669 -0.686738 0.715606 -0.269777 -0.600515 0.75273 0.370861 -0.789852 0.488463 0.359795 -0.788529 0.498768 0.145492 -0.822225 0.550252 0.134419 -0.820469 0.555664 -0.0288559 -0.816529 0.576583 -0.0344251 -0.814683 0.578884 -0.200494 -0.785716 0.585194 -0.208553 -0.781777 0.587648 -0.362153 -0.73444 0.573971 -0.380159 -0.722567 0.577387 -0.516431 -0.660151 0.545435 0.379938 -0.754913 0.53456 0.362802 -0.762316 0.535957 0.411065 -0.72553 0.551934 -0.870307 -0.102385 0.48175 -0.894552 -0.0987016 0.435931 -0.896435 -0.117993 0.427178 -0.922872 -0.10353 0.370929 -0.929049 -0.122483 0.349093 -0.946972 -0.109605 0.302046 -0.951886 -0.133469 0.275861 -0.967003 -0.115754 0.22695 -0.799846 -0.281765 0.529957 -0.823999 -0.266167 0.500181 -0.835244 -0.3008 0.460312 -0.857277 -0.283512 0.429764 -0.869078 -0.328068 0.370237 -0.698014 -0.39151 0.59958 -0.724596 -0.379486 0.575283 -0.737061 -0.417877 0.531149 -0.762124 -0.404422 0.505579 -0.774955 -0.452582 0.441151 -0.575486 -0.492043 0.65323 -0.602631 -0.483382 0.634963 -0.616054 -0.524788 0.587431 -0.642373 -0.515004 0.567563 -0.655771 -0.564836 0.500924 -0.436736 -0.578623 0.688809 -0.462909 -0.573456 0.675917 -0.476759 -0.616267 0.626829 -0.502933 -0.610275 0.612064 -0.286881 -0.648613 0.704982 -0.310809 -0.646274 0.696942 -0.324684 -0.689302 0.647644 -0.349115 -0.686516 0.63782 -0.1323 -0.699679 0.702101 -0.153198 -0.699701 0.697818 -0.166584 -0.741357 0.650108 -0.188381 -0.741276 0.644222 0.0304437 -0.732552 0.68003 0.0132958 -0.734664 0.678301 0.000974399 -0.77313 0.634246 -0.0176741 -0.77551 0.631088 0.19459 -0.745036 0.63801 0.181351 -0.748079 0.63835 0.170396 -0.782373 0.599048 0.155362 -0.786024 0.598356 -0.705706 -0.218611 0.673935 0.0750762 -0.613062 0.786459 0.285849 -0.641 0.712327 -0.176195 -0.51613 0.838192 0.433435 -0.666262 0.606819 0.456274 -0.654349 0.603027 0.442365 -0.633402 0.634913 0.492789 -0.592852 0.636934 -0.348481 -0.448272 0.823172 -0.333382 -0.476205 0.813686 -0.527827 -0.305324 0.792576 -0.485142 -0.436208 0.757865 -0.627778 -0.219707 0.746742 -0.0667654 -0.608512 0.790731 -0.042009 -0.610139 0.79118 -0.0215523 -0.558075 0.829511 -0.142146 -0.553543 0.8206 -0.826133 -0.0798693 0.557787 -0.787941 -0.101938 0.607254 -0.858877 -0.085472 0.505 -0.862886 -0.0831953 0.498504 -0.19588 -0.566346 0.800552 -0.222818 -0.551163 0.804097 -0.343923 -0.503527 0.792577 -0.37525 -0.481944 0.791781 -0.482158 -0.428136 0.764345 -0.516113 -0.39986 0.757456 -0.660971 -0.303632 0.68624 -0.69145 -0.257822 0.674852 0.163316 -0.654546 0.738172 0.179444 -0.651206 0.737381 0.208129 -0.576481 0.79016 -0.535156 -0.178964 0.825579 -0.681038 -0.15741 0.715129 -0.75077 -0.109468 0.65143 -0.566987 -0.260536 0.781439 0.257584 -0.484097 0.836242 0.1613 -0.477487 0.863706 0.104102 -0.538253 0.836329 0.343219 -0.510538 0.788386 0.311818 -0.573619 0.75745 0.222356 -0.575346 0.787106 0.505241 -0.518391 0.689929 0.486322 -0.610062 0.625552 -0.807088 -0.0329646 0.58951 0.517957 -0.57742 0.631115 0.4643 -0.589543 0.660958 0.492 -0.514825 0.702063 -0.725924 -0.0419121 0.686497 -0.703291 -0.0690641 0.707539 -0.571001 -0.165052 0.804186 -0.0508685 -0.511106 0.858011 -0.112441 -0.477766 0.871261 -0.323934 -0.39768 0.858439 -0.327315 -0.394962 0.858411 -0.517923 -0.281362 0.807831 -0.0289384 -0.412682 0.910415 -0.0158373 -0.420884 0.906976 -0.22739 -0.348961 0.909131 -0.289189 -0.308566 0.906177 -0.411417 -0.264311 0.872282 -0.176848 -0.292086 0.939899 -0.00526434 -0.348809 0.937179 -0.685918 -0.0225501 0.727329 -0.642259 -0.060321 0.76411 -0.550117 -0.109125 0.827927 -0.508244 -0.140594 0.84966 -0.386061 -0.196126 0.901383 -0.351015 -0.219363 0.910312 -0.20096 -0.277878 0.939361 0.505636 -0.454288 0.733454 0.526434 -0.461132 0.7143 0.355383 -0.436496 0.826544 0.368775 -0.441821 0.817801 0.186091 -0.403183 0.895998 0.1885 -0.404294 0.894994 0.00554163 -0.354466 0.935053 0.118644 -0.153516 0.980998 0.0011808 -0.129957 0.991519 -0.451441 -0.0101339 0.892244 -0.422251 -0.0239852 0.906161 -0.627818 -0.0189366 0.77813 -0.00780703 -0.12474 0.992159 0.0265934 -0.293893 0.955468 0.173046 -0.186404 0.967114 -0.164588 -0.0760966 0.983423 -0.134342 -0.097809 0.986096 -0.323068 -0.0167032 0.946228 -0.25912 -0.0726652 0.963108 -0.348797 -0.0237216 0.936898 -0.167613 -0.231948 0.958179 -0.157995 -0.237892 0.958355 -0.377628 -0.142916 0.914862 -0.335561 -0.174791 0.92566 -0.490877 -0.0908324 0.866481 0.165996 -0.171814 0.971043 0.268848 -0.192182 0.943815 0.229975 -0.197215 0.953005 0.411794 -0.23422 0.880663 0.360475 -0.232876 0.903231 0.470556 -0.388085 0.792444 0.520727 -0.411092 0.748229 0.278061 -0.345784 0.896167 0.368805 -0.398368 0.839813 0.207902 -0.340188 0.917087 0.439862 -0.289333 0.850181 0.456214 -0.28986 0.841338 0.441312 -0.339186 0.830781 0.486155 -0.338556 0.805626 -0.481248 -0.027636 0.876149 -0.505456 -0.0229956 0.862546 -0.509737 -0.0404707 0.859378 -0.555182 -0.0337181 0.831045 -0.563913 -0.0638594 0.823362 -0.257305 -0.0659818 0.964075 -0.285332 -0.0601517 0.956539 -0.293734 -0.090861 0.951559 -0.326953 -0.0849373 0.941216 -0.336024 -0.114981 0.934809 -0.36728 -0.111088 0.923453 -0.135839 -0.103327 0.985328 -0.117242 -0.10725 0.987295 -0.127654 -0.145761 0.98105 -0.128843 -0.145563 0.980923 -0.141188 -0.186912 0.972178 -0.152712 -0.185792 0.970649 -0.011405 -0.138078 0.990356 0.0555809 -0.152385 0.986757 0.043935 -0.195912 0.979637 0.0770504 -0.200957 0.976565 0.0623023 -0.250976 0.965986 0.0728772 -0.251679 0.965063 0.0548448 -0.307882 0.949842 0.291344 -0.303605 0.907162 0.260852 -0.302682 0.9167 0.276944 -0.247506 0.928463 0.212937 -0.238759 0.947445 0.224414 -0.195576 0.954667 -0.0602372 -0.15413 0.986213 -0.153739 -0.0351352 0.987487 -0.188465 -0.0104094 0.982025 -0.248166 -0.0223384 0.96846 -0.282813 -0.0198474 0.95897 -0.131872 -0.0780304 0.988191 -0.131754 -0.0783756 0.988179 -0.147523 -0.0725984 0.986391 -0.148535 -0.0711573 0.986344 -0.156425 -0.0706176 0.985162 -0.158114 -0.0686866 0.985029 -0.163716 -0.0680104 0.98416 -0.107062 -0.117724 0.987258 -0.13521 -0.166183 0.976781 -0.131324 -0.151832 0.979643 -0.124336 -0.0806707 0.988955 -0.141364 0.0085284 0.989921 -0.0589416 -0.188542 0.980295 -0.0847822 -0.16021 0.983435 -0.051486 -0.182735 0.981813 0.16631 -0.1707 0.971186 0.0862482 -0.153219 0.984421 0.0840688 -0.159498 0.983612 0.0443113 -0.151639 0.987442 0.0399399 -0.162119 0.985963 0.0044124 -0.150414 0.988613 -0.00342381 -0.160312 0.987061 -0.0299646 -0.152136 0.987905 -0.0204674 -0.175379 0.984288 -0.251659 -0.0184847 0.967639 -0.224204 -0.0241233 0.974244 -0.219096 -0.0175014 0.975546 -0.218619 -0.0177306 0.975649 -0.18433 -0.0281927 0.98246 -0.166803 -0.0704945 0.983467 -0.163464 -0.0721741 0.983906 -0.308444 -0.0253544 0.950905 -0.323253 -0.0173364 0.946154 -0.162143 -0.0696681 0.984305 -0.165757 -0.0674981 0.983854 -0.280451 -0.0214678 0.959628 -0.0933297 -0.134285 0.986538 -0.0985664 -0.129313 0.986693 -0.0917008 -0.12377 0.988065 -0.0922992 -0.123373 0.988059 -0.086493 -0.115626 0.98952 -0.0796852 -0.118362 0.989768 -0.0760053 -0.111625 0.99084 -0.060682 -0.116116 0.99138 -0.0589223 -0.111881 0.991973 -0.0394405 -0.115255 0.992553 -0.0391788 -0.114502 0.99265 0.00317478 -0.122929 0.99241 -0.058082 0.915804 0.397404 0.11795 0.913427 0.389537 -0.239696 0.887944 0.392557 -0.0614197 0.916322 0.395704 -0.417686 0.829593 0.370558 -0.24035 0.887946 0.392153 0.117937 0.913431 0.389531 0.124368 0.864978 0.486154 0.12522 0.864711 0.48641 -0.0544704 0.863955 0.500614 -0.0441066 0.861909 0.505141 -0.233373 0.834998 0.498312 -0.219219 0.8341 0.506181 -0.403275 0.777505 0.482551 -0.391436 0.77845 0.490707 -0.56274 0.693182 0.450359 -0.982509 0.149771 0.11066 -0.987503 0.13614 0.0793926 -0.91142 0.362796 0.194146 -0.921096 0.348501 0.173581 -0.825295 0.50477 0.253172 -0.838544 0.492744 0.232479 -0.710005 0.634456 0.305546 -0.724634 0.626149 0.287825 -0.569633 0.745126 0.346851 -0.582305 0.74095 0.334535 -0.410287 0.830694 0.376314 -0.971671 0.138461 0.191533 -0.979719 0.126889 0.155081 -0.895213 0.337485 0.291028 -0.906487 0.325024 0.269518 -0.808193 0.468678 0.356602 -0.819454 0.460763 0.340869 -0.692767 0.590757 0.413619 -0.703546 0.586001 0.402028 -0.551872 0.695794 0.459683 0.352296 0.824396 0.443012 0.357154 0.825356 0.437297 0.352383 0.863387 0.361093 0.352083 0.863375 0.361416 -0.461749 -0.887011 0 -0.461749 -0.887011 0 0 0 1 0 0 1 0 0 1 0 0 1 0 0 1 0 0 1 0 0 1 0 0 1 0 0 1 0 0 1 0.352241 0.93591 0 0.357867 0.933772 0.000353252 0.119704 0.99281 -0.000371075 0.125681 0.992071 0 -0.195089 0.980785 0 -0.102329 0.99471 0.00896163 -0.306274 0.951943 -0.000569905 -0.555565 0.831472 0.00111355 -0.497079 0.867675 0.00727466 -0.663019 0.748602 -0.00082235 -0.831471 0.555565 0.00177268 -0.800526 0.599265 0.00635538 -0.902777 0.430108 -0.000812401 -0.980783 0.195092 0.00189614 -0.966987 0.254726 0.00708436 -0.996512 0.0834531 0 0.357648 0.933201 0.0349787 0.125469 0.990401 0.0579903 0.0968299 0.99432 0.0441813 -0.0830942 0.995744 0.039874 -0.102212 0.993573 0.0486287 -0.306129 0.951491 0.0308307 -0.26244 0.963088 0.0598874 -0.497035 0.867598 0.0151309 -0.432221 0.899323 0.0663567 -0.663019 0.748602 0.000580627 -0.588566 0.80528 0.0715077 -0.800444 0.599203 -0.0156527 -0.723888 0.685647 0.0766425 -0.902291 0.429876 -0.0328331 -0.836826 0.54248 0.0737403 -0.966217 0.254523 -0.0405357 -0.921573 0.382558 0.0659801 -0.995453 0.0833645 -0.0460755 -0.988067 0.153887 0.00650095 0.111952 0.948578 0.296086 0.118012 0.947036 0.298657 -0.0695427 0.95268 0.295914 -0.0581468 0.95161 0.301756 -0.250912 0.924884 0.285714 -0.240018 0.925794 0.292056 -0.422931 0.86539 0.268756 -0.418251 0.866692 0.271865 -0.581693 0.776396 0.242577 0.352116 0.893695 0.27807 0.34851 0.894064 0.281407 0.348493 0.916383 0.196963 0.341933 0.917563 0.202878 0.342239 0.932484 0.11552 0.332295 0.934974 0.124115 0.33258 0.94289 0.0186991 -0.988019 0.152394 0.0244005 -0.985763 0.166814 0.0210869 -0.988244 0.149433 0.0323135 -0.987857 0.148849 0.0445168 -0.987302 0.151648 0.0473114 -0.921867 0.36978 0.115862 -0.920839 0.371788 0.117595 -0.839346 0.519117 0.161296 -0.834404 0.525193 0.167162 -0.725415 0.65765 0.20315 -0.719368 0.662553 0.208649 -0.583015 0.77572 0.241563 -0.921947 0.384112 0.0497073 -0.921295 0.385737 0.0492245 -0.921302 0.37987 0.0830793 -0.920854 0.381005 0.0828428 -0.836899 0.542818 0.0703466 -0.835432 0.545186 0.0694611 -0.835445 0.536869 0.117486 -0.834452 0.538513 0.117019 -0.723676 0.684407 0.0887726 -0.721161 0.687214 0.0875392 -0.721175 0.676725 0.148154 -0.719384 0.678785 0.147437 -0.588196 0.801979 0.10419 -0.584307 0.805046 0.102402 -0.58432 0.792732 0.17363 -0.581671 0.794907 0.172573 -0.431898 0.894386 0.116351 -0.426562 0.897248 0.113977 -0.426561 0.883487 0.193638 -0.422891 0.885575 0.192146 -0.262246 0.956917 0.124644 -0.255522 0.95911 0.121724 -0.255511 0.944365 0.207099 -0.250877 0.946025 0.205176 -0.0830596 0.988163 0.128978 -0.0750606 0.989273 0.125317 -0.0750336 0.973995 0.213786 -0.0695482 0.974946 0.211288 0.0968587 0.986909 0.128952 0.105764 0.986516 0.124902 0.105805 0.971242 0.213295 0.111921 0.971183 0.210423 -0.980096 -0.194955 0.0374693 -0.987572 -0.156925 0.00877914 -0.41817 -0.867497 0.269411 -0.239908 -0.927454 0.286834 -0.0580942 -0.953337 0.296266 0.118077 -0.947922 0.295807 -0.554518 -0.829906 0.0613669 -0.588357 -0.802992 0.095077 -0.431796 -0.901438 0.0310013 -0.262365 -0.963621 0.0509932 -0.082916 -0.984759 0.152888 -0.19496 -0.980133 0.036484 -0.987912 -0.147936 0.0463084 -0.987872 -0.14823 0.046217 -0.920836 -0.372125 0.116547 -0.921864 -0.369476 0.116855 -0.834502 -0.526239 0.163336 -0.83944 -0.517782 0.165054 -0.71946 -0.663685 0.204694 -0.725475 -0.656458 0.206757 -0.58169 -0.776664 0.241724 -0.583015 -0.775527 0.242183 -0.422861 -0.864695 0.271092 -0.829895 -0.554513 0.0615594 -0.837114 -0.54447 0.0528385 -0.836918 -0.542946 0.0691264 -0.835452 -0.545008 0.0706143 -0.835457 -0.537035 0.116636 -0.834485 -0.538305 0.117735 0.119522 -0.991303 0.0550793 0.0968351 -0.99432 0.044158 0.0968778 -0.987449 0.124733 0.105818 -0.985985 0.128981 0.105851 -0.971876 0.210365 0.111984 -0.970581 0.21315 0.111986 -0.947779 0.29862 0.35223 -0.892759 0.28092 0.348635 -0.894978 0.278332 0.348559 -0.915175 0.202389 0.342153 -0.91868 0.197378 0.342263 -0.931406 0.123847 0.33253 -0.935961 0.115763 0.332582 -0.942826 0.0216478 0.352026 -0.93534 0.0348747 -0.987862 -0.152673 0.0286255 -0.986028 -0.16281 0.0352441 -0.988365 -0.150911 0.0189867 -0.920841 -0.380941 0.0832781 -0.921307 -0.379972 0.0825571 -0.921303 -0.385632 0.0498867 -0.921954 -0.384188 0.0489984 -0.921765 -0.387678 0.00738005 -0.719413 -0.678524 0.148493 -0.721183 -0.676975 0.146972 -0.72118 -0.686994 0.0890989 -0.723727 -0.684567 0.0871057 -0.723472 -0.690066 0.0199608 -0.581687 -0.794586 0.173994 -0.584367 -0.79304 0.172054 -0.584372 -0.804724 0.104535 -0.588236 -0.802239 0.101934 -0.422897 -0.885177 0.193958 -0.426576 -0.883914 0.191646 -0.426588 -0.896885 0.116705 -0.431944 -0.894731 0.113497 -0.262269 -0.957342 0.121292 -0.255521 -0.958698 0.124933 -0.255501 -0.944876 0.204763 -0.250855 -0.945563 0.207323 -0.250811 -0.923296 0.290891 -0.0830556 -0.988675 0.124996 -0.0750397 -0.988781 0.129156 -0.0750079 -0.974599 0.211024 -0.0695057 -0.97439 0.213852 -0.0694706 -0.95109 0.301002 -0.980785 -0.195092 0 -0.980785 -0.195092 0 -0.831472 -0.555566 0 -0.831472 -0.555566 0 -0.555565 -0.831473 0 -0.555565 -0.831473 0 -0.195089 -0.980785 0 -0.195089 -0.980785 0 0 0 1 0 0 1 0 0 1 0 0 1 0 0 1 0 0 1 0 0 1 0 0 1 0 0 1 0 0 1 1 0 0 1 0 0 1 0 0 1 0 0 1 0 0 1 0 0 0.496772 -0.802906 0.329483 0.471147 -0.880717 0.0485548 0.469027 -0.881829 0.048911 0.465669 -0.883823 0.0448149 0.46554 -0.883888 0.044877 0.462665 -0.885564 0.0414394 0.460117 -0.877267 0.136732 0.469274 -0.872542 0.135839 0.476843 -0.866602 0.147045 0.474896 -0.867616 0.147367 0.48335 -0.861838 0.153652 0.473062 -0.867167 0.155669 0.488786 -0.852339 0.186026 0.468736 -0.874587 0.12403 0.452876 -0.862198 0.226976 0.468736 -0.859045 0.205737 0.441658 -0.840024 0.315114 0.465502 -0.837558 0.286014 0.445989 -0.79374 0.413606 0.495572 -0.786961 0.367561 0.477752 -0.810448 0.339009 0.476816 -0.810907 0.339228 0.465822 -0.827729 0.31285 0.482203 -0.86891 0.111696 0.464469 -0.883797 0.0563204 0.46747 -0.883225 0.0372217 0.469215 -0.853833 0.225404 0.479337 -0.843015 0.244052 0.477308 -0.844069 0.244386 0.491428 -0.832339 0.256341 0.482498 -0.835839 0.261858 0.482041 -0.836206 0.261526 0.119704 -0.99281 0 0.119704 -0.99281 0 0.35224 -0.93591 0 0.35224 -0.93591 0 0 0 1 0 0 1 1 0 0 1 0 0 0.0436182 -0.999048 0 0.0436182 -0.999048 0 0.130531 -0.991444 0 0.130531 -0.991444 0 0.216436 -0.976297 0 0.216436 -0.976297 0 0.300707 -0.953717 0 0.300707 -0.953717 0 0.382685 -0.923879 0 0.382685 -0.923879 0 0.461749 -0.88701 0 0.461749 -0.88701 0 0.537296 -0.843394 0 0.537296 -0.843394 0 0.608763 -0.793352 0 0.608763 -0.793352 0 0.675588 -0.73728 0 0.675588 -0.73728 0 0.73728 -0.675588 0 0.73728 -0.675588 0 0.793352 -0.608763 0 0.793352 -0.608763 0 0.843394 -0.537296 0 0.843394 -0.537296 0 0.88701 -0.461749 0 0.88701 -0.461749 0 0.923879 -0.382685 0 0.923879 -0.382685 0 0.953717 -0.300707 0 0.953717 -0.300707 0 0.976297 -0.216436 0 0.976297 -0.216436 0 0.991444 -0.130531 0 0.991444 -0.130531 0 0.999048 -0.0436182 0 0.999048 -0.0436182 0 0.999048 0.0436182 0 0.999048 0.0436182 0 0.991444 0.130531 0 0.991444 0.130531 0 0.976297 0.216436 0 0.976297 0.216436 0 0.953717 0.300707 0 0.953717 0.300707 0 0.923879 0.382685 0 0.923879 0.382685 0 0.88701 0.461749 0 0.88701 0.461749 0 0.843394 0.537296 0 0.843394 0.537296 0 0.793352 0.608763 0 0.793352 0.608763 0 0.73728 0.675588 0 0.73728 0.675588 0 0.675588 0.73728 0 0.675588 0.73728 0 0.608763 0.793352 0 0.608763 0.793352 0 0.537296 0.843394 0 0.537296 0.843394 0 0.461749 0.88701 0 0.461749 0.88701 0 0.382685 0.923879 0 0.382685 0.923879 0 0.300707 0.953717 0 0.300707 0.953717 0 0.216436 0.976297 0 0.216436 0.976297 0 0.130531 0.991444 0 0.130531 0.991444 0 0.0436182 0.999048 0 0.0436182 0.999048 0 -0.0436182 0.999048 0 -0.0436182 0.999048 0 -0.130531 0.991444 0 -0.130531 0.991444 0 -0.216436 0.976297 0 -0.216436 0.976297 0 -0.300707 0.953717 0 -0.300707 0.953717 0 -0.382685 0.923879 0 -0.382685 0.923879 0 -0.461749 0.88701 0 -0.461749 0.88701 0 -0.537296 0.843394 0 -0.537296 0.843394 0 -0.608763 0.793352 0 -0.608763 0.793352 0 -0.675588 0.73728 0 -0.675588 0.73728 0 -0.73728 0.675588 0 -0.73728 0.675588 0 -0.793352 0.608763 0 -0.793352 0.608763 0 -0.843394 0.537296 0 -0.843394 0.537296 0 -0.88701 0.461749 0 -0.88701 0.461749 0 -0.923879 0.382685 0 -0.923879 0.382685 0 -0.953717 0.300707 0 -0.953717 0.300707 0 -0.976297 0.216436 0 -0.976297 0.216436 0 -0.991444 0.130531 0 -0.991444 0.130531 0 -0.999048 0.0436182 0 -0.999048 0.0436182 0 -0.999048 -0.0436182 0 -0.999048 -0.0436182 0 -0.991444 -0.130531 0 -0.991444 -0.130531 0 -0.976297 -0.216436 0 -0.976297 -0.216436 0 -0.953717 -0.300707 0 -0.953717 -0.300707 0 -0.923879 -0.382685 0 -0.923879 -0.382685 0 -0.88701 -0.461749 0 -0.88701 -0.461749 0 -0.843394 -0.537296 0 -0.843394 -0.537296 0 -0.793352 -0.608763 0 -0.793352 -0.608763 0 -0.73728 -0.675588 0 -0.73728 -0.675588 0 -0.675588 -0.73728 0 -0.675588 -0.73728 0 -0.608763 -0.793352 0 -0.608763 -0.793352 0 -0.537296 -0.843394 0 -0.537296 -0.843394 0 -0.461749 -0.88701 0 -0.461749 -0.88701 0 -0.382685 -0.923879 0 -0.382685 -0.923879 0 -0.300707 -0.953717 0 -0.300707 -0.953717 0 -0.216436 -0.976297 0 -0.216436 -0.976297 0 -0.130531 -0.991444 0 -0.130531 -0.991444 0 -0.0436182 -0.999048 0 -0.0436182 -0.999048 0 0 0 -1 0 0 -1 0 0 -1 0 0 -1 0 0 -1 0 0 -1 0 0 -1 0 0 -1 0 0 -1 0 0 -1 0 0 -1 0 0 -1 0 0 -1 0 0 -1 0 0 -1 0 0 -1 0 0 -1 0 0 -1 0 0 -1 0 0 -1 0 0 -1 0 0 -1 0 0 -1 0 0 -1 0 0 -1 0 0 -1 0 0 -1 0 0 -1 0 0 -1 0 0 -1 0 0 -1 0 0 -1 0 0 -1 0 0 -1 0 0 -1 0 0 -1 0 0 -1 0 0 -1 0 0 -1 0 0 -1 0 0 -1 0 0 -1 0 0 -1 0 0 -1 0 0 -1 0 0 -1 0 0 -1 0 0 -1 0 0 -1 0 0 -1 0 0 -1 0 0 -1 0 0 -1 0 0 -1 0 0 -1 0 0 -1 0 0 -1 0 0 -1 0 0 -1 0 0 -1 0 0 -1 0 0 -1 0 0 -1 0 0 -1 0 0 -1 0 0 -1 0 0 -1 0 0 -1 0 0 -1 0 0 -1 0 0 -1 0 0 -1 0 0 -1 0 0 -1 0 0 -1 0 0 -1 0 0 -1 0 0 -1 0 0 -1 0 0 -1 0 0 -1 0 0 -1 0 0 -1 0 0 -1 0 0 -1 0 0 -1 0 0 -1 0 0 -1 0 0 -1 0 0 -1 0 0 -1 0 0 -1 0 0 -1 0 0 -1 0 0 -1 0 0 -1 0 0 -1 0 0 -1 0 0 -1 0 0 -1 0 0 -1 0 0 -1 0 0 -1 0 0 -1 0 0 -1 0 0 -1 0 0 -1 0 0 -1 0 0 -1 0 0 -1 0 0 -1 0 0 -1 0 0 -1 0 0 -1 0 0 -1 0 0 -1 0 0 -1 0 0 -1 0 0 -1 0 0 -1 0 0 -1 0 0 -1 0 0 -1 0 0 -1 0 0 -1 0 0 -1 0 0 -1 0 0 -1 0 0 -1 0 0 -1 0 0 -1 0 0 -1 0 0 -1 0 0 -1 0 0 -1 0 0 -1 0 0 -1 0 0 -1 0 0 -1 0 0 -1 0 0 -1 0 0 -1 0 0 -1 0 0 -1 0 0 -1 0 0 -1 -0.0424396 0.999099 0 -0.0424396 0.999099 0 -0.127016 0.991901 0 -0.127016 0.991901 0 -0.210681 0.977555 0 -0.210681 0.977555 0 -0.292822 0.956167 0 -0.292822 0.956167 0 -0.372858 0.927888 0 -0.372858 0.927888 0 -0.450201 0.892927 0 -0.450201 0.892927 0 -0.52431 0.851528 0 -0.52431 0.851528 0 -0.594635 0.803996 0 -0.594635 0.803996 0 -0.660672 0.750675 0 -0.660672 0.750675 0 -0.721955 0.69194 0 -0.721955 0.69194 0 -0.778038 0.628218 0 -0.778038 0.628218 0 -0.828509 0.559975 0 -0.828509 0.559975 0 -0.873014 0.487694 0 -0.873014 0.487694 0 -0.911229 0.4119 0 -0.911229 0.4119 0 -0.942877 0.33314 0 -0.942877 0.33314 0 -0.967732 0.251982 0 -0.967732 0.251982 0 -0.985616 0.169 0 -0.985616 0.169 0 -0.996398 0.0848022 0 -0.996398 0.0848022 0 -1 0 0 -1 0 0 -0.996398 -0.0848022 0 -0.996398 -0.0848022 0 -0.985616 -0.169 0 -0.985616 -0.169 0 -0.967732 -0.251982 0 -0.967732 -0.251982 0 -0.942877 -0.33314 0 -0.942877 -0.33314 0 -0.911229 -0.4119 0 -0.911229 -0.4119 0 -0.873014 -0.487694 0 -0.873014 -0.487694 0 -0.828509 -0.559975 0 -0.828509 -0.559975 0 -0.778038 -0.628218 0 -0.778038 -0.628218 0 -0.721955 -0.69194 0 -0.721955 -0.69194 0 -0.660672 -0.750675 0 -0.660672 -0.750675 0 -0.594635 -0.803996 0 -0.594635 -0.803996 0 -0.52431 -0.851528 0 -0.52431 -0.851528 0 -0.450201 -0.892927 0 -0.450201 -0.892927 0 -0.372858 -0.927888 0 -0.372858 -0.927888 0 -0.292822 -0.956167 0 -0.292822 -0.956167 0 -0.210681 -0.977555 0 -0.210681 -0.977555 0 -0.127016 -0.991901 0 -0.127016 -0.991901 0 -0.0424396 -0.999099 0 -0.0424396 -0.999099 0 0.0424396 -0.999099 0 0.0424396 -0.999099 0 0.127016 -0.991901 0 0.127016 -0.991901 0 0.210681 -0.977555 0 0.210681 -0.977555 0 0.292822 -0.956167 0 0.292822 -0.956167 0 0.372858 -0.927888 0 0.372858 -0.927888 0 0.450201 -0.892927 0 0.450201 -0.892927 0 0.52431 -0.851528 0 0.52431 -0.851528 0 0.594635 -0.803996 0 0.594635 -0.803996 0 0.660672 -0.750675 0 0.660672 -0.750675 0 0.721955 -0.69194 0 0.721955 -0.69194 0 0.778038 -0.628218 0 0.778038 -0.628218 0 0.828509 -0.559975 0 0.828509 -0.559975 0 0.873014 -0.487694 0 0.873014 -0.487694 0 0.911229 -0.4119 0 0.911229 -0.4119 0 0.942877 -0.33314 0 0.942877 -0.33314 0 0.967732 -0.251982 0 0.967732 -0.251982 0 0.985616 -0.169 0 0.985616 -0.169 0 0.996398 -0.0848022 0 0.996398 -0.0848022 0 1 0 0 1 0 0 0.996398 0.0848022 0 0.996398 0.0848022 0 0.985616 0.169 0 0.985616 0.169 0 0.967732 0.251982 0 0.967732 0.251982 0 0.942877 0.33314 0 0.942877 0.33314 0 0.911229 0.4119 0 0.911229 0.4119 0 0.873014 0.487694 0 0.873014 0.487694 0 0.828509 0.559975 0 0.828509 0.559975 0 0.778038 0.628218 0 0.778038 0.628218 0 0.721955 0.69194 0 0.721955 0.69194 0 0.660672 0.750675 0 0.660672 0.750675 0 0.594635 0.803996 0 0.594635 0.803996 0 0.52431 0.851528 0 0.52431 0.851528 0 0.450201 0.892927 0 0.450201 0.892927 0 0.372858 0.927888 0 0.372858 0.927888 0 0.292822 0.956167 0 0.292822 0.956167 0 0.210681 0.977555 0 0.210681 0.977555 0 0.127016 0.991901 0 0.127016 0.991901 0 0.0424396 0.999099 0 0.0424396 0.999099 0 -0.0308024 0.725158 -0.687893 -0.0308031 0.725157 -0.687895 -0.0921928 0.719932 -0.687894 -0.0921905 0.719937 -0.68789 -0.152916 0.709524 -0.68789 -0.152915 0.709525 -0.687889 -0.212532 0.694002 -0.687889 -0.212533 0.693996 -0.687895 -0.270624 0.673471 -0.687895 -0.270624 0.673471 -0.687895 -0.326764 0.648094 -0.687895 -0.326763 0.648101 -0.687889 -0.38055 0.618053 -0.687889 -0.38055 0.618049 -0.687894 -0.431591 0.583551 -0.687894 -0.431591 0.583548 -0.687896 -0.479524 0.544844 -0.687896 -0.479525 0.544851 -0.68789 -0.524007 0.502218 -0.687891 -0.524008 0.502223 -0.687887 -0.564711 0.455975 -0.687887 -0.564708 0.455967 -0.687894 -0.601342 0.406434 -0.687895 -0.601344 0.406438 -0.687891 -0.633645 0.353977 -0.687891 -0.633644 0.353974 -0.687893 -0.66138 0.298963 -0.687894 -0.66138 0.298962 -0.687894 -0.684351 0.241797 -0.687894 -0.684351 0.241797 -0.687894 -0.702391 0.18289 -0.687894 -0.702393 0.182892 -0.687891 -0.715374 0.122662 -0.687891 -0.715375 0.122662 -0.68789 -0.7232 0.0615541 -0.68789 -0.723195 0.0615502 -0.687896 -0.72581 0 -0.687896 -0.72581 0 -0.687896 -0.723195 -0.0615537 -0.687896 -0.7232 -0.0615507 -0.68789 -0.715375 -0.122662 -0.68789 -0.715374 -0.122662 -0.687891 -0.702394 -0.18289 -0.687891 -0.70239 -0.182891 -0.687894 -0.684351 -0.241797 -0.687894 -0.684351 -0.241797 -0.687894 -0.66138 -0.298962 -0.687894 -0.661381 -0.298962 -0.687894 -0.633643 -0.353976 -0.687893 -0.633646 -0.353975 -0.687891 -0.601345 -0.406436 -0.687891 -0.601341 -0.406436 -0.687895 -0.564705 -0.455971 -0.687894 -0.564714 -0.455972 -0.687887 -0.52401 -0.502221 -0.687887 -0.524005 -0.50222 -0.687891 -0.479528 -0.544848 -0.68789 -0.479521 -0.544846 -0.687896 -0.43159 -0.583549 -0.687896 -0.431593 -0.58355 -0.687894 -0.380548 -0.61805 -0.687894 -0.380552 -0.618052 -0.687889 -0.326766 -0.648099 -0.687889 -0.32676 -0.648096 -0.687895 -0.270624 -0.673471 -0.687895 -0.270624 -0.673471 -0.687895 -0.21253 -0.693997 -0.687895 -0.212535 -0.694001 -0.687889 -0.152916 -0.709525 -0.687889 -0.152915 -0.709524 -0.68789 -0.0921933 -0.719936 -0.68789 -0.0921899 -0.719932 -0.687894 -0.0308024 -0.725157 -0.687894 -0.0308031 -0.725158 -0.687893 0.0308024 -0.725158 -0.687893 0.0308031 -0.725157 -0.687895 0.0921928 -0.719932 -0.687894 0.0921905 -0.719937 -0.68789 0.152916 -0.709524 -0.68789 0.152915 -0.709525 -0.687889 0.212532 -0.694002 -0.687889 0.212533 -0.693996 -0.687895 0.270624 -0.673471 -0.687895 0.270624 -0.673471 -0.687895 0.326764 -0.648094 -0.687895 0.326763 -0.648101 -0.687889 0.38055 -0.618053 -0.687889 0.38055 -0.618049 -0.687894 0.431591 -0.583551 -0.687894 0.431591 -0.583548 -0.687896 0.479524 -0.544844 -0.687896 0.479525 -0.544851 -0.68789 0.524007 -0.502218 -0.687891 0.524008 -0.502223 -0.687887 0.564711 -0.455975 -0.687887 0.564708 -0.455967 -0.687894 0.601342 -0.406434 -0.687895 0.601344 -0.406438 -0.687891 0.633645 -0.353977 -0.687891 0.633644 -0.353974 -0.687893 0.66138 -0.298963 -0.687894 0.66138 -0.298962 -0.687894 0.684351 -0.241797 -0.687894 0.684351 -0.241797 -0.687894 0.702391 -0.18289 -0.687894 0.702393 -0.182892 -0.687891 0.715374 -0.122662 -0.687891 0.715375 -0.122662 -0.68789 0.7232 -0.0615541 -0.68789 0.723195 -0.0615502 -0.687896 0.72581 0 -0.687896 0.72581 0 -0.687896 0.723195 0.0615537 -0.687896 0.7232 0.0615507 -0.68789 0.715375 0.122662 -0.68789 0.715374 0.122662 -0.687891 0.702394 0.18289 -0.687891 0.70239 0.182891 -0.687894 0.684351 0.241797 -0.687894 0.684351 0.241797 -0.687894 0.66138 0.298962 -0.687894 0.661381 0.298962 -0.687894 0.633643 0.353976 -0.687893 0.633646 0.353975 -0.687891 0.601345 0.406436 -0.687891 0.601341 0.406436 -0.687895 0.564705 0.455971 -0.687894 0.564714 0.455972 -0.687887 0.52401 0.502221 -0.687887 0.524005 0.50222 -0.687891 0.479528 0.544848 -0.68789 0.479521 0.544846 -0.687896 0.43159 0.583549 -0.687896 0.431593 0.58355 -0.687894 0.380548 0.61805 -0.687894 0.380552 0.618052 -0.687889 0.326766 0.648099 -0.687889 0.32676 0.648096 -0.687895 0.270624 0.673471 -0.687895 0.270624 0.673471 -0.687895 0.21253 0.693997 -0.687895 0.212535 0.694001 -0.687889 0.152916 0.709525 -0.687889 0.152915 0.709524 -0.68789 0.0921933 0.719936 -0.68789 0.0921899 0.719932 -0.687894 0.0308024 0.725157 -0.687894 0.0308031 0.725158 -0.687893 -0.0424386 0.999099 0 -0.0424386 0.999099 0 -0.12702 0.9919 0 -0.12702 0.9919 0 -0.210681 0.977555 0 -0.210681 0.977555 0 -0.292817 0.956168 0 -0.292817 0.956168 0 -0.372858 0.927888 0 -0.372858 0.927888 0 -0.450206 0.892925 0 -0.450206 0.892925 0 -0.524307 0.85153 0 -0.524307 0.85153 0 -0.594633 0.803998 0 -0.594633 0.803998 0 -0.660676 0.750671 0 -0.660676 0.750671 0 -0.721957 0.691937 0 -0.721957 0.691937 0 -0.778034 0.628223 0 -0.778034 0.628223 0 -0.828511 0.559973 0 -0.828511 0.559973 0 -0.873013 0.487696 0 -0.873013 0.487696 0 -0.911229 0.411901 0 -0.911229 0.411901 0 -0.942877 0.33314 0 -0.942877 0.33314 0 -0.967733 0.25198 0 -0.967733 0.25198 0 -0.985616 0.168999 0 -0.985616 0.168999 0 -0.996397 0.0848069 0 -0.996397 0.0848069 0 -1 0 0 -1 0 0 -0.996397 -0.0848069 0 -0.996397 -0.0848069 0 -0.985616 -0.168999 0 -0.985616 -0.168999 0 -0.967733 -0.25198 0 -0.967733 -0.25198 0 -0.942877 -0.33314 0 -0.942877 -0.33314 0 -0.911229 -0.411901 0 -0.911229 -0.411901 0 -0.873013 -0.487696 0 -0.873013 -0.487696 0 -0.828511 -0.559973 0 -0.828511 -0.559973 0 -0.778034 -0.628223 0 -0.778034 -0.628223 0 -0.721957 -0.691937 0 -0.721957 -0.691937 0 -0.660676 -0.750671 0 -0.660676 -0.750671 0 -0.594633 -0.803998 0 -0.594633 -0.803998 0 -0.524307 -0.85153 0 -0.524307 -0.85153 0 -0.450206 -0.892925 0 -0.450206 -0.892925 0 -0.372858 -0.927888 0 -0.372858 -0.927888 0 -0.292817 -0.956168 0 -0.292817 -0.956168 0 -0.210681 -0.977555 0 -0.210681 -0.977555 0 -0.12702 -0.9919 0 -0.12702 -0.9919 0 -0.0424386 -0.999099 0 -0.0424386 -0.999099 0 0.0424386 -0.999099 0 0.0424386 -0.999099 0 0.12702 -0.9919 0 0.12702 -0.9919 0 0.210681 -0.977555 0 0.210681 -0.977555 0 0.292817 -0.956168 0 0.292817 -0.956168 0 0.372858 -0.927888 0 0.372858 -0.927888 0 0.450206 -0.892925 0 0.450206 -0.892925 0 0.524307 -0.85153 0 0.524307 -0.85153 0 0.594633 -0.803998 0 0.594633 -0.803998 0 0.660676 -0.750671 0 0.660676 -0.750671 0 0.721957 -0.691937 0 0.721957 -0.691937 0 0.778034 -0.628223 0 0.778034 -0.628223 0 0.828511 -0.559973 0 0.828511 -0.559973 0 0.873013 -0.487696 0 0.873013 -0.487696 0 0.911229 -0.411901 0 0.911229 -0.411901 0 0.942877 -0.33314 0 0.942877 -0.33314 0 0.967733 -0.25198 0 0.967733 -0.25198 0 0.985616 -0.168999 0 0.985616 -0.168999 0 0.996397 -0.0848069 0 0.996397 -0.0848069 0 1 0 0 1 0 0 0.996397 0.0848069 0 0.996397 0.0848069 0 0.985616 0.168999 0 0.985616 0.168999 0 0.967733 0.25198 0 0.967733 0.25198 0 0.942877 0.33314 0 0.942877 0.33314 0 0.911229 0.411901 0 0.911229 0.411901 0 0.873013 0.487696 0 0.873013 0.487696 0 0.828511 0.559973 0 0.828511 0.559973 0 0.778034 0.628223 0 0.778034 0.628223 0 0.721957 0.691937 0 0.721957 0.691937 0 0.660676 0.750671 0 0.660676 0.750671 0 0.594633 0.803998 0 0.594633 0.803998 0 0.524307 0.85153 0 0.524307 0.85153 0 0.450206 0.892925 0 0.450206 0.892925 0 0.372858 0.927888 0 0.372858 0.927888 0 0.292817 0.956168 0 0.292817 0.956168 0 0.210681 0.977555 0 0.210681 0.977555 0 0.12702 0.9919 0 0.12702 0.9919 0 0.0424386 0.999099 0 0.0424386 0.999099 0 0 0 1 0 0 1 0 0 1 0 0 1 0 0 1 0 0 1 0 0 1 0 0 1 0 0 1 0 0 1 0 0 1 0 0 1 0 0 1 0 0 1 0 0 1 0 0 1 0 0 1 0 0 1 0 0 1 0 0 1 0 0 1 0 0 1 0 0 1 0 0 1 0 0 1 0 0 1 0 0 1 0 0 1 0 0 1 0 0 1 0 0 1 0 0 1 0 0 1 0 0 1 0 0 1 0 0 1 0 0 1 0 0 1 0 0 1 0 0 1 0 0 1 0 0 1 0 0 1 0 0 1 0 0 1 0 0 1 0 0 1 0 0 1 0 0 1 0 0 1 0 0 1 0 0 1 0 0 1 0 0 1 0 0 1 0 0 1 0 0 1 0 0 1 0 0 1 0 0 1 0 0 1 0 0 1 0 0 1 0 0 1 0 0 1 0 0 1 0 0 1 0 0 1 0 0 1 0 0 1 0 0 1 0 0 1 0.987689 -0.156429 0 0.891004 -0.453996 0 0.891004 -0.453996 0 0.70711 -0.707104 0 0.70711 -0.707104 0 0.453993 -0.891005 0 0.453993 -0.891005 0 0.156445 -0.987687 0 0.156445 -0.987687 0 0.987689 -0.156429 0 0.98769 0.156426 0 0.98769 0.156426 0 0.891005 0.453993 0 0.891005 0.453993 0 0.707107 0.707107 0 0.707107 0.707107 0 0.453993 0.891005 0 0.453993 0.891005 0 0.15642 0.987691 0 0.15642 0.987691 0 -0.987687 0.156442 0 -0.891005 0.453993 0 -0.891005 0.453993 0 -0.707115 0.707099 0 -0.707115 0.707099 0 -0.453996 0.891004 0 -0.453996 0.891004 0 -0.15642 0.987691 0 -0.15642 0.987691 0 -0.987687 0.156442 0 -0.987687 -0.156445 0 -0.987687 -0.156445 0 -0.891004 -0.453996 0 -0.891004 -0.453996 0 -0.707118 -0.707096 0 -0.707118 -0.707096 0 -0.453996 -0.891004 0 -0.453996 -0.891004 0 -0.156445 -0.987687 0 -0.156445 -0.987687 0 -0.208662 0.503686 0.838308 -0.503688 0.208661 0.838307 -0.503689 -0.208651 0.838309 -0.208634 -0.503691 0.838312 0.208624 -0.503692 0.838314 0.503692 -0.208626 0.838314 0.503691 0.208637 0.838312 0.208652 0.503687 0.83831 -0.923869 -0.382709 0 -0.382681 -0.92388 0 -0.382681 -0.92388 0 -0.923869 -0.382709 0 -0.923862 0.382725 0 -0.923862 0.382725 0 -0.382728 0.923861 0 -0.382728 0.923861 0 0.923879 0.382685 0 0.382711 0.923868 0 0.382711 0.923868 0 0.923879 0.382685 0 0.923886 -0.382669 0 0.923886 -0.382669 0 0.382665 -0.923887 0 0.382665 -0.923887 0 0 0 1 0 0 1 0 0 1 0 0 1 0 0 1 0 0 1 0 0 1 0 0 1 0 0 1 0 0 1 0 0 1 0 0 1 0 0 1 0 0 1 0 0 1 0 0 1 0 0 1 0 0 1 0 0 1 0 0 1 0 0 1 0 0 1 0 0 1 0 0 1 0 0 1 0 0 1 0 0 1 0 0 1 0.136707 -0.5102 0.849121 0.373496 -0.37349 0.849121 0.5102 -0.136713 0.84912 0.5102 0.136713 0.84912 0.373496 0.37349 0.849121 0.136707 0.5102 0.849121 -0.136706 0.5102 0.849122 -0.373495 0.373489 0.849122 -0.510198 0.136712 0.849122 -0.510198 -0.136712 0.849122 -0.373495 -0.373489 0.849122 -0.136706 -0.5102 0.849122 0.965924 0.258828 0 0.707112 0.707101 0 0.707112 0.707101 0 0.258818 0.965926 0 0.258818 0.965926 0 0.965924 0.258828 0 0.965924 -0.258828 0 0.965924 -0.258828 0 0.707112 -0.707101 0 0.707112 -0.707101 0 0.258818 -0.965926 0 0.258818 -0.965926 0 -0.965924 -0.258828 0 -0.707112 -0.707101 0 -0.707112 -0.707101 0 -0.258815 -0.965927 0 -0.258815 -0.965927 0 -0.965924 -0.258828 0 -0.965924 0.258828 0 -0.965924 0.258828 0 -0.707112 0.707101 0 -0.707112 0.707101 0 -0.258815 0.965927 0 -0.258815 0.965927 0 0.461749 0.887011 6.97789e-06 0.461749 0.887011 0 0.461749 0.887011 0 0.461749 0.887011 0 0.461749 0.887011 0 0.461749 0.887011 4.22902e-07 0.461749 0.887011 0 0.461748 0.887011 -1.10186e-05 0.461761 0.887005 6.91351e-05 0 0 1 0 0 1 0 0 1 0 0 1 0 0 1 0 0 1 0 0 1 0 0 1 0 0 1 0 0 1 0 0 1 0 0 1 0 0 1 0 0 1 0 0 1 0 0 1 0.461748 -0.887011 -0.000155982 0.461751 -0.887009 1.85418e-05 0.461749 -0.887011 -4.31237e-07 0.461749 -0.887011 0 0.461749 -0.887011 4.23308e-07 0.461749 -0.887011 0 0.461749 -0.887011 0 0.461749 -0.887011 0 0.461749 -0.887011 0 -0.891005 -0.453993 -0.000769255 -0.762054 -0.647514 0.000447483 -0.707111 -0.707095 -0.00344259 -0.629185 -0.777255 0.000792429 0.453996 -0.890998 -0.00330531 0.614751 -0.788714 0.00331927 0.707103 -0.707103 -0.00330876 0.813186 -0.582 0.00238177 0.891 -0.45399 -0.00342891 0.944956 -0.327179 0.00346593 -0.899464 -0.436994 0.000810797 -0.989149 -0.146913 -0.000861192 -0.987687 -0.156442 0 -0.20916 -0.977881 0.000730576 -0.446594 -0.894736 -0.000873898 -0.454 -0.891 -0.001513 0.365086 -0.930972 0.00190027 0.121118 -0.992633 -0.00312645 0.15642 -0.987691 0 -0.0422016 -0.999109 0 -0.15642 -0.987687 -0.00271541 0.996075 -0.0882998 -0.00612836 0.98769 -0.156426 0 1 0 0 1 0 0 0.891006 0.453984 -0.0026807 0.782174 0.623057 0.00196936 0.707106 0.707099 -0.00344153 0.629158 0.777277 0.00079458 0.912849 0.408297 0.00063879 0.989148 0.146917 -0.000859743 0.987689 0.15643 0 0.209155 0.977882 0.000730069 0.4466 0.894733 -0.000874442 0.453972 0.891015 -0.0015106 0.0422945 0.999105 0 0.156444 0.987683 -0.00271389 -0.453973 0.891009 -0.00330294 -0.614726 0.788733 0.0033214 -0.707114 0.707092 -0.00330921 -0.813195 0.581987 0.00238117 -0.891004 0.453983 -0.00342924 -0.94495 0.327196 0.00346448 -0.36512 0.930959 0.00189913 -0.121119 0.992633 -0.00312857 -0.156445 0.987687 0 -0.996076 0.0882953 -0.00613037 -0.987687 0.156446 0 -1 0 0 -1 0 0 -0.942475 -0.334136 -0.00970459 -0.112205 0.99368 -0.00323116 -0.955219 -0.295788 0.0081284 -0.999771 -0.0183848 0.0109625 -0.997463 -0.0694857 0.0154532 -0.991067 0.133301 0.00406956 -0.994043 0.10883 -0.00580013 -0.997045 0.0731007 0.0236267 -0.99981 -0.0183017 0.00677343 -0.970598 0.239118 0.0276008 -0.991032 0.133169 0.0109837 -0.900372 0.43482 0.016204 -0.944745 0.327762 -0.00545789 -0.958118 0.286221 0.00930717 -0.915234 0.401769 0.0304589 -0.958073 0.286104 0.015516 -0.847872 0.530183 -0.0043752 -0.600217 0.799664 0.0166291 -0.7251 0.68806 0.0283577 -0.47232 0.881294 0.0153127 -0.533051 0.846075 -0.00365375 -0.60004 0.799344 0.0316492 -0.19116 0.981488 0.0117911 -0.190992 0.981191 0.0280435 -0.90033 0.434742 0.0201439 -0.100345 0.994952 0.000731346 -0.0994821 0.994155 0.0419439 -0.161163 0.98673 0.019741 -0.972549 -0.232648 0.00486716 -0.972553 -0.232639 0.00444962 -0.98243 -0.186224 0.0123271 -0.990081 -0.140315 0.00713941 -0.990044 -0.139811 -0.0162837 -0.993285 -0.115577 -0.00519222 -0.81922 0.573335 0.0129008 -0.818936 0.572875 0.0340287 -0.832272 0.553878 0.023315 -0.717424 0.695857 0.0329546 -0.717654 0.6964 -0.000631955 -0.70829 0.705898 0.00575223 -0.599536 0.799713 0.0318843 -0.479534 0.877 0.0303077 -0.472192 0.881055 0.0278631 -0.373133 0.92717 0.0335823 -0.363389 0.931112 0.0312966 -0.266264 0.963422 0.0303566 -0.279151 0.959647 0.0339474 -0.279412 0.960129 0.00900018 -0.330972 0.943633 -0.0036527 -0.363623 0.931525 0.00628269 -0.933505 -0.358564 0.000798151 -0.932544 -0.36104 0.00337264 -0.918111 -0.396059 -0.014485 0 1 0 0 1 0 0 0 1 0 0 1 0 -1 0 0 -1 0 -1 0 0 -1 0 0 -1 0 0 -1 0 0 -1 0 0 -1 0 0 0 0 1 0 0 1 -0.461749 0.887011 0 -0.461749 0.887011 0 -1 0 0 -1 0 0 -1 0 0 -1 0 0 -1 0 0 -1 0 0 -1 0 0 -1 0 0 -1 0 0 -1 0 0 -1 0 0 -1 0 0 0.436592 -0.838684 0.32557 0.436594 -0.838685 0.325565 0.43659 -0.838686 0.32557 0.436596 -0.838685 0.325565 0.436588 -0.838687 0.325569 0.436587 -0.838687 0.32557 0.436595 -0.838684 0.325567 0.208633 -0.503691 0.838313 0.503687 -0.20865 0.838311 0.503686 0.20866 0.838309 0.208657 0.503688 0.838308 -0.208647 0.503689 0.83831 -0.503691 0.208633 0.838313 -0.503692 -0.208622 0.838314 -0.208622 -0.503692 0.838314 0.923862 0.382725 0 0.382718 0.923865 0 0.382718 0.923865 0 0.923862 0.382725 0 0.923869 -0.382709 0 0.923869 -0.382709 0 0.382678 -0.923882 0 0.382678 -0.923882 0 -0.923888 -0.382662 0 -0.382662 -0.923888 0 -0.382662 -0.923888 0 -0.923888 -0.382662 0 -0.923882 0.382678 0 -0.923882 0.382678 0 -0.382702 0.923872 0 -0.382702 0.923872 0 0.208633 -0.503691 0.838313 0.503689 -0.208647 0.83831 0.503688 0.208659 0.838308 0.208661 0.503688 0.838307 -0.208651 0.503689 0.838309 -0.503691 0.208634 0.838312 -0.503692 -0.208622 0.838314 -0.208622 -0.503692 0.838314 0.923864 0.382721 0 0.382725 0.923862 0 0.382725 0.923862 0 0.923864 0.382721 0 0.923872 -0.382702 0 0.923872 -0.382702 0 0.382678 -0.923882 0 0.382678 -0.923882 0 -0.923888 -0.382662 0 -0.382662 -0.923888 0 -0.382662 -0.923888 0 -0.923888 -0.382662 0 -0.92388 0.382681 0 -0.92388 0.382681 0 -0.382709 0.923869 0 -0.382709 0.923869 0 0.699858 0.714282 0 0.743717 0.668495 0 0.743717 0.668495 0 0.699858 0.714282 0 0.653191 0.757193 0 0.653191 0.757193 0 0.603895 0.797064 0 0.603895 0.797064 0 0.552171 0.833731 0 0.552171 0.833731 0 -0.871911 0.489665 0 -0.871911 0.489665 0 -0.951303 0.308258 0 -0.951303 0.308258 0 -0.993391 0.114779 0 -0.993391 0.114779 0 -0.996533 -0.0832027 0 -0.996533 -0.0832027 0 -0.960602 -0.277929 0 -0.960602 -0.277929 0 -0.887009 -0.461752 0 -0.887009 -0.461752 0 -0.778647 -0.627462 0 -0.778647 -0.627462 0 -0.639742 -0.76859 0 -0.639742 -0.76859 0 -0.475764 -0.879573 0 -0.475764 -0.879573 0 -0.293131 -0.956072 0 -0.293131 -0.956072 0 -0.0989985 -0.995088 0 -0.0989985 -0.995088 0 0 0 -1 0 0 -1 0 0 -1 0 0 -1 0 0 -1 0 0 -1 0 0 -1 0 0 -1 0 0 -1 0 0 -1 0 0 -1 0 0 -1 0 0 -1 0 0 -1 0 0 -1 0 0 -1 0 0 -1 0 0 -1 0 0 -1 0 0 -1 0 0 -1 0 0 -1 0 0 -1 0 0 -1 0 0 -1 0 0 -1 0 0 -1 0 0 -1 0 0 -1 0 0 -1 0 0 -1 0 0 -1 0 0 -1 0 0 -1 0 0 -1 0 0 -1 0 0 -1 0 0 -1 0 0 -1 0 0 -1 0 0 -1 0 0 -1 0 0 -1 0 0 -1 0 0 -1 0 0 -1 0 0 -1 0 0 -1 0 0 -1 0 0 -1 0 0 -1 0 0 -1 0 0 -1 0 0 -1 0 0 -1 0 0 -1 0 0 -1 0 0 -1 0 0 -1 0 0 -1 0 0 -1 0 0 -1 0 0 -1 0 0 -1 0 0 -1 0 0 -1 0 0 -1 0 0 -1 0 0 -1 0 0 -1 0 0 -1 0 0 -1 0 0 -1 0 0 -1 0 0 -1 0 0 -1 0 0 -1 0 0 -1 0 0 -1 0 0 -1 0 0 -1 0 0 -1 -0.819153 0.573576 0 -0.819153 0.573576 0 -0.819153 0.573576 -4.31726e-07 -0.819152 0.573576 0 -0.898309 0.439364 0 -0.896192 0.443666 -8.15663e-05 -0.892984 0.450088 -0.00028702 -0.88632 0.463074 -0.000797814 -0.892769 0.450515 -1.40438e-05 -0.837269 0.546791 0 -0.837346 0.546673 1.81844e-05 -0.870865 0.491522 -1.62101e-05 -0.871061 0.491174 3.52311e-05 0 0 -1 0 0 -1 0 0 -1 0 0 -1 0 0 -1 0 0 -1 0 0 -1 0 0 -1 0 0 -1 0 0 -1 0 0 -1 0 0 -1 0 0 -1 0 0 -1 0 0 -1 0 0 -1 0 0 -1 0 0 -1 0 0 -1 0 0 -1 0 0 -1 0 0 -1 0 0 -1 0 0 -1 0 0 -1 0 0 -1 0 0 -1 0 0 -1 0 0 -1 0 0 -1 0 0 -1 0 0 -1 0 0 -1 0 0 -1 0 0 -1 0 0 -1 0 0 -1 0 0 -1 0 0 -1 0 0 -1 0 0 -1 0 0 -1 0 0 -1 0 0 -1 0 0 -1 0 0 -1 0 0 -1 0 0 -1 0 0 -1 0 0 -1 0 0 -1 0 0 -1 0 0 -1 0 0 -1 0 0 -1 0 0 -1 0 0 -1 0 0 -1 0 0 -1 0 0 -1 0 0 -1 0 0 -1 0 0 -1 0 0 -1 0 0 -1 0 0 -1 0 0 -1 0 0 -1 0 0 -1 0 0 -1 0 0 -1 0 0 -1 0 0 -1 0 0 -1 0 0 -1 0 0 -1 0 0 -1 0 0 -1 0 0 -1 0 0 -1 0 0 -1 0 0 -1 0 0 -1 0 0 -1 0 0 -1 0 0 -1 0 0 -1 0 0 -1 0 0 -1 0 0 -1 0 0 -1 0 0 -1 0 0 -1 0 0 -1 0 0 -1 0 0 -1 0 0 -1 0 0 -1 0 0 -1 0 0 -1 0 0 -1 0 0 -1 0 0 -1 0 0 -1 0 0 -1 0 0 -1 0 0 -1 0 0 -1 0 0 -1 0 0 -1 0 0 -1 0 0 -1 0 0 -1 0 0 -1 0 0 -1 0 0 -1 0 0 -1 0 0 -1 0 0 -1 0 0 -1 0 0 -1 0 0 -1 0 0 -1 0 0 -1 0 0 -1 0 0 -1 0 0 -1 0 0 -1 0 0 -1 0 0 -1 0 0 -1 0 0 -1 0 0 -1 0 0 -1 0 0 -1 0 0 -1 0 0 -1 0 0 -1 0 0 -1 0 0 -1 -0.998933 0.0461813 0 -0.998933 0.0461813 0 -0.99041 0.138157 0 -0.99041 0.138157 0 -0.973437 0.228953 0 -0.973437 0.228953 0 -0.948161 0.317791 0 -0.948161 0.317791 0 -0.914794 0.40392 0 -0.914794 0.40392 0 -0.873623 0.486604 0 -0.873623 0.486604 0 -0.824996 0.565138 0 -0.824996 0.565138 0 -0.769334 0.638847 0 -0.769334 0.638847 0 -0.707107 0.707107 0 -0.707107 0.707107 0 -0.638847 0.769334 0 -0.638847 0.769334 0 -0.565138 0.824996 0 -0.565138 0.824996 0 -0.486604 0.873623 0 -0.486604 0.873623 0 -0.40392 0.914794 0 -0.40392 0.914794 0 -0.317791 0.948161 0 -0.317791 0.948161 0 -0.228953 0.973437 0 -0.228953 0.973437 0 -0.138157 0.99041 0 -0.138157 0.99041 0 -0.0461813 0.998933 0 -0.0461813 0.998933 0 0.0461813 0.998933 0 0.0461813 0.998933 0 0.138157 0.99041 0 0.138157 0.99041 0 0.228953 0.973437 0 0.228953 0.973437 0 0.317791 0.948161 0 0.317791 0.948161 0 0.40392 0.914794 0 0.40392 0.914794 0 0.486604 0.873623 0 0.486604 0.873623 0 0.565138 0.824996 0 0.565138 0.824996 0 0.638847 0.769334 0 0.638847 0.769334 0 0.707107 0.707107 0 0.707107 0.707107 0 0.769334 0.638847 0 0.769334 0.638847 0 0.824996 0.565138 0 0.824996 0.565138 0 0.873623 0.486604 0 0.873623 0.486604 0 0.914794 0.40392 0 0.914794 0.40392 0 0.948161 0.317791 0 0.948161 0.317791 0 0.973437 0.228953 0 0.973437 0.228953 0 0.99041 0.138157 0 0.99041 0.138157 0 0.998933 0.0461813 0 0.998933 0.0461813 0 0.998933 -0.0461813 0 0.998933 -0.0461813 0 0.99041 -0.138157 0 0.99041 -0.138157 0 0.973437 -0.228953 0 0.973437 -0.228953 0 0.948161 -0.317791 0 0.948161 -0.317791 0 0.914794 -0.40392 0 0.914794 -0.40392 0 0.873623 -0.486604 0 0.873623 -0.486604 0 0.824996 -0.565138 0 0.824996 -0.565138 0 0.769334 -0.638847 0 0.769334 -0.638847 0 0.707107 -0.707107 0 0.707107 -0.707107 0 0.638847 -0.769334 0 0.638847 -0.769334 0 0.565138 -0.824996 0 0.565138 -0.824996 0 0.486604 -0.873623 0 0.486604 -0.873623 0 0.40392 -0.914794 0 0.40392 -0.914794 0 0.317791 -0.948161 0 0.317791 -0.948161 0 0.228953 -0.973437 0 0.228953 -0.973437 0 0.138157 -0.99041 0 0.138157 -0.99041 0 0.0461813 -0.998933 0 0.0461813 -0.998933 0 -0.0461813 -0.998933 0 -0.0461813 -0.998933 0 -0.138157 -0.99041 0 -0.138157 -0.99041 0 -0.228953 -0.973437 0 -0.228953 -0.973437 0 -0.317791 -0.948161 0 -0.317791 -0.948161 0 -0.40392 -0.914794 0 -0.40392 -0.914794 0 -0.486604 -0.873623 0 -0.486604 -0.873623 0 -0.565138 -0.824996 0 -0.565138 -0.824996 0 -0.638847 -0.769334 0 -0.638847 -0.769334 0 -0.707107 -0.707107 0 -0.707107 -0.707107 0 -0.769334 -0.638847 0 -0.769334 -0.638847 0 -0.824996 -0.565138 0 -0.824996 -0.565138 0 -0.873623 -0.486604 0 -0.873623 -0.486604 0 -0.914794 -0.40392 0 -0.914794 -0.40392 0 -0.948161 -0.317791 0 -0.948161 -0.317791 0 -0.973437 -0.228953 0 -0.973437 -0.228953 0 -0.99041 -0.138157 0 -0.99041 -0.138157 0 -0.998933 -0.0461813 0 -0.998933 -0.0461813 0 0.385811 0.0126435 0.922491 0.433666 -0.00350824 0.901067 0.499651 0.00641711 0.866203 0.507177 0.00307496 0.861836 0.612297 -0.00592547 0.790606 0.584212 0.00999047 0.81154 0.638395 0.000436929 0.769709 0.72124 -0.00106312 0.692684 0.689207 0.0115718 0.724472 0.732934 0.00163272 0.680298 0.822414 -0.0032105 0.56888 0.78133 0.0150724 0.623937 0.835279 0 0.549827 0.773218 0.263876 0.57663 0.436595 0.838684 0.325567 0.436589 0.838686 0.325569 0.436592 0.838685 0.325568 0.436592 0.838685 0.325568 0.436592 0.838685 0.325568 0.436591 0.838685 0.325569 0.466578 0.809592 0.356183 0.465632 0.81623 0.341988 0.842529 0.0409919 0.537089 0.825996 0.0443781 0.561927 0.857249 0.122891 0.500023 0.825555 0.0721252 0.559693 0.785671 0.0361814 0.617585 0.84714 0.204071 0.49062 0.806503 0.142135 0.573891 0.795747 0.118655 0.593893 0.823737 0.284487 0.490433 0.789619 0.240087 0.564678 0.791258 0.363552 0.491671 0.769464 0.336564 0.542817 0.77973 0.314541 0.541373 0.751579 0.440378 0.491118 0.743267 0.430125 0.512393 0.749542 0.360673 0.55507 0.677932 0.585325 0.44475 0.70416 0.518485 0.485109 0.685759 0.542524 0.485183 0.634215 0.651359 0.416536 0.649963 0.600271 0.466071 0.651596 0.583492 0.484726 0.583501 0.712168 0.390311 0.592274 0.676602 0.437517 0.527029 0.767251 0.365469 0.531046 0.746639 0.40065 0.550426 0.734237 0.397401 0.512689 0.766271 0.387271 0.81618 0.0239848 0.577299 0.790224 0.120741 0.600805 0.746664 0.3622 0.557946 0.712854 0.514521 0.476558 0.649879 0.584468 0.485854 0.51165 0.766784 0.38763 0.487881 0.797153 0.355696 0.441153 0.825228 0.352679 0.464094 0.816123 0.344324 0.812842 0.169324 0.55733 0.752593 0.217871 0.621398 0.800763 0.201123 0.564207 0.785755 0.266549 0.558159 0.764079 0.280358 0.581019 0.747705 0.40879 0.523286 0.697372 0.454529 0.554145 0.731238 0.438989 0.522092 0.703745 0.49927 0.505443 0.685178 0.512345 0.51772 0.635906 0.624596 0.453325 0.587974 0.662991 0.463389 0.615047 0.650204 0.44604 0.577209 0.699669 0.421062 0.559779 0.710536 0.426364 0.858338 0.150069 0.490648 0.839095 0.187463 0.510664 0.807387 0.342691 0.480301 0.74697 0.464853 0.47534 0.852195 0.112501 0.510986 0.871557 0.0382269 0.488802 0.863054 0.0498036 0.50265 0.810283 0.30745 0.498916 0.830906 0.254065 0.495022 0.835916 0.247452 0.48991 0.789827 0.366237 0.491979 0.766033 0.433822 0.474332 0.777652 0.422509 0.465557 0.692114 0.562203 0.452665 0.726052 0.517111 0.45326 0.72152 0.521282 0.455713 0.628835 0.652627 0.422665 0.663892 0.609861 0.432801 0.670686 0.603674 0.430998 0.52125 0.769226 0.369581 0.562068 0.736747 0.375878 0.543587 0.748746 0.379331 0.594511 0.695091 0.404234 0.612103 0.679882 0.403846 0.47347 0.811708 0.341988 0.473448 0.810704 0.344392 0.603895 -0.797064 0 0.552171 -0.833731 0 0.552171 -0.833731 0 0.603895 -0.797064 0 0.653191 -0.757193 0 0.653191 -0.757193 0 0.699858 -0.714282 0 0.699858 -0.714282 0 0.743717 -0.668495 0 0.743717 -0.668495 0 0 0 -1 0 0 -1 0 0 -1 0 0 -1 0 0 -1 0 0 -1 0 0 -1 0 0 -1 0 0 -1 0 0 -1 0 0 -1 0 0 -1 0 0 -1 0 0 -1 0 0 -1 0 0 -1 0 0 -1 0 0 -1 0 0 -1 0 0 -1 0 0 -1 0 0 -1 0 0 -1 0 0 -1 0 0 -1 0 0 -1 0 0 -1 0 0 -1 0 0 -1 0 0 -1 0 0 -1 0 0 -1 0 0 -1 0 0 -1 0 0 -1 0 0 -1 0 0 -1 0 0 -1 0 0 -1 0 0 -1 0 0 -1 0 0 -1 0 0 -1 0 0 -1 0 0 -1 0 0 -1 0 0 -1 0 0 -1 0 0 -1 0 0 -1 0 0 -1 0 0 -1 0 0 -1 0 0 -1 0 0 -1 0 0 -1 0 0 -1 0 0 -1 0 0 -1 0 0 -1 0 0 -1 0 0 -1 0 0 -1 0 0 -1 0 0 -1 0 0 -1 0 0 -1 0 0 -1 0 0 -1 0 0 -1 0 0 -1 0 0 -1 0 0 -1 0 0 -1 0 0 -1 0 0 -1 0 0 -1 0 0 -1 0 0 -1 0 0 -1 0 0 -1 0 0 -1 -0.746259 -0.665656 0 -0.782989 -0.622036 0 -0.782989 -0.622036 0 -0.746259 -0.665656 0 -0.707107 -0.707107 0 -0.707107 -0.707107 0 -0.665656 -0.746259 0 -0.665656 -0.746259 0 -0.622036 -0.782989 0 -0.622036 -0.782989 0 -0.665656 0.746259 0 -0.622036 0.782989 0 -0.622036 0.782989 0 -0.665656 0.746259 0 -0.707107 0.707107 0 -0.707107 0.707107 0 -0.746259 0.665656 0 -0.746259 0.665656 0 -0.782989 0.622036 0 -0.782989 0.622036 0 0.342021 0.939692 0 0.342018 0.939693 0 0.342019 0.939693 -3.7568e-07 0.342019 0.939693 -2.77078e-06 0.342078 0.939671 0 0.941039 -0.338298 0 0.941039 -0.338298 0 0.986805 -0.161915 0 0.986805 -0.161915 0 0.999803 0.0198273 0 0.999803 0.0198273 0 0.979606 0.200929 0 0.979606 0.200929 0 0.926887 0.375342 0 0.926887 0.375342 0 0.843392 0.537299 0 0.843392 0.537299 0 0.731899 0.681413 0 0.731899 0.681413 0 0.596098 0.802911 0 0.596098 0.802911 0 0.440502 0.897752 0 0.440502 0.897752 0 0.270301 0.962776 0 0.270301 0.962776 0 0.0911017 0.995842 0 0.0911017 0.995842 0 -0.0726516 0.997357 0 -0.0726516 0.997357 0 -0.216445 0.976295 0 -0.216445 0.976295 0 -0.355655 0.934617 0 -0.355655 0.934617 0 0 0 -1 0 0 -1 0 0 -1 0 0 -1 0 0 -1 0 0 -1 0 0 -1 0 0 -1 0 0 -1 0 0 -1 0 0 -1 0 0 -1 0 0 -1 0 0 -1 0 0 -1 0 0 -1 0 0 -1 0 0 -1 0 0 -1 0 0 -1 0 0 -1 0 0 -1 0 0 -1 0 0 -1 0 0 -1 0 0 -1 0 0 -1 0 0 -1 0 0 -1 0 0 -1 0 0 -1 0 0 -1 0 0 -1 0 0 -1 0 0 -1 0 0 -1 0 0 -1 0 0 -1 0 0 -1 0 0 -1 0 0 -1 0 0 -1 0 0 -1 0 0 -1 0 0 -1 0 0 -1 0 0 -1 0 0 -1 0 0 -1 0 0 -1 0 0 -1 0 0 -1 0 0 -1 0 0 -1 0 0 -1 0 0 -1 -0.355655 -0.934617 0 -0.355655 -0.934617 0 -0.216445 -0.976295 0 -0.216445 -0.976295 0 -0.0726516 -0.997357 0 -0.0726516 -0.997357 0 0 0 -1 0 0 -1 0 0 -1 0 0 -1 0 0 -1 0 0 -1 0 0 -1 0 0 -1 0 0 -1 0 0 -1 0 0 -1 0 0 -1 0 0 -1 0 0 -1 0 0 -1 0 0 -1 0 0 -1 0 0 -1 0 0 -1 0 0 -1 0 0 -1 0 0 -1 0 0 -1 0 0 -1 0 0 -1 0 0 -1 0 0 -1 0 0 -1 0 0 -1 0 0 -1 0 0 -1 0 0 -1 0 0 -1 0 0 -1 0 0 -1 0 0 -1 0 0 -1 0 0 -1 0 0 -1 0 0 -1 0 0 -1 0 0 -1 0 0 -1 0 0 -1 0 0 -1 0 0 -1 0 0 -1 0 0 -1 0 0 -1 0 0 -1 0 0 -1 0 0 -1 0 0 -1 0 0 -1 0 0 -1 0 0 -1 0.286809 0.957988 0 0.286809 0.957988 0 0.173645 0.984808 0 0.173645 0.984808 0 0.0581466 0.998308 0 0.0581466 0.998308 0 0.906308 -0.422618 0 0.906308 -0.422618 0 0.906308 -0.422618 1.72277e-06 0.906308 -0.422617 0 -0.422618 -0.906308 0 -0.422618 -0.906308 0 -0.422618 -0.906308 1.72277e-06 -0.422617 -0.906308 0 -0.0562612 0.998416 0 -0.0562612 0.998416 0 -0.168053 0.985778 0 -0.168053 0.985778 0 -0.277727 0.96066 0 -0.277727 0.96066 0 0.992143 -0.125052 0.00386633 0.997613 -0.0689787 -0.00309333 0.999993 -0.000997398 0.00371961 0.999079 0.0428075 -0.00278937 0.992393 0.123066 0.00326063 0.988058 0.154067 -0.00217294 0.96946 0.245237 0.00248701 0.983677 -0.179915 -0.00308305 0.968964 -0.247173 0.00369868 0.959181 -0.282788 -0.00184933 0.930823 -0.365471 0 0.926247 -0.376904 0.00306136 0.964687 0.263396 -0.00124176 0.929256 0.369433 0.00155778 0.931554 0.363603 0 -0.176687 -0.984265 -0.00186152 -0.269341 -0.963044 0.0016858 -0.282789 -0.959182 -0.000843692 -0.372583 -0.927998 0.000929882 -0.376906 -0.926251 0 -0.16289 -0.986644 0.000930523 -0.0591743 -0.998247 -0.00101695 -0.0545182 -0.998513 0 0.0542615 -0.998527 0 0.0542615 -0.998527 0 0.16216 -0.986764 0 0.16216 -0.986764 0 0.268135 -0.963381 0 0.268135 -0.963381 0 0.370955 -0.928651 0 0.370955 -0.928651 0 0.392464 0.919767 0 0.392464 0.919767 0 0.334673 0.942334 0 0.334673 0.942334 0 0.275599 0.961273 0 0.275599 0.961273 0 0.215465 0.976512 0 0.215465 0.976512 0 0.154497 0.987993 0 0.154497 0.987993 0 0.0929342 0.995672 0 0.0929342 0.995672 0 0.0310183 0.999519 0 0.0310183 0.999519 0 -0.0337626 0.99943 0 -0.0337626 0.99943 0 -0.101141 0.994872 0 -0.101141 0.994872 0 -0.168054 0.985778 0 -0.168054 0.985778 0 -0.234202 0.972188 0 -0.234202 0.972188 0 -0.29928 0.954165 0 -0.29928 0.954165 0 0.944703 -0.327922 -0.00191265 0.961271 -0.275599 0.00175462 0.964489 -0.264109 -0.00262998 0.976509 -0.215464 0.00239231 0.97997 -0.199121 -0.00318838 0.987989 -0.154497 0.00287072 0.991078 -0.133238 -0.00358824 0.995667 -0.0929337 0.00318789 0.997761 -0.0667717 -0.00382664 0.997761 0.0667717 -0.00382664 0.995667 0.0929337 0.00318789 0.991078 0.133238 -0.00358824 0.987989 0.154497 0.00287072 0.97997 0.199121 -0.00318838 0.976509 0.215464 0.00239231 0.964489 0.264109 -0.00262998 0.961271 0.275599 0.00175462 0.944703 0.327922 -0.00191266 0.999513 -0.0310181 0.00334889 0.999992 0 -0.00390586 0.999513 0.0310181 0.00334889 0.919767 -0.392464 0 0.920702 -0.390265 -0.00103762 0.942334 -0.334673 0.000955467 0.920702 0.390265 0 0.919767 0.392464 -0.00111741 0.942334 0.334673 0.000955466 0.0310183 -0.999519 0 0.0310183 -0.999519 0 0.0929342 -0.995672 0 0.0929342 -0.995672 0 0.154497 -0.987993 0 0.154497 -0.987993 0 0.215465 -0.976512 0 0.215465 -0.976512 0 0.275599 -0.961273 0 0.275599 -0.961273 0 0.334673 -0.942334 0 0.334673 -0.942334 0 0.392464 -0.919767 0 0.392464 -0.919767 0 -0.29928 -0.954165 0 -0.29928 -0.954165 0 -0.234202 -0.972188 0 -0.234202 -0.972188 0 -0.168054 -0.985778 0 -0.168054 -0.985778 0 -0.101141 -0.994872 0 -0.101141 -0.994872 0 -0.0337626 -0.99943 0 -0.0337626 -0.99943 0 -0.208634 0.503691 0.838312 -0.503689 0.208651 0.838309 -0.503688 -0.208661 0.838307 -0.208662 -0.503686 0.838308 0.208652 -0.503687 0.83831 0.503691 -0.208637 0.838312 0.503692 0.208626 0.838314 0.208624 0.503692 0.838314 -0.923862 -0.382725 0 -0.382728 -0.923861 0 -0.382728 -0.923861 0 -0.923862 -0.382725 0 -0.923869 0.382709 0 -0.923869 0.382709 0 -0.382681 0.92388 0 -0.382681 0.92388 0 0.923886 0.382669 0 0.382665 0.923887 0 0.382665 0.923887 0 0.923886 0.382669 0 0.923879 -0.382685 0 0.923879 -0.382685 0 0.382711 -0.923868 0 0.382711 -0.923868 0 0 0 1 0 0 1 0 0 1 0 0 1 0 0 1 0 0 1 0 0 1 0 0 1 0 0 1 0 0 1 0 0 1 0 0 1 0 0 1 0 0 1 0 0 1 0 0 1 0 0 1 0 0 1 0 0 1 0 0 1 0 0 1 0 0 1 0 0 1 0 0 1 0 0 1 0 0 1 0 0 1 0 0 1 0 1 0 0 1 0 0 1 0 0 1 0 0 1 0 0 1 0 0 1 0 0 1 0 0 1 0 0 1 0 0 1 0 0 1 0 0 1 0 0 1 0 0 1 0 0 1 0 0 1 0 -0.890764 0.45387 0.0232875 -0.554338 0.832143 -0.0157708 -0.453815 0.890657 0.0279644 -0.345011 0.938518 -0.012303 -0.997559 0.0698223 0 -0.987007 0.156318 0.0371746 -0.966991 0.254303 -0.0160676 -0.706897 0.706916 0.0238177 -0.714252 0.699673 0.017361 -0.865058 0.501339 -0.0182651 -0.165922 0.986 0.0165438 -0.156411 0.987494 0.0197623 -0.0113949 0.999889 -0.00963205 0.16013 0.98697 0.0157573 0.156428 0.987577 0.0148662 0.291777 0.956461 -0.00698754 0.495672 0.868371 0.015544 0.453978 0.891001 0.00472681 0.598684 0.800985 -0.00118681 0.723167 0.69063 0.00770422 0.707102 0.707102 0.0037668 0.82559 0.564269 -0.0014187 0.90498 0.425374 0.00827575 0.890999 0.45399 0.00375827 0.965127 0.261773 -0.00218667 0.996778 0.0802075 0 0.987668 0.156435 0.00638407 -0.37312 -0.927737 -0.00925174 -0.453815 -0.890656 0.0280033 -0.604714 -0.795973 -0.0273466 -0.706717 -0.706714 0.0332621 0.890985 -0.453983 0.00673345 0.938162 -0.34619 -0.00195317 0.982553 -0.185959 0.00289641 0.998253 -0.0568572 0.0160468 0.987688 -0.156439 0 -0.156407 -0.987605 0.0131459 -0.122882 -0.992412 -0.0041782 0.107589 -0.994191 0.00304676 0.282595 -0.958158 0.0455277 0.156424 -0.987689 0.00170357 0.707103 -0.707081 0.00648025 0.720759 -0.69318 0.0029426 0.847867 -0.530204 -0.00222903 0.453982 -0.891009 -0.00184136 0.39762 -0.917318 0.0206417 0.548885 -0.835886 -0.00444285 -0.890937 -0.453958 0.0124009 -0.915888 -0.396144 0.0649508 -0.813406 -0.580737 -0.0333771 -0.98769 -0.156427 0 -0.991542 -0.126615 0.0285303 -0.955899 -0.293683 -0.00271883 0 0 1 0 0 1 0 0 1 0 0 1 -0.101914 0.512353 0.852706 -0.290225 0.434352 0.852706 -0.434358 0.290217 0.852706 -0.512353 0.101922 0.852705 -0.512353 -0.101922 0.852705 -0.434359 -0.290216 0.852706 -0.290225 -0.434352 0.852707 -0.101912 -0.512353 0.852706 0.101912 -0.512353 0.852706 0.290225 -0.434352 0.852707 0.434356 -0.290219 0.852706 0.512352 -0.101922 0.852706 0.512352 0.101922 0.852706 0.434356 0.29022 0.852706 0.290225 0.434352 0.852706 0.101914 0.512353 0.852706 -0.10192 0.512353 0.852706 -0.290218 0.434357 0.852706 -0.434356 0.290219 0.852706 -0.512354 0.101917 0.852706 -0.512354 -0.101917 0.852706 -0.434356 -0.290219 0.852706 -0.290228 -0.434348 0.852707 -0.101905 -0.512354 0.852707 0.101905 -0.512354 0.852707 0.290228 -0.434348 0.852707 0.434348 -0.290228 0.852707 0.512354 -0.101904 0.852707 0.512354 0.101904 0.852707 0.434348 0.290228 0.852707 0.290218 0.434357 0.852706 0.10192 0.512353 0.852706 -0.101904 0.512354 0.852707 -0.290228 0.434348 0.852707 -0.434348 0.290228 0.852707 -0.512354 0.101904 0.852707 -0.512354 -0.101904 0.852707 -0.434348 -0.290228 0.852707 -0.290219 -0.434356 0.852706 -0.101919 -0.512353 0.852706 0.101919 -0.512353 0.852706 0.290219 -0.434356 0.852706 0.434356 -0.290219 0.852706 0.512353 -0.101919 0.852706 0.512353 0.101919 0.852706 0.434356 0.290219 0.852706 0.290228 0.434348 0.852707 0.101904 0.512354 0.852707 -0.101904 0.512354 0.852707 -0.290228 0.434348 0.852707 -0.434348 0.290228 0.852707 -0.512354 0.101904 0.852707 -0.512354 -0.101904 0.852707 -0.434348 -0.290228 0.852707 -0.290219 -0.434356 0.852706 -0.101919 -0.512353 0.852706 0.101919 -0.512353 0.852706 0.290219 -0.434356 0.852706 0.434356 -0.290219 0.852706 0.512353 -0.101919 0.852706 0.512353 0.101919 0.852706 0.434356 0.290219 0.852706 0.290228 0.434348 0.852707 0.101904 0.512354 0.852707 -0.101917 0.512354 0.852706 -0.290219 0.434356 0.852706 -0.434357 0.290218 0.852706 -0.512353 0.10192 0.852706 -0.512353 -0.10192 0.852706 -0.434357 -0.290218 0.852706 -0.290228 -0.434348 0.852707 -0.101904 -0.512354 0.852707 0.101904 -0.512354 0.852707 0.290228 -0.434348 0.852707 0.434348 -0.290228 0.852707 0.512354 -0.101905 0.852707 0.512354 0.101905 0.852707 0.434348 0.290228 0.852707 0.290219 0.434356 0.852706 0.101917 0.512354 0.852706 -0.101922 0.512353 0.852705 -0.290217 0.434358 0.852706 -0.434352 0.290225 0.852706 -0.512353 0.101914 0.852706 -0.512353 -0.101914 0.852706 -0.434352 -0.290225 0.852706 -0.29022 -0.434356 0.852706 -0.101922 -0.512352 0.852706 0.101922 -0.512352 0.852706 0.290219 -0.434356 0.852706 0.434352 -0.290225 0.852707 0.512353 -0.101912 0.852706 0.512353 0.101912 0.852706 0.434352 0.290225 0.852707 0.290216 0.434359 0.852706 0.101922 0.512353 0.852705 -0.101922 0.512353 0.852705 -0.290216 0.434359 0.852706 -0.434352 0.290225 0.852707 -0.512353 0.101912 0.852706 -0.512353 -0.101912 0.852706 -0.434352 -0.290225 0.852707 -0.290219 -0.434356 0.852706 -0.101922 -0.512352 0.852706 0.101922 -0.512352 0.852706 0.29022 -0.434356 0.852706 0.434352 -0.290225 0.852706 0.512353 -0.101914 0.852706 0.512353 0.101914 0.852706 0.434352 0.290225 0.852706 0.290217 0.434358 0.852706 0.101922 0.512353 0.852705 -0.101917 0.512354 0.852706 -0.290219 0.434356 0.852706 -0.434348 0.290228 0.852707 -0.512354 0.101905 0.852707 -0.512354 -0.101905 0.852707 -0.434348 -0.290228 0.852707 -0.290228 -0.434348 0.852707 -0.101904 -0.512354 0.852707 0.101904 -0.512354 0.852707 0.290228 -0.434348 0.852707 0.434357 -0.290218 0.852706 0.512353 -0.10192 0.852706 0.512353 0.10192 0.852706 0.434357 0.290218 0.852706 0.290219 0.434356 0.852706 0.101917 0.512354 0.852706 -0.101904 0.512354 0.852707 -0.290228 0.434348 0.852707 -0.434356 0.290219 0.852706 -0.512353 0.101919 0.852706 -0.512353 -0.101919 0.852706 -0.434356 -0.290219 0.852706 -0.290219 -0.434356 0.852706 -0.101919 -0.512353 0.852706 0.101919 -0.512353 0.852706 0.290219 -0.434356 0.852706 0.434348 -0.290228 0.852707 0.512354 -0.101904 0.852707 0.512354 0.101904 0.852707 0.434348 0.290228 0.852707 0.290228 0.434348 0.852707 0.101904 0.512354 0.852707 -0.101919 0.512353 0.852706 -0.290219 0.434356 0.852706 -0.434356 0.290219 0.852706 -0.512353 0.101919 0.852706 -0.512353 -0.101919 0.852706 -0.434356 -0.290219 0.852706 -0.290228 -0.434348 0.852707 -0.101904 -0.512354 0.852707 0.101904 -0.512354 0.852707 0.290228 -0.434348 0.852707 0.434348 -0.290228 0.852707 0.512354 -0.101904 0.852707 0.512354 0.101904 0.852707 0.434348 0.290228 0.852707 0.290219 0.434356 0.852706 0.101919 0.512353 0.852706 -0.101919 0.512353 0.852706 -0.290219 0.434356 0.852706 -0.434356 0.290219 0.852706 -0.512353 0.101919 0.852706 -0.512353 -0.101919 0.852706 -0.434356 -0.290219 0.852706 -0.290228 -0.434348 0.852707 -0.101904 -0.512354 0.852707 0.101904 -0.512354 0.852707 0.290228 -0.434348 0.852707 0.434348 -0.290228 0.852707 0.512354 -0.101904 0.852707 0.512354 0.101904 0.852707 0.434348 0.290228 0.852707 0.290219 0.434356 0.852706 0.101919 0.512353 0.852706 -0.101904 0.512354 0.852707 -0.290228 0.434348 0.852707 -0.434348 0.290228 0.852707 -0.512354 0.101905 0.852707 -0.512354 -0.101905 0.852707 -0.434348 -0.290228 0.852707 -0.290219 -0.434356 0.852706 -0.101917 -0.512354 0.852706 0.101917 -0.512354 0.852706 0.290219 -0.434356 0.852706 0.434357 -0.290218 0.852706 0.512353 -0.10192 0.852706 0.512353 0.10192 0.852706 0.434357 0.290218 0.852706 0.290228 0.434348 0.852707 0.101904 0.512354 0.852707 -0.101922 0.512352 0.852706 -0.290219 0.434356 0.852706 -0.434352 0.290225 0.852707 -0.512353 0.101912 0.852706 -0.512353 -0.101912 0.852706 -0.434352 -0.290225 0.852707 -0.290216 -0.434359 0.852706 -0.101922 -0.512353 0.852705 0.101922 -0.512353 0.852705 0.290217 -0.434358 0.852706 0.434352 -0.290225 0.852706 0.512353 -0.101914 0.852706 0.512353 0.101914 0.852706 0.434352 0.290225 0.852706 0.29022 0.434356 0.852706 0.101922 0.512352 0.852706 -0.101922 0.512352 0.852706 -0.29022 0.434356 0.852706 -0.434352 0.290225 0.852706 -0.512353 0.101914 0.852706 -0.512353 -0.101914 0.852706 -0.434352 -0.290225 0.852706 -0.290217 -0.434358 0.852706 -0.101922 -0.512353 0.852705 0.101922 -0.512353 0.852705 0.290216 -0.434359 0.852706 0.434352 -0.290225 0.852707 0.512353 -0.101912 0.852706 0.512353 0.101912 0.852706 0.434352 0.290225 0.852707 0.290219 0.434356 0.852706 0.101922 0.512352 0.852706 -0.101904 0.512354 0.852707 -0.290228 0.434348 0.852707 -0.434357 0.290218 0.852706 -0.512353 0.10192 0.852706 -0.512353 -0.10192 0.852706 -0.434357 -0.290218 0.852706 -0.290219 -0.434356 0.852706 -0.101917 -0.512354 0.852706 0.101917 -0.512354 0.852706 0.290219 -0.434356 0.852706 0.434348 -0.290228 0.852707 0.512354 -0.101905 0.852707 0.512354 0.101905 0.852707 0.434348 0.290228 0.852707 0.290228 0.434348 0.852707 0.101904 0.512354 0.852707 -0.101919 0.512353 0.852706 -0.290219 0.434356 0.852706 -0.434348 0.290228 0.852707 -0.512354 0.101904 0.852707 -0.512354 -0.101904 0.852707 -0.434348 -0.290228 0.852707 -0.290228 -0.434348 0.852707 -0.101904 -0.512354 0.852707 0.101904 -0.512354 0.852707 0.290228 -0.434348 0.852707 0.434356 -0.290219 0.852706 0.512353 -0.101919 0.852706 0.512353 0.101919 0.852706 0.434356 0.290219 0.852706 0.290219 0.434356 0.852706 0.101919 0.512353 0.852706 -0.101919 0.512353 0.852706 -0.290219 0.434356 0.852706 -0.434348 0.290228 0.852707 -0.512354 0.101904 0.852707 -0.512354 -0.101904 0.852707 -0.434348 -0.290228 0.852707 -0.290228 -0.434348 0.852707 -0.101904 -0.512354 0.852707 0.101904 -0.512354 0.852707 0.290228 -0.434348 0.852707 0.434356 -0.290219 0.852706 0.512353 -0.101919 0.852706 0.512353 0.101919 0.852706 0.434356 0.290219 0.852706 0.290219 0.434356 0.852706 0.101919 0.512353 0.852706 -0.101905 0.512354 0.852707 -0.290228 0.434348 0.852707 -0.434356 0.290219 0.852706 -0.512354 0.101917 0.852706 -0.512354 -0.101917 0.852706 -0.434356 -0.290219 0.852706 -0.290218 -0.434357 0.852706 -0.10192 -0.512353 0.852706 0.10192 -0.512353 0.852706 0.290218 -0.434357 0.852706 0.434348 -0.290228 0.852707 0.512354 -0.101904 0.852707 0.512354 0.101904 0.852707 0.434348 0.290228 0.852707 0.290228 0.434348 0.852707 0.101905 0.512354 0.852707 -0.101912 0.512353 0.852706 -0.290225 0.434352 0.852707 -0.434359 0.290216 0.852706 -0.512353 0.101922 0.852705 -0.512353 -0.101922 0.852705 -0.434358 -0.290217 0.852706 -0.290225 -0.434352 0.852706 -0.101914 -0.512353 0.852706 0.101914 -0.512353 0.852706 0.290225 -0.434352 0.852706 0.434356 -0.29022 0.852706 0.512352 -0.101922 0.852706 0.512352 0.101922 0.852706 0.434356 0.290219 0.852706 0.290225 0.434352 0.852707 0.101912 0.512353 0.852706 0 0 1 0 0 1 0 0 1 0 0 1 0.866022 -0.499998 -0.0029886 0.856607 -0.515468 0.0227368 0.874934 -0.48424 -0.00139944 0 0 1 0 0 1 0.707104 -0.707104 -0.00298328 0.69401 -0.719606 0.0227341 0.719792 -0.694189 -0.00139892 0 0 1 0 0 1 0.499998 -0.866022 -0.00298378 0.484115 -0.874709 0.0227325 0.515601 -0.856828 -0.00140371 0 0 1 0 0 1 0.258818 -0.965921 -0.00298655 0.241226 -0.970203 0.0227329 0.276263 -0.961081 -0.00140042 0 0 1 0 0 1 0 -0.999996 -0.00298618 -0.0180966 -0.999578 0.0227272 0.0181013 -0.999835 -0.00140204 0 0 1 0 0 1 -0.258819 -0.965921 -0.00298471 -0.276192 -0.960834 0.0227312 -0.241288 -0.970452 -0.00140204 0 0 1 0 0 1 -0.499998 -0.866022 -0.0029886 -0.515468 -0.856607 0.0227368 -0.48424 -0.874934 -0.00139944 -0.984808 0 0.173648 -0.984808 0 0.173648 0 0 1 0 0 1 0 0 1 0 0 1 0 0 1 0 0 1 0 0 1 0 0 1 0 0 1 0 0 1 0 0 1 0 0 1 0 0 1 0 0 1 0 0 1 0 0 1 0 0 1 0 0 1 0 0 1 0.86604 3.14084e-06 0.499975 0.866005 -1.40396e-05 0.500035 0.866024 -2.99536e-06 0.500002 0.866034 3.85361e-06 0.499985 0.866029 -2.19344e-06 0.499995 0.866022 -1.71062e-05 0.500007 0.866026 0 0.499999 0.866026 0 0.499999 0.866017 1.47067e-05 0.500014 0.866035 -4.17684e-06 0.499984 0.86603 -3.83978e-07 0.499992 0.866021 4.62488e-06 0.500008 0.866033 0 0.499987 0 0 1 0 0 1 -0.499998 0.866022 -0.00298378 -0.484115 0.874709 0.0227325 -0.515601 0.856828 -0.00140371 0 0 1 0 0 1 -0.258818 0.965921 -0.00298655 -0.241226 0.970203 0.0227329 -0.276263 0.961081 -0.00140042 0 0 1 0 0 1 0 0.999996 -0.00298618 0.0180966 0.999578 0.0227272 -0.0181013 0.999835 -0.00140204 0 0 1 0 0 1 0.258819 0.965921 -0.00298471 0.276192 0.960834 0.0227312 0.241288 0.970452 -0.00140204 0 0 1 0 0 1 0.499998 0.866022 -0.0029886 0.515468 0.856607 0.0227368 0.48424 0.874934 -0.00139944 0 0 1 0 0 1 0.707104 0.707104 -0.00298328 0.719606 0.69401 0.0227341 0.694189 0.719792 -0.00139892 0 0 1 0 0 1 0.866022 0.499998 -0.00298378 0.874709 0.484115 0.0227325 0.856828 0.515601 -0.00140371 0 0 1 0 0 1 0 0 1 0.999569 0.029365 -0.000396016 0.999847 0.017323 0.00245094 0.999871 -0.0159988 -0.00156631 0.998787 -0.0441202 0.0218772 0.999703 -0.0233781 0.00691854 0.999974 -0.00721938 1.19206e-05 0.999987 0.00500461 1.19208e-05 0.999866 0.0159987 0.00334299 0.845408 0.507978 0.165058 0.845408 0.313965 0.432101 0.845412 0 0.534114 0.845409 -0.313964 0.4321 0.84541 -0.507976 0.165057 0.845411 -0.507976 -0.165047 0.845413 -0.313941 -0.43211 0.845412 0 -0.534114 0.845412 0.313942 -0.43211 0.845409 0.507979 -0.165048 0.84541 0.507976 0.165057 0.845409 0.313964 0.4321 0.845412 0 0.534114 0.845408 -0.313965 0.432101 0.845408 -0.507978 0.165058 0.845409 -0.507979 -0.165048 0.845412 -0.313942 -0.43211 0.845412 0 -0.534114 0.845413 0.313941 -0.43211 0.845411 0.507976 -0.165047 0.257834 0.96225 0.0871556 0.257834 0.96225 0.0871553 -0.96225 0.257835 0.0871575 -0.96225 0.257835 0.0871576 -0.257834 -0.96225 0.0871561 -0.257834 -0.96225 0.0871553 0.965921 -0.258819 -0.00298471 0.960834 -0.276192 0.0227312 0.970452 -0.241288 -0.00140204 0.793355 0.608759 0 0.793355 0.608759 0 -0.608761 0.793353 0 -0.608761 0.793353 0 -0.793355 -0.608759 0 -0.793355 -0.608759 0 0.608761 -0.793353 0 0.608761 -0.793353 0 -0.793354 -0.608761 0 -0.793354 -0.608761 0 0.608761 -0.793354 0 0.608761 -0.793354 0 0.793353 0.608761 0 0.793353 0.608761 0 -0.608761 0.793354 0 -0.608761 0.793354 0 -0.257834 0.96225 0.0871553 -0.257834 0.96225 0.0871561 -0.96225 -0.257835 0.0871576 -0.96225 -0.257835 0.0871575 0.257834 -0.96225 0.0871553 0.257834 -0.96225 0.0871555 0.965921 0.258818 -0.00298655 0.970203 0.241226 0.0227329 0.961081 0.276263 -0.00140042 -0.980782 -0.195107 0 -0.831481 -0.555553 0 -0.831481 -0.555553 0 -0.55557 -0.83147 0 -0.55557 -0.83147 0 -0.195088 -0.980786 0 -0.195088 -0.980786 0 -0.980782 -0.195107 0 -0.980782 0.195107 0 -0.980782 0.195107 0 -0.83148 0.555555 0 -0.83148 0.555555 0 -0.555571 0.831469 0 -0.555571 0.831469 0 -0.195091 0.980785 0 -0.195091 0.980785 0 0.980782 0.195107 0 0.831476 0.555561 0 0.831476 0.555561 0 0.555571 0.831469 0 0.555571 0.831469 0 0.195091 0.980785 0 0.195091 0.980785 0 0.980782 0.195107 0 0.980782 -0.195107 0 0.980782 -0.195107 0 0.831477 -0.555559 0 0.831477 -0.555559 0 0.55557 -0.83147 0 0.55557 -0.83147 0 0.195088 -0.980786 0 0.195088 -0.980786 0 -0.980784 -0.195097 0 -0.831476 -0.55556 0 -0.831476 -0.55556 0 -0.555578 -0.831464 0 -0.555578 -0.831464 0 -0.195074 -0.980789 0 -0.195074 -0.980789 0 -0.980784 -0.195097 0 -0.980784 0.195097 0 -0.980784 0.195097 0 -0.831476 0.55556 0 -0.831476 0.55556 0 -0.555557 0.831478 0 -0.555557 0.831478 0 -0.195103 0.980783 0 -0.195103 0.980783 0 0.980789 0.195072 0 0.831464 0.555578 0 0.831464 0.555578 0 0.555557 0.831478 0 0.555557 0.831478 0 0.195103 0.980783 0 0.195103 0.980783 0 0.980789 0.195072 0 0.980789 -0.195072 0 0.980789 -0.195072 0 0.831464 -0.555578 0 0.831464 -0.555578 0 0.555578 -0.831464 0 0.555578 -0.831464 0 0.195074 -0.980789 0 0.195074 -0.980789 0 -0.980789 -0.195072 0 -0.831464 -0.555578 0 -0.831464 -0.555578 0 -0.55556 -0.831476 0 -0.55556 -0.831476 0 -0.195101 -0.980783 0 -0.195101 -0.980783 0 -0.980789 -0.195072 0 -0.980789 0.195072 0 -0.980789 0.195072 0 -0.831464 0.555578 0 -0.831464 0.555578 0 -0.555578 0.831464 0 -0.555578 0.831464 0 -0.195072 0.980789 0 -0.195072 0.980789 0 0.980783 0.195101 0 0.831476 0.55556 0 0.831476 0.55556 0 0.555578 0.831464 0 0.555578 0.831464 0 0.195072 0.980789 0 0.195072 0.980789 0 0.980783 0.195101 0 0.980783 -0.195101 0 0.980783 -0.195101 0 0.831476 -0.55556 0 0.831476 -0.55556 0 0.55556 -0.831476 0 0.55556 -0.831476 0 0.195101 -0.980783 0 0.195101 -0.980783 0 -0.980789 -0.195072 0 -0.831464 -0.555578 0 -0.831464 -0.555578 0 -0.55556 -0.831476 0 -0.55556 -0.831476 0 -0.195101 -0.980783 0 -0.195101 -0.980783 0 -0.980789 -0.195072 0 -0.980789 0.195072 0 -0.980789 0.195072 0 -0.831464 0.555578 0 -0.831464 0.555578 0 -0.555578 0.831464 0 -0.555578 0.831464 0 -0.195072 0.980789 0 -0.195072 0.980789 0 0.980783 0.195101 0 0.831476 0.55556 0 0.831476 0.55556 0 0.555578 0.831464 0 0.555578 0.831464 0 0.195072 0.980789 0 0.195072 0.980789 0 0.980783 0.195101 0 0.980783 -0.195101 0 0.980783 -0.195101 0 0.831476 -0.55556 0 0.831476 -0.55556 0 0.55556 -0.831476 0 0.55556 -0.831476 0 0.195101 -0.980783 0 0.195101 -0.980783 0 -0.980783 -0.195103 0 -0.831478 -0.555557 0 -0.831478 -0.555557 0 -0.555578 -0.831464 0 -0.555578 -0.831464 0 -0.195072 -0.980789 0 -0.195072 -0.980789 0 -0.980783 -0.195103 0 -0.980783 0.195103 0 -0.980783 0.195103 0 -0.831478 0.555557 0 -0.831478 0.555557 0 -0.55556 0.831476 0 -0.55556 0.831476 0 -0.195097 0.980784 0 -0.195097 0.980784 0 0.980789 0.195074 0 0.831464 0.555578 0 0.831464 0.555578 0 0.55556 0.831476 0 0.55556 0.831476 0 0.195097 0.980784 0 0.195097 0.980784 0 0.980789 0.195074 0 0.980789 -0.195074 0 0.980789 -0.195074 0 0.831464 -0.555578 0 0.831464 -0.555578 0 0.555578 -0.831464 0 0.555578 -0.831464 0 0.195072 -0.980789 0 0.195072 -0.980789 0 -0.980785 -0.195091 0 -0.831469 -0.555571 0 -0.831469 -0.555571 0 -0.555561 -0.831476 0 -0.555561 -0.831476 0 -0.195107 -0.980782 0 -0.195107 -0.980782 0 -0.980785 -0.195091 0 -0.980785 0.195091 0 -0.980785 0.195091 0 -0.831469 0.555571 0 -0.831469 0.555571 0 -0.555555 0.83148 0 -0.555555 0.83148 0 -0.195107 0.980782 0 -0.195107 0.980782 0 0.980786 0.195088 0 0.83147 0.55557 0 0.83147 0.55557 0 0.555553 0.831481 0 0.555553 0.831481 0 0.195107 0.980782 0 0.195107 0.980782 0 0.980786 0.195088 0 0.980786 -0.195088 0 0.980786 -0.195088 0 0.83147 -0.55557 0 0.83147 -0.55557 0 0.555559 -0.831477 0 0.555559 -0.831477 0 0.195107 -0.980782 0 0.195107 -0.980782 0 -0.980786 -0.195088 0 -0.83147 -0.55557 0 -0.83147 -0.55557 0 -0.555559 -0.831477 0 -0.555559 -0.831477 0 -0.195107 -0.980782 0 -0.195107 -0.980782 0 -0.980786 -0.195088 0 -0.980786 0.195088 0 -0.980786 0.195088 0 -0.83147 0.55557 0 -0.83147 0.55557 0 -0.555553 0.831481 0 -0.555553 0.831481 0 -0.195107 0.980782 0 -0.195107 0.980782 0 0.980785 0.195091 0 0.831469 0.555571 0 0.831469 0.555571 0 0.555555 0.83148 0 0.555555 0.83148 0 0.195107 0.980782 0 0.195107 0.980782 0 0.980785 0.195091 0 0.980785 -0.195091 0 0.980785 -0.195091 0 0.831469 -0.555571 0 0.831469 -0.555571 0 0.555561 -0.831476 0 0.555561 -0.831476 0 0.195107 -0.980782 0 0.195107 -0.980782 0 -0.980789 -0.195074 0 -0.831464 -0.555578 0 -0.831464 -0.555578 0 -0.555578 -0.831464 0 -0.555578 -0.831464 0 -0.195072 -0.980789 0 -0.195072 -0.980789 0 -0.980789 -0.195074 0 -0.980789 0.195074 0 -0.980789 0.195074 0 -0.831464 0.555578 0 -0.831464 0.555578 0 -0.55556 0.831476 0 -0.55556 0.831476 0 -0.195097 0.980784 0 -0.195097 0.980784 0 0.980783 0.195103 0 0.831478 0.555557 0 0.831478 0.555557 0 0.55556 0.831476 0 0.55556 0.831476 0 0.195097 0.980784 0 0.195097 0.980784 0 0.980783 0.195103 0 0.980783 -0.195103 0 0.980783 -0.195103 0 0.831478 -0.555557 0 0.831478 -0.555557 0 0.555578 -0.831464 0 0.555578 -0.831464 0 0.195072 -0.980789 0 0.195072 -0.980789 0 -0.980783 -0.195101 0 -0.831476 -0.55556 0 -0.831476 -0.55556 0 -0.55556 -0.831476 0 -0.55556 -0.831476 0 -0.195101 -0.980783 0 -0.195101 -0.980783 0 -0.980783 -0.195101 0 -0.980783 0.195101 0 -0.980783 0.195101 0 -0.831476 0.55556 0 -0.831476 0.55556 0 -0.555578 0.831464 0 -0.555578 0.831464 0 -0.195072 0.980789 0 -0.195072 0.980789 0 0.980789 0.195072 0 0.831464 0.555578 0 0.831464 0.555578 0 0.555578 0.831464 0 0.555578 0.831464 0 0.195072 0.980789 0 0.195072 0.980789 0 0.980789 0.195072 0 0.980789 -0.195072 0 0.980789 -0.195072 0 0.831464 -0.555578 0 0.831464 -0.555578 0 0.55556 -0.831476 0 0.55556 -0.831476 0 0.195101 -0.980783 0 0.195101 -0.980783 0 -0.980783 -0.195101 0 -0.831476 -0.55556 0 -0.831476 -0.55556 0 -0.555578 -0.831464 0 -0.555578 -0.831464 0 -0.195072 -0.980789 0 -0.195072 -0.980789 0 -0.980783 -0.195101 0 -0.980783 0.195101 0 -0.980783 0.195101 0 -0.831476 0.55556 0 -0.831476 0.55556 0 -0.55556 0.831476 0 -0.55556 0.831476 0 -0.195101 0.980783 0 -0.195101 0.980783 0 0.980789 0.195072 0 0.831464 0.555578 0 0.831464 0.555578 0 0.55556 0.831476 0 0.55556 0.831476 0 0.195101 0.980783 0 0.195101 0.980783 0 0.980789 0.195072 0 0.980789 -0.195072 0 0.980789 -0.195072 0 0.831464 -0.555578 0 0.831464 -0.555578 0 0.555578 -0.831464 0 0.555578 -0.831464 0 0.195072 -0.980789 0 0.195072 -0.980789 0 -0.980783 -0.195101 0 -0.831476 -0.55556 0 -0.831476 -0.55556 0 -0.555578 -0.831464 0 -0.555578 -0.831464 0 -0.195072 -0.980789 0 -0.195072 -0.980789 0 -0.980783 -0.195101 0 -0.980783 0.195101 0 -0.980783 0.195101 0 -0.831476 0.55556 0 -0.831476 0.55556 0 -0.55556 0.831476 0 -0.55556 0.831476 0 -0.195101 0.980783 0 -0.195101 0.980783 0 0.980789 0.195072 0 0.831464 0.555578 0 0.831464 0.555578 0 0.55556 0.831476 0 0.55556 0.831476 0 0.195101 0.980783 0 0.195101 0.980783 0 0.980789 0.195072 0 0.980789 -0.195072 0 0.980789 -0.195072 0 0.831464 -0.555578 0 0.831464 -0.555578 0 0.555578 -0.831464 0 0.555578 -0.831464 0 0.195072 -0.980789 0 0.195072 -0.980789 0 -0.980789 -0.195074 0 -0.831464 -0.555578 0 -0.831464 -0.555578 0 -0.55556 -0.831476 0 -0.55556 -0.831476 0 -0.195097 -0.980784 0 -0.195097 -0.980784 0 -0.980789 -0.195074 0 -0.980789 0.195074 0 -0.980789 0.195074 0 -0.831464 0.555578 0 -0.831464 0.555578 0 -0.555578 0.831464 0 -0.555578 0.831464 0 -0.195072 0.980789 0 -0.195072 0.980789 0 0.980783 0.195103 0 0.831478 0.555557 0 0.831478 0.555557 0 0.555578 0.831464 0 0.555578 0.831464 0 0.195072 0.980789 0 0.195072 0.980789 0 0.980783 0.195103 0 0.980783 -0.195103 0 0.980783 -0.195103 0 0.831478 -0.555557 0 0.831478 -0.555557 0 0.55556 -0.831476 0 0.55556 -0.831476 0 0.195097 -0.980784 0 0.195097 -0.980784 0 -0.980786 -0.195088 0 -0.83147 -0.55557 0 -0.83147 -0.55557 0 -0.555553 -0.831481 0 -0.555553 -0.831481 0 -0.195107 -0.980782 0 -0.195107 -0.980782 0 -0.980786 -0.195088 0 -0.980786 0.195088 0 -0.980786 0.195088 0 -0.83147 0.55557 0 -0.83147 0.55557 0 -0.555559 0.831477 0 -0.555559 0.831477 0 -0.195107 0.980782 0 -0.195107 0.980782 0 0.980785 0.195091 0 0.831469 0.555571 0 0.831469 0.555571 0 0.555561 0.831476 0 0.555561 0.831476 0 0.195107 0.980782 0 0.195107 0.980782 0 0.980785 0.195091 0 0.980785 -0.195091 0 0.980785 -0.195091 0 0.831469 -0.555571 0 0.831469 -0.555571 0 0.555555 -0.83148 0 0.555555 -0.83148 0 0.195107 -0.980782 0 0.195107 -0.980782 0 -0.980785 -0.195091 0 -0.831469 -0.555571 0 -0.831469 -0.555571 0 -0.555555 -0.83148 0 -0.555555 -0.83148 0 -0.195107 -0.980782 0 -0.195107 -0.980782 0 -0.980785 -0.195091 0 -0.980785 0.195091 0 -0.980785 0.195091 0 -0.831469 0.555571 0 -0.831469 0.555571 0 -0.555561 0.831476 0 -0.555561 0.831476 0 -0.195107 0.980782 0 -0.195107 0.980782 0 0.980786 0.195088 0 0.83147 0.55557 0 0.83147 0.55557 0 0.555559 0.831477 0 0.555559 0.831477 0 0.195107 0.980782 0 0.195107 0.980782 0 0.980786 0.195088 0 0.980786 -0.195088 0 0.980786 -0.195088 0 0.83147 -0.55557 0 0.83147 -0.55557 0 0.555553 -0.831481 0 0.555553 -0.831481 0 0.195107 -0.980782 0 0.195107 -0.980782 0 -0.980783 -0.195103 0 -0.831478 -0.555557 0 -0.831478 -0.555557 0 -0.55556 -0.831476 0 -0.55556 -0.831476 0 -0.195097 -0.980784 0 -0.195097 -0.980784 0 -0.980783 -0.195103 0 -0.980783 0.195103 0 -0.980783 0.195103 0 -0.831478 0.555557 0 -0.831478 0.555557 0 -0.555578 0.831464 0 -0.555578 0.831464 0 -0.195072 0.980789 0 -0.195072 0.980789 0 0.980789 0.195074 0 0.831464 0.555578 0 0.831464 0.555578 0 0.555578 0.831464 0 0.555578 0.831464 0 0.195072 0.980789 0 0.195072 0.980789 0 0.980789 0.195074 0 0.980789 -0.195074 0 0.980789 -0.195074 0 0.831464 -0.555578 0 0.831464 -0.555578 0 0.55556 -0.831476 0 0.55556 -0.831476 0 0.195097 -0.980784 0 0.195097 -0.980784 0 -0.980789 -0.195072 0 -0.831464 -0.555578 0 -0.831464 -0.555578 0 -0.555578 -0.831464 0 -0.555578 -0.831464 0 -0.195072 -0.980789 0 -0.195072 -0.980789 0 -0.980789 -0.195072 0 -0.980789 0.195072 0 -0.980789 0.195072 0 -0.831464 0.555578 0 -0.831464 0.555578 0 -0.55556 0.831476 0 -0.55556 0.831476 0 -0.195101 0.980783 0 -0.195101 0.980783 0 0.980783 0.195101 0 0.831476 0.55556 0 0.831476 0.55556 0 0.55556 0.831476 0 0.55556 0.831476 0 0.195101 0.980783 0 0.195101 0.980783 0 0.980783 0.195101 0 0.980783 -0.195101 0 0.980783 -0.195101 0 0.831476 -0.55556 0 0.831476 -0.55556 0 0.555578 -0.831464 0 0.555578 -0.831464 0 0.195072 -0.980789 0 0.195072 -0.980789 0 -0.980789 -0.195072 0 -0.831464 -0.555578 0 -0.831464 -0.555578 0 -0.555578 -0.831464 0 -0.555578 -0.831464 0 -0.195072 -0.980789 0 -0.195072 -0.980789 0 -0.980789 -0.195072 0 -0.980789 0.195072 0 -0.980789 0.195072 0 -0.831464 0.555578 0 -0.831464 0.555578 0 -0.55556 0.831476 0 -0.55556 0.831476 0 -0.195101 0.980783 0 -0.195101 0.980783 0 0.980783 0.195101 0 0.831476 0.55556 0 0.831476 0.55556 0 0.55556 0.831476 0 0.55556 0.831476 0 0.195101 0.980783 0 0.195101 0.980783 0 0.980783 0.195101 0 0.980783 -0.195101 0 0.980783 -0.195101 0 0.831476 -0.55556 0 0.831476 -0.55556 0 0.555578 -0.831464 0 0.555578 -0.831464 0 0.195072 -0.980789 0 0.195072 -0.980789 0 -0.980784 -0.195097 0 -0.831476 -0.55556 0 -0.831476 -0.55556 0 -0.555557 -0.831478 0 -0.555557 -0.831478 0 -0.195103 -0.980783 0 -0.195103 -0.980783 0 -0.980784 -0.195097 0 -0.980784 0.195097 0 -0.980784 0.195097 0 -0.831476 0.55556 0 -0.831476 0.55556 0 -0.555578 0.831464 0 -0.555578 0.831464 0 -0.195074 0.980789 0 -0.195074 0.980789 0 0.980789 0.195072 0 0.831464 0.555578 0 0.831464 0.555578 0 0.555578 0.831464 0 0.555578 0.831464 0 0.195074 0.980789 0 0.195074 0.980789 0 0.980789 0.195072 0 0.980789 -0.195072 0 0.980789 -0.195072 0 0.831464 -0.555578 0 0.831464 -0.555578 0 0.555557 -0.831478 0 0.555557 -0.831478 0 0.195103 -0.980783 0 0.195103 -0.980783 0 -0.980782 -0.195107 0 -0.83148 -0.555555 0 -0.83148 -0.555555 0 -0.555571 -0.831469 0 -0.555571 -0.831469 0 -0.195091 -0.980785 0 -0.195091 -0.980785 0 -0.980782 -0.195107 0 -0.980782 0.195107 0 -0.980782 0.195107 0 -0.831481 0.555553 0 -0.831481 0.555553 0 -0.55557 0.83147 0 -0.55557 0.83147 0 -0.195088 0.980786 0 -0.195088 0.980786 0 0.980782 0.195107 0 0.831477 0.555559 0 0.831477 0.555559 0 0.55557 0.83147 0 0.55557 0.83147 0 0.195088 0.980786 0 0.195088 0.980786 0 0.980782 0.195107 0 0.980782 -0.195107 0 0.980782 -0.195107 0 0.831476 -0.555561 0 0.831476 -0.555561 0 0.555571 -0.831469 0 0.555571 -0.831469 0 0.195091 -0.980785 0 0.195091 -0.980785 0 -0.704415 -0.704417 0.0871548 -0.704415 -0.704417 0.0871548 0.704416 -0.704416 0.0871548 0.704416 -0.704416 0.0871549 0.704417 0.704415 0.087155 0.704417 0.704415 0.0871548 -0.707104 0.707104 -0.00298328 -0.69401 0.719606 0.0227341 -0.719792 0.694189 -0.00139892 0.498097 0.86273 0.0871571 0.498098 0.86273 0.0871527 -0.862729 0.4981 0.0871515 -0.86273 0.498098 0.0871553 -0.498097 -0.86273 0.0871595 -0.498098 -0.862729 0.087156 0.704415 0.704417 0.0871548 0.704415 0.704417 0.0871548 -0.704416 0.704416 0.0871548 -0.704416 0.704416 0.0871549 -0.704417 -0.704415 0.087155 -0.704417 -0.704415 0.0871548 0.86273 0.498097 0.087156 0.862729 0.498098 0.0871596 -0.4981 0.862728 0.0871551 -0.498098 0.86273 0.0871512 -0.86273 -0.498097 0.0871528 -0.862729 -0.498098 0.0871572 0.96225 0.257834 0.0871553 0.96225 0.257834 0.0871561 -0.257835 0.96225 0.0871576 -0.257835 0.96225 0.0871575 -0.96225 -0.257834 0.0871553 -0.96225 -0.257834 0.0871555 0.996195 0 0.0871558 0.996195 0 0.0871558 0 0.996195 0.0871548 0 0.996195 0.0871548 -0.996195 0 0.0871558 -0.996195 0 0.0871558 0.96225 -0.257834 0.0871556 0.96225 -0.257834 0.0871553 0.257835 0.96225 0.0871575 0.257835 0.96225 0.0871576 -0.96225 0.257834 0.0871561 -0.96225 0.257834 0.0871553 0.86273 -0.498097 0.0871571 0.86273 -0.498098 0.0871527 0.4981 0.862729 0.0871515 0.498098 0.86273 0.0871553 -0.86273 0.498097 0.0871595 -0.862729 0.498098 0.087156 0 -1 0 0 -1 0 0 -1 0 0 -1 0 0 -1 0 0 -1 0 0 -1 0 0 -1 0 0 -1 0 0 -1 0 0 -1 0 0 -1 0 0 -1 0 0 -1 0 0 -1 0 0 -1 0 0 -1 0 0 -1 0 -0.86273 -0.498097 0.087156 -0.862729 -0.498098 0.0871596 0.4981 -0.862728 0.0871551 0.498098 -0.86273 0.0871512 0.86273 0.498097 0.0871528 0.862729 0.498098 0.0871572 -0.96225 -0.257834 0.0871553 -0.96225 -0.257834 0.0871561 0.257835 -0.96225 0.0871576 0.257835 -0.96225 0.0871575 0.96225 0.257834 0.0871553 0.96225 0.257834 0.0871555 -0.996195 0 0.0871558 -0.996195 0 0.0871558 0 -0.996195 0.0871548 0 -0.996195 0.0871548 0.996195 0 0.0871558 0.996195 0 0.0871558 -0.96225 0.257834 0.0871556 -0.96225 0.257834 0.0871553 -0.257835 -0.96225 0.0871575 -0.257835 -0.96225 0.0871576 0.96225 -0.257834 0.0871561 0.96225 -0.257834 0.0871553 -0.86273 0.498097 0.0871571 -0.86273 0.498098 0.0871527 -0.4981 -0.862729 0.0871515 -0.498098 -0.86273 0.0871553 0.86273 -0.498097 0.0871595 0.862729 -0.498098 0.087156 -0.704417 0.704415 0.0871548 -0.704417 0.704415 0.0871548 -0.704416 -0.704416 0.0871548 -0.704416 -0.704416 0.0871549 0.704415 -0.704417 0.087155 0.704415 -0.704417 0.0871548 -0.498097 0.86273 0.087156 -0.498098 0.862729 0.0871596 -0.862728 -0.4981 0.0871551 -0.86273 -0.498098 0.0871512 0.498097 -0.86273 0.0871528 0.498098 -0.862729 0.0871572 0 0.996195 0.0871536 -7.56106e-08 0.996195 0.0871558 0 0.996195 0.087156 0 0.996195 0.087156 -0.996195 0 0.0871548 -0.996195 0 0.0871548 0 -0.996195 0.087156 0 -0.996195 0.087156 -7.9704e-07 -0.996195 0.0871534 0 -0.996195 0.0871558 0 -0.587815 0.808995 0 -0.951054 0.309026 0 -0.951054 0.309026 0 -0.587815 0.808995 0 0 1 0 0 1 0 0.587817 0.808994 0 0.587817 0.808994 0 0.951054 0.309026 0 0.951054 0.309026 0 0.58778 -0.809021 0 0.951059 -0.30901 0 0.951059 -0.30901 0 0.58778 -0.809021 0 0 -1 0 0 -1 0 -0.587778 -0.809022 0 -0.587778 -0.809022 0 -0.951059 -0.30901 0 -0.951059 -0.30901 0 -0.587817 0.808994 0 -0.951054 0.309026 0 -0.951054 0.309026 0 -0.587817 0.808994 0 0 1 0 0 1 0 0.587815 0.808995 0 0.587815 0.808995 0 0.951054 0.309026 0 0.951054 0.309026 0 0.587778 -0.809022 0 0.951059 -0.30901 0 0.951059 -0.30901 0 0.587778 -0.809022 0 0 -1 0 0 -1 0 -0.58778 -0.809021 0 -0.58778 -0.809021 0 -0.951059 -0.30901 0 -0.951059 -0.30901 0 0 1 0 0 1 0 0 1 0 0 1 0 0 1 0 0 1 0 0 1 0 0 1 0 0 1 0 0 1 0 0 1 0 0 1 0 0 1 0 0 1 0 0 1 0 0 1 0 0 1 0 0 1 0 0 1 0 0 1 0 0 1 0 0 1 0 0 1 0 0 1 0 0 1 0 0 1 0 0 1 0 0 1 0 0 1 0 0 1 0 0 1 0 0 1 0 0 1 0 0 1 0 0 1 0 0 1 0 0 1 0 0 1 0 0 1 0 0 1 0 0 1 0 0 1 0 0 1 0 0 1 0 0 1 0 0 1 0 0 1 0 0 1 0 0 1 0 0 1 0 0 1 0 0 1 0 0 1 0 0 1 0 0 1 0 0 1 0 0 1 0 0 1 0 0 1 0 0 1 0 0 1 0 0 1 0 0 1 0 0 1 0 0 1 0 0 1 0 0 1 0 0 1 0 0 1 0 0 1 0 0 1 0 0 1 0 0 1 0 0 1 0 0 1 0 0 1 0 0 1 0 0 1 0 0 1 0 0 1 0 0 1 0 0 1 0 0 1 0 0 1 0 0 1 0 0 1 0 0 1 0 0 1 0 0 1 0 0 1 0 0 1 0 0 1 0 0 1 0 0 1 0 0 1 0 0 1 0 0 1 0 0 1 0 0 1 0 0 1 0 0 1 0 0 1 0 0 1 0 0 1 0 0 1 0 0 1 0 0 1 0 0 1 0 0 1 0 0 1 0 0 1 0 0 1 0 0 1 0 0 1 0 0 1 0 0 1 0 0 1 0 0 1 0 0 1 0 0 1 0 0 1 0 0 1 0 0 1 0 0 1 0 0 1 0 0 1 0 0 1 0 0 1 0 0 1 0 0 1 0 0 1 0 0 1 0 0 1 0 0 1 0 0 1 0 0 1 0 0 1 0 0 1 0 0 1 0 0 1 0 0 1 0 0 1 0 0 1 0 0 1 0 0 1 0 0 1 0 0 1 0 0 1 0 0 1 0 0 1 0 0 1 0 0 1 0 0 1 0 0 1 0 0 1 0 0 1 0 0 1 0 0 1 0 0 1 0 0 1 0 0 1 0 0 1 0 0 1 0 0 1 0 0 1 0 0 1 0 0 1 0 0 1 0 0 1 0 0 1 0 0 1 0 0 1 0 0 1 0 0 1 0 0 1 0 0 1 0 0 1 0 0 1 0 0 1 0 0 1 0 0 1 0 0 1 0 0 1 0 0 1 0 0 1 0 0 1 0 0 1 0 0 1 0 0 1 0 0 1 0 0 1 0 0 1 0 0 1 0 0 1 0 0 1 0 0 1 0 0 1 0 0 1 0 0 1 0 0 1 0 0 1 0 0 1 0 0 1 0 0 1 0 0 1 0 0 1 0 0 1 0 0 1 0 0 1 0 0 1 0 0 1 0 0 1 0 0 1 0 0 1 0 0 1 0 0 1 0 0 1 0 0 1 0 0 1 0 0 1 0 0 1 0 0 1 0 0 1 0 0 1 0 0 1 0 0 1 0 0 1 0 0 1 0 0 1 0 0 1 0 0 1 0 0 1 0 0 1 0 0 1 0 0 1 0 0 1 0 0 1 0 0 1 0 0 1 0 0 1 0 0 1 0 0 1 0 0 1 0 0 1 0 0 1 0 0 1 0 0 1 0 0 1 0 0 1 0 0 1 0 0 1 0 0 1 0 0 1 0 0 1 0 0 1 0 0 1 0 0 1 0 0 1 0 0 1 0 0 1 0 0 1 0 0 1 0 0 1 0 0 1 0 0 1 0 0 1 0 0 1 0 0 1 0 0 1 0 0 1 0 0 1 0 0 1 0 0 1 0 0 1 0 0 1 0 0 1 0 0 1 0 0 1 0 0 1 0 0 1 0 0 1 0 0 1 0 0 1 0 0 1 0 0 1 0 0 1 0 0 1 0 0 1 0 0 1 0 0 1 0 0 1 0 0 1 0 0 1 0 0 1 0 0 1 0 0 1 0 0 1 0 0 1 0 0 1 0 0 1 0 0 1 0 0 1 0 0 1 0 0 1 0 0 1 0 0 1 0 0 1 0 0 1 0 0 1 0 0 1 0 0 1 0 0 1 0 0 1 0 0 1 0 0 1 0 0 1 0 0 1 0 0 1 0 0 1 0 0 1 0 0 1 0 0 1 0 0 1 0 0 1 0 0 1 0 0 1 0 0 1 0 0 1 0 0 1 0 0 1 0 0 1 0 0 1 0 0 1 0 0 1 0 0 1 0 0 1 0 0 1 0 0 1 0 0 1 0 0 1 0 0 1 0 0 1 0 0 1 0 0 1 0 0 1 0 0 1 0 0 1 0 0 1 0 0 1 0 0 1 0 0 1 0 0 1 0 0 1 0 0 1 0 0 1 0 0 1 0 0 1 0 0 1 0 0 1 0 0 1 0 0 1 0 0 1 0 0 1 0 0 1 0 0 1 0 0 1 0 0 1 0 0 1 0 0 1 0 0 1 0 0 1 0 0 1 0 0 1 0 0 1 0 0 1 0 0 1 0 0 1 0 0 1 0 0 1 0 0 1 0 0 1 0 0 1 0 0 1 0 0 1 0 0 1 0 0 1 0 0 1 0 0 1 0 0 1 0 0 1 0 0 1 0 0 1 0 0 1 0 0 1 0 0 1 0 0 1 0 0 1 0 0 1 0 0 1 0 0 1 0 0 1 0 0 1 0 0 1 0 0 1 0 0 1 0 0 1 0 0 1 0 0 1 0 0 1 0 0 1 0 0 1 0 0 1 0 0 1 0 0 1 0 0 1 0 0 1 0 0 1 0 0 1 0 0 1 0 0 1 0 0 1 0 0 1 0 0 1 0 0 1 0 0 1 0 0 1 0 0 1 0 0 1 0 0 1 0 0 1 0 0 1 0 0 1 0 0 1 0 0 1 0 0 1 0 0 1 0 0 1 0 0 1 0 0 1 0 0 1 0 0 1 0 0 1 0 0 1 0 0 1 0 0 1 0 0 1 0 0 1 0 0 1 0 0 1 0 0 1 0 0 1 0 0 1 0 0 1 0 0 1 0 0 1 0 0 1 0 0 1 0 0 1 0 0 1 0 0 1 0 0 1 0 0 1 0 0 1 0 0 1 0 0 1 0 0 1 0 0 1 0 0 1 0 0 1 0 0 1 0 0 1 0 0 1 0 0 1 0 0 1 0 0 1 0 0 1 0 0 1 0 0 1 0 0 1 0 0 1 0 0 1 0 0 1 0 0 1 0 0 1 0 0 1 0 0 1 0 0 1 0 0 1 0 0 1 0 0 1 0 0 1 0 0 1 0 0 1 0 0 1 0 0 1 0 0 1 0 0 1 0 0 1 0 0 1 0 0 1 0 0 1 0 0 1 0 0 1 0 0 1 0 0 1 0 0 1 0 0 1 0 0 1 0 0 1 0 0 1 0 0 1 0 0 1 0 0 1 0 0 1 0 0 1 0 0 1 0 0 1 0 0 1 0 0 1 0 0 1 0 0 1 0 0 1 0 0 1 0 0 1 0 0 1 0 0 1 0 0 1 0 0 1 0 0 1 0 0 1 0 0 1 0 0 1 0 0 1 0 0 1 0 0 1 0 0 1 0 0 1 0 0 1 0 0 1 0 0 1 0 0 1 0 0 1 0 0 1 0 0 1 0 0 1 0 0 1 0 0 1 0 0 1 0 0 1 0 0 1 0 0 1 0 0 1 0 0 1 0 0 1 0 0 1 0 0 1 0 0 1 0 0 1 0 0 1 0 0 1 0 0 1 0 0 1 0 0 1 0 0 1 0 0 1 0 0 1 0 0 1 0 0 1 0 0 1 0 0 1 0 0 1 0 0 1 0 0 1 0 0 1 0 0 1 0 0 1 0 0 1 0 0 1 0 0 1 0 0 1 0 0 1 0 0 1 0 0 1 0 0 1 0 0 1 0 0 1 0 0 1 0 0 1 0 0 1 0 0 1 0 0 1 0 0 1 0 0 1 0 0 1 0 0 1 0 0 1 1 0 0 1 0 0 1 0 0 1 0 0 1 0 0 1 0 0 1 0 0 1 0 0 1 0 0 1 0 0 1 0 0 1 0 0 1 0 0 1 0 0 1 0 0 1 0 0 1 0 0 1 0 0 0 0.987688 0.156436 0 0.987688 0.156436 0 0.891009 0.453985 0 0.891009 0.453985 0 0.7071 0.707114 0 0.7071 0.707114 0 0.454 0.891002 0 0.454 0.891002 0 0.156432 0.987689 0 0.156432 0.987689 0 -0.156432 0.987689 0 -0.156432 0.987689 0 -0.454 0.891002 0 -0.454 0.891002 0 -0.7071 0.707114 0 -0.7071 0.707114 0 -0.891009 0.453985 0 -0.891009 0.453985 0 -0.987688 0.156436 0 -0.987688 0.156436</float_array>
                    <technique_common>
                        <accessor count="10782" source="#shape0-lib-normals-array" stride="3">
                            <param name="X" type="float"/>
                            <param name="Y" type="float"/>
                            <param name="Z" type="float"/>
                        </accessor>
                    </technique_common>
                </source>
                <vertices id="shape0-lib-vertices">
                    <input semantic="POSITION" source="#shape0-lib-positions"/>
                </vertices>
                <triangles count="10782">
                    <input offset="0" semantic="VERTEX" source="#shape0-lib-vertices"/>
                    <input offset="1" semantic="NORMAL" source="#shape0-lib-normals"/>
                    <p>0 0 1 0 2 0 2 1 1 1 3 1 2 2 3 2 4 2 4 3 3 3 5 3 4 4 5 4 6 4 6 5 5 5 7 5 6 6 7 6 8 6 8 7 7 7 9 7 8 8 9 8 10 8 10 9 9 9 11 9 10 10 11 10 12 10 12 11 11 11 13 11 12 12 13 12 14 12 14 13 13 13 15 13 14 14 15 14 16 14 16 15 15 15 17 15 16 16 17 16 18 16 18 17 17 17 19 17 18 18 19 18 20 18 20 19 19 19 21 19 22 20 23 20 24 20 25 21 26 21 27 21 28 22 17 22 15 22 28 23 15 23 13 23 28 24 13 24 11 24 28 25 11 25 29 25 30 26 31 26 11 26 30 27 11 27 9 27 30 28 9 28 7 28 30 29 7 29 5 29 30 30 5 30 3 30 30 31 3 31 32 31 33 32 30 32 32 32 33 33 32 33 34 33 33 34 34 34 35 34 33 35 35 35 36 35 33 36 36 36 26 36 33 37 26 37 25 37 37 38 38 38 39 38 37 39 39 39 40 39 37 40 40 40 41 40 37 41 41 41 42 41 37 42 42 42 43 42 37 43 43 43 23 43 37 44 23 44 22 44 44 45 45 45 46 45 44 46 46 46 47 46 44 47 47 47 38 47 38 48 37 48 48 48 38 49 48 49 49 49 38 50 49 50 50 50 38 51 50 51 51 51 38 52 51 52 52 52 38 53 52 53 44 53 53 54 22 54 24 54 53 55 24 55 54 55 53 56 54 56 55 56 53 57 55 57 56 57 57 58 29 58 58 58 58 59 29 59 11 59 58 60 11 60 59 60 59 61 11 61 31 61 59 62 31 62 60 62 53 63 56 63 28 63 28 64 56 64 61 64 28 65 61 65 17 65 17 66 61 66 19 66 45 67 44 67 62 67 62 68 44 68 25 68 62 69 25 69 63 69 63 70 25 70 27 70 62 71 63 71 1 71 1 72 63 72 64 72 1 73 64 73 65 73 1 74 65 74 3 74 3 75 65 75 66 75 3 76 66 76 32 76 43 77 42 77 67 77 67 78 42 78 21 78 67 79 21 79 68 79 68 80 21 80 69 80 69 81 21 81 19 81 69 82 19 82 61 82 33 83 25 83 70 83 70 84 25 84 71 84 33 85 70 85 72 85 33 86 72 86 73 86 33 87 73 87 74 87 33 88 74 88 75 88 33 89 75 89 30 89 76 90 29 90 57 90 76 91 57 91 77 91 77 92 57 92 58 92 78 93 28 93 79 93 79 94 28 94 29 94 79 95 29 95 76 95 30 96 75 96 31 96 31 97 75 97 80 97 31 98 80 98 60 98 60 99 80 99 81 99 60 100 81 100 59 100 59 101 81 101 82 101 59 102 82 102 58 102 58 103 82 103 83 103 58 104 83 104 77 104 53 105 28 105 78 105 53 106 78 106 84 106 53 107 84 107 85 107 53 108 85 108 86 108 53 109 86 109 87 109 87 110 88 110 53 110 53 111 88 111 22 111 89 112 90 112 91 112 49 113 48 113 92 113 93 114 92 114 48 114 93 115 48 115 37 115 93 116 37 116 94 116 93 117 94 117 95 117 89 118 44 118 90 118 90 119 44 119 52 119 90 120 52 120 96 120 96 121 52 121 97 121 97 122 52 122 51 122 97 123 51 123 98 123 98 124 51 124 50 124 98 125 50 125 99 125 99 126 50 126 49 126 99 127 49 127 92 127 89 128 91 128 100 128 101 129 95 129 94 129 75 130 102 130 80 130 75 131 74 131 102 131 103 132 104 132 105 132 103 133 106 133 104 133 107 134 108 134 109 134 107 135 110 135 108 135 111 136 112 136 113 136 111 137 114 137 112 137 115 138 116 138 117 138 118 139 119 139 120 139 118 140 121 140 119 140 122 141 123 141 124 141 122 142 125 142 123 142 126 143 127 143 128 143 126 144 129 144 127 144 130 145 131 145 132 145 130 146 133 146 131 146 134 147 128 147 135 147 135 148 136 148 134 148 127 149 135 149 128 149 137 150 138 150 139 150 140 151 141 151 142 151 142 152 143 152 140 152 140 153 143 153 144 153 141 154 145 154 146 154 141 155 146 155 147 155 141 156 147 156 142 156 148 157 149 157 150 157 150 158 151 158 148 158 152 159 153 159 149 159 153 160 150 160 149 160 154 161 155 161 156 161 157 162 154 162 156 162 158 163 159 163 155 163 158 164 155 164 154 164 132 165 131 165 160 165 133 166 125 166 131 166 123 167 125 167 133 167 123 168 161 168 124 168 162 169 163 169 164 169 162 170 164 170 165 170 166 171 116 171 167 171 166 172 117 172 116 172 85 173 84 173 168 173 168 174 169 174 85 174 74 175 170 175 102 175 73 176 170 176 74 176 70 177 171 177 72 177 171 178 172 178 72 178 173 179 174 179 175 179 176 180 177 180 178 180 179 181 176 181 178 181 180 182 178 182 177 182 181 183 182 183 183 183 183 184 184 184 181 184 185 185 183 185 182 185 108 186 105 186 109 186 104 187 109 187 105 187 186 188 104 188 106 188 187 189 188 189 189 189 187 190 189 190 190 190 189 191 191 191 190 191 192 192 193 192 194 192 195 193 196 193 193 193 195 194 193 194 192 194 197 195 198 195 199 195 197 196 199 196 200 196 200 197 201 197 197 197 202 198 203 198 204 198 205 199 206 199 207 199 208 200 209 200 206 200 208 201 206 201 205 201 210 202 211 202 212 202 213 203 214 203 215 203 216 204 217 204 218 204 216 205 218 205 219 205 216 206 219 206 220 206 216 207 220 207 221 207 216 208 221 208 113 208 216 209 113 209 112 209 222 210 223 210 224 210 222 211 224 211 163 211 222 212 163 212 162 212 225 213 119 213 121 213 225 214 121 214 226 214 225 215 226 215 161 215 225 216 161 216 123 216 227 217 132 217 160 217 227 218 160 218 159 218 227 219 159 219 158 219 228 220 148 220 151 220 228 221 151 221 229 221 228 222 229 222 230 222 231 223 230 223 229 223 231 224 229 224 232 224 231 225 232 225 145 225 231 226 145 226 141 226 233 227 134 227 136 227 233 228 136 228 215 228 233 229 215 229 214 229 234 230 127 230 129 230 234 231 129 231 137 231 234 232 137 232 139 232 235 233 153 233 152 233 235 234 152 234 236 234 235 235 236 235 157 235 235 236 157 236 156 236 237 237 238 237 79 237 237 238 79 238 76 238 237 239 76 239 77 239 237 240 77 240 83 240 237 241 83 241 82 241 237 242 82 242 81 242 237 243 81 243 80 243 237 244 80 244 102 244 239 245 240 245 241 245 239 246 241 246 173 246 239 247 173 247 175 247 242 248 212 248 211 248 242 249 211 249 209 249 242 250 209 250 208 250 243 251 244 251 245 251 243 252 245 252 246 252 243 253 246 253 247 253 243 254 247 254 203 254 243 255 203 255 202 255 248 256 197 256 201 256 248 257 201 257 249 257 248 258 249 258 250 258 248 259 250 259 251 259 252 260 251 260 250 260 252 261 250 261 196 261 252 262 196 262 195 262 253 263 254 263 255 263 253 264 255 264 188 264 253 265 188 265 187 265 256 266 190 266 191 266 256 267 191 267 186 267 256 268 186 268 106 268 257 269 108 269 110 269 257 270 110 270 258 270 257 271 258 271 259 271 257 272 259 272 260 272 257 273 260 273 261 273 257 274 261 274 262 274 263 275 262 275 261 275 263 276 261 276 264 276 263 277 264 277 265 277 263 278 265 278 266 278 263 279 266 279 185 279 263 280 185 280 182 280 267 281 181 281 184 281 267 282 184 282 268 282 267 283 268 283 269 283 270 284 176 284 179 284 270 285 179 285 271 285 270 286 271 286 272 286 270 287 272 287 273 287 270 288 273 288 274 288 138 289 137 289 275 289 275 290 137 290 140 290 275 291 140 291 144 291 120 292 119 292 276 292 276 293 119 293 277 293 276 294 277 294 278 294 278 295 277 295 279 295 279 296 277 296 165 296 279 297 165 297 164 297 224 298 223 298 167 298 167 299 223 299 280 299 167 300 280 300 166 300 112 301 114 301 281 301 281 302 114 302 282 302 281 303 282 303 117 303 117 304 282 304 283 304 117 305 283 305 115 305 218 306 217 306 284 306 284 307 217 307 285 307 284 308 285 308 88 308 284 309 88 309 286 309 286 310 88 310 87 310 286 311 87 311 86 311 85 312 169 312 86 312 86 313 169 313 287 313 86 314 287 314 286 314 78 315 79 315 84 315 84 316 79 316 238 316 84 317 238 317 168 317 72 318 172 318 73 318 73 319 172 319 288 319 73 320 288 320 170 320 171 321 70 321 240 321 240 322 70 322 71 322 240 323 71 323 241 323 174 324 173 324 289 324 289 325 173 325 290 325 289 326 290 326 291 326 291 327 290 327 292 327 292 328 290 328 274 328 292 329 274 329 273 329 269 330 268 330 293 330 293 331 268 331 180 331 293 332 180 332 177 332 255 333 254 333 194 333 194 334 254 334 294 334 194 335 294 335 192 335 198 336 197 336 295 336 295 337 197 337 202 337 295 338 202 338 204 338 245 339 244 339 207 339 207 340 244 340 296 340 207 341 296 341 205 341 297 342 298 342 299 342 299 343 214 343 297 343 300 344 301 344 297 344 214 345 300 345 297 345 302 346 303 346 298 346 298 347 297 347 302 347 301 348 304 348 302 348 297 349 301 349 302 349 305 350 306 350 303 350 303 351 302 351 305 351 304 352 307 352 305 352 302 353 304 353 305 353 308 354 309 354 306 354 306 355 305 355 308 355 310 356 311 356 308 356 305 357 310 357 308 357 311 358 312 358 313 358 308 359 311 359 313 359 314 360 308 360 313 360 315 361 316 361 317 361 317 362 318 362 315 362 319 363 320 363 316 363 316 364 315 364 319 364 320 365 319 365 321 365 214 366 299 366 233 366 300 367 214 367 213 367 305 368 307 368 310 368 314 369 309 369 308 369 312 370 318 370 313 370 313 371 318 371 317 371 313 372 317 372 314 372 322 373 321 373 323 373 323 374 321 374 319 374 323 375 319 375 324 375 324 376 319 376 315 376 324 377 315 377 325 377 325 378 315 378 318 378 325 379 318 379 312 379 326 380 327 380 328 380 328 381 327 381 320 381 328 382 320 382 321 382 329 383 328 383 330 383 330 384 328 384 331 384 328 385 321 385 331 385 331 386 321 386 322 386 332 387 326 387 329 387 329 388 326 388 328 388 333 389 334 389 335 389 336 390 333 390 335 390 336 391 337 391 333 391 337 392 336 392 338 392 338 393 339 393 337 393 339 394 338 394 340 394 335 395 334 395 332 395 332 396 334 396 341 396 332 397 341 397 326 397 339 398 340 398 342 398 342 399 340 399 343 399 342 400 343 400 344 400 334 401 345 401 341 401 346 402 347 402 344 402 347 403 342 403 344 403 348 404 349 404 350 404 351 405 348 405 350 405 334 406 333 406 352 406 350 407 349 407 353 407 333 408 337 408 354 408 355 409 356 409 357 409 355 410 357 410 358 410 337 411 339 411 359 411 356 412 360 412 361 412 357 413 356 413 361 413 339 414 342 414 362 414 360 415 363 415 364 415 365 416 360 416 364 416 364 417 363 417 366 417 367 418 346 418 368 418 347 419 346 419 367 419 348 420 351 420 369 420 370 421 354 421 337 421 365 422 361 422 360 422 371 423 372 423 373 423 371 424 373 424 374 424 371 425 374 425 375 425 371 426 375 426 376 426 334 427 352 427 345 427 345 428 352 428 377 428 345 429 377 429 378 429 378 430 377 430 379 430 378 431 379 431 380 431 380 432 379 432 381 432 380 433 381 433 382 433 382 434 381 434 383 434 382 435 383 435 384 435 384 436 383 436 385 436 384 437 385 437 386 437 386 438 385 438 387 438 386 439 387 439 388 439 388 440 387 440 389 440 388 441 389 441 390 441 390 442 389 442 391 442 390 443 391 443 392 443 392 444 391 444 393 444 392 445 393 445 373 445 373 446 393 446 394 446 373 447 394 447 374 447 374 448 394 448 369 448 374 449 369 449 375 449 375 450 369 450 351 450 375 451 351 451 376 451 395 452 353 452 396 452 396 453 353 453 349 453 396 454 349 454 397 454 397 455 349 455 398 455 397 456 398 456 399 456 399 457 398 457 400 457 399 458 400 458 401 458 401 459 400 459 402 459 401 460 402 460 403 460 403 461 402 461 404 461 403 462 404 462 405 462 405 463 404 463 406 463 405 464 406 464 407 464 407 465 406 465 408 465 407 466 408 466 409 466 409 467 408 467 410 467 409 468 410 468 411 468 411 469 410 469 412 469 411 470 412 470 413 470 413 471 412 471 414 471 413 472 414 472 415 472 415 473 414 473 416 473 415 474 416 474 417 474 417 475 416 475 418 475 417 476 418 476 419 476 419 477 418 477 354 477 419 478 354 478 370 478 367 479 368 479 420 479 420 480 368 480 421 480 420 481 421 481 422 481 422 482 421 482 423 482 422 483 423 483 424 483 424 484 423 484 425 484 424 485 425 485 426 485 426 486 425 486 427 486 426 487 427 487 428 487 428 488 427 488 429 488 428 489 429 489 430 489 430 490 429 490 431 490 430 491 431 491 432 491 432 492 431 492 433 492 432 493 433 493 434 493 434 494 433 494 435 494 434 495 435 495 436 495 436 496 435 496 437 496 436 497 437 497 438 497 438 498 437 498 439 498 438 499 439 499 440 499 440 500 439 500 441 500 440 501 441 501 442 501 442 502 441 502 363 502 442 503 363 503 360 503 388 504 390 504 443 504 443 505 390 505 392 505 443 506 392 506 444 506 444 507 392 507 373 507 444 508 373 508 372 508 341 509 345 509 445 509 445 510 345 510 378 510 445 511 378 511 446 511 446 512 378 512 380 512 446 513 380 513 447 513 447 514 380 514 382 514 447 515 382 515 448 515 448 516 382 516 384 516 448 517 384 517 449 517 449 518 384 518 386 518 449 519 386 519 450 519 450 520 386 520 388 520 450 521 388 521 443 521 333 522 354 522 352 522 352 523 354 523 418 523 352 524 418 524 377 524 377 525 418 525 416 525 377 526 416 526 379 526 379 527 416 527 414 527 379 528 414 528 381 528 381 529 414 529 412 529 381 530 412 530 383 530 383 531 412 531 410 531 383 532 410 532 385 532 385 533 410 533 408 533 385 534 408 534 387 534 387 535 408 535 406 535 387 536 406 536 389 536 389 537 406 537 404 537 389 538 404 538 391 538 391 539 404 539 402 539 391 540 402 540 393 540 393 541 402 541 400 541 393 542 400 542 394 542 394 543 400 543 398 543 394 544 398 544 369 544 369 545 398 545 349 545 369 546 349 546 348 546 396 547 451 547 395 547 395 548 451 548 355 548 395 549 355 549 358 549 337 550 359 550 370 550 370 551 359 551 452 551 370 552 452 552 419 552 419 553 452 553 453 553 419 554 453 554 417 554 417 555 453 555 454 555 417 556 454 556 415 556 415 557 454 557 455 557 415 558 455 558 413 558 413 559 455 559 456 559 413 560 456 560 411 560 411 561 456 561 457 561 411 562 457 562 409 562 409 563 457 563 458 563 409 564 458 564 407 564 407 565 458 565 459 565 407 566 459 566 405 566 405 567 459 567 460 567 405 568 460 568 403 568 403 569 460 569 461 569 403 570 461 570 401 570 401 571 461 571 462 571 401 572 462 572 399 572 399 573 462 573 463 573 399 574 463 574 397 574 397 575 463 575 451 575 397 576 451 576 396 576 339 577 362 577 359 577 359 578 362 578 464 578 359 579 464 579 452 579 452 580 464 580 465 580 452 581 465 581 453 581 453 582 465 582 466 582 453 583 466 583 454 583 454 584 466 584 467 584 454 585 467 585 455 585 455 586 467 586 468 586 455 587 468 587 456 587 456 588 468 588 469 588 456 589 469 589 457 589 457 590 469 590 470 590 457 591 470 591 458 591 458 592 470 592 471 592 458 593 471 593 459 593 459 594 471 594 472 594 459 595 472 595 460 595 460 596 472 596 473 596 460 597 473 597 461 597 461 598 473 598 474 598 461 599 474 599 462 599 462 600 474 600 475 600 462 601 475 601 463 601 463 602 475 602 476 602 463 603 476 603 451 603 451 604 476 604 356 604 451 605 356 605 355 605 342 606 347 606 362 606 362 607 347 607 367 607 362 608 367 608 464 608 464 609 367 609 420 609 464 610 420 610 465 610 465 611 420 611 422 611 465 612 422 612 466 612 466 613 422 613 424 613 466 614 424 614 467 614 467 615 424 615 426 615 467 616 426 616 468 616 468 617 426 617 428 617 468 618 428 618 469 618 469 619 428 619 430 619 469 620 430 620 470 620 470 621 430 621 432 621 470 622 432 622 471 622 471 623 432 623 434 623 471 624 434 624 472 624 472 625 434 625 436 625 472 626 436 626 473 626 473 627 436 627 438 627 473 628 438 628 474 628 474 629 438 629 440 629 474 630 440 630 475 630 475 631 440 631 442 631 475 632 442 632 476 632 476 633 442 633 360 633 476 634 360 634 356 634 358 635 477 635 395 635 395 636 477 636 478 636 395 637 478 637 353 637 353 638 478 638 479 638 353 639 479 639 350 639 350 640 479 640 480 640 350 641 480 641 481 641 350 642 481 642 351 642 351 643 481 643 482 643 351 644 482 644 376 644 376 645 482 645 483 645 376 646 483 646 371 646 371 647 483 647 484 647 482 648 485 648 486 648 482 649 481 649 485 649 487 650 488 650 489 650 490 651 487 651 489 651 480 652 491 652 487 652 492 653 493 653 494 653 495 654 492 654 494 654 494 655 493 655 496 655 497 656 493 656 492 656 498 657 499 657 497 657 500 658 486 658 485 658 501 659 489 659 488 659 488 660 487 660 491 660 491 661 480 661 479 661 482 662 486 662 483 662 483 663 486 663 502 663 483 664 502 664 484 664 480 665 487 665 481 665 481 666 487 666 485 666 487 667 490 667 485 667 485 668 490 668 500 668 488 669 503 669 501 669 503 670 488 670 504 670 504 671 488 671 491 671 504 672 491 672 505 672 505 673 491 673 479 673 505 674 479 674 478 674 478 675 477 675 505 675 505 676 477 676 506 676 505 677 506 677 507 677 507 678 506 678 508 678 507 679 508 679 498 679 498 680 508 680 509 680 498 681 509 681 499 681 497 682 492 682 498 682 498 683 492 683 510 683 498 684 510 684 507 684 507 685 510 685 504 685 507 686 504 686 505 686 503 687 504 687 511 687 511 688 504 688 510 688 511 689 510 689 512 689 512 690 510 690 492 690 512 691 492 691 495 691 500 692 490 692 513 692 490 693 489 693 514 693 515 694 516 694 517 694 489 695 501 695 518 695 519 696 520 696 521 696 486 697 500 697 522 697 490 698 514 698 513 698 513 699 514 699 523 699 513 700 523 700 524 700 524 701 523 701 515 701 524 702 515 702 520 702 520 703 515 703 517 703 520 704 517 704 521 704 501 705 525 705 518 705 518 706 525 706 526 706 518 707 526 707 527 707 527 708 526 708 528 708 527 709 528 709 516 709 516 710 528 710 529 710 516 711 529 711 517 711 530 712 531 712 532 712 532 713 531 713 503 713 532 714 503 714 511 714 531 715 530 715 533 715 533 716 530 716 534 716 533 717 534 717 535 717 535 718 534 718 536 718 535 719 536 719 529 719 537 720 538 720 539 720 539 721 538 721 512 721 539 722 512 722 495 722 538 723 537 723 540 723 540 724 537 724 541 724 540 725 541 725 542 725 542 726 541 726 543 726 542 727 543 727 536 727 544 728 545 728 546 728 546 729 545 729 547 729 546 730 547 730 548 730 548 731 547 731 549 731 548 732 549 732 543 732 494 733 496 733 544 733 544 734 496 734 545 734 550 735 519 735 551 735 551 736 519 736 521 736 551 737 521 737 552 737 519 738 550 738 553 738 553 739 550 739 554 739 553 740 554 740 522 740 522 741 554 741 502 741 522 742 502 742 486 742 500 743 513 743 522 743 522 744 513 744 524 744 522 745 524 745 553 745 553 746 524 746 520 746 553 747 520 747 519 747 489 748 518 748 514 748 514 749 518 749 527 749 514 750 527 750 523 750 523 751 527 751 516 751 523 752 516 752 515 752 529 753 528 753 535 753 535 754 528 754 526 754 535 755 526 755 533 755 533 756 526 756 525 756 533 757 525 757 531 757 531 758 525 758 501 758 531 759 501 759 503 759 536 760 534 760 542 760 542 761 534 761 530 761 542 762 530 762 540 762 540 763 530 763 532 763 540 764 532 764 538 764 538 765 532 765 511 765 538 766 511 766 512 766 543 767 541 767 548 767 548 768 541 768 537 768 548 769 537 769 546 769 546 770 537 770 539 770 546 771 539 771 544 771 544 772 539 772 495 772 544 773 495 773 494 773 555 774 556 774 557 774 557 775 556 775 558 775 557 776 558 776 559 776 556 777 555 777 560 777 560 778 555 778 561 778 560 779 561 779 562 779 562 780 561 780 543 780 562 781 543 781 549 781 563 782 564 782 565 782 565 783 564 783 566 783 565 784 566 784 567 784 565 785 568 785 563 785 563 786 568 786 569 786 568 787 552 787 569 787 569 788 552 788 521 788 563 789 570 789 564 789 564 790 570 790 571 790 564 791 571 791 566 791 570 792 563 792 572 792 572 793 563 793 569 793 572 794 569 794 573 794 573 795 569 795 521 795 573 796 521 796 517 796 572 797 574 797 570 797 570 798 574 798 575 798 570 799 575 799 571 799 574 800 572 800 576 800 576 801 572 801 573 801 576 802 573 802 577 802 577 803 573 803 517 803 577 804 517 804 529 804 576 805 578 805 574 805 574 806 578 806 579 806 574 807 579 807 575 807 578 808 576 808 580 808 580 809 576 809 577 809 580 810 577 810 581 810 581 811 577 811 529 811 581 812 529 812 536 812 580 813 557 813 578 813 578 814 557 814 559 814 578 815 559 815 579 815 557 816 580 816 555 816 555 817 580 817 581 817 555 818 581 818 561 818 561 819 581 819 536 819 561 820 536 820 543 820 582 821 583 821 584 821 585 822 586 822 587 822 583 823 588 823 589 823 589 824 590 824 591 824 591 825 592 825 585 825 587 826 586 826 593 826 593 827 586 827 594 827 593 828 594 828 595 828 595 829 594 829 596 829 595 830 596 830 597 830 597 831 596 831 559 831 597 832 559 832 558 832 584 833 598 833 582 833 582 834 598 834 599 834 582 835 599 835 600 835 600 836 599 836 601 836 600 837 601 837 602 837 602 838 601 838 567 838 602 839 567 839 566 839 583 840 582 840 588 840 588 841 582 841 600 841 588 842 600 842 603 842 603 843 600 843 602 843 603 844 602 844 604 844 604 845 602 845 566 845 604 846 566 846 571 846 589 847 588 847 590 847 590 848 588 848 603 848 590 849 603 849 605 849 605 850 603 850 604 850 605 851 604 851 606 851 606 852 604 852 571 852 606 853 571 853 575 853 591 854 590 854 592 854 592 855 590 855 605 855 592 856 605 856 607 856 607 857 605 857 606 857 607 858 606 858 608 858 608 859 606 859 575 859 608 860 575 860 579 860 585 861 592 861 586 861 586 862 592 862 607 862 586 863 607 863 594 863 594 864 607 864 608 864 594 865 608 865 596 865 596 866 608 866 579 866 596 867 579 867 559 867 589 868 609 868 583 868 583 869 609 869 610 869 583 870 610 870 584 870 609 871 589 871 611 871 611 872 589 872 591 872 611 873 591 873 612 873 612 874 591 874 585 874 612 875 585 875 613 875 613 876 585 876 587 876 613 877 587 877 614 877 615 878 616 878 617 878 618 879 619 879 620 879 621 880 622 880 623 880 623 881 622 881 624 881 625 882 626 882 627 882 627 883 212 883 242 883 620 884 619 884 628 884 629 885 630 885 615 885 615 886 630 886 616 886 630 887 631 887 616 887 616 888 631 888 632 888 630 889 633 889 631 889 631 890 633 890 634 890 631 891 634 891 635 891 635 892 634 892 636 892 635 893 636 893 637 893 637 894 636 894 620 894 637 895 620 895 638 895 638 896 620 896 639 896 638 897 639 897 640 897 640 898 639 898 623 898 640 899 623 899 641 899 641 900 623 900 624 900 641 901 624 901 642 901 642 902 624 902 643 902 642 903 643 903 644 903 629 904 645 904 630 904 630 905 645 905 646 905 630 906 646 906 633 906 633 907 646 907 647 907 633 908 647 908 634 908 634 909 647 909 648 909 634 910 648 910 636 910 636 911 648 911 618 911 636 912 618 912 620 912 623 913 639 913 621 913 621 914 639 914 620 914 621 915 620 915 628 915 649 916 626 916 650 916 650 917 626 917 643 917 626 918 625 918 643 918 643 919 625 919 644 919 622 920 651 920 624 920 624 921 651 921 650 921 624 922 650 922 643 922 627 923 626 923 212 923 212 924 626 924 649 924 212 925 649 925 210 925 652 926 653 926 654 926 653 927 655 927 654 927 656 928 657 928 658 928 657 929 659 929 658 929 660 930 661 930 662 930 663 931 664 931 665 931 661 932 666 932 667 932 656 933 668 933 669 933 657 934 656 934 669 934 667 935 670 935 671 935 668 936 672 936 673 936 669 937 668 937 673 937 671 938 674 938 675 938 672 939 676 939 677 939 673 940 672 940 677 940 675 941 678 941 679 941 676 942 680 942 681 942 677 943 676 943 681 943 679 944 682 944 683 944 680 945 684 945 685 945 681 946 680 946 685 946 683 947 686 947 687 947 684 948 688 948 689 948 685 949 684 949 689 949 687 950 690 950 691 950 688 951 692 951 693 951 689 952 688 952 693 952 692 953 694 953 695 953 693 954 692 954 695 954 691 955 696 955 697 955 694 956 698 956 699 956 695 957 694 957 699 957 697 958 700 958 701 958 698 959 702 959 703 959 699 960 698 960 703 960 701 961 704 961 705 961 702 962 706 962 707 962 703 963 702 963 707 963 705 964 708 964 709 964 706 965 710 965 711 965 707 966 706 966 711 966 709 967 712 967 713 967 710 968 714 968 715 968 711 969 710 969 715 969 713 970 716 970 717 970 714 971 718 971 719 971 715 972 714 972 719 972 717 973 720 973 721 973 718 974 722 974 723 974 719 975 718 975 723 975 721 976 724 976 725 976 722 977 726 977 727 977 723 978 722 978 727 978 725 979 728 979 729 979 726 980 730 980 731 980 727 981 726 981 731 981 729 982 732 982 733 982 730 983 734 983 735 983 736 984 730 984 735 984 733 985 737 985 738 985 734 986 739 986 740 986 735 987 734 987 740 987 738 988 741 988 742 988 739 989 743 989 744 989 740 990 739 990 744 990 742 991 745 991 746 991 743 992 747 992 748 992 744 993 743 993 748 993 746 994 749 994 750 994 747 995 751 995 752 995 748 996 747 996 752 996 750 997 753 997 754 997 751 998 755 998 756 998 752 999 751 999 756 999 754 1000 757 1000 758 1000 755 1001 759 1001 760 1001 756 1002 755 1002 760 1002 758 1003 761 1003 762 1003 759 1004 763 1004 764 1004 760 1005 759 1005 764 1005 763 1006 765 1006 766 1006 764 1007 763 1007 766 1007 762 1008 767 1008 768 1008 765 1009 769 1009 770 1009 766 1010 765 1010 770 1010 768 1011 771 1011 772 1011 769 1012 773 1012 774 1012 770 1013 769 1013 774 1013 772 1014 775 1014 776 1014 773 1015 777 1015 778 1015 774 1016 773 1016 778 1016 776 1017 779 1017 780 1017 777 1018 781 1018 782 1018 778 1019 777 1019 782 1019 780 1020 783 1020 784 1020 781 1021 785 1021 786 1021 782 1022 781 1022 786 1022 784 1023 787 1023 788 1023 785 1024 789 1024 790 1024 786 1025 785 1025 790 1025 788 1026 791 1026 792 1026 789 1027 793 1027 794 1027 790 1028 789 1028 794 1028 792 1029 795 1029 663 1029 793 1030 655 1030 796 1030 794 1031 793 1031 796 1031 796 1032 655 1032 653 1032 736 1033 731 1033 730 1033 665 1034 664 1034 797 1034 797 1035 664 1035 798 1035 797 1036 798 1036 799 1036 799 1037 798 1037 800 1037 799 1038 800 1038 801 1038 801 1039 800 1039 802 1039 801 1040 802 1040 803 1040 803 1041 802 1041 804 1041 803 1042 804 1042 805 1042 805 1043 804 1043 653 1043 805 1044 653 1044 652 1044 662 1045 806 1045 660 1045 660 1046 806 1046 807 1046 660 1047 807 1047 808 1047 808 1048 807 1048 809 1048 808 1049 809 1049 810 1049 810 1050 809 1050 811 1050 810 1051 811 1051 812 1051 812 1052 811 1052 813 1052 812 1053 813 1053 814 1053 814 1054 813 1054 659 1054 814 1055 659 1055 657 1055 661 1056 660 1056 666 1056 666 1057 660 1057 808 1057 666 1058 808 1058 815 1058 815 1059 808 1059 810 1059 815 1060 810 1060 816 1060 816 1061 810 1061 812 1061 816 1062 812 1062 817 1062 817 1063 812 1063 814 1063 817 1064 814 1064 818 1064 818 1065 814 1065 657 1065 818 1066 657 1066 669 1066 667 1067 666 1067 670 1067 670 1068 666 1068 815 1068 670 1069 815 1069 819 1069 819 1070 815 1070 816 1070 819 1071 816 1071 820 1071 820 1072 816 1072 817 1072 820 1073 817 1073 821 1073 821 1074 817 1074 818 1074 821 1075 818 1075 822 1075 822 1076 818 1076 669 1076 822 1077 669 1077 673 1077 671 1078 670 1078 674 1078 674 1079 670 1079 819 1079 674 1080 819 1080 823 1080 823 1081 819 1081 820 1081 823 1082 820 1082 824 1082 824 1083 820 1083 821 1083 824 1084 821 1084 825 1084 825 1085 821 1085 822 1085 825 1086 822 1086 826 1086 826 1087 822 1087 673 1087 826 1088 673 1088 677 1088 675 1089 674 1089 678 1089 678 1090 674 1090 823 1090 678 1091 823 1091 827 1091 827 1092 823 1092 824 1092 827 1093 824 1093 828 1093 828 1094 824 1094 825 1094 828 1095 825 1095 829 1095 829 1096 825 1096 826 1096 829 1097 826 1097 830 1097 830 1098 826 1098 677 1098 830 1099 677 1099 681 1099 679 1100 678 1100 682 1100 682 1101 678 1101 827 1101 682 1102 827 1102 831 1102 831 1103 827 1103 828 1103 831 1104 828 1104 832 1104 832 1105 828 1105 829 1105 832 1106 829 1106 833 1106 833 1107 829 1107 830 1107 833 1108 830 1108 834 1108 834 1109 830 1109 681 1109 834 1110 681 1110 685 1110 683 1111 682 1111 686 1111 686 1112 682 1112 831 1112 686 1113 831 1113 835 1113 835 1114 831 1114 832 1114 835 1115 832 1115 836 1115 836 1116 832 1116 833 1116 836 1117 833 1117 837 1117 837 1118 833 1118 834 1118 837 1119 834 1119 838 1119 838 1120 834 1120 685 1120 838 1121 685 1121 689 1121 687 1122 686 1122 690 1122 690 1123 686 1123 835 1123 690 1124 835 1124 839 1124 839 1125 835 1125 836 1125 839 1126 836 1126 840 1126 840 1127 836 1127 837 1127 840 1128 837 1128 841 1128 841 1129 837 1129 838 1129 841 1130 838 1130 842 1130 842 1131 838 1131 689 1131 842 1132 689 1132 693 1132 691 1133 690 1133 843 1133 843 1134 690 1134 839 1134 843 1135 839 1135 844 1135 844 1136 839 1136 840 1136 844 1137 840 1137 845 1137 845 1138 840 1138 841 1138 845 1139 841 1139 846 1139 846 1140 841 1140 842 1140 846 1141 842 1141 847 1141 847 1142 842 1142 693 1142 847 1143 693 1143 695 1143 691 1144 843 1144 696 1144 696 1145 843 1145 844 1145 696 1146 844 1146 848 1146 848 1147 844 1147 845 1147 848 1148 845 1148 849 1148 849 1149 845 1149 846 1149 849 1150 846 1150 850 1150 850 1151 846 1151 847 1151 850 1152 847 1152 851 1152 851 1153 847 1153 695 1153 851 1154 695 1154 699 1154 697 1155 696 1155 700 1155 700 1156 696 1156 848 1156 700 1157 848 1157 852 1157 852 1158 848 1158 849 1158 852 1159 849 1159 853 1159 853 1160 849 1160 850 1160 853 1161 850 1161 854 1161 854 1162 850 1162 851 1162 854 1163 851 1163 855 1163 855 1164 851 1164 699 1164 855 1165 699 1165 703 1165 701 1166 700 1166 704 1166 704 1167 700 1167 852 1167 704 1168 852 1168 856 1168 856 1169 852 1169 853 1169 856 1170 853 1170 857 1170 857 1171 853 1171 854 1171 857 1172 854 1172 858 1172 858 1173 854 1173 855 1173 858 1174 855 1174 859 1174 859 1175 855 1175 703 1175 859 1176 703 1176 707 1176 705 1177 704 1177 708 1177 708 1178 704 1178 856 1178 708 1179 856 1179 860 1179 860 1180 856 1180 857 1180 860 1181 857 1181 861 1181 861 1182 857 1182 858 1182 861 1183 858 1183 862 1183 862 1184 858 1184 859 1184 862 1185 859 1185 863 1185 863 1186 859 1186 707 1186 863 1187 707 1187 711 1187 709 1188 708 1188 712 1188 712 1189 708 1189 860 1189 712 1190 860 1190 864 1190 864 1191 860 1191 861 1191 864 1192 861 1192 865 1192 865 1193 861 1193 862 1193 865 1194 862 1194 866 1194 866 1195 862 1195 863 1195 866 1196 863 1196 867 1196 867 1197 863 1197 711 1197 867 1198 711 1198 715 1198 713 1199 712 1199 716 1199 716 1200 712 1200 864 1200 716 1201 864 1201 868 1201 868 1202 864 1202 865 1202 868 1203 865 1203 869 1203 869 1204 865 1204 866 1204 869 1205 866 1205 870 1205 870 1206 866 1206 867 1206 870 1207 867 1207 871 1207 871 1208 867 1208 715 1208 871 1209 715 1209 719 1209 717 1210 716 1210 720 1210 720 1211 716 1211 868 1211 720 1212 868 1212 872 1212 872 1213 868 1213 869 1213 872 1214 869 1214 873 1214 873 1215 869 1215 870 1215 873 1216 870 1216 874 1216 874 1217 870 1217 871 1217 874 1218 871 1218 875 1218 875 1219 871 1219 719 1219 875 1220 719 1220 723 1220 721 1221 720 1221 724 1221 724 1222 720 1222 872 1222 724 1223 872 1223 876 1223 876 1224 872 1224 873 1224 876 1225 873 1225 877 1225 877 1226 873 1226 874 1226 877 1227 874 1227 878 1227 878 1228 874 1228 875 1228 878 1229 875 1229 879 1229 879 1230 875 1230 723 1230 879 1231 723 1231 727 1231 725 1232 724 1232 728 1232 728 1233 724 1233 876 1233 728 1234 876 1234 880 1234 880 1235 876 1235 877 1235 880 1236 877 1236 881 1236 881 1237 877 1237 878 1237 881 1238 878 1238 882 1238 882 1239 878 1239 879 1239 882 1240 879 1240 883 1240 883 1241 879 1241 727 1241 883 1242 727 1242 731 1242 729 1243 728 1243 884 1243 884 1244 728 1244 880 1244 884 1245 880 1245 885 1245 885 1246 880 1246 881 1246 885 1247 881 1247 886 1247 886 1248 881 1248 882 1248 886 1249 882 1249 887 1249 887 1250 882 1250 883 1250 887 1251 883 1251 888 1251 888 1252 883 1252 731 1252 888 1253 731 1253 736 1253 729 1254 884 1254 732 1254 732 1255 884 1255 885 1255 732 1256 885 1256 889 1256 889 1257 885 1257 886 1257 889 1258 886 1258 890 1258 890 1259 886 1259 887 1259 890 1260 887 1260 891 1260 891 1261 887 1261 888 1261 891 1262 888 1262 892 1262 892 1263 888 1263 736 1263 892 1264 736 1264 735 1264 733 1265 732 1265 737 1265 737 1266 732 1266 889 1266 737 1267 889 1267 893 1267 893 1268 889 1268 890 1268 893 1269 890 1269 894 1269 894 1270 890 1270 891 1270 894 1271 891 1271 895 1271 895 1272 891 1272 892 1272 895 1273 892 1273 896 1273 896 1274 892 1274 735 1274 896 1275 735 1275 740 1275 738 1276 737 1276 741 1276 741 1277 737 1277 893 1277 741 1278 893 1278 897 1278 897 1279 893 1279 894 1279 897 1280 894 1280 898 1280 898 1281 894 1281 895 1281 898 1282 895 1282 899 1282 899 1283 895 1283 896 1283 899 1284 896 1284 900 1284 900 1285 896 1285 740 1285 900 1286 740 1286 744 1286 742 1287 741 1287 745 1287 745 1288 741 1288 897 1288 745 1289 897 1289 901 1289 901 1290 897 1290 898 1290 901 1291 898 1291 902 1291 902 1292 898 1292 899 1292 902 1293 899 1293 903 1293 903 1294 899 1294 900 1294 903 1295 900 1295 904 1295 904 1296 900 1296 744 1296 904 1297 744 1297 748 1297 746 1298 745 1298 749 1298 749 1299 745 1299 901 1299 749 1300 901 1300 905 1300 905 1301 901 1301 902 1301 905 1302 902 1302 906 1302 906 1303 902 1303 903 1303 906 1304 903 1304 907 1304 907 1305 903 1305 904 1305 907 1306 904 1306 908 1306 908 1307 904 1307 748 1307 908 1308 748 1308 752 1308 750 1309 749 1309 753 1309 753 1310 749 1310 905 1310 753 1311 905 1311 909 1311 909 1312 905 1312 906 1312 909 1313 906 1313 910 1313 910 1314 906 1314 907 1314 910 1315 907 1315 911 1315 911 1316 907 1316 908 1316 911 1317 908 1317 912 1317 912 1318 908 1318 752 1318 912 1319 752 1319 756 1319 754 1320 753 1320 757 1320 757 1321 753 1321 909 1321 757 1322 909 1322 913 1322 913 1323 909 1323 910 1323 913 1324 910 1324 914 1324 914 1325 910 1325 911 1325 914 1326 911 1326 915 1326 915 1327 911 1327 912 1327 915 1328 912 1328 916 1328 916 1329 912 1329 756 1329 916 1330 756 1330 760 1330 758 1331 757 1331 761 1331 761 1332 757 1332 913 1332 761 1333 913 1333 917 1333 917 1334 913 1334 914 1334 917 1335 914 1335 918 1335 918 1336 914 1336 915 1336 918 1337 915 1337 919 1337 919 1338 915 1338 916 1338 919 1339 916 1339 920 1339 920 1340 916 1340 760 1340 920 1341 760 1341 764 1341 762 1342 761 1342 921 1342 921 1343 761 1343 917 1343 921 1344 917 1344 922 1344 922 1345 917 1345 918 1345 922 1346 918 1346 923 1346 923 1347 918 1347 919 1347 923 1348 919 1348 924 1348 924 1349 919 1349 920 1349 924 1350 920 1350 925 1350 925 1351 920 1351 764 1351 925 1352 764 1352 766 1352 762 1353 921 1353 767 1353 767 1354 921 1354 922 1354 767 1355 922 1355 926 1355 926 1356 922 1356 923 1356 926 1357 923 1357 927 1357 927 1358 923 1358 924 1358 927 1359 924 1359 928 1359 928 1360 924 1360 925 1360 928 1361 925 1361 929 1361 929 1362 925 1362 766 1362 929 1363 766 1363 770 1363 768 1364 767 1364 771 1364 771 1365 767 1365 926 1365 771 1366 926 1366 930 1366 930 1367 926 1367 927 1367 930 1368 927 1368 931 1368 931 1369 927 1369 928 1369 931 1370 928 1370 932 1370 932 1371 928 1371 929 1371 932 1372 929 1372 933 1372 933 1373 929 1373 770 1373 933 1374 770 1374 774 1374 772 1375 771 1375 775 1375 775 1376 771 1376 930 1376 775 1377 930 1377 934 1377 934 1378 930 1378 931 1378 934 1379 931 1379 935 1379 935 1380 931 1380 932 1380 935 1381 932 1381 936 1381 936 1382 932 1382 933 1382 936 1383 933 1383 937 1383 937 1384 933 1384 774 1384 937 1385 774 1385 778 1385 776 1386 775 1386 779 1386 779 1387 775 1387 934 1387 779 1388 934 1388 938 1388 938 1389 934 1389 935 1389 938 1390 935 1390 939 1390 939 1391 935 1391 936 1391 939 1392 936 1392 940 1392 940 1393 936 1393 937 1393 940 1394 937 1394 941 1394 941 1395 937 1395 778 1395 941 1396 778 1396 782 1396 780 1397 779 1397 783 1397 783 1398 779 1398 938 1398 783 1399 938 1399 942 1399 942 1400 938 1400 939 1400 942 1401 939 1401 943 1401 943 1402 939 1402 940 1402 943 1403 940 1403 944 1403 944 1404 940 1404 941 1404 944 1405 941 1405 945 1405 945 1406 941 1406 782 1406 945 1407 782 1407 786 1407 784 1408 783 1408 787 1408 787 1409 783 1409 942 1409 787 1410 942 1410 946 1410 946 1411 942 1411 943 1411 946 1412 943 1412 947 1412 947 1413 943 1413 944 1413 947 1414 944 1414 948 1414 948 1415 944 1415 945 1415 948 1416 945 1416 949 1416 949 1417 945 1417 786 1417 949 1418 786 1418 790 1418 788 1419 787 1419 791 1419 791 1420 787 1420 946 1420 791 1421 946 1421 950 1421 950 1422 946 1422 947 1422 950 1423 947 1423 951 1423 951 1424 947 1424 948 1424 951 1425 948 1425 952 1425 952 1426 948 1426 949 1426 952 1427 949 1427 953 1427 953 1428 949 1428 790 1428 953 1429 790 1429 794 1429 792 1430 791 1430 795 1430 795 1431 791 1431 950 1431 795 1432 950 1432 954 1432 954 1433 950 1433 951 1433 954 1434 951 1434 955 1434 955 1435 951 1435 952 1435 955 1436 952 1436 956 1436 956 1437 952 1437 953 1437 956 1438 953 1438 957 1438 957 1439 953 1439 794 1439 957 1440 794 1440 796 1440 663 1441 795 1441 664 1441 664 1442 795 1442 954 1442 664 1443 954 1443 798 1443 798 1444 954 1444 955 1444 798 1445 955 1445 800 1445 800 1446 955 1446 956 1446 800 1447 956 1447 802 1447 802 1448 956 1448 957 1448 802 1449 957 1449 804 1449 804 1450 957 1450 796 1450 804 1451 796 1451 653 1451 958 1452 959 1452 654 1452 959 1453 652 1453 654 1453 960 1454 961 1454 665 1454 962 1455 963 1455 662 1455 659 1456 964 1456 658 1456 964 1457 965 1457 658 1457 961 1458 966 1458 967 1458 958 1459 968 1459 969 1459 959 1460 958 1460 969 1460 967 1461 970 1461 971 1461 968 1462 972 1462 973 1462 969 1463 968 1463 973 1463 971 1464 974 1464 975 1464 972 1465 976 1465 977 1465 973 1466 972 1466 977 1466 975 1467 978 1467 979 1467 976 1468 980 1468 981 1468 977 1469 976 1469 981 1469 979 1470 982 1470 983 1470 980 1471 984 1471 985 1471 981 1472 980 1472 985 1472 983 1473 986 1473 987 1473 984 1474 988 1474 989 1474 985 1475 984 1475 989 1475 987 1476 990 1476 991 1476 988 1477 992 1477 993 1477 989 1478 988 1478 993 1478 992 1479 994 1479 995 1479 993 1480 992 1480 995 1480 991 1481 996 1481 997 1481 994 1482 998 1482 999 1482 995 1483 994 1483 999 1483 997 1484 1000 1484 1001 1484 998 1485 1002 1485 1003 1485 999 1486 998 1486 1003 1486 1001 1487 1004 1487 1005 1487 1002 1488 1006 1488 1007 1488 1003 1489 1002 1489 1007 1489 1005 1490 1008 1490 1009 1490 1006 1491 1010 1491 1011 1491 1007 1492 1006 1492 1011 1492 1009 1493 1012 1493 1013 1493 1010 1494 1014 1494 1015 1494 1011 1495 1010 1495 1015 1495 1013 1496 1016 1496 1017 1496 1014 1497 1018 1497 1019 1497 1015 1498 1014 1498 1019 1498 1017 1499 1020 1499 1021 1499 1018 1500 1022 1500 1023 1500 1019 1501 1018 1501 1023 1501 1021 1502 1024 1502 1025 1502 1022 1503 1026 1503 1027 1503 1023 1504 1022 1504 1027 1504 1025 1505 1028 1505 1029 1505 1026 1506 1030 1506 1031 1506 1027 1507 1026 1507 1031 1507 1029 1508 1032 1508 1033 1508 1030 1509 1034 1509 1035 1509 1036 1510 1030 1510 1035 1510 1033 1511 1037 1511 1038 1511 1034 1512 1039 1512 1040 1512 1035 1513 1034 1513 1040 1513 1038 1514 1041 1514 1042 1514 1039 1515 1043 1515 1044 1515 1040 1516 1039 1516 1044 1516 1042 1517 1045 1517 1046 1517 1043 1518 1047 1518 1048 1518 1044 1519 1043 1519 1048 1519 1046 1520 1049 1520 1050 1520 1047 1521 1051 1521 1052 1521 1048 1522 1047 1522 1052 1522 1050 1523 1053 1523 1054 1523 1051 1524 1055 1524 1056 1524 1052 1525 1051 1525 1056 1525 1054 1526 1057 1526 1058 1526 1055 1527 1059 1527 1060 1527 1056 1528 1055 1528 1060 1528 1058 1529 1061 1529 1062 1529 1059 1530 1063 1530 1064 1530 1060 1531 1059 1531 1064 1531 1063 1532 1065 1532 1066 1532 1064 1533 1063 1533 1066 1533 1062 1534 1067 1534 1068 1534 1065 1535 1069 1535 1070 1535 1066 1536 1065 1536 1070 1536 1068 1537 1071 1537 1072 1537 1069 1538 1073 1538 1074 1538 1070 1539 1069 1539 1074 1539 1072 1540 1075 1540 1076 1540 1073 1541 1077 1541 1078 1541 1074 1542 1073 1542 1078 1542 1076 1543 1079 1543 1080 1543 1077 1544 1081 1544 1082 1544 1078 1545 1077 1545 1082 1545 1080 1546 1083 1546 1084 1546 1081 1547 1085 1547 1086 1547 1082 1548 1081 1548 1086 1548 1084 1549 1087 1549 1088 1549 1085 1550 1089 1550 1090 1550 1086 1551 1085 1551 1090 1551 1088 1552 1091 1552 1092 1552 1089 1553 1093 1553 1094 1553 1090 1554 1089 1554 1094 1554 1092 1555 1095 1555 962 1555 1093 1556 965 1556 1096 1556 1094 1557 1093 1557 1096 1557 1096 1558 965 1558 964 1558 1036 1559 1031 1559 1030 1559 662 1560 963 1560 806 1560 806 1561 963 1561 1097 1561 806 1562 1097 1562 807 1562 807 1563 1097 1563 1098 1563 807 1564 1098 1564 809 1564 809 1565 1098 1565 1099 1565 809 1566 1099 1566 811 1566 811 1567 1099 1567 1100 1567 811 1568 1100 1568 813 1568 813 1569 1100 1569 964 1569 813 1570 964 1570 659 1570 665 1571 797 1571 960 1571 960 1572 797 1572 799 1572 960 1573 799 1573 1101 1573 1101 1574 799 1574 801 1574 1101 1575 801 1575 1102 1575 1102 1576 801 1576 803 1576 1102 1577 803 1577 1103 1577 1103 1578 803 1578 805 1578 1103 1579 805 1579 1104 1579 1104 1580 805 1580 652 1580 1104 1581 652 1581 959 1581 961 1582 960 1582 966 1582 966 1583 960 1583 1101 1583 966 1584 1101 1584 1105 1584 1105 1585 1101 1585 1102 1585 1105 1586 1102 1586 1106 1586 1106 1587 1102 1587 1103 1587 1106 1588 1103 1588 1107 1588 1107 1589 1103 1589 1104 1589 1107 1590 1104 1590 1108 1590 1108 1591 1104 1591 959 1591 1108 1592 959 1592 969 1592 967 1593 966 1593 970 1593 970 1594 966 1594 1105 1594 970 1595 1105 1595 1109 1595 1109 1596 1105 1596 1106 1596 1109 1597 1106 1597 1110 1597 1110 1598 1106 1598 1107 1598 1110 1599 1107 1599 1111 1599 1111 1600 1107 1600 1108 1600 1111 1601 1108 1601 1112 1601 1112 1602 1108 1602 969 1602 1112 1603 969 1603 973 1603 971 1604 970 1604 974 1604 974 1605 970 1605 1109 1605 974 1606 1109 1606 1113 1606 1113 1607 1109 1607 1110 1607 1113 1608 1110 1608 1114 1608 1114 1609 1110 1609 1111 1609 1114 1610 1111 1610 1115 1610 1115 1611 1111 1611 1112 1611 1115 1612 1112 1612 1116 1612 1116 1613 1112 1613 973 1613 1116 1614 973 1614 977 1614 975 1615 974 1615 978 1615 978 1616 974 1616 1113 1616 978 1617 1113 1617 1117 1617 1117 1618 1113 1618 1114 1618 1117 1619 1114 1619 1118 1619 1118 1620 1114 1620 1115 1620 1118 1621 1115 1621 1119 1621 1119 1622 1115 1622 1116 1622 1119 1623 1116 1623 1120 1623 1120 1624 1116 1624 977 1624 1120 1625 977 1625 981 1625 979 1626 978 1626 982 1626 982 1627 978 1627 1117 1627 982 1628 1117 1628 1121 1628 1121 1629 1117 1629 1118 1629 1121 1630 1118 1630 1122 1630 1122 1631 1118 1631 1119 1631 1122 1632 1119 1632 1123 1632 1123 1633 1119 1633 1120 1633 1123 1634 1120 1634 1124 1634 1124 1635 1120 1635 981 1635 1124 1636 981 1636 985 1636 983 1637 982 1637 986 1637 986 1638 982 1638 1121 1638 986 1639 1121 1639 1125 1639 1125 1640 1121 1640 1122 1640 1125 1641 1122 1641 1126 1641 1126 1642 1122 1642 1123 1642 1126 1643 1123 1643 1127 1643 1127 1644 1123 1644 1124 1644 1127 1645 1124 1645 1128 1645 1128 1646 1124 1646 985 1646 1128 1647 985 1647 989 1647 987 1648 986 1648 990 1648 990 1649 986 1649 1125 1649 990 1650 1125 1650 1129 1650 1129 1651 1125 1651 1126 1651 1129 1652 1126 1652 1130 1652 1130 1653 1126 1653 1127 1653 1130 1654 1127 1654 1131 1654 1131 1655 1127 1655 1128 1655 1131 1656 1128 1656 1132 1656 1132 1657 1128 1657 989 1657 1132 1658 989 1658 993 1658 991 1659 990 1659 1133 1659 1133 1660 990 1660 1129 1660 1133 1661 1129 1661 1134 1661 1134 1662 1129 1662 1130 1662 1134 1663 1130 1663 1135 1663 1135 1664 1130 1664 1131 1664 1135 1665 1131 1665 1136 1665 1136 1666 1131 1666 1132 1666 1136 1667 1132 1667 1137 1667 1137 1668 1132 1668 993 1668 1137 1669 993 1669 995 1669 991 1670 1133 1670 996 1670 996 1671 1133 1671 1134 1671 996 1672 1134 1672 1138 1672 1138 1673 1134 1673 1135 1673 1138 1674 1135 1674 1139 1674 1139 1675 1135 1675 1136 1675 1139 1676 1136 1676 1140 1676 1140 1677 1136 1677 1137 1677 1140 1678 1137 1678 1141 1678 1141 1679 1137 1679 995 1679 1141 1680 995 1680 999 1680 997 1681 996 1681 1000 1681 1000 1682 996 1682 1138 1682 1000 1683 1138 1683 1142 1683 1142 1684 1138 1684 1139 1684 1142 1685 1139 1685 1143 1685 1143 1686 1139 1686 1140 1686 1143 1687 1140 1687 1144 1687 1144 1688 1140 1688 1141 1688 1144 1689 1141 1689 1145 1689 1145 1690 1141 1690 999 1690 1145 1691 999 1691 1003 1691 1001 1692 1000 1692 1004 1692 1004 1693 1000 1693 1142 1693 1004 1694 1142 1694 1146 1694 1146 1695 1142 1695 1143 1695 1146 1696 1143 1696 1147 1696 1147 1697 1143 1697 1144 1697 1147 1698 1144 1698 1148 1698 1148 1699 1144 1699 1145 1699 1148 1700 1145 1700 1149 1700 1149 1701 1145 1701 1003 1701 1149 1702 1003 1702 1007 1702 1005 1703 1004 1703 1008 1703 1008 1704 1004 1704 1146 1704 1008 1705 1146 1705 1150 1705 1150 1706 1146 1706 1147 1706 1150 1707 1147 1707 1151 1707 1151 1708 1147 1708 1148 1708 1151 1709 1148 1709 1152 1709 1152 1710 1148 1710 1149 1710 1152 1711 1149 1711 1153 1711 1153 1712 1149 1712 1007 1712 1153 1713 1007 1713 1011 1713 1009 1714 1008 1714 1012 1714 1012 1715 1008 1715 1150 1715 1012 1716 1150 1716 1154 1716 1154 1717 1150 1717 1151 1717 1154 1718 1151 1718 1155 1718 1155 1719 1151 1719 1152 1719 1155 1720 1152 1720 1156 1720 1156 1721 1152 1721 1153 1721 1156 1722 1153 1722 1157 1722 1157 1723 1153 1723 1011 1723 1157 1724 1011 1724 1015 1724 1013 1725 1012 1725 1016 1725 1016 1726 1012 1726 1154 1726 1016 1727 1154 1727 1158 1727 1158 1728 1154 1728 1155 1728 1158 1729 1155 1729 1159 1729 1159 1730 1155 1730 1156 1730 1159 1731 1156 1731 1160 1731 1160 1732 1156 1732 1157 1732 1160 1733 1157 1733 1161 1733 1161 1734 1157 1734 1015 1734 1161 1735 1015 1735 1019 1735 1017 1736 1016 1736 1020 1736 1020 1737 1016 1737 1158 1737 1020 1738 1158 1738 1162 1738 1162 1739 1158 1739 1159 1739 1162 1740 1159 1740 1163 1740 1163 1741 1159 1741 1160 1741 1163 1742 1160 1742 1164 1742 1164 1743 1160 1743 1161 1743 1164 1744 1161 1744 1165 1744 1165 1745 1161 1745 1019 1745 1165 1746 1019 1746 1023 1746 1021 1747 1020 1747 1024 1747 1024 1748 1020 1748 1162 1748 1024 1749 1162 1749 1166 1749 1166 1750 1162 1750 1163 1750 1166 1751 1163 1751 1167 1751 1167 1752 1163 1752 1164 1752 1167 1753 1164 1753 1168 1753 1168 1754 1164 1754 1165 1754 1168 1755 1165 1755 1169 1755 1169 1756 1165 1756 1023 1756 1169 1757 1023 1757 1027 1757 1025 1758 1024 1758 1028 1758 1028 1759 1024 1759 1166 1759 1028 1760 1166 1760 1170 1760 1170 1761 1166 1761 1167 1761 1170 1762 1167 1762 1171 1762 1171 1763 1167 1763 1168 1763 1171 1764 1168 1764 1172 1764 1172 1765 1168 1765 1169 1765 1172 1766 1169 1766 1173 1766 1173 1767 1169 1767 1027 1767 1173 1768 1027 1768 1031 1768 1029 1769 1028 1769 1174 1769 1174 1770 1028 1770 1170 1770 1174 1771 1170 1771 1175 1771 1175 1772 1170 1772 1171 1772 1175 1773 1171 1773 1176 1773 1176 1774 1171 1774 1172 1774 1176 1775 1172 1775 1177 1775 1177 1776 1172 1776 1173 1776 1177 1777 1173 1777 1178 1777 1178 1778 1173 1778 1031 1778 1178 1779 1031 1779 1036 1779 1029 1780 1174 1780 1032 1780 1032 1781 1174 1781 1175 1781 1032 1782 1175 1782 1179 1782 1179 1783 1175 1783 1176 1783 1179 1784 1176 1784 1180 1784 1180 1785 1176 1785 1177 1785 1180 1786 1177 1786 1181 1786 1181 1787 1177 1787 1178 1787 1181 1788 1178 1788 1182 1788 1182 1789 1178 1789 1036 1789 1182 1790 1036 1790 1035 1790 1033 1791 1032 1791 1037 1791 1037 1792 1032 1792 1179 1792 1037 1793 1179 1793 1183 1793 1183 1794 1179 1794 1180 1794 1183 1795 1180 1795 1184 1795 1184 1796 1180 1796 1181 1796 1184 1797 1181 1797 1185 1797 1185 1798 1181 1798 1182 1798 1185 1799 1182 1799 1186 1799 1186 1800 1182 1800 1035 1800 1186 1801 1035 1801 1040 1801 1038 1802 1037 1802 1041 1802 1041 1803 1037 1803 1183 1803 1041 1804 1183 1804 1187 1804 1187 1805 1183 1805 1184 1805 1187 1806 1184 1806 1188 1806 1188 1807 1184 1807 1185 1807 1188 1808 1185 1808 1189 1808 1189 1809 1185 1809 1186 1809 1189 1810 1186 1810 1190 1810 1190 1811 1186 1811 1040 1811 1190 1812 1040 1812 1044 1812 1042 1813 1041 1813 1045 1813 1045 1814 1041 1814 1187 1814 1045 1815 1187 1815 1191 1815 1191 1816 1187 1816 1188 1816 1191 1817 1188 1817 1192 1817 1192 1818 1188 1818 1189 1818 1192 1819 1189 1819 1193 1819 1193 1820 1189 1820 1190 1820 1193 1821 1190 1821 1194 1821 1194 1822 1190 1822 1044 1822 1194 1823 1044 1823 1048 1823 1046 1824 1045 1824 1049 1824 1049 1825 1045 1825 1191 1825 1049 1826 1191 1826 1195 1826 1195 1827 1191 1827 1192 1827 1195 1828 1192 1828 1196 1828 1196 1829 1192 1829 1193 1829 1196 1830 1193 1830 1197 1830 1197 1831 1193 1831 1194 1831 1197 1832 1194 1832 1198 1832 1198 1833 1194 1833 1048 1833 1198 1834 1048 1834 1052 1834 1050 1835 1049 1835 1053 1835 1053 1836 1049 1836 1195 1836 1053 1837 1195 1837 1199 1837 1199 1838 1195 1838 1196 1838 1199 1839 1196 1839 1200 1839 1200 1840 1196 1840 1197 1840 1200 1841 1197 1841 1201 1841 1201 1842 1197 1842 1198 1842 1201 1843 1198 1843 1202 1843 1202 1844 1198 1844 1052 1844 1202 1845 1052 1845 1056 1845 1054 1846 1053 1846 1057 1846 1057 1847 1053 1847 1199 1847 1057 1848 1199 1848 1203 1848 1203 1849 1199 1849 1200 1849 1203 1850 1200 1850 1204 1850 1204 1851 1200 1851 1201 1851 1204 1852 1201 1852 1205 1852 1205 1853 1201 1853 1202 1853 1205 1854 1202 1854 1206 1854 1206 1855 1202 1855 1056 1855 1206 1856 1056 1856 1060 1856 1058 1857 1057 1857 1061 1857 1061 1858 1057 1858 1203 1858 1061 1859 1203 1859 1207 1859 1207 1860 1203 1860 1204 1860 1207 1861 1204 1861 1208 1861 1208 1862 1204 1862 1205 1862 1208 1863 1205 1863 1209 1863 1209 1864 1205 1864 1206 1864 1209 1865 1206 1865 1210 1865 1210 1866 1206 1866 1060 1866 1210 1867 1060 1867 1064 1867 1062 1868 1061 1868 1211 1868 1211 1869 1061 1869 1207 1869 1211 1870 1207 1870 1212 1870 1212 1871 1207 1871 1208 1871 1212 1872 1208 1872 1213 1872 1213 1873 1208 1873 1209 1873 1213 1874 1209 1874 1214 1874 1214 1875 1209 1875 1210 1875 1214 1876 1210 1876 1215 1876 1215 1877 1210 1877 1064 1877 1215 1878 1064 1878 1066 1878 1062 1879 1211 1879 1067 1879 1067 1880 1211 1880 1212 1880 1067 1881 1212 1881 1216 1881 1216 1882 1212 1882 1213 1882 1216 1883 1213 1883 1217 1883 1217 1884 1213 1884 1214 1884 1217 1885 1214 1885 1218 1885 1218 1886 1214 1886 1215 1886 1218 1887 1215 1887 1219 1887 1219 1888 1215 1888 1066 1888 1219 1889 1066 1889 1070 1889 1068 1890 1067 1890 1071 1890 1071 1891 1067 1891 1216 1891 1071 1892 1216 1892 1220 1892 1220 1893 1216 1893 1217 1893 1220 1894 1217 1894 1221 1894 1221 1895 1217 1895 1218 1895 1221 1896 1218 1896 1222 1896 1222 1897 1218 1897 1219 1897 1222 1898 1219 1898 1223 1898 1223 1899 1219 1899 1070 1899 1223 1900 1070 1900 1074 1900 1072 1901 1071 1901 1075 1901 1075 1902 1071 1902 1220 1902 1075 1903 1220 1903 1224 1903 1224 1904 1220 1904 1221 1904 1224 1905 1221 1905 1225 1905 1225 1906 1221 1906 1222 1906 1225 1907 1222 1907 1226 1907 1226 1908 1222 1908 1223 1908 1226 1909 1223 1909 1227 1909 1227 1910 1223 1910 1074 1910 1227 1911 1074 1911 1078 1911 1076 1912 1075 1912 1079 1912 1079 1913 1075 1913 1224 1913 1079 1914 1224 1914 1228 1914 1228 1915 1224 1915 1225 1915 1228 1916 1225 1916 1229 1916 1229 1917 1225 1917 1226 1917 1229 1918 1226 1918 1230 1918 1230 1919 1226 1919 1227 1919 1230 1920 1227 1920 1231 1920 1231 1921 1227 1921 1078 1921 1231 1922 1078 1922 1082 1922 1080 1923 1079 1923 1083 1923 1083 1924 1079 1924 1228 1924 1083 1925 1228 1925 1232 1925 1232 1926 1228 1926 1229 1926 1232 1927 1229 1927 1233 1927 1233 1928 1229 1928 1230 1928 1233 1929 1230 1929 1234 1929 1234 1930 1230 1930 1231 1930 1234 1931 1231 1931 1235 1931 1235 1932 1231 1932 1082 1932 1235 1933 1082 1933 1086 1933 1084 1934 1083 1934 1087 1934 1087 1935 1083 1935 1232 1935 1087 1936 1232 1936 1236 1936 1236 1937 1232 1937 1233 1937 1236 1938 1233 1938 1237 1938 1237 1939 1233 1939 1234 1939 1237 1940 1234 1940 1238 1940 1238 1941 1234 1941 1235 1941 1238 1942 1235 1942 1239 1942 1239 1943 1235 1943 1086 1943 1239 1944 1086 1944 1090 1944 1088 1945 1087 1945 1091 1945 1091 1946 1087 1946 1236 1946 1091 1947 1236 1947 1240 1947 1240 1948 1236 1948 1237 1948 1240 1949 1237 1949 1241 1949 1241 1950 1237 1950 1238 1950 1241 1951 1238 1951 1242 1951 1242 1952 1238 1952 1239 1952 1242 1953 1239 1953 1243 1953 1243 1954 1239 1954 1090 1954 1243 1955 1090 1955 1094 1955 1092 1956 1091 1956 1095 1956 1095 1957 1091 1957 1240 1957 1095 1958 1240 1958 1244 1958 1244 1959 1240 1959 1241 1959 1244 1960 1241 1960 1245 1960 1245 1961 1241 1961 1242 1961 1245 1962 1242 1962 1246 1962 1246 1963 1242 1963 1243 1963 1246 1964 1243 1964 1247 1964 1247 1965 1243 1965 1094 1965 1247 1966 1094 1966 1096 1966 962 1967 1095 1967 963 1967 963 1968 1095 1968 1244 1968 963 1969 1244 1969 1097 1969 1097 1970 1244 1970 1245 1970 1097 1971 1245 1971 1098 1971 1098 1972 1245 1972 1246 1972 1098 1973 1246 1973 1099 1973 1099 1974 1246 1974 1247 1974 1099 1975 1247 1975 1100 1975 1100 1976 1247 1976 1096 1976 1100 1977 1096 1977 964 1977 1248 1978 1249 1978 1250 1978 1250 1979 1251 1979 1248 1979 1252 1980 1253 1980 1254 1980 1255 1981 1256 1981 1257 1981 1257 1982 1256 1982 1258 1982 1257 1983 1258 1983 1259 1983 1248 1984 1260 1984 1249 1984 1249 1985 1260 1985 1261 1985 1249 1986 1261 1986 1262 1986 1262 1987 1261 1987 1255 1987 1262 1988 1255 1988 1257 1988 1250 1989 1263 1989 1251 1989 1251 1990 1263 1990 1264 1990 1251 1991 1264 1991 1265 1991 1265 1992 1264 1992 1253 1992 1265 1993 1253 1993 1252 1993 1266 1994 1267 1994 1268 1994 1268 1995 1267 1995 1269 1995 1268 1996 1269 1996 1270 1996 1270 1997 1269 1997 1252 1997 1270 1998 1252 1998 1254 1998 1271 1999 1272 1999 1273 1999 1273 2000 1272 2000 1274 2000 1273 2001 1274 2001 1275 2001 1275 2002 1274 2002 1267 2002 1275 2003 1267 2003 1266 2003 1271 2004 1273 2004 1276 2004 1276 2005 1273 2005 1277 2005 1278 2006 1266 2006 1268 2006 1275 2007 1266 2007 1278 2007 1279 2008 1275 2008 1278 2008 1275 2009 1279 2009 1273 2009 1273 2010 1279 2010 617 2010 1273 2011 617 2011 1277 2011 1280 2012 1281 2012 1282 2012 1283 2013 1284 2013 1285 2013 1285 2014 1284 2014 1280 2014 1285 2015 1280 2015 1282 2015 1281 2016 1280 2016 1286 2016 1286 2017 1280 2017 1287 2017 1286 2018 1287 2018 1288 2018 1288 2019 1287 2019 1289 2019 1289 2020 1287 2020 1290 2020 1289 2021 1290 2021 1291 2021 1291 2022 1290 2022 1292 2022 1292 2023 1290 2023 1293 2023 1292 2024 1293 2024 1294 2024 1295 2025 1296 2025 1293 2025 1293 2026 1296 2026 1294 2026 1297 2027 1298 2027 1299 2027 1298 2028 1300 2028 1299 2028 1301 2029 1302 2029 1303 2029 1304 2030 1301 2030 1303 2030 1305 2031 1306 2031 1307 2031 1305 2032 1308 2032 1306 2032 1309 2033 1310 2033 1311 2033 1312 2034 1309 2034 1311 2034 1312 2035 1311 2035 1313 2035 1312 2036 1313 2036 1314 2036 1312 2037 1314 2037 1315 2037 1316 2038 1317 2038 1318 2038 1316 2039 1318 2039 1319 2039 1316 2040 1319 2040 1320 2040 1316 2041 1320 2041 1321 2041 1322 2042 1323 2042 1324 2042 1322 2043 1324 2043 1325 2043 1322 2044 1325 2044 1326 2044 1322 2045 1326 2045 1327 2045 1322 2046 1327 2046 1328 2046 1322 2047 1328 2047 1329 2047 1322 2048 1329 2048 1330 2048 1322 2049 1330 2049 1331 2049 1322 2050 1331 2050 1332 2050 1322 2051 1332 2051 1333 2051 1334 2052 1335 2052 1336 2052 1334 2053 1336 2053 1337 2053 1334 2054 1337 2054 1338 2054 1334 2055 1338 2055 1339 2055 1334 2056 1339 2056 1340 2056 1334 2057 1340 2057 1341 2057 1334 2058 1341 2058 1342 2058 1334 2059 1342 2059 1343 2059 1320 2060 1344 2060 1345 2060 1320 2061 1345 2061 1346 2061 1320 2062 1346 2062 1347 2062 1320 2063 1347 2063 1321 2063 1325 2064 1348 2064 1349 2064 1325 2065 1349 2065 1350 2065 1325 2066 1350 2066 1351 2066 1325 2067 1351 2067 1352 2067 1325 2068 1352 2068 1353 2068 1325 2069 1353 2069 1326 2069 1354 2070 1355 2070 1356 2070 1354 2071 1356 2071 1357 2071 1354 2072 1357 2072 1358 2072 1354 2073 1358 2073 1307 2073 1354 2074 1307 2074 1306 2074 1337 2075 1359 2075 1360 2075 1337 2076 1360 2076 1361 2076 1337 2077 1361 2077 1362 2077 1337 2078 1362 2078 1338 2078 1300 2079 1298 2079 1363 2079 1363 2080 1298 2080 1303 2080 1363 2081 1303 2081 1302 2081 1364 2082 1365 2082 1366 2082 1366 2083 1365 2083 1367 2083 1366 2084 1367 2084 1368 2084 1368 2085 1367 2085 1369 2085 1368 2086 1369 2086 1370 2086 1371 2087 1372 2087 1373 2087 1373 2088 1372 2088 1364 2088 1373 2089 1364 2089 1366 2089 1374 2090 1375 2090 1376 2090 1376 2091 1375 2091 1377 2091 1376 2092 1377 2092 1378 2092 1378 2093 1377 2093 1379 2093 1378 2094 1379 2094 1380 2094 1380 2095 1379 2095 1381 2095 1380 2096 1381 2096 1382 2096 1382 2097 1381 2097 1372 2097 1382 2098 1372 2098 1371 2098 1383 2099 1384 2099 1385 2099 1385 2100 1384 2100 1386 2100 1385 2101 1386 2101 1387 2101 1387 2102 1386 2102 1388 2102 1387 2103 1388 2103 1389 2103 1389 2104 1388 2104 1390 2104 1389 2105 1390 2105 1391 2105 1391 2106 1390 2106 1392 2106 1391 2107 1392 2107 1393 2107 1393 2108 1392 2108 1374 2108 1393 2109 1374 2109 1376 2109 1326 2110 1384 2110 1327 2110 1327 2111 1384 2111 1383 2111 1394 2112 1395 2112 1396 2112 1396 2113 1395 2113 1397 2113 1396 2114 1397 2114 1398 2114 1398 2115 1397 2115 1399 2115 1398 2116 1399 2116 1400 2116 1400 2117 1399 2117 1401 2117 1400 2118 1401 2118 1402 2118 1402 2119 1401 2119 1403 2119 1402 2120 1403 2120 1404 2120 1404 2121 1403 2121 1405 2121 1404 2122 1405 2122 1406 2122 1406 2123 1405 2123 1407 2123 1406 2124 1407 2124 1408 2124 1408 2125 1407 2125 1409 2125 1408 2126 1409 2126 1410 2126 1410 2127 1409 2127 1411 2127 1410 2128 1411 2128 1412 2128 1412 2129 1411 2129 1306 2129 1412 2130 1306 2130 1303 2130 1303 2131 1306 2131 1308 2131 1303 2132 1308 2132 1304 2132 1304 2133 1308 2133 1413 2133 1304 2134 1413 2134 1414 2134 1414 2135 1413 2135 1415 2135 1414 2136 1415 2136 1416 2136 1416 2137 1415 2137 1417 2137 1416 2138 1417 2138 1418 2138 1418 2139 1417 2139 1419 2139 1418 2140 1419 2140 1420 2140 1420 2141 1419 2141 1421 2141 1420 2142 1421 2142 1422 2142 1422 2143 1421 2143 1423 2143 1422 2144 1423 2144 1424 2144 1424 2145 1423 2145 1425 2145 1424 2146 1425 2146 1426 2146 1426 2147 1425 2147 1427 2147 1426 2148 1427 2148 1428 2148 1428 2149 1427 2149 1429 2149 1428 2150 1429 2150 1430 2150 1430 2151 1429 2151 1431 2151 1430 2152 1431 2152 1432 2152 1432 2153 1431 2153 1433 2153 1432 2154 1433 2154 1434 2154 1434 2155 1433 2155 1435 2155 1434 2156 1435 2156 1436 2156 1436 2157 1435 2157 1437 2157 1436 2158 1437 2158 1438 2158 1438 2159 1437 2159 1439 2159 1438 2160 1439 2160 1440 2160 1440 2161 1439 2161 1441 2161 1440 2162 1441 2162 1442 2162 1442 2163 1441 2163 1324 2163 1442 2164 1324 2164 1323 2164 1395 2165 1394 2165 1443 2165 1443 2166 1394 2166 1444 2166 1443 2167 1444 2167 1445 2167 1445 2168 1444 2168 1446 2168 1445 2169 1446 2169 1447 2169 1447 2170 1446 2170 1448 2170 1447 2171 1448 2171 1449 2171 1449 2172 1448 2172 1450 2172 1449 2173 1450 2173 1451 2173 1451 2174 1450 2174 1452 2174 1451 2175 1452 2175 1453 2175 1453 2176 1452 2176 1454 2176 1453 2177 1454 2177 1455 2177 1455 2178 1454 2178 1456 2178 1455 2179 1456 2179 1457 2179 1457 2180 1456 2180 1458 2180 1457 2181 1458 2181 1459 2181 1459 2182 1458 2182 1460 2182 1459 2183 1460 2183 1461 2183 1461 2184 1460 2184 1462 2184 1461 2185 1462 2185 1344 2185 1344 2186 1462 2186 1463 2186 1344 2187 1463 2187 1345 2187 1345 2188 1463 2188 1464 2188 1345 2189 1464 2189 1465 2189 1465 2190 1464 2190 1466 2190 1465 2191 1466 2191 1467 2191 1467 2192 1466 2192 1468 2192 1467 2193 1468 2193 1469 2193 1469 2194 1468 2194 1470 2194 1469 2195 1470 2195 1471 2195 1471 2196 1470 2196 1472 2196 1471 2197 1472 2197 1473 2197 1473 2198 1472 2198 1474 2198 1473 2199 1474 2199 1475 2199 1475 2200 1474 2200 1476 2200 1475 2201 1476 2201 1477 2201 1477 2202 1476 2202 1478 2202 1477 2203 1478 2203 1479 2203 1479 2204 1478 2204 1480 2204 1479 2205 1480 2205 1481 2205 1481 2206 1480 2206 1482 2206 1481 2207 1482 2207 1483 2207 1483 2208 1482 2208 1484 2208 1483 2209 1484 2209 1485 2209 1485 2210 1484 2210 1486 2210 1485 2211 1486 2211 1487 2211 1487 2212 1486 2212 1488 2212 1487 2213 1488 2213 1489 2213 1489 2214 1488 2214 1490 2214 1489 2215 1490 2215 1491 2215 1491 2216 1490 2216 1492 2216 1491 2217 1492 2217 1493 2217 1493 2218 1492 2218 1494 2218 1493 2219 1494 2219 1495 2219 1495 2220 1494 2220 1336 2220 1495 2221 1336 2221 1335 2221 1496 2222 1497 2222 1498 2222 1498 2223 1497 2223 1499 2223 1498 2224 1499 2224 1500 2224 1500 2225 1499 2225 1501 2225 1500 2226 1501 2226 1502 2226 1502 2227 1501 2227 1339 2227 1502 2228 1339 2228 1338 2228 1497 2229 1496 2229 1503 2229 1503 2230 1496 2230 1504 2230 1503 2231 1504 2231 1505 2231 1505 2232 1504 2232 1506 2232 1505 2233 1506 2233 1507 2233 1507 2234 1506 2234 1508 2234 1507 2235 1508 2235 1509 2235 1509 2236 1508 2236 1510 2236 1509 2237 1510 2237 1511 2237 1511 2238 1510 2238 1512 2238 1511 2239 1512 2239 1513 2239 1310 2240 1514 2240 1311 2240 1311 2241 1514 2241 1463 2241 1311 2242 1463 2242 1462 2242 1515 2243 1364 2243 1372 2243 1515 2244 1516 2244 1364 2244 1364 2245 1516 2245 1517 2245 1364 2246 1517 2246 1365 2246 1365 2247 1517 2247 1276 2247 1365 2248 1276 2248 1367 2248 1518 2249 1519 2249 1520 2249 1521 2250 1522 2250 1523 2250 1524 2251 1520 2251 1519 2251 1524 2252 1519 2252 1525 2252 1524 2253 1525 2253 1526 2253 1524 2254 1526 2254 1521 2254 1524 2255 1521 2255 1523 2255 1527 2256 1523 2256 1522 2256 1527 2257 1522 2257 1528 2257 1527 2258 1528 2258 1529 2258 1527 2259 1529 2259 1518 2259 1527 2260 1518 2260 1520 2260 1530 2261 1531 2261 1532 2261 1530 2262 1532 2262 1533 2262 1530 2263 1533 2263 1534 2263 1530 2264 1534 2264 1535 2264 1536 2265 1535 2265 1534 2265 1536 2266 1534 2266 1537 2266 1536 2267 1537 2267 1538 2267 1536 2268 1538 2268 1539 2268 1536 2269 1539 2269 1531 2269 1531 2270 1539 2270 1540 2270 1531 2271 1540 2271 1541 2271 1531 2272 1541 2272 1532 2272 496 2273 493 2273 1542 2273 496 2274 1542 2274 1543 2274 496 2275 1543 2275 545 2275 509 2276 1544 2276 1545 2276 1545 2277 1544 2277 1546 2277 1545 2278 1546 2278 1547 2278 497 2279 499 2279 1548 2279 1548 2280 499 2280 509 2280 1548 2281 509 2281 1545 2281 497 2282 1548 2282 493 2282 493 2283 1548 2283 1542 2283 562 2284 549 2284 1549 2284 1549 2285 549 2285 547 2285 1549 2286 547 2286 1550 2286 1550 2287 547 2287 545 2287 1550 2288 545 2288 1543 2288 556 2289 560 2289 1551 2289 1551 2290 560 2290 562 2290 1551 2291 562 2291 1549 2291 597 2292 558 2292 1552 2292 1552 2293 558 2293 556 2293 1552 2294 556 2294 1551 2294 593 2295 595 2295 1553 2295 1553 2296 595 2296 597 2296 1553 2297 597 2297 1552 2297 587 2298 593 2298 1554 2298 1554 2299 593 2299 1553 2299 1555 2300 1556 2300 1557 2300 1557 2301 1556 2301 1558 2301 1557 2302 1558 2302 1559 2302 1557 2303 1559 2303 1560 2303 1560 2304 1559 2304 1561 2304 1560 2305 1561 2305 1562 2305 1562 2306 1561 2306 1563 2306 1563 2307 1561 2307 1564 2307 1563 2308 1564 2308 1565 2308 1565 2309 1564 2309 1566 2309 1565 2310 1566 2310 1567 2310 1567 2311 1566 2311 1568 2311 1568 2312 1566 2312 1569 2312 1568 2313 1569 2313 1554 2313 1554 2314 1569 2314 1570 2314 1571 2315 1572 2315 1573 2315 1574 2316 1575 2316 1576 2316 1576 2317 1575 2317 1577 2317 1576 2318 1577 2318 1578 2318 1579 2319 1580 2319 1581 2319 1581 2320 1580 2320 1576 2320 1581 2321 1576 2321 1578 2321 1571 2322 1573 2322 1582 2322 1582 2323 1573 2323 1580 2323 1582 2324 1580 2324 1579 2324 1573 2325 1572 2325 1583 2325 1583 2326 1572 2326 1584 2326 1583 2327 1584 2327 1585 2327 1586 2328 1587 2328 1588 2328 1588 2329 1587 2329 1583 2329 1588 2330 1583 2330 1585 2330 1589 2331 1590 2331 1591 2331 1590 2332 1592 2332 1591 2332 1593 2333 1594 2333 1595 2333 1595 2334 1596 2334 1593 2334 1594 2335 1593 2335 1597 2335 1598 2336 1599 2336 1600 2336 1601 2337 1599 2337 1602 2337 1603 2338 1604 2338 1605 2338 1605 2339 1604 2339 1606 2339 1607 2340 1608 2340 1609 2340 1610 2341 1611 2341 1612 2341 1613 2342 1614 2342 1615 2342 1616 2343 1617 2343 1618 2343 1619 2344 1616 2344 1618 2344 1620 2345 1621 2345 1622 2345 1618 2346 1617 2346 1623 2346 1624 2347 1625 2347 1577 2347 1626 2348 1627 2348 1628 2348 1600 2349 1599 2349 1601 2349 1629 2350 1611 2350 1630 2350 1631 2351 1598 2351 1632 2351 1631 2352 1632 2352 1633 2352 1631 2353 1633 2353 1628 2353 1631 2354 1628 2354 1627 2354 1634 2355 1594 2355 1597 2355 1634 2356 1597 2356 1635 2356 1634 2357 1635 2357 1590 2357 1634 2358 1590 2358 1589 2358 1634 2359 1589 2359 1636 2359 1634 2360 1636 2360 1637 2360 1634 2361 1637 2361 1638 2361 1634 2362 1638 2362 1639 2362 1634 2363 1639 2363 1594 2363 1605 2364 1640 2364 1603 2364 1603 2365 1640 2365 1641 2365 1603 2366 1641 2366 1642 2366 1642 2367 1641 2367 1643 2367 1642 2368 1643 2368 1644 2368 1644 2369 1643 2369 1645 2369 1644 2370 1645 2370 1646 2370 1646 2371 1645 2371 1647 2371 1646 2372 1647 2372 1648 2372 1648 2373 1647 2373 1649 2373 1648 2374 1649 2374 1650 2374 1650 2375 1649 2375 1651 2375 1650 2376 1651 2376 1652 2376 1652 2377 1651 2377 1653 2377 1652 2378 1653 2378 1654 2378 1655 2379 1656 2379 1602 2379 1602 2380 1656 2380 1657 2380 1602 2381 1657 2381 1601 2381 1601 2382 1657 2382 1658 2382 1601 2383 1658 2383 1600 2383 1600 2384 1658 2384 1632 2384 1600 2385 1632 2385 1598 2385 1656 2386 1655 2386 1659 2386 1659 2387 1655 2387 1660 2387 1659 2388 1660 2388 1661 2388 1661 2389 1660 2389 1662 2389 1661 2390 1662 2390 1663 2390 1663 2391 1662 2391 1664 2391 1663 2392 1664 2392 1665 2392 1665 2393 1664 2393 1646 2393 1665 2394 1646 2394 1648 2394 1666 2395 1655 2395 1667 2395 1667 2396 1655 2396 1602 2396 1667 2397 1602 2397 1668 2397 1668 2398 1602 2398 1599 2398 1668 2399 1599 2399 1669 2399 1655 2400 1666 2400 1660 2400 1660 2401 1666 2401 1670 2401 1660 2402 1670 2402 1662 2402 1662 2403 1670 2403 1671 2403 1662 2404 1671 2404 1664 2404 1664 2405 1671 2405 1644 2405 1664 2406 1644 2406 1646 2406 1669 2407 1672 2407 1668 2407 1668 2408 1672 2408 1673 2408 1668 2409 1673 2409 1667 2409 1667 2410 1673 2410 1674 2410 1667 2411 1674 2411 1666 2411 1666 2412 1674 2412 1675 2412 1666 2413 1675 2413 1670 2413 1670 2414 1675 2414 1676 2414 1670 2415 1676 2415 1671 2415 1671 2416 1676 2416 1642 2416 1671 2417 1642 2417 1644 2417 1677 2418 1678 2418 1679 2418 1679 2419 1678 2419 1680 2419 1679 2420 1680 2420 1681 2420 1681 2421 1680 2421 1673 2421 1681 2422 1673 2422 1672 2422 1606 2423 1604 2423 1682 2423 1682 2424 1604 2424 1683 2424 1682 2425 1683 2425 1684 2425 1684 2426 1683 2426 1685 2426 1684 2427 1685 2427 1607 2427 1607 2428 1685 2428 1678 2428 1607 2429 1678 2429 1608 2429 1608 2430 1678 2430 1677 2430 1608 2431 1677 2431 1609 2431 1606 2432 1682 2432 1686 2432 1686 2433 1682 2433 1687 2433 1686 2434 1687 2434 1688 2434 1688 2435 1687 2435 1689 2435 1688 2436 1689 2436 1690 2436 1690 2437 1689 2437 1691 2437 1690 2438 1691 2438 1692 2438 1692 2439 1691 2439 1693 2439 1692 2440 1693 2440 1694 2440 1694 2441 1693 2441 1695 2441 1694 2442 1695 2442 1696 2442 1696 2443 1695 2443 1697 2443 1696 2444 1697 2444 1698 2444 1698 2445 1697 2445 1613 2445 1698 2446 1613 2446 1615 2446 1630 2447 1609 2447 1629 2447 1609 2448 1630 2448 1607 2448 1607 2449 1630 2449 1699 2449 1607 2450 1699 2450 1684 2450 1684 2451 1699 2451 1687 2451 1684 2452 1687 2452 1682 2452 1700 2453 1612 2453 1701 2453 1612 2454 1700 2454 1610 2454 1610 2455 1700 2455 1702 2455 1610 2456 1702 2456 1703 2456 1703 2457 1702 2457 1691 2457 1703 2458 1691 2458 1689 2458 1701 2459 1704 2459 1700 2459 1700 2460 1704 2460 1705 2460 1700 2461 1705 2461 1706 2461 1706 2462 1705 2462 1707 2462 1706 2463 1707 2463 1708 2463 1708 2464 1707 2464 1709 2464 1709 2465 1707 2465 1710 2465 1709 2466 1710 2466 1711 2466 1620 2467 1622 2467 1712 2467 1712 2468 1622 2468 1713 2468 1712 2469 1713 2469 1714 2469 1714 2470 1713 2470 1616 2470 1714 2471 1616 2471 1614 2471 1614 2472 1616 2472 1619 2472 1614 2473 1619 2473 1615 2473 1710 2474 1715 2474 1711 2474 1711 2475 1715 2475 1620 2475 1711 2476 1620 2476 1712 2476 1621 2477 1716 2477 1622 2477 1622 2478 1716 2478 1717 2478 1622 2479 1717 2479 1713 2479 1713 2480 1717 2480 1617 2480 1713 2481 1617 2481 1616 2481 1718 2482 1719 2482 1720 2482 1720 2483 1719 2483 1721 2483 1720 2484 1721 2484 1722 2484 1722 2485 1721 2485 1723 2485 1722 2486 1723 2486 1724 2486 1724 2487 1723 2487 1725 2487 1724 2488 1725 2488 1726 2488 1726 2489 1725 2489 1727 2489 1726 2490 1727 2490 1728 2490 1728 2491 1727 2491 1729 2491 1728 2492 1729 2492 1730 2492 1730 2493 1729 2493 1731 2493 1730 2494 1731 2494 1732 2494 1732 2495 1731 2495 1733 2495 1732 2496 1733 2496 1734 2496 1734 2497 1733 2497 1735 2497 1734 2498 1735 2498 1736 2498 1736 2499 1735 2499 1737 2499 1736 2500 1737 2500 1738 2500 1738 2501 1737 2501 1652 2501 1738 2502 1652 2502 1654 2502 1625 2503 1624 2503 1739 2503 1739 2504 1624 2504 1719 2504 1739 2505 1719 2505 1718 2505 1596 2506 1595 2506 1575 2506 1575 2507 1595 2507 1624 2507 1575 2508 1624 2508 1577 2508 1594 2509 1740 2509 1595 2509 1595 2510 1740 2510 1741 2510 1595 2511 1741 2511 1624 2511 1624 2512 1741 2512 1742 2512 1624 2513 1742 2513 1719 2513 1719 2514 1742 2514 1743 2514 1719 2515 1743 2515 1721 2515 1721 2516 1743 2516 1744 2516 1721 2517 1744 2517 1723 2517 1723 2518 1744 2518 1745 2518 1723 2519 1745 2519 1725 2519 1725 2520 1745 2520 1746 2520 1725 2521 1746 2521 1727 2521 1727 2522 1746 2522 1747 2522 1727 2523 1747 2523 1729 2523 1729 2524 1747 2524 1748 2524 1729 2525 1748 2525 1731 2525 1731 2526 1748 2526 1749 2526 1731 2527 1749 2527 1733 2527 1733 2528 1749 2528 1750 2528 1733 2529 1750 2529 1735 2529 1735 2530 1750 2530 1751 2530 1735 2531 1751 2531 1737 2531 1737 2532 1751 2532 1650 2532 1737 2533 1650 2533 1652 2533 1746 2534 1656 2534 1747 2534 1747 2535 1656 2535 1659 2535 1747 2536 1659 2536 1748 2536 1748 2537 1659 2537 1661 2537 1748 2538 1661 2538 1749 2538 1749 2539 1661 2539 1663 2539 1749 2540 1663 2540 1750 2540 1750 2541 1663 2541 1665 2541 1750 2542 1665 2542 1751 2542 1751 2543 1665 2543 1648 2543 1751 2544 1648 2544 1650 2544 1656 2545 1746 2545 1657 2545 1657 2546 1746 2546 1745 2546 1657 2547 1745 2547 1658 2547 1658 2548 1745 2548 1744 2548 1658 2549 1744 2549 1632 2549 1632 2550 1744 2550 1743 2550 1632 2551 1743 2551 1633 2551 1633 2552 1743 2552 1742 2552 1633 2553 1742 2553 1628 2553 1628 2554 1742 2554 1741 2554 1628 2555 1741 2555 1626 2555 1626 2556 1741 2556 1740 2556 1626 2557 1740 2557 1752 2557 1752 2558 1740 2558 1594 2558 1752 2559 1594 2559 1639 2559 1638 2560 1753 2560 1639 2560 1639 2561 1753 2561 1754 2561 1639 2562 1754 2562 1752 2562 1752 2563 1754 2563 1627 2563 1752 2564 1627 2564 1626 2564 1675 2565 1755 2565 1676 2565 1676 2566 1755 2566 1603 2566 1676 2567 1603 2567 1642 2567 1755 2568 1675 2568 1756 2568 1756 2569 1675 2569 1674 2569 1756 2570 1674 2570 1757 2570 1757 2571 1674 2571 1673 2571 1757 2572 1673 2572 1680 2572 1680 2573 1678 2573 1757 2573 1757 2574 1678 2574 1685 2574 1757 2575 1685 2575 1756 2575 1756 2576 1685 2576 1683 2576 1756 2577 1683 2577 1755 2577 1755 2578 1683 2578 1604 2578 1755 2579 1604 2579 1603 2579 1611 2580 1610 2580 1630 2580 1630 2581 1610 2581 1703 2581 1630 2582 1703 2582 1699 2582 1699 2583 1703 2583 1689 2583 1699 2584 1689 2584 1687 2584 1691 2585 1702 2585 1693 2585 1693 2586 1702 2586 1758 2586 1702 2587 1700 2587 1758 2587 1758 2588 1700 2588 1706 2588 1693 2589 1758 2589 1695 2589 1695 2590 1758 2590 1759 2590 1758 2591 1706 2591 1759 2591 1759 2592 1706 2592 1708 2592 1695 2593 1759 2593 1697 2593 1697 2594 1759 2594 1760 2594 1759 2595 1708 2595 1760 2595 1760 2596 1708 2596 1709 2596 1711 2597 1761 2597 1709 2597 1709 2598 1761 2598 1762 2598 1709 2599 1762 2599 1760 2599 1760 2600 1762 2600 1613 2600 1760 2601 1613 2601 1697 2601 1711 2602 1712 2602 1761 2602 1761 2603 1712 2603 1714 2603 1761 2604 1714 2604 1762 2604 1762 2605 1714 2605 1614 2605 1762 2606 1614 2606 1613 2606 1763 2607 1764 2607 1765 2607 1764 2608 1766 2608 1765 2608 1767 2609 1591 2609 1766 2609 1766 2610 1591 2610 1592 2610 1766 2611 1592 2611 1765 2611 1768 2612 1769 2612 1770 2612 1770 2613 1769 2613 1767 2613 1770 2614 1767 2614 1771 2614 1771 2615 1767 2615 1766 2615 1771 2616 1766 2616 1772 2616 1772 2617 1766 2617 1764 2617 1772 2618 1764 2618 1773 2618 1773 2619 1764 2619 1763 2619 1773 2620 1763 2620 1774 2620 1775 2621 1776 2621 1777 2621 1777 2622 1776 2622 1778 2622 1777 2623 1778 2623 1779 2623 1779 2624 1778 2624 1780 2624 1779 2625 1780 2625 1781 2625 1781 2626 1780 2626 1782 2626 1781 2627 1782 2627 1783 2627 1783 2628 1782 2628 1784 2628 1783 2629 1784 2629 1785 2629 1785 2630 1784 2630 1786 2630 1785 2631 1786 2631 1787 2631 1787 2632 1786 2632 1788 2632 1787 2633 1788 2633 1789 2633 1789 2634 1788 2634 1790 2634 1789 2635 1790 2635 1791 2635 1791 2636 1790 2636 1792 2636 1791 2637 1792 2637 1793 2637 1793 2638 1792 2638 1794 2638 1793 2639 1794 2639 1795 2639 1795 2640 1794 2640 1768 2640 1795 2641 1768 2641 1770 2641 1776 2642 1775 2642 1796 2642 1796 2643 1775 2643 1797 2643 1796 2644 1797 2644 1798 2644 1798 2645 1797 2645 1799 2645 1798 2646 1799 2646 1800 2646 1800 2647 1799 2647 1801 2647 1800 2648 1801 2648 1802 2648 1802 2649 1801 2649 1803 2649 1802 2650 1803 2650 1804 2650 1804 2651 1803 2651 1805 2651 1804 2652 1805 2652 1806 2652 1806 2653 1805 2653 1807 2653 1806 2654 1807 2654 1808 2654 1808 2655 1807 2655 1809 2655 1808 2656 1809 2656 1810 2656 1810 2657 1809 2657 1811 2657 1810 2658 1811 2658 1812 2658 1812 2659 1811 2659 1813 2659 1812 2660 1813 2660 1814 2660 1814 2661 1813 2661 1815 2661 1814 2662 1815 2662 1816 2662 1816 2663 1815 2663 1817 2663 1816 2664 1817 2664 1818 2664 1818 2665 1817 2665 1819 2665 1818 2666 1819 2666 1820 2666 1821 2667 1771 2667 1822 2667 1822 2668 1771 2668 1772 2668 1822 2669 1772 2669 1823 2669 1823 2670 1772 2670 1773 2670 1823 2671 1773 2671 1774 2671 1822 2672 1824 2672 1821 2672 1824 2673 1825 2673 1821 2673 1826 2674 1827 2674 1828 2674 1827 2675 1829 2675 1828 2675 1830 2676 1545 2676 1547 2676 1553 2677 1831 2677 1554 2677 1831 2678 1568 2678 1554 2678 1832 2679 1833 2679 1834 2679 1830 2680 1835 2680 1545 2680 1545 2681 1836 2681 1548 2681 1835 2682 1836 2682 1545 2682 1837 2683 1838 2683 1839 2683 1840 2684 1841 2684 1550 2684 1543 2685 1840 2685 1550 2685 1842 2686 1843 2686 1549 2686 1550 2687 1842 2687 1549 2687 1844 2688 1845 2688 1551 2688 1846 2689 1847 2689 1848 2689 1847 2690 1849 2690 1850 2690 1851 2691 1852 2691 1552 2691 1853 2692 1854 2692 1855 2692 1855 2693 1850 2693 1853 2693 1856 2694 1857 2694 1858 2694 1857 2695 1859 2695 1860 2695 1833 2696 1832 2696 1285 2696 1861 2697 1837 2697 1862 2697 1846 2698 1849 2698 1847 2698 1863 2699 1864 2699 1865 2699 1863 2700 1865 2700 1866 2700 1863 2701 1866 2701 1867 2701 1863 2702 1867 2702 1868 2702 1869 2703 1870 2703 1871 2703 1871 2704 1870 2704 1872 2704 1871 2705 1872 2705 1873 2705 1873 2706 1872 2706 1874 2706 1873 2707 1874 2707 1875 2707 1875 2708 1874 2708 1876 2708 1875 2709 1876 2709 1877 2709 1877 2710 1876 2710 1878 2710 1877 2711 1878 2711 1861 2711 1861 2712 1878 2712 1838 2712 1861 2713 1838 2713 1837 2713 1879 2714 1880 2714 1836 2714 1836 2715 1880 2715 1881 2715 1836 2716 1881 2716 1548 2716 1548 2717 1881 2717 1882 2717 1548 2718 1882 2718 1542 2718 1837 2719 1839 2719 1883 2719 1883 2720 1839 2720 1884 2720 1883 2721 1884 2721 1885 2721 1885 2722 1884 2722 1829 2722 1885 2723 1829 2723 1827 2723 1826 2724 1886 2724 1827 2724 1827 2725 1886 2725 1887 2725 1827 2726 1887 2726 1888 2726 1888 2727 1887 2727 1889 2727 1888 2728 1889 2728 1890 2728 1890 2729 1889 2729 1891 2729 1890 2730 1891 2730 1892 2730 1892 2731 1891 2731 1543 2731 1892 2732 1543 2732 1542 2732 1867 2733 1893 2733 1868 2733 1868 2734 1893 2734 1894 2734 1893 2735 1886 2735 1894 2735 1894 2736 1886 2736 1826 2736 1895 2737 1896 2737 1897 2737 1897 2738 1896 2738 1865 2738 1897 2739 1865 2739 1848 2739 1848 2740 1865 2740 1864 2740 1848 2741 1864 2741 1846 2741 1896 2742 1895 2742 1898 2742 1898 2743 1895 2743 1899 2743 1898 2744 1899 2744 1900 2744 1900 2745 1899 2745 1901 2745 1900 2746 1901 2746 1902 2746 1902 2747 1901 2747 1844 2747 1902 2748 1844 2748 1843 2748 1843 2749 1844 2749 1551 2749 1843 2750 1551 2750 1549 2750 1855 2751 1903 2751 1850 2751 1850 2752 1903 2752 1904 2752 1850 2753 1904 2753 1847 2753 1847 2754 1904 2754 1905 2754 1847 2755 1905 2755 1906 2755 1906 2756 1905 2756 1907 2756 1906 2757 1907 2757 1908 2757 1908 2758 1907 2758 1909 2758 1908 2759 1909 2759 1910 2759 1910 2760 1909 2760 1911 2760 1910 2761 1911 2761 1912 2761 1912 2762 1911 2762 1913 2762 1912 2763 1913 2763 1914 2763 1914 2764 1913 2764 1851 2764 1914 2765 1851 2765 1845 2765 1845 2766 1851 2766 1552 2766 1845 2767 1552 2767 1551 2767 1825 2768 1824 2768 1915 2768 1915 2769 1824 2769 1856 2769 1915 2770 1856 2770 1916 2770 1916 2771 1856 2771 1858 2771 1916 2772 1858 2772 1917 2772 1917 2773 1858 2773 1918 2773 1917 2774 1918 2774 1919 2774 1919 2775 1918 2775 1920 2775 1919 2776 1920 2776 1921 2776 1921 2777 1920 2777 1922 2777 1921 2778 1922 2778 1923 2778 1923 2779 1922 2779 1924 2779 1923 2780 1924 2780 1854 2780 1854 2781 1924 2781 1925 2781 1854 2782 1925 2782 1926 2782 1926 2783 1925 2783 1927 2783 1926 2784 1927 2784 1928 2784 1928 2785 1927 2785 1929 2785 1928 2786 1929 2786 1930 2786 1930 2787 1929 2787 1931 2787 1930 2788 1931 2788 1932 2788 1932 2789 1931 2789 1933 2789 1932 2790 1933 2790 1934 2790 1934 2791 1933 2791 1935 2791 1934 2792 1935 2792 1936 2792 1936 2793 1935 2793 1937 2793 1936 2794 1937 2794 1938 2794 1938 2795 1937 2795 1939 2795 1938 2796 1939 2796 1940 2796 1940 2797 1939 2797 1941 2797 1940 2798 1941 2798 1852 2798 1852 2799 1941 2799 1553 2799 1852 2800 1553 2800 1552 2800 1553 2801 1941 2801 1831 2801 1831 2802 1941 2802 1939 2802 1831 2803 1939 2803 1942 2803 1942 2804 1939 2804 1937 2804 1942 2805 1937 2805 1943 2805 1943 2806 1937 2806 1935 2806 1943 2807 1935 2807 1944 2807 1944 2808 1935 2808 1933 2808 1944 2809 1933 2809 1945 2809 1945 2810 1933 2810 1931 2810 1945 2811 1931 2811 1946 2811 1946 2812 1931 2812 1929 2812 1946 2813 1929 2813 1947 2813 1947 2814 1929 2814 1927 2814 1947 2815 1927 2815 1948 2815 1948 2816 1927 2816 1925 2816 1948 2817 1925 2817 1949 2817 1949 2818 1925 2818 1924 2818 1949 2819 1924 2819 1950 2819 1950 2820 1924 2820 1922 2820 1950 2821 1922 2821 1951 2821 1951 2822 1922 2822 1920 2822 1951 2823 1920 2823 1832 2823 1832 2824 1920 2824 1918 2824 1832 2825 1918 2825 1860 2825 1860 2826 1918 2826 1858 2826 1860 2827 1858 2827 1857 2827 1952 2828 1953 2828 1951 2828 1951 2829 1953 2829 1954 2829 1951 2830 1954 2830 1950 2830 1950 2831 1954 2831 1556 2831 1950 2832 1556 2832 1949 2832 1949 2833 1556 2833 1555 2833 1949 2834 1555 2834 1948 2834 1948 2835 1555 2835 1557 2835 1948 2836 1557 2836 1947 2836 1947 2837 1557 2837 1560 2837 1947 2838 1560 2838 1946 2838 1946 2839 1560 2839 1562 2839 1946 2840 1562 2840 1945 2840 1945 2841 1562 2841 1563 2841 1945 2842 1563 2842 1944 2842 1944 2843 1563 2843 1565 2843 1944 2844 1565 2844 1943 2844 1943 2845 1565 2845 1567 2845 1943 2846 1567 2846 1942 2846 1942 2847 1567 2847 1568 2847 1942 2848 1568 2848 1831 2848 1834 2849 1955 2849 1832 2849 1832 2850 1955 2850 1952 2850 1832 2851 1952 2851 1951 2851 1859 2852 1283 2852 1860 2852 1860 2853 1283 2853 1285 2853 1860 2854 1285 2854 1832 2854 1547 2855 1956 2855 1830 2855 1830 2856 1956 2856 1957 2856 1830 2857 1957 2857 1958 2857 1958 2858 1957 2858 1959 2858 1958 2859 1959 2859 1960 2859 1960 2860 1959 2860 1961 2860 1960 2861 1961 2861 1962 2861 1962 2862 1961 2862 1870 2862 1962 2863 1870 2863 1869 2863 1877 2864 1963 2864 1875 2864 1875 2865 1963 2865 1964 2865 1875 2866 1964 2866 1873 2866 1873 2867 1964 2867 1965 2867 1873 2868 1965 2868 1871 2868 1871 2869 1965 2869 1966 2869 1871 2870 1966 2870 1869 2870 1869 2871 1966 2871 1967 2871 1869 2872 1967 2872 1962 2872 1962 2873 1967 2873 1968 2873 1962 2874 1968 2874 1960 2874 1960 2875 1968 2875 1969 2875 1960 2876 1969 2876 1958 2876 1958 2877 1969 2877 1835 2877 1958 2878 1835 2878 1830 2878 1861 2879 1862 2879 1877 2879 1877 2880 1862 2880 1970 2880 1877 2881 1970 2881 1963 2881 1963 2882 1970 2882 1971 2882 1963 2883 1971 2883 1964 2883 1964 2884 1971 2884 1972 2884 1964 2885 1972 2885 1965 2885 1965 2886 1972 2886 1973 2886 1965 2887 1973 2887 1966 2887 1966 2888 1973 2888 1974 2888 1966 2889 1974 2889 1967 2889 1967 2890 1974 2890 1975 2890 1967 2891 1975 2891 1968 2891 1968 2892 1975 2892 1879 2892 1968 2893 1879 2893 1969 2893 1969 2894 1879 2894 1836 2894 1969 2895 1836 2895 1835 2895 1974 2896 1976 2896 1975 2896 1975 2897 1976 2897 1880 2897 1975 2898 1880 2898 1879 2898 1972 2899 1977 2899 1973 2899 1973 2900 1977 2900 1976 2900 1973 2901 1976 2901 1974 2901 1970 2902 1978 2902 1971 2902 1971 2903 1978 2903 1977 2903 1971 2904 1977 2904 1972 2904 1883 2905 1978 2905 1837 2905 1837 2906 1978 2906 1970 2906 1837 2907 1970 2907 1862 2907 1976 2908 1881 2908 1880 2908 1881 2909 1976 2909 1979 2909 1979 2910 1976 2910 1977 2910 1979 2911 1977 2911 1980 2911 1980 2912 1977 2912 1978 2912 1980 2913 1978 2913 1883 2913 1979 2914 1882 2914 1881 2914 1882 2915 1979 2915 1981 2915 1981 2916 1979 2916 1980 2916 1981 2917 1980 2917 1982 2917 1982 2918 1980 2918 1883 2918 1982 2919 1883 2919 1885 2919 1542 2920 1882 2920 1892 2920 1892 2921 1882 2921 1981 2921 1892 2922 1981 2922 1890 2922 1890 2923 1981 2923 1982 2923 1890 2924 1982 2924 1888 2924 1888 2925 1982 2925 1885 2925 1888 2926 1885 2926 1827 2926 1543 2927 1891 2927 1840 2927 1840 2928 1891 2928 1889 2928 1840 2929 1889 2929 1983 2929 1983 2930 1889 2930 1887 2930 1983 2931 1887 2931 1984 2931 1984 2932 1887 2932 1886 2932 1984 2933 1886 2933 1893 2933 1867 2934 1985 2934 1893 2934 1893 2935 1985 2935 1986 2935 1893 2936 1986 2936 1984 2936 1984 2937 1986 2937 1987 2937 1984 2938 1987 2938 1983 2938 1983 2939 1987 2939 1841 2939 1983 2940 1841 2940 1840 2940 1550 2941 1841 2941 1842 2941 1842 2942 1841 2942 1987 2942 1842 2943 1987 2943 1988 2943 1988 2944 1987 2944 1986 2944 1988 2945 1986 2945 1989 2945 1989 2946 1986 2946 1985 2946 1989 2947 1985 2947 1990 2947 1990 2948 1985 2948 1867 2948 1990 2949 1867 2949 1866 2949 1865 2950 1896 2950 1866 2950 1866 2951 1896 2951 1898 2951 1866 2952 1898 2952 1990 2952 1990 2953 1898 2953 1900 2953 1990 2954 1900 2954 1989 2954 1989 2955 1900 2955 1902 2955 1989 2956 1902 2956 1988 2956 1988 2957 1902 2957 1843 2957 1988 2958 1843 2958 1842 2958 1847 2959 1906 2959 1848 2959 1848 2960 1906 2960 1908 2960 1848 2961 1908 2961 1897 2961 1897 2962 1908 2962 1910 2962 1897 2963 1910 2963 1895 2963 1895 2964 1910 2964 1912 2964 1895 2965 1912 2965 1899 2965 1899 2966 1912 2966 1914 2966 1899 2967 1914 2967 1901 2967 1901 2968 1914 2968 1845 2968 1901 2969 1845 2969 1844 2969 1854 2970 1926 2970 1855 2970 1855 2971 1926 2971 1928 2971 1855 2972 1928 2972 1903 2972 1903 2973 1928 2973 1930 2973 1903 2974 1930 2974 1904 2974 1904 2975 1930 2975 1932 2975 1904 2976 1932 2976 1905 2976 1905 2977 1932 2977 1934 2977 1905 2978 1934 2978 1907 2978 1907 2979 1934 2979 1936 2979 1907 2980 1936 2980 1909 2980 1909 2981 1936 2981 1938 2981 1909 2982 1938 2982 1911 2982 1911 2983 1938 2983 1940 2983 1911 2984 1940 2984 1913 2984 1913 2985 1940 2985 1852 2985 1913 2986 1852 2986 1851 2986 1991 2987 1917 2987 1992 2987 1992 2988 1917 2988 1919 2988 1992 2989 1919 2989 1993 2989 1993 2990 1919 2990 1921 2990 1993 2991 1921 2991 1994 2991 1994 2992 1921 2992 1923 2992 1994 2993 1923 2993 1995 2993 1995 2994 1923 2994 1854 2994 1995 2995 1854 2995 1853 2995 1915 2996 1916 2996 1996 2996 1996 2997 1916 2997 1917 2997 1996 2998 1917 2998 1991 2998 1997 2999 1998 2999 1999 2999 2000 3000 1998 3000 1997 3000 2001 3001 2000 3001 1997 3001 2000 3002 2001 3002 2002 3002 2002 3003 2001 3003 2003 3003 2002 3004 2003 3004 330 3004 1997 3005 2004 3005 2005 3005 2006 3006 2007 3006 2008 3006 2009 3007 2010 3007 2011 3007 2011 3008 2012 3008 2009 3008 2012 3009 2011 3009 2013 3009 2013 3010 2014 3010 2012 3010 1999 3011 2015 3011 2016 3011 1999 3012 2016 3012 2004 3012 1999 3013 2004 3013 1997 3013 1997 3014 2005 3014 2001 3014 2001 3015 2005 3015 2017 3015 2001 3016 2017 3016 2003 3016 2008 3017 2007 3017 2018 3017 2018 3018 2007 3018 2016 3018 2018 3019 2016 3019 2015 3019 2008 3020 2019 3020 2006 3020 2006 3021 2019 3021 2010 3021 2006 3022 2010 3022 2009 3022 2013 3023 2020 3023 2014 3023 2014 3024 2020 3024 2021 3024 2014 3025 2021 3025 2022 3025 2023 3026 1366 3026 2024 3026 2024 3027 1366 3027 1368 3027 2024 3028 1368 3028 2017 3028 1371 3029 1373 3029 2025 3029 2025 3030 1373 3030 1366 3030 2025 3031 1366 3031 2023 3031 1587 3032 1586 3032 2026 3032 1587 3033 2026 3033 2027 3033 1587 3034 2027 3034 2028 3034 344 3035 2029 3035 2030 3035 344 3036 2030 3036 2031 3036 344 3037 2031 3037 2032 3037 344 3038 2032 3038 2033 3038 344 3039 2033 3039 2034 3039 344 3040 2034 3040 2035 3040 343 3041 1587 3041 2028 3041 343 3042 2028 3042 2036 3042 343 3043 2036 3043 2029 3043 343 3044 2029 3044 344 3044 2037 3045 2038 3045 2039 3045 2039 3046 2038 3046 2040 3046 2039 3047 2040 3047 2041 3047 2041 3048 2040 3048 2042 3048 2041 3049 2042 3049 2043 3049 2038 3050 2037 3050 2044 3050 2044 3051 2037 3051 2045 3051 2044 3052 2045 3052 2046 3052 2046 3053 2045 3053 2047 3053 2046 3054 2047 3054 2048 3054 2048 3055 2047 3055 2049 3055 2048 3056 2049 3056 2050 3056 2050 3057 2049 3057 245 3057 2050 3058 245 3058 207 3058 2051 3059 2052 3059 2053 3059 2053 3060 2052 3060 2054 3060 2053 3061 2054 3061 2055 3061 2055 3062 2054 3062 2056 3062 2055 3063 2056 3063 2057 3063 2052 3064 2051 3064 2058 3064 2058 3065 2051 3065 2059 3065 2058 3066 2059 3066 2060 3066 2060 3067 2059 3067 2061 3067 2060 3068 2061 3068 2062 3068 2062 3069 2061 3069 2063 3069 2062 3070 2063 3070 2064 3070 2064 3071 2063 3071 211 3071 2064 3072 211 3072 210 3072 2065 3073 2053 3073 2066 3073 2066 3074 2053 3074 2055 3074 2066 3075 2055 3075 2067 3075 2067 3076 2055 3076 2057 3076 2067 3077 2057 3077 2068 3077 2053 3078 2065 3078 2051 3078 2051 3079 2065 3079 2069 3079 2051 3080 2069 3080 2059 3080 2059 3081 2069 3081 2070 3081 2059 3082 2070 3082 2061 3082 2061 3083 2070 3083 2071 3083 2061 3084 2071 3084 2063 3084 2063 3085 2071 3085 209 3085 2063 3086 209 3086 211 3086 2072 3087 2066 3087 2073 3087 2073 3088 2066 3088 2067 3088 2073 3089 2067 3089 2074 3089 2074 3090 2067 3090 2068 3090 2074 3091 2068 3091 2075 3091 2066 3092 2072 3092 2065 3092 2065 3093 2072 3093 2076 3093 2065 3094 2076 3094 2069 3094 2069 3095 2076 3095 2077 3095 2069 3096 2077 3096 2070 3096 2070 3097 2077 3097 2078 3097 2070 3098 2078 3098 2071 3098 2071 3099 2078 3099 206 3099 2071 3100 206 3100 209 3100 2044 3101 2073 3101 2038 3101 2038 3102 2073 3102 2074 3102 2038 3103 2074 3103 2040 3103 2040 3104 2074 3104 2075 3104 2040 3105 2075 3105 2042 3105 2073 3106 2044 3106 2072 3106 2072 3107 2044 3107 2046 3107 2072 3108 2046 3108 2076 3108 2076 3109 2046 3109 2048 3109 2076 3110 2048 3110 2077 3110 2077 3111 2048 3111 2050 3111 2077 3112 2050 3112 2078 3112 2078 3113 2050 3113 207 3113 2078 3114 207 3114 206 3114 2079 3115 2080 3115 2043 3115 2080 3116 2041 3116 2043 3116 2049 3117 2081 3117 245 3117 2081 3118 246 3118 245 3118 2082 3119 2041 3119 2080 3119 2083 3120 2084 3120 2039 3120 2041 3121 2083 3121 2039 3121 2082 3122 2083 3122 2041 3122 2083 3123 2085 3123 2084 3123 2086 3124 2087 3124 2037 3124 2039 3125 2086 3125 2037 3125 2084 3126 2086 3126 2039 3126 2085 3127 2088 3127 2086 3127 2084 3128 2085 3128 2086 3128 2037 3129 2087 3129 2045 3129 2089 3130 2090 3130 2047 3130 2045 3131 2089 3131 2047 3131 2091 3132 2089 3132 2045 3132 2092 3133 2093 3133 2089 3133 2091 3134 2092 3134 2089 3134 2094 3135 2081 3135 2049 3135 2089 3136 2093 3136 2090 3136 2087 3137 2086 3137 2088 3137 2045 3138 2087 3138 2091 3138 2091 3139 2087 3139 2088 3139 2091 3140 2088 3140 2092 3140 2095 3141 2094 3141 2093 3141 2093 3142 2094 3142 2090 3142 2094 3143 2049 3143 2090 3143 2090 3144 2049 3144 2047 3144 246 3145 2081 3145 247 3145 247 3146 2081 3146 2096 3146 2081 3147 2094 3147 2096 3147 2096 3148 2094 3148 2095 3148 2097 3149 2098 3149 2079 3149 2098 3150 2080 3150 2079 3150 2096 3151 2095 3151 2099 3151 203 3152 2096 3152 2099 3152 2095 3153 2093 3153 2100 3153 2093 3154 2092 3154 2101 3154 2092 3155 2088 3155 2102 3155 2085 3156 2083 3156 2103 3156 2083 3157 2082 3157 2104 3157 2105 3158 2106 3158 2107 3158 2107 3159 2106 3159 2108 3159 2108 3160 2109 3160 2107 3160 2108 3161 2110 3161 2109 3161 2109 3162 2110 3162 2111 3162 2112 3163 2113 3163 2114 3163 2097 3164 2113 3164 2112 3164 2112 3165 2115 3165 2097 3165 2097 3166 2115 3166 2098 3166 204 3167 2116 3167 295 3167 2099 3168 2116 3168 204 3168 203 3169 2099 3169 204 3169 2096 3170 203 3170 247 3170 2117 3171 2118 3171 2119 3171 2120 3172 2117 3172 2119 3172 2120 3173 2121 3173 2117 3173 2121 3174 2120 3174 2122 3174 2123 3175 2124 3175 2125 3175 2126 3176 2124 3176 2123 3176 2127 3177 2126 3177 2123 3177 2128 3178 2126 3178 2127 3178 2129 3179 2128 3179 2127 3179 2130 3180 2128 3180 2129 3180 2131 3181 2130 3181 2129 3181 2132 3182 2130 3182 2131 3182 2106 3183 2105 3183 2124 3183 2108 3184 2106 3184 2124 3184 2126 3185 2108 3185 2124 3185 2110 3186 2108 3186 2126 3186 2133 3187 2109 3187 2111 3187 2133 3188 2111 3188 2134 3188 2133 3189 2134 3189 2114 3189 2133 3190 2114 3190 2113 3190 249 3191 201 3191 2135 3191 249 3192 2135 3192 2136 3192 249 3193 2136 3193 2137 3193 249 3194 2137 3194 2138 3194 249 3195 2138 3195 2119 3195 249 3196 2119 3196 2118 3196 249 3197 2118 3197 2125 3197 249 3198 2125 3198 2124 3198 249 3199 2124 3199 2105 3199 249 3200 2105 3200 2107 3200 2121 3201 2122 3201 2139 3201 2139 3202 2122 3202 2140 3202 2139 3203 2140 3203 2141 3203 2141 3204 2140 3204 2142 3204 2141 3205 2142 3205 2143 3205 2143 3206 2142 3206 2144 3206 2143 3207 2144 3207 2145 3207 2145 3208 2144 3208 2088 3208 2145 3209 2088 3209 2085 3209 2110 3210 2126 3210 2111 3210 2111 3211 2126 3211 2128 3211 2111 3212 2128 3212 2134 3212 2134 3213 2128 3213 2130 3213 2134 3214 2130 3214 2114 3214 2114 3215 2130 3215 2132 3215 2114 3216 2132 3216 2112 3216 2112 3217 2132 3217 2146 3217 2112 3218 2146 3218 2115 3218 2115 3219 2146 3219 2104 3219 2115 3220 2104 3220 2098 3220 2098 3221 2104 3221 2082 3221 2098 3222 2082 3222 2080 3222 198 3223 2147 3223 199 3223 199 3224 2147 3224 2148 3224 199 3225 2148 3225 200 3225 200 3226 2148 3226 2135 3226 200 3227 2135 3227 201 3227 2116 3228 2149 3228 295 3228 295 3229 2149 3229 2147 3229 295 3230 2147 3230 198 3230 2095 3231 2100 3231 2099 3231 2099 3232 2100 3232 2150 3232 2099 3233 2150 3233 2116 3233 2116 3234 2150 3234 2151 3234 2116 3235 2151 3235 2149 3235 2149 3236 2151 3236 2152 3236 2149 3237 2152 3237 2147 3237 2147 3238 2152 3238 2153 3238 2147 3239 2153 3239 2148 3239 2148 3240 2153 3240 2136 3240 2148 3241 2136 3241 2135 3241 2093 3242 2101 3242 2100 3242 2100 3243 2101 3243 2154 3243 2100 3244 2154 3244 2150 3244 2150 3245 2154 3245 2155 3245 2150 3246 2155 3246 2151 3246 2151 3247 2155 3247 2156 3247 2151 3248 2156 3248 2152 3248 2152 3249 2156 3249 2157 3249 2152 3250 2157 3250 2153 3250 2153 3251 2157 3251 2137 3251 2153 3252 2137 3252 2136 3252 2092 3253 2102 3253 2101 3253 2101 3254 2102 3254 2158 3254 2101 3255 2158 3255 2154 3255 2154 3256 2158 3256 2159 3256 2154 3257 2159 3257 2155 3257 2155 3258 2159 3258 2160 3258 2155 3259 2160 3259 2156 3259 2156 3260 2160 3260 2161 3260 2156 3261 2161 3261 2157 3261 2157 3262 2161 3262 2138 3262 2157 3263 2138 3263 2137 3263 2088 3264 2144 3264 2102 3264 2102 3265 2144 3265 2142 3265 2102 3266 2142 3266 2158 3266 2158 3267 2142 3267 2140 3267 2158 3268 2140 3268 2159 3268 2159 3269 2140 3269 2122 3269 2159 3270 2122 3270 2160 3270 2160 3271 2122 3271 2120 3271 2160 3272 2120 3272 2161 3272 2161 3273 2120 3273 2119 3273 2161 3274 2119 3274 2138 3274 2085 3275 2103 3275 2145 3275 2145 3276 2103 3276 2162 3276 2145 3277 2162 3277 2143 3277 2143 3278 2162 3278 2131 3278 2143 3279 2131 3279 2141 3279 2141 3280 2131 3280 2129 3280 2141 3281 2129 3281 2139 3281 2139 3282 2129 3282 2127 3282 2139 3283 2127 3283 2121 3283 2121 3284 2127 3284 2123 3284 2121 3285 2123 3285 2117 3285 2117 3286 2123 3286 2125 3286 2117 3287 2125 3287 2118 3287 2083 3288 2104 3288 2103 3288 2103 3289 2104 3289 2146 3289 2103 3290 2146 3290 2162 3290 2162 3291 2146 3291 2132 3291 2162 3292 2132 3292 2131 3292 2163 3293 2164 3293 2165 3293 2164 3294 2166 3294 2165 3294 2163 3295 2167 3295 2168 3295 2167 3296 2169 3296 2170 3296 2171 3297 2172 3297 2173 3297 2172 3298 2174 3298 2175 3298 266 3299 2174 3299 185 3299 2174 3300 266 3300 2176 3300 258 3301 110 3301 2177 3301 2178 3302 258 3302 2177 3302 259 3303 258 3303 2178 3303 2179 3304 2180 3304 2181 3304 2182 3305 2180 3305 2179 3305 2183 3306 2182 3306 2179 3306 2184 3307 2183 3307 2179 3307 2185 3308 2183 3308 2184 3308 2186 3309 2187 3309 2166 3309 2164 3310 2186 3310 2166 3310 2188 3311 2189 3311 2190 3311 2182 3312 2191 3312 2180 3312 2192 3313 2193 3313 2194 3313 2195 3314 2193 3314 2192 3314 2196 3315 2197 3315 2198 3315 2199 3316 2197 3316 2196 3316 2200 3317 2199 3317 2196 3317 107 3318 2181 3318 2188 3318 107 3319 2188 3319 2190 3319 107 3320 2190 3320 2189 3320 107 3321 2189 3321 2201 3321 107 3322 2201 3322 2192 3322 107 3323 2192 3323 2194 3323 107 3324 2194 3324 2202 3324 107 3325 2202 3325 2198 3325 107 3326 2198 3326 2197 3326 107 3327 2197 3327 2177 3327 107 3328 2177 3328 110 3328 2203 3329 2166 3329 2187 3329 2203 3330 2187 3330 2185 3330 2203 3331 2185 3331 2184 3331 2204 3332 2205 3332 2206 3332 2206 3333 2205 3333 2207 3333 2206 3334 2207 3334 2208 3334 2208 3335 2207 3335 2169 3335 2208 3336 2169 3336 2171 3336 2205 3337 2204 3337 2209 3337 2209 3338 2204 3338 2210 3338 2209 3339 2210 3339 2211 3339 2211 3340 2210 3340 2212 3340 2211 3341 2212 3341 2213 3341 2213 3342 2212 3342 2214 3342 2213 3343 2214 3343 2193 3343 2193 3344 2214 3344 2202 3344 2193 3345 2202 3345 2194 3345 266 3346 265 3346 2176 3346 2176 3347 265 3347 264 3347 2176 3348 264 3348 2215 3348 2215 3349 264 3349 261 3349 2215 3350 261 3350 2216 3350 2216 3351 261 3351 260 3351 2216 3352 260 3352 2217 3352 2217 3353 260 3353 259 3353 2217 3354 259 3354 2178 3354 2181 3355 2180 3355 2188 3355 2188 3356 2180 3356 2191 3356 2188 3357 2191 3357 2189 3357 2163 3358 2168 3358 2164 3358 2164 3359 2168 3359 2218 3359 2164 3360 2218 3360 2186 3360 2186 3361 2218 3361 2219 3361 2186 3362 2219 3362 2187 3362 2187 3363 2219 3363 2220 3363 2187 3364 2220 3364 2185 3364 2185 3365 2220 3365 2221 3365 2185 3366 2221 3366 2183 3366 2183 3367 2221 3367 2191 3367 2183 3368 2191 3368 2182 3368 2167 3369 2222 3369 2168 3369 2168 3370 2222 3370 2223 3370 2168 3371 2223 3371 2218 3371 2218 3372 2223 3372 2224 3372 2218 3373 2224 3373 2219 3373 2219 3374 2224 3374 2225 3374 2219 3375 2225 3375 2220 3375 2220 3376 2225 3376 2226 3376 2220 3377 2226 3377 2221 3377 2221 3378 2226 3378 2227 3378 2221 3379 2227 3379 2191 3379 2191 3380 2227 3380 2201 3380 2191 3381 2201 3381 2189 3381 2167 3382 2170 3382 2222 3382 2222 3383 2170 3383 2228 3383 2222 3384 2228 3384 2223 3384 2223 3385 2228 3385 2229 3385 2223 3386 2229 3386 2224 3386 2224 3387 2229 3387 2230 3387 2224 3388 2230 3388 2225 3388 2225 3389 2230 3389 2231 3389 2225 3390 2231 3390 2226 3390 2226 3391 2231 3391 2195 3391 2226 3392 2195 3392 2227 3392 2227 3393 2195 3393 2192 3393 2227 3394 2192 3394 2201 3394 2169 3395 2207 3395 2170 3395 2170 3396 2207 3396 2205 3396 2170 3397 2205 3397 2228 3397 2228 3398 2205 3398 2209 3398 2228 3399 2209 3399 2229 3399 2229 3400 2209 3400 2211 3400 2229 3401 2211 3401 2230 3401 2230 3402 2211 3402 2213 3402 2230 3403 2213 3403 2231 3403 2231 3404 2213 3404 2193 3404 2231 3405 2193 3405 2195 3405 2171 3406 2173 3406 2208 3406 2208 3407 2173 3407 2232 3407 2208 3408 2232 3408 2206 3408 2206 3409 2232 3409 2233 3409 2206 3410 2233 3410 2204 3410 2204 3411 2233 3411 2234 3411 2204 3412 2234 3412 2210 3412 2210 3413 2234 3413 2200 3413 2210 3414 2200 3414 2212 3414 2212 3415 2200 3415 2196 3415 2212 3416 2196 3416 2214 3416 2214 3417 2196 3417 2198 3417 2214 3418 2198 3418 2202 3418 2172 3419 2175 3419 2173 3419 2173 3420 2175 3420 2235 3420 2173 3421 2235 3421 2232 3421 2232 3422 2235 3422 2236 3422 2232 3423 2236 3423 2233 3423 2233 3424 2236 3424 2237 3424 2233 3425 2237 3425 2234 3425 2234 3426 2237 3426 2199 3426 2234 3427 2199 3427 2200 3427 2174 3428 2176 3428 2175 3428 2175 3429 2176 3429 2215 3429 2175 3430 2215 3430 2235 3430 2235 3431 2215 3431 2216 3431 2235 3432 2216 3432 2236 3432 2236 3433 2216 3433 2217 3433 2236 3434 2217 3434 2237 3434 2237 3435 2217 3435 2178 3435 2237 3436 2178 3436 2199 3436 2199 3437 2178 3437 2177 3437 2199 3438 2177 3438 2197 3438 2238 3439 2239 3439 2240 3439 2240 3440 2239 3440 2241 3440 2240 3441 2241 3441 2242 3441 2242 3442 2241 3442 2243 3442 2242 3443 2243 3443 2244 3443 2239 3444 2238 3444 2245 3444 2245 3445 2238 3445 2246 3445 2245 3446 2246 3446 2247 3446 2247 3447 2246 3447 2248 3447 2247 3448 2248 3448 2249 3448 2249 3449 2248 3449 2250 3449 2249 3450 2250 3450 2251 3450 2251 3451 2250 3451 179 3451 2251 3452 179 3452 178 3452 2252 3453 2167 3453 2253 3453 2253 3454 2167 3454 2163 3454 2253 3455 2163 3455 2254 3455 2254 3456 2163 3456 2165 3456 2254 3457 2165 3457 2255 3457 2167 3458 2252 3458 2169 3458 2169 3459 2252 3459 2256 3459 2169 3460 2256 3460 2171 3460 2171 3461 2256 3461 2257 3461 2171 3462 2257 3462 2172 3462 2172 3463 2257 3463 2258 3463 2172 3464 2258 3464 2174 3464 2174 3465 2258 3465 183 3465 2174 3466 183 3466 185 3466 2259 3467 2253 3467 2260 3467 2260 3468 2253 3468 2254 3468 2260 3469 2254 3469 2261 3469 2261 3470 2254 3470 2255 3470 2261 3471 2255 3471 2262 3471 2253 3472 2259 3472 2252 3472 2252 3473 2259 3473 2263 3473 2252 3474 2263 3474 2256 3474 2256 3475 2263 3475 2264 3475 2256 3476 2264 3476 2257 3476 2257 3477 2264 3477 2265 3477 2257 3478 2265 3478 2258 3478 2258 3479 2265 3479 184 3479 2258 3480 184 3480 183 3480 2266 3481 2260 3481 2267 3481 2267 3482 2260 3482 2261 3482 2267 3483 2261 3483 2268 3483 2268 3484 2261 3484 2262 3484 2268 3485 2262 3485 2269 3485 2260 3486 2266 3486 2259 3486 2259 3487 2266 3487 2270 3487 2259 3488 2270 3488 2263 3488 2263 3489 2270 3489 2271 3489 2263 3490 2271 3490 2264 3490 2264 3491 2271 3491 2272 3491 2264 3492 2272 3492 2265 3492 2265 3493 2272 3493 268 3493 2265 3494 268 3494 184 3494 2273 3495 2267 3495 2274 3495 2274 3496 2267 3496 2268 3496 2274 3497 2268 3497 2275 3497 2275 3498 2268 3498 2269 3498 2275 3499 2269 3499 2276 3499 2267 3500 2273 3500 2266 3500 2266 3501 2273 3501 2277 3501 2266 3502 2277 3502 2270 3502 2270 3503 2277 3503 2278 3503 2270 3504 2278 3504 2271 3504 2271 3505 2278 3505 2279 3505 2271 3506 2279 3506 2272 3506 2272 3507 2279 3507 180 3507 2272 3508 180 3508 268 3508 2245 3509 2274 3509 2239 3509 2239 3510 2274 3510 2275 3510 2239 3511 2275 3511 2241 3511 2241 3512 2275 3512 2276 3512 2241 3513 2276 3513 2243 3513 2274 3514 2245 3514 2273 3514 2273 3515 2245 3515 2247 3515 2273 3516 2247 3516 2277 3516 2277 3517 2247 3517 2249 3517 2277 3518 2249 3518 2278 3518 2278 3519 2249 3519 2251 3519 2278 3520 2251 3520 2279 3520 2279 3521 2251 3521 178 3521 2279 3522 178 3522 180 3522 2250 3523 2280 3523 179 3523 2280 3524 271 3524 179 3524 2281 3525 2282 3525 2244 3525 2282 3526 2242 3526 2244 3526 2250 3527 2248 3527 2283 3527 2248 3528 2246 3528 2284 3528 2246 3529 2238 3529 2285 3529 2240 3530 2242 3530 2286 3530 2287 3531 2288 3531 2289 3531 2289 3532 2288 3532 2290 3532 2290 3533 2291 3533 2289 3533 2290 3534 2292 3534 2291 3534 2291 3535 2292 3535 2293 3535 2293 3536 2294 3536 2291 3536 2294 3537 2293 3537 2295 3537 2295 3538 2296 3538 2294 3538 2297 3539 2296 3539 2295 3539 2281 3540 2296 3540 2297 3540 2297 3541 2298 3541 2281 3541 2281 3542 2298 3542 2282 3542 174 3543 2299 3543 175 3543 2300 3544 2301 3544 2302 3544 2301 3545 2300 3545 2303 3545 2304 3546 2301 3546 2303 3546 2305 3547 2306 3547 2307 3547 2308 3548 2306 3548 2305 3548 2288 3549 2287 3549 2309 3549 2290 3550 2288 3550 2309 3550 239 3551 175 3551 2299 3551 239 3552 2299 3552 2300 3552 239 3553 2300 3553 2302 3553 239 3554 2302 3554 2310 3554 239 3555 2310 3555 2307 3555 239 3556 2307 3556 2306 3556 239 3557 2306 3557 2311 3557 239 3558 2311 3558 2309 3558 239 3559 2309 3559 2287 3559 239 3560 2287 3560 2289 3560 2312 3561 2313 3561 2314 3561 2314 3562 2313 3562 2315 3562 2314 3563 2315 3563 2316 3563 2316 3564 2315 3564 2238 3564 2316 3565 2238 3565 2240 3565 2313 3566 2312 3566 2317 3566 2317 3567 2312 3567 2318 3567 2317 3568 2318 3568 2319 3568 2319 3569 2318 3569 2320 3569 2319 3570 2320 3570 2321 3570 2321 3571 2320 3571 2322 3571 2321 3572 2322 3572 2308 3572 2308 3573 2322 3573 2311 3573 2308 3574 2311 3574 2306 3574 271 3575 2280 3575 272 3575 272 3576 2280 3576 2323 3576 272 3577 2323 3577 273 3577 273 3578 2323 3578 2324 3578 273 3579 2324 3579 292 3579 292 3580 2324 3580 2325 3580 292 3581 2325 3581 291 3581 291 3582 2325 3582 2326 3582 291 3583 2326 3583 289 3583 289 3584 2326 3584 2299 3584 289 3585 2299 3585 174 3585 2250 3586 2283 3586 2280 3586 2280 3587 2283 3587 2327 3587 2280 3588 2327 3588 2323 3588 2323 3589 2327 3589 2328 3589 2323 3590 2328 3590 2324 3590 2324 3591 2328 3591 2329 3591 2324 3592 2329 3592 2325 3592 2325 3593 2329 3593 2303 3593 2325 3594 2303 3594 2326 3594 2326 3595 2303 3595 2300 3595 2326 3596 2300 3596 2299 3596 2248 3597 2284 3597 2283 3597 2283 3598 2284 3598 2330 3598 2283 3599 2330 3599 2327 3599 2327 3600 2330 3600 2331 3600 2327 3601 2331 3601 2328 3601 2328 3602 2331 3602 2332 3602 2328 3603 2332 3603 2329 3603 2329 3604 2332 3604 2304 3604 2329 3605 2304 3605 2303 3605 2246 3606 2333 3606 2284 3606 2284 3607 2333 3607 2334 3607 2284 3608 2334 3608 2330 3608 2330 3609 2334 3609 2335 3609 2330 3610 2335 3610 2331 3610 2331 3611 2335 3611 2336 3611 2331 3612 2336 3612 2332 3612 2332 3613 2336 3613 2337 3613 2332 3614 2337 3614 2304 3614 2304 3615 2337 3615 2338 3615 2304 3616 2338 3616 2301 3616 2301 3617 2338 3617 2310 3617 2301 3618 2310 3618 2302 3618 2246 3619 2285 3619 2333 3619 2333 3620 2285 3620 2339 3620 2333 3621 2339 3621 2334 3621 2334 3622 2339 3622 2340 3622 2334 3623 2340 3623 2335 3623 2335 3624 2340 3624 2341 3624 2335 3625 2341 3625 2336 3625 2336 3626 2341 3626 2342 3626 2336 3627 2342 3627 2337 3627 2337 3628 2342 3628 2305 3628 2337 3629 2305 3629 2338 3629 2338 3630 2305 3630 2307 3630 2338 3631 2307 3631 2310 3631 2238 3632 2315 3632 2285 3632 2285 3633 2315 3633 2313 3633 2285 3634 2313 3634 2339 3634 2339 3635 2313 3635 2317 3635 2339 3636 2317 3636 2340 3636 2340 3637 2317 3637 2319 3637 2340 3638 2319 3638 2341 3638 2341 3639 2319 3639 2321 3639 2341 3640 2321 3640 2342 3640 2342 3641 2321 3641 2308 3641 2342 3642 2308 3642 2305 3642 2240 3643 2286 3643 2316 3643 2316 3644 2286 3644 2343 3644 2316 3645 2343 3645 2314 3645 2314 3646 2343 3646 2344 3646 2314 3647 2344 3647 2312 3647 2312 3648 2344 3648 2345 3648 2312 3649 2345 3649 2318 3649 2318 3650 2345 3650 2346 3650 2318 3651 2346 3651 2320 3651 2320 3652 2346 3652 2347 3652 2320 3653 2347 3653 2322 3653 2322 3654 2347 3654 2309 3654 2322 3655 2309 3655 2311 3655 2242 3656 2282 3656 2286 3656 2286 3657 2282 3657 2298 3657 2286 3658 2298 3658 2343 3658 2343 3659 2298 3659 2297 3659 2343 3660 2297 3660 2344 3660 2344 3661 2297 3661 2295 3661 2344 3662 2295 3662 2345 3662 2345 3663 2295 3663 2293 3663 2345 3664 2293 3664 2346 3664 2346 3665 2293 3665 2292 3665 2346 3666 2292 3666 2347 3666 2347 3667 2292 3667 2290 3667 2347 3668 2290 3668 2309 3668 2348 3669 2349 3669 2350 3669 2349 3670 2351 3670 2350 3670 2348 3671 2352 3671 2353 3671 2352 3672 2354 3672 2355 3672 2356 3673 2357 3673 2358 3673 2357 3674 2359 3674 2360 3674 283 3675 2359 3675 115 3675 2359 3676 283 3676 2361 3676 220 3677 219 3677 2362 3677 2363 3678 220 3678 2362 3678 221 3679 220 3679 2363 3679 2364 3680 2365 3680 2366 3680 2367 3681 2365 3681 2364 3681 2368 3682 2367 3682 2364 3682 2369 3683 2368 3683 2364 3683 2370 3684 2368 3684 2369 3684 2371 3685 2370 3685 2369 3685 2371 3686 2372 3686 2370 3686 2372 3687 2371 3687 2351 3687 2373 3688 2372 3688 2351 3688 2349 3689 2373 3689 2351 3689 2374 3690 2375 3690 2376 3690 2367 3691 2377 3691 2365 3691 2378 3692 2379 3692 2380 3692 2381 3693 2378 3693 2380 3693 2382 3694 2383 3694 2384 3694 2385 3695 2383 3695 2382 3695 2386 3696 2385 3696 2382 3696 218 3697 2366 3697 2374 3697 218 3698 2374 3698 2376 3698 218 3699 2376 3699 2375 3699 218 3700 2375 3700 2387 3700 218 3701 2387 3701 2380 3701 218 3702 2380 3702 2379 3702 218 3703 2379 3703 2388 3703 218 3704 2388 3704 2384 3704 218 3705 2384 3705 2383 3705 218 3706 2383 3706 2362 3706 218 3707 2362 3707 219 3707 2389 3708 2390 3708 2391 3708 2391 3709 2390 3709 2392 3709 2391 3710 2392 3710 2393 3710 2393 3711 2392 3711 2354 3711 2393 3712 2354 3712 2356 3712 2390 3713 2389 3713 2394 3713 2394 3714 2389 3714 2395 3714 2394 3715 2395 3715 2396 3715 2396 3716 2395 3716 2397 3716 2396 3717 2397 3717 2398 3717 2398 3718 2397 3718 2399 3718 2398 3719 2399 3719 2378 3719 2378 3720 2399 3720 2388 3720 2378 3721 2388 3721 2379 3721 283 3722 282 3722 2361 3722 2361 3723 282 3723 114 3723 2361 3724 114 3724 2400 3724 2400 3725 114 3725 111 3725 2400 3726 111 3726 2401 3726 2401 3727 111 3727 113 3727 2401 3728 113 3728 2402 3728 2402 3729 113 3729 221 3729 2402 3730 221 3730 2363 3730 2366 3731 2365 3731 2374 3731 2374 3732 2365 3732 2377 3732 2374 3733 2377 3733 2375 3733 2348 3734 2353 3734 2349 3734 2349 3735 2353 3735 2403 3735 2349 3736 2403 3736 2373 3736 2373 3737 2403 3737 2404 3737 2373 3738 2404 3738 2372 3738 2372 3739 2404 3739 2405 3739 2372 3740 2405 3740 2370 3740 2370 3741 2405 3741 2406 3741 2370 3742 2406 3742 2368 3742 2368 3743 2406 3743 2377 3743 2368 3744 2377 3744 2367 3744 2352 3745 2407 3745 2353 3745 2353 3746 2407 3746 2408 3746 2353 3747 2408 3747 2403 3747 2403 3748 2408 3748 2409 3748 2403 3749 2409 3749 2404 3749 2404 3750 2409 3750 2410 3750 2404 3751 2410 3751 2405 3751 2405 3752 2410 3752 2411 3752 2405 3753 2411 3753 2406 3753 2406 3754 2411 3754 2412 3754 2406 3755 2412 3755 2377 3755 2377 3756 2412 3756 2387 3756 2377 3757 2387 3757 2375 3757 2352 3758 2355 3758 2407 3758 2407 3759 2355 3759 2413 3759 2407 3760 2413 3760 2408 3760 2408 3761 2413 3761 2414 3761 2408 3762 2414 3762 2409 3762 2409 3763 2414 3763 2415 3763 2409 3764 2415 3764 2410 3764 2410 3765 2415 3765 2416 3765 2410 3766 2416 3766 2411 3766 2411 3767 2416 3767 2381 3767 2411 3768 2381 3768 2412 3768 2412 3769 2381 3769 2380 3769 2412 3770 2380 3770 2387 3770 2354 3771 2392 3771 2355 3771 2355 3772 2392 3772 2390 3772 2355 3773 2390 3773 2413 3773 2413 3774 2390 3774 2394 3774 2413 3775 2394 3775 2414 3775 2414 3776 2394 3776 2396 3776 2414 3777 2396 3777 2415 3777 2415 3778 2396 3778 2398 3778 2415 3779 2398 3779 2416 3779 2416 3780 2398 3780 2378 3780 2416 3781 2378 3781 2381 3781 2356 3782 2358 3782 2393 3782 2393 3783 2358 3783 2417 3783 2393 3784 2417 3784 2391 3784 2391 3785 2417 3785 2418 3785 2391 3786 2418 3786 2389 3786 2389 3787 2418 3787 2419 3787 2389 3788 2419 3788 2395 3788 2395 3789 2419 3789 2386 3789 2395 3790 2386 3790 2397 3790 2397 3791 2386 3791 2382 3791 2397 3792 2382 3792 2399 3792 2399 3793 2382 3793 2384 3793 2399 3794 2384 3794 2388 3794 2357 3795 2360 3795 2358 3795 2358 3796 2360 3796 2420 3796 2358 3797 2420 3797 2417 3797 2417 3798 2420 3798 2421 3798 2417 3799 2421 3799 2418 3799 2418 3800 2421 3800 2422 3800 2418 3801 2422 3801 2419 3801 2419 3802 2422 3802 2385 3802 2419 3803 2385 3803 2386 3803 2359 3804 2361 3804 2360 3804 2360 3805 2361 3805 2400 3805 2360 3806 2400 3806 2420 3806 2420 3807 2400 3807 2401 3807 2420 3808 2401 3808 2421 3808 2421 3809 2401 3809 2402 3809 2421 3810 2402 3810 2422 3810 2422 3811 2402 3811 2363 3811 2422 3812 2363 3812 2385 3812 2385 3813 2363 3813 2362 3813 2385 3814 2362 3814 2383 3814 2423 3815 2424 3815 2425 3815 2425 3816 2424 3816 2426 3816 2425 3817 2426 3817 2427 3817 2427 3818 2426 3818 2428 3818 2427 3819 2428 3819 2429 3819 2424 3820 2423 3820 2430 3820 2430 3821 2423 3821 2431 3821 2430 3822 2431 3822 2432 3822 2432 3823 2431 3823 2433 3823 2432 3824 2433 3824 2434 3824 2434 3825 2433 3825 2435 3825 2434 3826 2435 3826 2436 3826 2436 3827 2435 3827 279 3827 2436 3828 279 3828 164 3828 2437 3829 2352 3829 2438 3829 2438 3830 2352 3830 2348 3830 2438 3831 2348 3831 2439 3831 2439 3832 2348 3832 2350 3832 2439 3833 2350 3833 2440 3833 2352 3834 2437 3834 2354 3834 2354 3835 2437 3835 2441 3835 2354 3836 2441 3836 2356 3836 2356 3837 2441 3837 2442 3837 2356 3838 2442 3838 2357 3838 2357 3839 2442 3839 2443 3839 2357 3840 2443 3840 2359 3840 2359 3841 2443 3841 116 3841 2359 3842 116 3842 115 3842 2444 3843 2438 3843 2445 3843 2445 3844 2438 3844 2439 3844 2445 3845 2439 3845 2446 3845 2446 3846 2439 3846 2440 3846 2446 3847 2440 3847 2447 3847 2438 3848 2444 3848 2437 3848 2437 3849 2444 3849 2448 3849 2437 3850 2448 3850 2441 3850 2441 3851 2448 3851 2449 3851 2441 3852 2449 3852 2442 3852 2442 3853 2449 3853 2450 3853 2442 3854 2450 3854 2443 3854 2443 3855 2450 3855 167 3855 2443 3856 167 3856 116 3856 2451 3857 2445 3857 2452 3857 2452 3858 2445 3858 2446 3858 2452 3859 2446 3859 2453 3859 2453 3860 2446 3860 2447 3860 2453 3861 2447 3861 2454 3861 2445 3862 2451 3862 2444 3862 2444 3863 2451 3863 2455 3863 2444 3864 2455 3864 2448 3864 2448 3865 2455 3865 2456 3865 2448 3866 2456 3866 2449 3866 2449 3867 2456 3867 2457 3867 2449 3868 2457 3868 2450 3868 2450 3869 2457 3869 224 3869 2450 3870 224 3870 167 3870 2458 3871 2452 3871 2459 3871 2459 3872 2452 3872 2453 3872 2459 3873 2453 3873 2460 3873 2460 3874 2453 3874 2454 3874 2460 3875 2454 3875 2461 3875 2452 3876 2458 3876 2451 3876 2451 3877 2458 3877 2462 3877 2451 3878 2462 3878 2455 3878 2455 3879 2462 3879 2463 3879 2455 3880 2463 3880 2456 3880 2456 3881 2463 3881 2464 3881 2456 3882 2464 3882 2457 3882 2457 3883 2464 3883 163 3883 2457 3884 163 3884 224 3884 2430 3885 2459 3885 2424 3885 2424 3886 2459 3886 2460 3886 2424 3887 2460 3887 2426 3887 2426 3888 2460 3888 2461 3888 2426 3889 2461 3889 2428 3889 2459 3890 2430 3890 2458 3890 2458 3891 2430 3891 2432 3891 2458 3892 2432 3892 2462 3892 2462 3893 2432 3893 2434 3893 2462 3894 2434 3894 2463 3894 2463 3895 2434 3895 2436 3895 2463 3896 2436 3896 2464 3896 2464 3897 2436 3897 164 3897 2464 3898 164 3898 163 3898 2465 3899 2466 3899 2429 3899 2466 3900 2427 3900 2429 3900 2435 3901 2467 3901 279 3901 2467 3902 278 3902 279 3902 2435 3903 2433 3903 2468 3903 2433 3904 2431 3904 2469 3904 2431 3905 2423 3905 2470 3905 2425 3906 2427 3906 2471 3906 2472 3907 2473 3907 2474 3907 2474 3908 2473 3908 2475 3908 2475 3909 2476 3909 2474 3909 2475 3910 2477 3910 2476 3910 2476 3911 2477 3911 2478 3911 2478 3912 2479 3912 2476 3912 2479 3913 2478 3913 2480 3913 2481 3914 2482 3914 2465 3914 2465 3915 2482 3915 2466 3915 161 3916 2483 3916 124 3916 2484 3917 2485 3917 2486 3917 2485 3918 2484 3918 2487 3918 2488 3919 2485 3919 2487 3919 2489 3920 2490 3920 2491 3920 2492 3921 2490 3921 2489 3921 2473 3922 2472 3922 2493 3922 2475 3923 2473 3923 2493 3923 2494 3924 2479 3924 2480 3924 2494 3925 2480 3925 2481 3925 2494 3926 2481 3926 2465 3926 122 3927 124 3927 2483 3927 122 3928 2483 3928 2484 3928 122 3929 2484 3929 2486 3929 122 3930 2486 3930 2495 3930 122 3931 2495 3931 2491 3931 122 3932 2491 3932 2490 3932 122 3933 2490 3933 2496 3933 122 3934 2496 3934 2493 3934 122 3935 2493 3935 2472 3935 122 3936 2472 3936 2474 3936 2497 3937 2498 3937 2499 3937 2499 3938 2498 3938 2500 3938 2499 3939 2500 3939 2501 3939 2501 3940 2500 3940 2423 3940 2501 3941 2423 3941 2425 3941 2498 3942 2497 3942 2502 3942 2502 3943 2497 3943 2503 3943 2502 3944 2503 3944 2504 3944 2504 3945 2503 3945 2505 3945 2504 3946 2505 3946 2506 3946 2506 3947 2505 3947 2507 3947 2506 3948 2507 3948 2492 3948 2492 3949 2507 3949 2496 3949 2492 3950 2496 3950 2490 3950 278 3951 2467 3951 276 3951 276 3952 2467 3952 2508 3952 276 3953 2508 3953 120 3953 120 3954 2508 3954 2509 3954 120 3955 2509 3955 118 3955 118 3956 2509 3956 2510 3956 118 3957 2510 3957 121 3957 121 3958 2510 3958 2511 3958 121 3959 2511 3959 226 3959 226 3960 2511 3960 2483 3960 226 3961 2483 3961 161 3961 2435 3962 2468 3962 2467 3962 2467 3963 2468 3963 2512 3963 2467 3964 2512 3964 2508 3964 2508 3965 2512 3965 2513 3965 2508 3966 2513 3966 2509 3966 2509 3967 2513 3967 2514 3967 2509 3968 2514 3968 2510 3968 2510 3969 2514 3969 2487 3969 2510 3970 2487 3970 2511 3970 2511 3971 2487 3971 2484 3971 2511 3972 2484 3972 2483 3972 2433 3973 2469 3973 2468 3973 2468 3974 2469 3974 2515 3974 2468 3975 2515 3975 2512 3975 2512 3976 2515 3976 2516 3976 2512 3977 2516 3977 2513 3977 2513 3978 2516 3978 2517 3978 2513 3979 2517 3979 2514 3979 2514 3980 2517 3980 2488 3980 2514 3981 2488 3981 2487 3981 2431 3982 2518 3982 2469 3982 2469 3983 2518 3983 2519 3983 2469 3984 2519 3984 2515 3984 2515 3985 2519 3985 2520 3985 2515 3986 2520 3986 2516 3986 2516 3987 2520 3987 2521 3987 2516 3988 2521 3988 2517 3988 2517 3989 2521 3989 2522 3989 2517 3990 2522 3990 2488 3990 2488 3991 2522 3991 2523 3991 2488 3992 2523 3992 2485 3992 2485 3993 2523 3993 2495 3993 2485 3994 2495 3994 2486 3994 2431 3995 2470 3995 2518 3995 2518 3996 2470 3996 2524 3996 2518 3997 2524 3997 2519 3997 2519 3998 2524 3998 2525 3998 2519 3999 2525 3999 2520 3999 2520 4000 2525 4000 2526 4000 2520 4001 2526 4001 2521 4001 2521 4002 2526 4002 2527 4002 2521 4003 2527 4003 2522 4003 2522 4004 2527 4004 2489 4004 2522 4005 2489 4005 2523 4005 2523 4006 2489 4006 2491 4006 2523 4007 2491 4007 2495 4007 2423 4008 2500 4008 2470 4008 2470 4009 2500 4009 2498 4009 2470 4010 2498 4010 2524 4010 2524 4011 2498 4011 2502 4011 2524 4012 2502 4012 2525 4012 2525 4013 2502 4013 2504 4013 2525 4014 2504 4014 2526 4014 2526 4015 2504 4015 2506 4015 2526 4016 2506 4016 2527 4016 2527 4017 2506 4017 2492 4017 2527 4018 2492 4018 2489 4018 2425 4019 2471 4019 2501 4019 2501 4020 2471 4020 2528 4020 2501 4021 2528 4021 2499 4021 2499 4022 2528 4022 2529 4022 2499 4023 2529 4023 2497 4023 2497 4024 2529 4024 2530 4024 2497 4025 2530 4025 2503 4025 2503 4026 2530 4026 2531 4026 2503 4027 2531 4027 2505 4027 2505 4028 2531 4028 2532 4028 2505 4029 2532 4029 2507 4029 2507 4030 2532 4030 2493 4030 2507 4031 2493 4031 2496 4031 2427 4032 2466 4032 2471 4032 2471 4033 2466 4033 2482 4033 2471 4034 2482 4034 2528 4034 2528 4035 2482 4035 2481 4035 2528 4036 2481 4036 2529 4036 2529 4037 2481 4037 2480 4037 2529 4038 2480 4038 2530 4038 2530 4039 2480 4039 2478 4039 2530 4040 2478 4040 2531 4040 2531 4041 2478 4041 2477 4041 2531 4042 2477 4042 2532 4042 2532 4043 2477 4043 2475 4043 2532 4044 2475 4044 2493 4044 2533 4045 2534 4045 2535 4045 2534 4046 2536 4046 2535 4046 2533 4047 2537 4047 2534 4047 2537 4048 2538 4048 2539 4048 2538 4049 2540 4049 2541 4049 2540 4050 2542 4050 2543 4050 2544 4051 2545 4051 2546 4051 2545 4052 2547 4052 2548 4052 2549 4053 142 4053 2550 4053 143 4054 142 4054 2549 4054 2551 4055 143 4055 2549 4055 144 4056 143 4056 2551 4056 2552 4057 144 4057 2551 4057 275 4058 144 4058 2552 4058 2553 4059 2554 4059 2555 4059 2556 4060 2554 4060 2553 4060 2557 4061 2558 4061 2559 4061 2558 4062 2557 4062 2536 4062 2560 4063 2558 4063 2536 4063 2534 4064 2560 4064 2536 4064 2561 4065 2562 4065 2563 4065 2556 4066 2564 4066 2554 4066 2565 4067 2566 4067 2567 4067 2568 4068 2569 4068 2562 4068 2564 4069 2568 4069 2562 4069 2570 4070 2568 4070 2564 4070 2566 4071 2570 4071 2564 4071 2571 4072 2570 4072 2566 4072 2572 4073 2571 4073 2566 4073 2573 4074 2571 4074 2572 4074 2574 4075 2573 4075 2572 4075 2575 4076 2576 4076 2577 4076 2578 4077 2575 4077 2577 4077 232 4078 2555 4078 2561 4078 232 4079 2561 4079 2563 4079 232 4080 2563 4080 2562 4080 232 4081 2562 4081 2569 4081 232 4082 2569 4082 2579 4082 232 4083 2579 4083 2580 4083 232 4084 2580 4084 2581 4084 232 4085 2581 4085 2582 4085 232 4086 2582 4086 2583 4086 232 4087 2583 4087 2584 4087 232 4088 2584 4088 145 4088 2585 4089 2557 4089 2559 4089 2585 4090 2559 4090 2565 4090 2585 4091 2565 4091 2567 4091 2585 4092 2567 4092 2553 4092 2586 4093 2587 4093 2588 4093 2588 4094 2587 4094 2589 4094 2588 4095 2589 4095 2590 4095 2590 4096 2589 4096 2542 4096 2590 4097 2542 4097 2544 4097 2587 4098 2586 4098 2591 4098 2591 4099 2586 4099 2592 4099 2591 4100 2592 4100 2575 4100 2575 4101 2592 4101 2593 4101 2575 4102 2593 4102 2576 4102 2576 4103 2593 4103 2581 4103 2576 4104 2581 4104 2580 4104 142 4105 147 4105 2550 4105 2550 4106 147 4106 146 4106 2550 4107 146 4107 2594 4107 2594 4108 146 4108 145 4108 2594 4109 145 4109 2584 4109 2547 4110 2595 4110 2552 4110 2552 4111 2595 4111 138 4111 2552 4112 138 4112 275 4112 2555 4113 2554 4113 2561 4113 2561 4114 2554 4114 2564 4114 2561 4115 2564 4115 2562 4115 2553 4116 2567 4116 2556 4116 2556 4117 2567 4117 2566 4117 2556 4118 2566 4118 2564 4118 2537 4119 2539 4119 2534 4119 2534 4120 2539 4120 2596 4120 2534 4121 2596 4121 2560 4121 2560 4122 2596 4122 2574 4122 2560 4123 2574 4123 2558 4123 2558 4124 2574 4124 2572 4124 2558 4125 2572 4125 2559 4125 2559 4126 2572 4126 2566 4126 2559 4127 2566 4127 2565 4127 2538 4128 2541 4128 2539 4128 2539 4129 2541 4129 2597 4129 2539 4130 2597 4130 2596 4130 2596 4131 2597 4131 2573 4131 2596 4132 2573 4132 2574 4132 2540 4133 2543 4133 2541 4133 2541 4134 2543 4134 2598 4134 2541 4135 2598 4135 2597 4135 2597 4136 2598 4136 2599 4136 2597 4137 2599 4137 2573 4137 2573 4138 2599 4138 2578 4138 2573 4139 2578 4139 2571 4139 2571 4140 2578 4140 2577 4140 2571 4141 2577 4141 2570 4141 2570 4142 2577 4142 2600 4142 2570 4143 2600 4143 2568 4143 2568 4144 2600 4144 2579 4144 2568 4145 2579 4145 2569 4145 2577 4146 2576 4146 2600 4146 2600 4147 2576 4147 2580 4147 2600 4148 2580 4148 2579 4148 2542 4149 2589 4149 2543 4149 2543 4150 2589 4150 2587 4150 2543 4151 2587 4151 2598 4151 2598 4152 2587 4152 2591 4152 2598 4153 2591 4153 2599 4153 2599 4154 2591 4154 2575 4154 2599 4155 2575 4155 2578 4155 2544 4156 2546 4156 2590 4156 2590 4157 2546 4157 2601 4157 2590 4158 2601 4158 2588 4158 2588 4159 2601 4159 2602 4159 2588 4160 2602 4160 2586 4160 2586 4161 2602 4161 2603 4161 2586 4162 2603 4162 2592 4162 2592 4163 2603 4163 2604 4163 2592 4164 2604 4164 2593 4164 2593 4165 2604 4165 2582 4165 2593 4166 2582 4166 2581 4166 2545 4167 2548 4167 2546 4167 2546 4168 2548 4168 2605 4168 2546 4169 2605 4169 2601 4169 2601 4170 2605 4170 2606 4170 2601 4171 2606 4171 2602 4171 2602 4172 2606 4172 2607 4172 2602 4173 2607 4173 2603 4173 2603 4174 2607 4174 2608 4174 2603 4175 2608 4175 2604 4175 2604 4176 2608 4176 2583 4176 2604 4177 2583 4177 2582 4177 2547 4178 2552 4178 2548 4178 2548 4179 2552 4179 2551 4179 2548 4180 2551 4180 2605 4180 2605 4181 2551 4181 2549 4181 2605 4182 2549 4182 2606 4182 2606 4183 2549 4183 2550 4183 2606 4184 2550 4184 2607 4184 2607 4185 2550 4185 2594 4185 2607 4186 2594 4186 2608 4186 2608 4187 2594 4187 2584 4187 2608 4188 2584 4188 2583 4188 139 4189 2609 4189 234 4189 2609 4190 2610 4190 234 4190 2611 4191 2533 4191 2612 4191 2533 4192 2535 4192 2612 4192 2609 4193 2613 4193 2610 4193 2595 4194 2547 4194 2609 4194 139 4195 2595 4195 2609 4195 2614 4196 2615 4196 2616 4196 2609 4197 2547 4197 2613 4197 2545 4198 2544 4198 2615 4198 2614 4199 2545 4199 2615 4199 2617 4200 2618 4200 2619 4200 2544 4201 2542 4201 2617 4201 2619 4202 2618 4202 2620 4202 2621 4203 2622 4203 2620 4203 2623 4204 2621 4204 2620 4204 2540 4205 2538 4205 2621 4205 2623 4206 2540 4206 2621 4206 2538 4207 2537 4207 2622 4207 2622 4208 2621 4208 2538 4208 2611 4209 2622 4209 2537 4209 2533 4210 2611 4210 2537 4210 2595 4211 139 4211 138 4211 2618 4212 2617 4212 2542 4212 2545 4213 2614 4213 2547 4213 2547 4214 2614 4214 2613 4214 2614 4215 2616 4215 2613 4215 2613 4216 2616 4216 2610 4216 2544 4217 2617 4217 2615 4217 2615 4218 2617 4218 2619 4218 2615 4219 2619 4219 2616 4219 2620 4220 2618 4220 2623 4220 2623 4221 2618 4221 2542 4221 2623 4222 2542 4222 2540 4222 2624 4223 2625 4223 2626 4223 2626 4224 2625 4224 2627 4224 2626 4225 2627 4225 2628 4225 2628 4226 2627 4226 2629 4226 2628 4227 2629 4227 2630 4227 2625 4228 2624 4228 2631 4228 2631 4229 2624 4229 2632 4229 2631 4230 2632 4230 2633 4230 2633 4231 2632 4231 2634 4231 2633 4232 2634 4232 2635 4232 2635 4233 2634 4233 2636 4233 2635 4234 2636 4234 2637 4234 2637 4235 2636 4235 213 4235 2637 4236 213 4236 215 4236 2638 4237 2622 4237 2639 4237 2639 4238 2622 4238 2611 4238 2639 4239 2611 4239 2640 4239 2640 4240 2611 4240 2612 4240 2640 4241 2612 4241 2641 4241 2622 4242 2638 4242 2620 4242 2620 4243 2638 4243 2642 4243 2620 4244 2642 4244 2619 4244 2619 4245 2642 4245 2643 4245 2619 4246 2643 4246 2616 4246 2616 4247 2643 4247 2644 4247 2616 4248 2644 4248 2610 4248 2610 4249 2644 4249 127 4249 2610 4250 127 4250 234 4250 2645 4251 2639 4251 2646 4251 2646 4252 2639 4252 2640 4252 2646 4253 2640 4253 2647 4253 2647 4254 2640 4254 2641 4254 2647 4255 2641 4255 2648 4255 2639 4256 2645 4256 2638 4256 2638 4257 2645 4257 2649 4257 2638 4258 2649 4258 2642 4258 2642 4259 2649 4259 2650 4259 2642 4260 2650 4260 2643 4260 2643 4261 2650 4261 2651 4261 2643 4262 2651 4262 2644 4262 2644 4263 2651 4263 135 4263 2644 4264 135 4264 127 4264 2652 4265 2646 4265 2653 4265 2653 4266 2646 4266 2647 4266 2653 4267 2647 4267 2654 4267 2654 4268 2647 4268 2648 4268 2654 4269 2648 4269 2655 4269 2646 4270 2652 4270 2645 4270 2645 4271 2652 4271 2656 4271 2645 4272 2656 4272 2649 4272 2649 4273 2656 4273 2657 4273 2649 4274 2657 4274 2650 4274 2650 4275 2657 4275 2658 4275 2650 4276 2658 4276 2651 4276 2651 4277 2658 4277 136 4277 2651 4278 136 4278 135 4278 2631 4279 2653 4279 2625 4279 2625 4280 2653 4280 2654 4280 2625 4281 2654 4281 2627 4281 2627 4282 2654 4282 2655 4282 2627 4283 2655 4283 2629 4283 2653 4284 2631 4284 2652 4284 2652 4285 2631 4285 2633 4285 2652 4286 2633 4286 2656 4286 2656 4287 2633 4287 2635 4287 2656 4288 2635 4288 2657 4288 2657 4289 2635 4289 2637 4289 2657 4290 2637 4290 2658 4290 2658 4291 2637 4291 215 4291 2658 4292 215 4292 136 4292 2133 4293 1409 4293 2109 4293 2109 4294 1409 4294 1407 4294 2109 4295 1407 4295 2107 4295 2107 4296 1407 4296 1405 4296 2107 4297 1405 4297 249 4297 1409 4298 2133 4298 1411 4298 1411 4299 2133 4299 2113 4299 1411 4300 2113 4300 1306 4300 1306 4301 2113 4301 2097 4301 1306 4302 2097 4302 1354 4302 1354 4303 2097 4303 2079 4303 1354 4304 2079 4304 1355 4304 2291 4305 1501 4305 1499 4305 1501 4306 2291 4306 2294 4306 2294 4307 1339 4307 1501 4307 1339 4308 2294 4308 2296 4308 2296 4309 1340 4309 1339 4309 1340 4310 2296 4310 2281 4310 2281 4311 1341 4311 1340 4311 2244 4312 2659 4312 1342 4312 2244 4313 1342 4313 1341 4313 2244 4314 1341 4314 2281 4314 2291 4315 1499 4315 2289 4315 2289 4316 1499 4316 1497 4316 2289 4317 1497 4317 239 4317 1343 4318 1342 4318 2660 4318 2660 4319 1342 4319 2659 4319 2476 4320 1456 4320 2474 4320 2474 4321 1456 4321 1454 4321 2474 4322 1454 4322 122 4322 1456 4323 2476 4323 1458 4323 1458 4324 2476 4324 2479 4324 1458 4325 2479 4325 1460 4325 1460 4326 2479 4326 2494 4326 1460 4327 2494 4327 1462 4327 2661 4328 2662 4328 2663 4328 2165 4329 2663 4329 2662 4329 2664 4330 2665 4330 2666 4330 2667 4331 2668 4331 2669 4331 2667 4332 2669 4332 2670 4332 2667 4333 2670 4333 2671 4333 2667 4334 2671 4334 2672 4334 2667 4335 2672 4335 2673 4335 2667 4336 2673 4336 2674 4336 2667 4337 2674 4337 2675 4337 2667 4338 2675 4338 2676 4338 2667 4339 2676 4339 2677 4339 2678 4340 2244 4340 2243 4340 2678 4341 2243 4341 2276 4341 2678 4342 2276 4342 2269 4342 2678 4343 2269 4343 2262 4343 2678 4344 2262 4344 2255 4344 2678 4345 2255 4345 2165 4345 2678 4346 2165 4346 2662 4346 2244 4347 2678 4347 2679 4347 2244 4348 2679 4348 2680 4348 2244 4349 2680 4349 2681 4349 2244 4350 2681 4350 2682 4350 2244 4351 2682 4351 2683 4351 2244 4352 2683 4352 2659 4352 2684 4353 2685 4353 2686 4353 2686 4354 2685 4354 2687 4354 2686 4355 2687 4355 2673 4355 2673 4356 2687 4356 2674 4356 2665 4357 2664 4357 2688 4357 2688 4358 2664 4358 2689 4358 2688 4359 2689 4359 2690 4359 2690 4360 2689 4360 2662 4360 2690 4361 2662 4361 2661 4361 2666 4362 2665 4362 2691 4362 2691 4363 2665 4363 2692 4363 2691 4364 2692 4364 2693 4364 2693 4365 2692 4365 2677 4365 2693 4366 2677 4366 2676 4366 2659 4367 2683 4367 2660 4367 2660 4368 2683 4368 2694 4368 2660 4369 2694 4369 2685 4369 2685 4370 2694 4370 2695 4370 2685 4371 2695 4371 2687 4371 2696 4372 2697 4372 2698 4372 2696 4373 2699 4373 2697 4373 2700 4374 2701 4374 2702 4374 2700 4375 2702 4375 2703 4375 2700 4376 2703 4376 2704 4376 2700 4377 2704 4377 2705 4377 2700 4378 2705 4378 2706 4378 2700 4379 2706 4379 2707 4379 2700 4380 2707 4380 2708 4380 2709 4381 2697 4381 2699 4381 2709 4382 2699 4382 2429 4382 2709 4383 2429 4383 2428 4383 2709 4384 2428 4384 2461 4384 2709 4385 2461 4385 2454 4385 2709 4386 2454 4386 2447 4386 2709 4387 2447 4387 2440 4387 2709 4388 2440 4388 2350 4388 2350 4389 2710 4389 2711 4389 2350 4390 2711 4390 2712 4390 2350 4391 2712 4391 2713 4391 2350 4392 2713 4392 2714 4392 2350 4393 2714 4393 2715 4393 2350 4394 2715 4394 2709 4394 2716 4395 2717 4395 2718 4395 2716 4396 2718 4396 2719 4396 2716 4397 2719 4397 2720 4397 2701 4398 2700 4398 2721 4398 2721 4399 2700 4399 2717 4399 2721 4400 2717 4400 2722 4400 2722 4401 2717 4401 2716 4401 2720 4402 2719 4402 2710 4402 2710 4403 2719 4403 2711 4403 2698 4404 2697 4404 2723 4404 2723 4405 2697 4405 2724 4405 2723 4406 2724 4406 2725 4406 2725 4407 2724 4407 2726 4407 2725 4408 2726 4408 2727 4408 2725 4409 2727 4409 2728 4409 2728 4410 2727 4410 2729 4410 2728 4411 2729 4411 2730 4411 2730 4412 2729 4412 2731 4412 2730 4413 2731 4413 2732 4413 2732 4414 2708 4414 2730 4414 2730 4415 2708 4415 2707 4415 1471 4416 2733 4416 1469 4416 1469 4417 2733 4417 2734 4417 1469 4418 2734 4418 1467 4418 1467 4419 2734 4419 2735 4419 1467 4420 2735 4420 1465 4420 1465 4421 2735 4421 2736 4421 1465 4422 2736 4422 1345 4422 1345 4423 2736 4423 2737 4423 1345 4424 2737 4424 1346 4424 1346 4425 2737 4425 2738 4425 1346 4426 2738 4426 1347 4426 1347 4427 2738 4427 2739 4427 1347 4428 2739 4428 1321 4428 1321 4429 2739 4429 2740 4429 1321 4430 2740 4430 1316 4430 1316 4431 2740 4431 2741 4431 1488 4432 2742 4432 1490 4432 1490 4433 2742 4433 2743 4433 1490 4434 2743 4434 1492 4434 1492 4435 2743 4435 2744 4435 1492 4436 2744 4436 1494 4436 1494 4437 2744 4437 2745 4437 1494 4438 2745 4438 1336 4438 1336 4439 2745 4439 2746 4439 1336 4440 2746 4440 1337 4440 1337 4441 2746 4441 2747 4441 2660 4442 2685 4442 1343 4442 1343 4443 2685 4443 2748 4443 1343 4444 2748 4444 1334 4444 1334 4445 2748 4445 2749 4445 1334 4446 2749 4446 1335 4446 1335 4447 2749 4447 2750 4447 1335 4448 2750 4448 1495 4448 1495 4449 2750 4449 2751 4449 1495 4450 2751 4450 1493 4450 1493 4451 2751 4451 2752 4451 1493 4452 2752 4452 1491 4452 1491 4453 2752 4453 2753 4453 1491 4454 2753 4454 1489 4454 1489 4455 2753 4455 2754 4455 1489 4456 2754 4456 1487 4456 1487 4457 2754 4457 2755 4457 1487 4458 2755 4458 1485 4458 1485 4459 2755 4459 2756 4459 1485 4460 2756 4460 1483 4460 1483 4461 2756 4461 2757 4461 1483 4462 2757 4462 1481 4462 1481 4463 2757 4463 2758 4463 2692 4464 2759 4464 2677 4464 2677 4465 2759 4465 2760 4465 2677 4466 2760 4466 2667 4466 2667 4467 2760 4467 2761 4467 2667 4468 2761 4468 2668 4468 2668 4469 2761 4469 2762 4469 2668 4470 2762 4470 2669 4470 2669 4471 2762 4471 2763 4471 2669 4472 2763 4472 2670 4472 2670 4473 2763 4473 2764 4473 2670 4474 2764 4474 2671 4474 2671 4475 2764 4475 2765 4475 2671 4476 2765 4476 2672 4476 2672 4477 2765 4477 2766 4477 2672 4478 2766 4478 2673 4478 2673 4479 2766 4479 2767 4479 2673 4480 2767 4480 2686 4480 2686 4481 2767 4481 2768 4481 2686 4482 2768 4482 2684 4482 2684 4483 2768 4483 2769 4483 2684 4484 2769 4484 2685 4484 2685 4485 2769 4485 2748 4485 2678 4486 2770 4486 2679 4486 2679 4487 2770 4487 2771 4487 2679 4488 2771 4488 2680 4488 2680 4489 2771 4489 2772 4489 2680 4490 2772 4490 2681 4490 2681 4491 2772 4491 2773 4491 2681 4492 2773 4492 2682 4492 2770 4493 2678 4493 2774 4493 2774 4494 2678 4494 2662 4494 2774 4495 2662 4495 2775 4495 2775 4496 2662 4496 2689 4496 2775 4497 2689 4497 2776 4497 2776 4498 2689 4498 2664 4498 2776 4499 2664 4499 2777 4499 2777 4500 2664 4500 2666 4500 2777 4501 2666 4501 2778 4501 2778 4502 2666 4502 2691 4502 2778 4503 2691 4503 2779 4503 2674 4504 2780 4504 2675 4504 2675 4505 2780 4505 2781 4505 2675 4506 2781 4506 2676 4506 2676 4507 2781 4507 2782 4507 2676 4508 2782 4508 2693 4508 2693 4509 2782 4509 2779 4509 2693 4510 2779 4510 2691 4510 2780 4511 2674 4511 2783 4511 2783 4512 2674 4512 2687 4512 2783 4513 2687 4513 2784 4513 2784 4514 2687 4514 2695 4514 2784 4515 2695 4515 2785 4515 2785 4516 2695 4516 2694 4516 2785 4517 2694 4517 2786 4517 2786 4518 2694 4518 2683 4518 2786 4519 2683 4519 2787 4519 2787 4520 2683 4520 2682 4520 2787 4521 2682 4521 2773 4521 2696 4522 2698 4522 1315 4522 1315 4523 2698 4523 2788 4523 1315 4524 2788 4524 1312 4524 1312 4525 2788 4525 2789 4525 1312 4526 2789 4526 1309 4526 1309 4527 2789 4527 2790 4527 1309 4528 2790 4528 1310 4528 1310 4529 2790 4529 2791 4529 1310 4530 2791 4530 1514 4530 1514 4531 2791 4531 2792 4531 1514 4532 2792 4532 1463 4532 1463 4533 2792 4533 2793 4533 1463 4534 2793 4534 1464 4534 1464 4535 2793 4535 2794 4535 1464 4536 2794 4536 1466 4536 1466 4537 2794 4537 2795 4537 1466 4538 2795 4538 1468 4538 1468 4539 2795 4539 2796 4539 1468 4540 2796 4540 1470 4540 1470 4541 2796 4541 2797 4541 1480 4542 2798 4542 1482 4542 1482 4543 2798 4543 2799 4543 1482 4544 2799 4544 1484 4544 1484 4545 2799 4545 2800 4545 1484 4546 2800 4546 1486 4546 1486 4547 2800 4547 2801 4547 1486 4548 2801 4548 1488 4548 1488 4549 2801 4549 2742 4549 2697 4550 2802 4550 2724 4550 2724 4551 2802 4551 2803 4551 2724 4552 2803 4552 2726 4552 2726 4553 2803 4553 2804 4553 2726 4554 2804 4554 2727 4554 2727 4555 2804 4555 2805 4555 2727 4556 2805 4556 2729 4556 2802 4557 2697 4557 2806 4557 2806 4558 2697 4558 2709 4558 2806 4559 2709 4559 2807 4559 2807 4560 2709 4560 2715 4560 2807 4561 2715 4561 2808 4561 2808 4562 2715 4562 2714 4562 2808 4563 2714 4563 2809 4563 2809 4564 2714 4564 2713 4564 2809 4565 2713 4565 2810 4565 2810 4566 2713 4566 2712 4566 2810 4567 2712 4567 2811 4567 2717 4568 2812 4568 2718 4568 2718 4569 2812 4569 2813 4569 2718 4570 2813 4570 2719 4570 2719 4571 2813 4571 2814 4571 2719 4572 2814 4572 2711 4572 2711 4573 2814 4573 2811 4573 2711 4574 2811 4574 2712 4574 2812 4575 2717 4575 2815 4575 2815 4576 2717 4576 2700 4576 2815 4577 2700 4577 2816 4577 2816 4578 2700 4578 2708 4578 2816 4579 2708 4579 2817 4579 2817 4580 2708 4580 2732 4580 2817 4581 2732 4581 2818 4581 2818 4582 2732 4582 2731 4582 2818 4583 2731 4583 2819 4583 2819 4584 2731 4584 2729 4584 2819 4585 2729 4585 2805 4585 2820 4586 2821 4586 2822 4586 2822 4587 2821 4587 2823 4587 2822 4588 2823 4588 2824 4588 2824 4589 2823 4589 2825 4589 2630 4590 2826 4590 2827 4590 2630 4591 2629 4591 2826 4591 2828 4592 2829 4592 2830 4592 2820 4593 2641 4593 2612 4593 2831 4594 2832 4594 2833 4594 2831 4595 2833 4595 2834 4595 2831 4596 2834 4596 2835 4596 2831 4597 2835 4597 2836 4597 2831 4598 2836 4598 2837 4598 2831 4599 2837 4599 2838 4599 2831 4600 2838 4600 2839 4600 2629 4601 2655 4601 2840 4601 2629 4602 2840 4602 2841 4602 2629 4603 2841 4603 2842 4603 2629 4604 2842 4604 2843 4604 2629 4605 2843 4605 2826 4605 2655 4606 2648 4606 2844 4606 2655 4607 2844 4607 2845 4607 2655 4608 2845 4608 2846 4608 2655 4609 2846 4609 2847 4609 2655 4610 2847 4610 2840 4610 2824 4611 2829 4611 2828 4611 2824 4612 2828 4612 2848 4612 2824 4613 2848 4613 2849 4613 2824 4614 2849 4614 2850 4614 2824 4615 2850 4615 2851 4615 2824 4616 2851 4616 2852 4616 2824 4617 2852 4617 2853 4617 2824 4618 2853 4618 2854 4618 2824 4619 2854 4619 2855 4619 2824 4620 2855 4620 2856 4620 2824 4621 2856 4621 2857 4621 2824 4622 2857 4622 2858 4622 2824 4623 2858 4623 2859 4623 2824 4624 2859 4624 2860 4624 2824 4625 2860 4625 2822 4625 2861 4626 2862 4626 2863 4626 2863 4627 2862 4627 2864 4627 2863 4628 2864 4628 2865 4628 2820 4629 2822 4629 2641 4629 2641 4630 2822 4630 2860 4630 2641 4631 2860 4631 2648 4631 2648 4632 2860 4632 2866 4632 2648 4633 2866 4633 2844 4633 2827 4634 2867 4634 2630 4634 2630 4635 2867 4635 2862 4635 2630 4636 2862 4636 2868 4636 2868 4637 2862 4637 2861 4637 2868 4638 2861 4638 2869 4638 2862 4639 2867 4639 2851 4639 2851 4640 2867 4640 2870 4640 2851 4641 2870 4641 2852 4641 2831 4642 2839 4642 2871 4642 2871 4643 2839 4643 2872 4643 2871 4644 2872 4644 2873 4644 2873 4645 2872 4645 2874 4645 2873 4646 2874 4646 2875 4646 2863 4647 2865 4647 2876 4647 2876 4648 2865 4648 2877 4648 2876 4649 2877 4649 2878 4649 2878 4650 2877 4650 2879 4650 2878 4651 2879 4651 2880 4651 2880 4652 2879 4652 2881 4652 2880 4653 2881 4653 2882 4653 2882 4654 2881 4654 2883 4654 2882 4655 2883 4655 2884 4655 2884 4656 2883 4656 2885 4656 2884 4657 2885 4657 2873 4657 2873 4658 2885 4658 2871 4658 2830 4659 2829 4659 2886 4659 2886 4660 2829 4660 2833 4660 2886 4661 2833 4661 2832 4661 1420 4662 2887 4662 1418 4662 1418 4663 2887 4663 2888 4663 1418 4664 2888 4664 1416 4664 1416 4665 2888 4665 2889 4665 1416 4666 2889 4666 1414 4666 1414 4667 2889 4667 2890 4667 1414 4668 2890 4668 1304 4668 1304 4669 2890 4669 2891 4669 1304 4670 2891 4670 1301 4670 1301 4671 2891 4671 2892 4671 1301 4672 2892 4672 1302 4672 1302 4673 2892 4673 2893 4673 1302 4674 2893 4674 1363 4674 1363 4675 2893 4675 2894 4675 1363 4676 2894 4676 1300 4676 1300 4677 2894 4677 2895 4677 1300 4678 2895 4678 1299 4678 1299 4679 2895 4679 2896 4679 1322 4680 2897 4680 1323 4680 1323 4681 2897 4681 2898 4681 1323 4682 2898 4682 1442 4682 1442 4683 2898 4683 2899 4683 1442 4684 2899 4684 1440 4684 1440 4685 2899 4685 2900 4685 1440 4686 2900 4686 1438 4686 1438 4687 2900 4687 2901 4687 1438 4688 2901 4688 1436 4688 1436 4689 2901 4689 2902 4689 1436 4690 2902 4690 1434 4690 1434 4691 2902 4691 2903 4691 1434 4692 2903 4692 1432 4692 1432 4693 2903 4693 2904 4693 1432 4694 2904 4694 1430 4694 1430 4695 2904 4695 2905 4695 2825 4696 2906 4696 2824 4696 2824 4697 2906 4697 2829 4697 2829 4698 2906 4698 2833 4698 2833 4699 2906 4699 2907 4699 2833 4700 2907 4700 2834 4700 2834 4701 2907 4701 2908 4701 2834 4702 2908 4702 2835 4702 2835 4703 2908 4703 2909 4703 2835 4704 2909 4704 2836 4704 2836 4705 2909 4705 2910 4705 2836 4706 2910 4706 2837 4706 2837 4707 2910 4707 2911 4707 2837 4708 2911 4708 2838 4708 2838 4709 2911 4709 2912 4709 2838 4710 2912 4710 2839 4710 2839 4711 2912 4711 2913 4711 2839 4712 2913 4712 2872 4712 2872 4713 2913 4713 2914 4713 2872 4714 2914 4714 2874 4714 2874 4715 2914 4715 2915 4715 2874 4716 2915 4716 2875 4716 2875 4717 2915 4717 2916 4717 2875 4718 2916 4718 2873 4718 2873 4719 2916 4719 2917 4719 2884 4720 2873 4720 1333 4720 1333 4721 2873 4721 2917 4721 1333 4722 2917 4722 1322 4722 1322 4723 2917 4723 2897 4723 2918 4724 2919 4724 2920 4724 2919 4725 2921 4725 2920 4725 2922 4726 2923 4726 2924 4726 2925 4727 2926 4727 2927 4727 2928 4728 2925 4728 2927 4728 2929 4729 2930 4729 2931 4729 2930 4730 2932 4730 2933 4730 2931 4731 2930 4731 2933 4731 2934 4732 2935 4732 2936 4732 2934 4733 2936 4733 2929 4733 2934 4734 2929 4734 2931 4734 2937 4735 2927 4735 2926 4735 2937 4736 2926 4736 2918 4736 2937 4737 2918 4737 2920 4737 2938 4738 2924 4738 2923 4738 2938 4739 2923 4739 2925 4739 2938 4740 2925 4740 2928 4740 2933 4741 2932 4741 2939 4741 2939 4742 2932 4742 2940 4742 2939 4743 2940 4743 2941 4743 2936 4744 2935 4744 2942 4744 2942 4745 2935 4745 2921 4745 2942 4746 2921 4746 2919 4746 2924 4747 2943 4747 2922 4747 2922 4748 2943 4748 2944 4748 2922 4749 2944 4749 2945 4749 2946 4750 2947 4750 2948 4750 2947 4751 2949 4751 2948 4751 2950 4752 2951 4752 2952 4752 2953 4753 2954 4753 2955 4753 2956 4754 2953 4754 2955 4754 2957 4755 2958 4755 2959 4755 2958 4756 2960 4756 2961 4756 2959 4757 2958 4757 2961 4757 2962 4758 2955 4758 2954 4758 2962 4759 2954 4759 2946 4759 2962 4760 2946 4760 2948 4760 2963 4761 2952 4761 2951 4761 2963 4762 2951 4762 2953 4762 2963 4763 2953 4763 2956 4763 2964 4764 2965 4764 2966 4764 2964 4765 2966 4765 2957 4765 2964 4766 2957 4766 2959 4766 2966 4767 2965 4767 2967 4767 2967 4768 2965 4768 2949 4768 2967 4769 2949 4769 2947 4769 2961 4770 2960 4770 2968 4770 2968 4771 2960 4771 2945 4771 2968 4772 2945 4772 2944 4772 2952 4773 2969 4773 2950 4773 2950 4774 2969 4774 2941 4774 2950 4775 2941 4775 2940 4775 2831 4776 2970 4776 2832 4776 2832 4777 2970 4777 2971 4777 2832 4778 2971 4778 2886 4778 2886 4779 2971 4779 2972 4779 2886 4780 2972 4780 2830 4780 2830 4781 2972 4781 2973 4781 2830 4782 2973 4782 2828 4782 2970 4783 2831 4783 2974 4783 2974 4784 2831 4784 2871 4784 2974 4785 2871 4785 2975 4785 2975 4786 2871 4786 2885 4786 2975 4787 2885 4787 2976 4787 2976 4788 2885 4788 2883 4788 2976 4789 2883 4789 2977 4789 2977 4790 2883 4790 2881 4790 2977 4791 2881 4791 2978 4791 2978 4792 2881 4792 2879 4792 2978 4793 2879 4793 2979 4793 2862 4794 2980 4794 2864 4794 2864 4795 2980 4795 2981 4795 2864 4796 2981 4796 2865 4796 2865 4797 2981 4797 2982 4797 2865 4798 2982 4798 2877 4798 2877 4799 2982 4799 2979 4799 2877 4800 2979 4800 2879 4800 2980 4801 2862 4801 2983 4801 2983 4802 2862 4802 2851 4802 2983 4803 2851 4803 2984 4803 2984 4804 2851 4804 2850 4804 2984 4805 2850 4805 2985 4805 2985 4806 2850 4806 2849 4806 2985 4807 2849 4807 2986 4807 2986 4808 2849 4808 2848 4808 2986 4809 2848 4809 2987 4809 2987 4810 2848 4810 2828 4810 2987 4811 2828 4811 2973 4811 2020 4812 2878 4812 2021 4812 2878 4813 2880 4813 2021 4813 2636 4814 2988 4814 213 4814 2988 4815 300 4815 213 4815 2989 4816 2990 4816 2628 4816 2989 4817 2628 4817 2630 4817 2020 4818 2013 4818 2991 4818 2878 4819 2020 4819 2991 4819 2626 4820 2992 4820 2624 4820 2624 4821 2993 4821 2632 4821 2994 4822 2019 4822 2008 4822 2632 4823 2995 4823 2634 4823 2996 4824 2995 4824 2632 4824 1998 4825 2000 4825 2997 4825 2998 4826 2988 4826 2636 4826 2634 4827 2998 4827 2636 4827 2999 4828 2998 4828 2634 4828 3000 4829 2999 4829 2634 4829 3001 4830 2000 4830 2002 4830 312 4831 311 4831 3002 4831 325 4832 3003 4832 3004 4832 324 4833 325 4833 3004 4833 323 4834 324 4834 3004 4834 3005 4835 323 4835 3004 4835 2863 4836 3006 4836 2861 4836 3007 4837 3006 4837 2863 4837 2990 4838 2989 4838 3008 4838 3009 4839 2990 4839 3008 4839 3009 4840 3010 4840 2990 4840 3009 4841 3011 4841 3010 4841 3011 4842 3009 4842 3012 4842 3012 4843 3013 4843 3011 4843 3014 4844 3013 4844 3012 4844 3015 4845 3013 4845 3014 4845 3016 4846 3015 4846 3014 4846 3016 4847 3017 4847 3015 4847 3017 4848 3016 4848 3018 4848 2015 4849 3019 4849 2018 4849 1999 4850 1998 4850 3020 4850 1999 4851 3020 4851 3021 4851 1999 4852 3021 4852 2015 4852 2868 4853 2869 4853 3008 4853 2868 4854 3008 4854 2989 4854 2868 4855 2989 4855 2630 4855 2628 4856 2990 4856 2626 4856 2626 4857 2990 4857 3010 4857 2626 4858 3010 4858 3022 4858 3022 4859 3010 4859 3011 4859 3022 4860 3011 4860 3023 4860 3023 4861 3011 4861 3013 4861 3023 4862 3013 4862 3024 4862 3024 4863 3013 4863 3015 4863 3024 4864 3015 4864 3025 4864 3025 4865 3015 4865 3017 4865 3025 4866 3017 4866 3026 4866 3026 4867 3017 4867 3027 4867 3026 4868 3027 4868 3028 4868 3017 4869 3018 4869 3027 4869 3027 4870 3018 4870 2013 4870 3027 4871 2013 4871 2011 4871 3027 4872 2011 4872 3028 4872 3028 4873 2011 4873 2010 4873 3028 4874 2010 4874 3029 4874 3029 4875 2010 4875 2019 4875 3029 4876 2019 4876 3030 4876 3030 4877 2019 4877 2994 4877 3030 4878 2994 4878 3031 4878 2632 4879 2993 4879 2996 4879 2996 4880 2993 4880 3032 4880 2996 4881 3032 4881 3033 4881 3033 4882 3032 4882 3034 4882 3033 4883 3034 4883 3035 4883 3035 4884 3034 4884 3036 4884 3035 4885 3036 4885 3037 4885 3037 4886 3036 4886 3038 4886 3037 4887 3038 4887 3039 4887 3039 4888 3038 4888 3031 4888 3039 4889 3031 4889 3040 4889 3040 4890 3031 4890 2994 4890 3040 4891 2994 4891 3019 4891 3019 4892 2994 4892 2008 4892 3019 4893 2008 4893 2018 4893 2998 4894 2999 4894 3041 4894 3041 4895 2999 4895 3042 4895 3041 4896 3042 4896 3043 4896 3043 4897 3042 4897 3044 4897 3043 4898 3044 4898 3045 4898 3045 4899 3044 4899 3046 4899 3045 4900 3046 4900 3047 4900 3047 4901 3046 4901 3048 4901 3047 4902 3048 4902 3049 4902 3049 4903 3048 4903 3050 4903 3049 4904 3050 4904 3051 4904 3051 4905 3050 4905 2997 4905 3051 4906 2997 4906 3052 4906 3052 4907 2997 4907 2000 4907 3052 4908 2000 4908 3001 4908 307 4909 304 4909 3053 4909 3053 4910 304 4910 301 4910 3053 4911 301 4911 3054 4911 3054 4912 301 4912 300 4912 3054 4913 300 4913 2988 4913 3002 4914 311 4914 3055 4914 3055 4915 311 4915 310 4915 3055 4916 310 4916 3056 4916 3056 4917 310 4917 307 4917 3056 4918 307 4918 3053 4918 312 4919 3002 4919 325 4919 325 4920 3002 4920 3003 4920 3002 4921 3047 4921 3003 4921 3003 4922 3047 4922 3049 4922 323 4923 3005 4923 322 4923 322 4924 3005 4924 3001 4924 322 4925 3001 4925 331 4925 331 4926 3001 4926 2002 4926 331 4927 2002 4927 330 4927 3006 4928 3057 4928 2861 4928 2861 4929 3057 4929 3008 4929 2861 4930 3008 4930 2869 4930 2863 4931 2876 4931 3007 4931 3007 4932 2876 4932 2878 4932 3007 4933 2878 4933 2991 4933 2013 4934 3018 4934 2991 4934 2991 4935 3018 4935 3016 4935 2991 4936 3016 4936 3007 4936 3007 4937 3016 4937 3014 4937 3007 4938 3014 4938 3006 4938 3006 4939 3014 4939 3012 4939 3006 4940 3012 4940 3057 4940 3057 4941 3012 4941 3009 4941 3057 4942 3009 4942 3008 4942 2626 4943 3022 4943 2992 4943 2992 4944 3022 4944 3023 4944 2992 4945 3023 4945 3058 4945 3058 4946 3023 4946 3024 4946 3058 4947 3024 4947 3059 4947 3059 4948 3024 4948 3025 4948 3059 4949 3025 4949 3060 4949 3060 4950 3025 4950 3026 4950 3060 4951 3026 4951 3061 4951 3061 4952 3026 4952 3028 4952 3061 4953 3028 4953 3029 4953 2624 4954 2992 4954 3062 4954 3062 4955 2992 4955 3058 4955 3062 4956 3058 4956 3063 4956 3063 4957 3058 4957 3059 4957 3063 4958 3059 4958 3064 4958 3064 4959 3059 4959 3060 4959 3064 4960 3060 4960 3065 4960 3065 4961 3060 4961 3061 4961 3065 4962 3061 4962 3066 4962 3066 4963 3061 4963 3029 4963 3066 4964 3029 4964 3030 4964 2624 4965 3062 4965 2993 4965 2993 4966 3062 4966 3063 4966 2993 4967 3063 4967 3032 4967 3032 4968 3063 4968 3064 4968 3032 4969 3064 4969 3034 4969 3034 4970 3064 4970 3065 4970 3034 4971 3065 4971 3036 4971 3036 4972 3065 4972 3066 4972 3036 4973 3066 4973 3038 4973 3038 4974 3066 4974 3030 4974 3038 4975 3030 4975 3031 4975 2015 4976 3021 4976 3019 4976 3019 4977 3021 4977 3067 4977 3019 4978 3067 4978 3040 4978 3040 4979 3067 4979 3068 4979 3040 4980 3068 4980 3039 4980 3039 4981 3068 4981 3069 4981 3039 4982 3069 4982 3037 4982 3037 4983 3069 4983 3070 4983 3037 4984 3070 4984 3035 4984 3035 4985 3070 4985 3071 4985 3035 4986 3071 4986 3033 4986 3033 4987 3071 4987 2995 4987 3033 4988 2995 4988 2996 4988 2634 4989 2995 4989 3000 4989 3000 4990 2995 4990 3071 4990 3000 4991 3071 4991 3072 4991 3072 4992 3071 4992 3070 4992 3072 4993 3070 4993 3073 4993 3073 4994 3070 4994 3069 4994 3073 4995 3069 4995 3074 4995 3074 4996 3069 4996 3068 4996 3074 4997 3068 4997 3075 4997 3075 4998 3068 4998 3067 4998 3075 4999 3067 4999 3076 4999 3076 5000 3067 5000 3021 5000 3076 5001 3021 5001 3020 5001 1998 5002 2997 5002 3020 5002 3020 5003 2997 5003 3050 5003 3020 5004 3050 5004 3076 5004 3076 5005 3050 5005 3048 5005 3076 5006 3048 5006 3075 5006 3075 5007 3048 5007 3046 5007 3075 5008 3046 5008 3074 5008 3074 5009 3046 5009 3044 5009 3074 5010 3044 5010 3073 5010 3073 5011 3044 5011 3042 5011 3073 5012 3042 5012 3072 5012 3072 5013 3042 5013 2999 5013 3072 5014 2999 5014 3000 5014 3002 5015 3055 5015 3047 5015 3047 5016 3055 5016 3056 5016 3047 5017 3056 5017 3045 5017 3045 5018 3056 5018 3053 5018 3045 5019 3053 5019 3043 5019 3043 5020 3053 5020 3054 5020 3043 5021 3054 5021 3041 5021 3041 5022 3054 5022 2988 5022 3041 5023 2988 5023 2998 5023 3001 5024 3005 5024 3052 5024 3052 5025 3005 5025 3004 5025 3052 5026 3004 5026 3051 5026 3051 5027 3004 5027 3003 5027 3051 5028 3003 5028 3049 5028 361 5029 365 5029 508 5029 508 5030 365 5030 364 5030 508 5031 364 5031 509 5031 509 5032 364 5032 366 5032 509 5033 366 5033 1544 5033 1544 5034 366 5034 3077 5034 1544 5035 3077 5035 1546 5035 1546 5036 3077 5036 3078 5036 1546 5037 3078 5037 3079 5037 3079 5038 3078 5038 3080 5038 3079 5039 3080 5039 3081 5039 3081 5040 3080 5040 3082 5040 3081 5041 3082 5041 3083 5041 3083 5042 3082 5042 3084 5042 3083 5043 3084 5043 3085 5043 508 5044 506 5044 361 5044 361 5045 506 5045 357 5045 506 5046 477 5046 357 5046 357 5047 477 5047 358 5047 3082 5048 3080 5048 3086 5048 3086 5049 3080 5049 3087 5049 3080 5050 3078 5050 3087 5050 3087 5051 3078 5051 1716 5051 2034 5052 3088 5052 3089 5052 3088 5053 3090 5053 3089 5053 3091 5054 3092 5054 3093 5054 3093 5055 3094 5055 3091 5055 1722 5056 1724 5056 3095 5056 3095 5057 3096 5057 1722 5057 1720 5058 1722 5058 3096 5058 3096 5059 3097 5059 1720 5059 3098 5060 3099 5060 2032 5060 3098 5061 2032 5061 2031 5061 3098 5062 2031 5062 2030 5062 3098 5063 2030 5063 2029 5063 3098 5064 2029 5064 3100 5064 3088 5065 2034 5065 3099 5065 3099 5066 2034 5066 2033 5066 3099 5067 2033 5067 2032 5067 3093 5068 3092 5068 3090 5068 3090 5069 3092 5069 3101 5069 3090 5070 3101 5070 3089 5070 3095 5071 1724 5071 3094 5071 3094 5072 1724 5072 1726 5072 3094 5073 1726 5073 3091 5073 3102 5074 1739 5074 3097 5074 3097 5075 1739 5075 1718 5075 3097 5076 1718 5076 1720 5076 649 5077 3103 5077 210 5077 3103 5078 2064 5078 210 5078 2054 5079 3104 5079 2056 5079 3105 5080 3106 5080 3107 5080 3108 5081 3105 5081 3107 5081 2054 5082 2052 5082 3109 5082 3110 5083 3111 5083 3112 5083 3113 5084 3110 5084 3112 5084 3111 5085 3114 5085 3115 5085 3116 5086 3111 5086 3115 5086 2052 5087 2058 5087 3117 5087 2058 5088 2060 5088 3118 5088 3119 5089 3120 5089 3121 5089 3122 5090 3123 5090 3124 5090 3125 5091 3122 5091 3124 5091 3123 5092 3126 5092 3127 5092 3124 5093 3123 5093 3127 5093 2064 5094 3103 5094 3128 5094 3128 5095 2062 5095 2064 5095 3126 5096 621 5096 3129 5096 3130 5097 3126 5097 3129 5097 3129 5098 621 5098 628 5098 622 5099 621 5099 3126 5099 3131 5100 622 5100 3126 5100 651 5101 622 5101 3131 5101 3132 5102 651 5102 3131 5102 3132 5103 650 5103 651 5103 3133 5104 3107 5104 3106 5104 3116 5105 3112 5105 3111 5105 3134 5106 3115 5106 3114 5106 3125 5107 3121 5107 3122 5107 3130 5108 3127 5108 3126 5108 3131 5109 3126 5109 3123 5109 3135 5110 3131 5110 3123 5110 3135 5111 3132 5111 3131 5111 3132 5112 3135 5112 3128 5112 3136 5113 3132 5113 3128 5113 3136 5114 3128 5114 3103 5114 2052 5115 3137 5115 3109 5115 3109 5116 3137 5116 3138 5116 3109 5117 3138 5117 3139 5117 3139 5118 3138 5118 3110 5118 3139 5119 3110 5119 3106 5119 3106 5120 3110 5120 3113 5120 3106 5121 3113 5121 3133 5121 3121 5122 3120 5122 3122 5122 3122 5123 3120 5123 3140 5123 3122 5124 3140 5124 3141 5124 3141 5125 3140 5125 3142 5125 3141 5126 3142 5126 3143 5126 3143 5127 3142 5127 2060 5127 3143 5128 2060 5128 2062 5128 3103 5129 649 5129 3136 5129 3136 5130 649 5130 650 5130 3136 5131 650 5131 3132 5131 2056 5132 3104 5132 3144 5132 3144 5133 3104 5133 3145 5133 3144 5134 3145 5134 3146 5134 3146 5135 3145 5135 3105 5135 3146 5136 3105 5136 3147 5136 3147 5137 3105 5137 3108 5137 3147 5138 3108 5138 3148 5138 2054 5139 3109 5139 3104 5139 3104 5140 3109 5140 3139 5140 3104 5141 3139 5141 3145 5141 3145 5142 3139 5142 3106 5142 3145 5143 3106 5143 3105 5143 2052 5144 3117 5144 3137 5144 3137 5145 3117 5145 3149 5145 3137 5146 3149 5146 3138 5146 3138 5147 3149 5147 3111 5147 3138 5148 3111 5148 3110 5148 2058 5149 3118 5149 3117 5149 3117 5150 3118 5150 3150 5150 3117 5151 3150 5151 3149 5151 3149 5152 3150 5152 3114 5152 3149 5153 3114 5153 3111 5153 2060 5154 3142 5154 3118 5154 3118 5155 3142 5155 3140 5155 3118 5156 3140 5156 3150 5156 3150 5157 3140 5157 3120 5157 3150 5158 3120 5158 3114 5158 3114 5159 3120 5159 3119 5159 3114 5160 3119 5160 3134 5160 2062 5161 3128 5161 3143 5161 3143 5162 3128 5162 3135 5162 3143 5163 3135 5163 3141 5163 3141 5164 3135 5164 3123 5164 3141 5165 3123 5165 3122 5165 3108 5166 3107 5166 3151 5166 3152 5167 3108 5167 3151 5167 3153 5168 3154 5168 1262 5168 1257 5169 3153 5169 1262 5169 3133 5170 3113 5170 3155 5170 3151 5171 3133 5171 3155 5171 1262 5172 3154 5172 1249 5172 3155 5173 3113 5173 3156 5173 3157 5174 3158 5174 3159 5174 3119 5175 3121 5175 3160 5175 3159 5176 3158 5176 3161 5176 3121 5177 3125 5177 3162 5177 3160 5178 3121 5178 3162 5178 3125 5179 3124 5179 3163 5179 3162 5180 3125 5180 3163 5180 3164 5181 3165 5181 3166 5181 3127 5182 3167 5182 3168 5182 3169 5183 3165 5183 3170 5183 3129 5184 619 5184 3167 5184 3167 5185 3130 5185 3129 5185 3167 5186 618 5186 3171 5186 3167 5187 619 5187 618 5187 619 5188 3129 5188 628 5188 3108 5189 3152 5189 3148 5189 3172 5190 3153 5190 1257 5190 3107 5191 3133 5191 3151 5191 3173 5192 3174 5192 3134 5192 3134 5193 3119 5193 3173 5193 3175 5194 3163 5194 3124 5194 3165 5195 3169 5195 3166 5195 3168 5196 3167 5196 3171 5196 3130 5197 3167 5197 3127 5197 1259 5198 3176 5198 3177 5198 1259 5199 3177 5199 3172 5199 1259 5200 3172 5200 1257 5200 645 5201 629 5201 3170 5201 645 5202 3170 5202 3165 5202 645 5203 3165 5203 646 5203 3154 5204 3178 5204 1249 5204 1249 5205 3178 5205 3179 5205 1249 5206 3179 5206 1250 5206 1250 5207 3179 5207 3180 5207 1250 5208 3180 5208 1263 5208 1263 5209 3180 5209 3181 5209 1263 5210 3181 5210 1264 5210 3113 5211 3112 5211 3156 5211 3156 5212 3112 5212 3116 5212 3156 5213 3116 5213 3182 5213 3182 5214 3116 5214 3115 5214 3182 5215 3115 5215 3183 5215 3183 5216 3115 5216 3134 5216 3183 5217 3134 5217 3174 5217 3119 5218 3160 5218 3173 5218 3173 5219 3160 5219 3157 5219 3173 5220 3157 5220 3181 5220 3181 5221 3157 5221 3159 5221 3181 5222 3159 5222 1264 5222 3158 5223 3184 5223 3161 5223 3161 5224 3184 5224 3185 5224 3161 5225 3185 5225 3186 5225 3186 5226 3185 5226 3164 5226 3186 5227 3164 5227 3166 5227 3127 5228 3168 5228 3124 5228 3124 5229 3168 5229 3175 5229 3168 5230 3164 5230 3175 5230 3175 5231 3164 5231 3185 5231 618 5232 648 5232 3171 5232 3171 5233 648 5233 647 5233 3171 5234 647 5234 3187 5234 3187 5235 647 5235 646 5235 3187 5236 646 5236 3165 5236 3178 5237 3183 5237 3179 5237 3179 5238 3183 5238 3174 5238 3179 5239 3174 5239 3180 5239 3180 5240 3174 5240 3173 5240 3180 5241 3173 5241 3181 5241 3183 5242 3178 5242 3182 5242 3182 5243 3178 5243 3154 5243 3182 5244 3154 5244 3156 5244 3156 5245 3154 5245 3153 5245 3156 5246 3153 5246 3155 5246 3155 5247 3153 5247 3172 5247 3155 5248 3172 5248 3151 5248 3151 5249 3172 5249 3177 5249 3151 5250 3177 5250 3152 5250 3184 5251 3175 5251 3185 5251 3175 5252 3184 5252 3163 5252 3163 5253 3184 5253 3158 5253 3163 5254 3158 5254 3162 5254 3162 5255 3158 5255 3157 5255 3162 5256 3157 5256 3160 5256 3165 5257 3164 5257 3187 5257 3187 5258 3164 5258 3168 5258 3187 5259 3168 5259 3171 5259 1253 5260 3159 5260 1254 5260 3159 5261 1270 5261 1254 5261 1279 5262 3188 5262 617 5262 3188 5263 615 5263 617 5263 3159 5264 1253 5264 1264 5264 1270 5265 3159 5265 3161 5265 3166 5266 1278 5266 3186 5266 3169 5267 3188 5267 1279 5267 1278 5268 3169 5268 1279 5268 3166 5269 3169 5269 1278 5269 1268 5270 1270 5270 3161 5270 1268 5271 3161 5271 3186 5271 1268 5272 3186 5272 1278 5272 3169 5273 3170 5273 3188 5273 3188 5274 3170 5274 629 5274 3188 5275 629 5275 615 5275 3189 5276 3190 5276 3191 5276 3191 5277 3190 5277 3192 5277 3191 5278 3192 5278 3193 5278 3193 5279 3192 5279 3194 5279 3193 5280 3194 5280 3195 5280 3195 5281 3194 5281 3196 5281 3195 5282 3196 5282 3197 5282 3197 5283 3196 5283 3198 5283 3197 5284 3198 5284 3199 5284 3199 5285 3198 5285 3200 5285 3199 5286 3200 5286 3201 5286 3201 5287 3200 5287 3202 5287 3201 5288 3202 5288 3203 5288 3203 5289 3202 5289 3204 5289 3203 5290 3204 5290 3205 5290 3205 5291 3204 5291 3206 5291 3205 5292 3206 5292 3207 5292 3207 5293 3206 5293 3208 5293 3207 5294 3208 5294 3209 5294 3209 5295 3208 5295 3210 5295 3209 5296 3210 5296 3211 5296 3211 5297 3210 5297 3212 5297 3211 5298 3212 5298 3213 5298 3213 5299 3212 5299 3214 5299 3213 5300 3214 5300 3215 5300 3215 5301 3214 5301 3216 5301 3215 5302 3216 5302 3217 5302 3217 5303 3216 5303 3218 5303 3217 5304 3218 5304 3219 5304 3219 5305 3218 5305 3220 5305 3219 5306 3220 5306 3221 5306 3221 5307 3220 5307 3222 5307 3221 5308 3222 5308 3223 5308 3223 5309 3222 5309 3224 5309 3223 5310 3224 5310 3225 5310 3225 5311 3224 5311 3226 5311 3225 5312 3226 5312 3227 5312 3227 5313 3226 5313 3228 5313 3227 5314 3228 5314 3229 5314 3229 5315 3228 5315 3230 5315 3229 5316 3230 5316 3231 5316 3231 5317 3230 5317 3232 5317 3231 5318 3232 5318 3233 5318 3233 5319 3232 5319 3234 5319 3233 5320 3234 5320 3235 5320 3235 5321 3234 5321 3236 5321 3235 5322 3236 5322 3237 5322 3237 5323 3236 5323 3238 5323 3237 5324 3238 5324 3239 5324 3239 5325 3238 5325 3240 5325 3239 5326 3240 5326 3241 5326 3241 5327 3240 5327 3242 5327 3241 5328 3242 5328 3243 5328 3243 5329 3242 5329 3244 5329 3243 5330 3244 5330 3245 5330 3245 5331 3244 5331 3246 5331 3245 5332 3246 5332 3247 5332 3247 5333 3246 5333 3248 5333 3247 5334 3248 5334 3249 5334 3249 5335 3248 5335 3250 5335 3249 5336 3250 5336 3251 5336 3251 5337 3250 5337 3252 5337 3251 5338 3252 5338 3253 5338 3253 5339 3252 5339 3254 5339 3253 5340 3254 5340 3255 5340 3255 5341 3254 5341 3256 5341 3255 5342 3256 5342 3257 5342 3257 5343 3256 5343 3258 5343 3257 5344 3258 5344 3259 5344 3259 5345 3258 5345 3260 5345 3259 5346 3260 5346 3261 5346 3261 5347 3260 5347 3262 5347 3261 5348 3262 5348 3263 5348 3263 5349 3262 5349 3264 5349 3263 5350 3264 5350 3265 5350 3265 5351 3264 5351 3266 5351 3265 5352 3266 5352 3267 5352 3267 5353 3266 5353 3268 5353 3267 5354 3268 5354 3269 5354 3269 5355 3268 5355 3270 5355 3269 5356 3270 5356 3271 5356 3271 5357 3270 5357 3272 5357 3271 5358 3272 5358 3273 5358 3273 5359 3272 5359 3274 5359 3273 5360 3274 5360 3275 5360 3275 5361 3274 5361 3276 5361 3275 5362 3276 5362 3277 5362 3277 5363 3276 5363 3278 5363 3277 5364 3278 5364 3279 5364 3279 5365 3278 5365 3280 5365 3279 5366 3280 5366 3281 5366 3281 5367 3280 5367 3282 5367 3281 5368 3282 5368 3283 5368 3283 5369 3282 5369 3284 5369 3283 5370 3284 5370 3285 5370 3285 5371 3284 5371 3286 5371 3285 5372 3286 5372 3287 5372 3287 5373 3286 5373 3288 5373 3287 5374 3288 5374 3289 5374 3289 5375 3288 5375 3290 5375 3289 5376 3290 5376 3291 5376 3291 5377 3290 5377 3292 5377 3291 5378 3292 5378 3293 5378 3293 5379 3292 5379 3294 5379 3293 5380 3294 5380 3295 5380 3295 5381 3294 5381 3296 5381 3295 5382 3296 5382 3297 5382 3297 5383 3296 5383 3298 5383 3297 5384 3298 5384 3299 5384 3299 5385 3298 5385 3300 5385 3299 5386 3300 5386 3301 5386 3301 5387 3300 5387 3302 5387 3301 5388 3302 5388 3303 5388 3303 5389 3302 5389 3304 5389 3303 5390 3304 5390 3305 5390 3305 5391 3304 5391 3306 5391 3305 5392 3306 5392 3307 5392 3307 5393 3306 5393 3308 5393 3307 5394 3308 5394 3309 5394 3309 5395 3308 5395 3310 5395 3309 5396 3310 5396 3311 5396 3311 5397 3310 5397 3312 5397 3311 5398 3312 5398 3313 5398 3313 5399 3312 5399 3314 5399 3313 5400 3314 5400 3315 5400 3315 5401 3314 5401 3316 5401 3315 5402 3316 5402 3317 5402 3317 5403 3316 5403 3318 5403 3317 5404 3318 5404 3319 5404 3319 5405 3318 5405 3320 5405 3319 5406 3320 5406 3321 5406 3321 5407 3320 5407 3322 5407 3321 5408 3322 5408 3323 5408 3323 5409 3322 5409 3324 5409 3323 5410 3324 5410 3325 5410 3325 5411 3324 5411 3326 5411 3325 5412 3326 5412 3327 5412 3327 5413 3326 5413 3328 5413 3327 5414 3328 5414 3329 5414 3329 5415 3328 5415 3330 5415 3329 5416 3330 5416 3331 5416 3331 5417 3330 5417 3332 5417 3331 5418 3332 5418 3189 5418 3189 5419 3332 5419 3190 5419 3333 5420 3334 5420 3335 5420 3336 5421 3337 5421 1269 5421 1267 5422 3336 5422 1269 5422 3334 5423 3338 5423 3336 5423 3335 5424 3334 5424 3336 5424 3337 5425 3339 5425 1252 5425 1269 5426 3337 5426 1252 5426 3338 5427 3340 5427 3337 5427 3336 5428 3338 5428 3337 5428 3340 5429 3341 5429 3339 5429 3337 5430 3340 5430 3339 5430 3342 5431 3343 5431 1251 5431 1265 5432 3342 5432 1251 5432 3343 5433 3344 5433 1248 5433 1251 5434 3343 5434 1248 5434 3345 5435 3346 5435 3343 5435 3342 5436 3345 5436 3343 5436 3344 5437 3347 5437 1260 5437 1248 5438 3344 5438 1260 5438 3343 5439 3346 5439 3344 5439 3347 5440 3348 5440 1261 5440 1260 5441 3347 5441 1261 5441 3349 5442 3350 5442 1256 5442 3351 5443 3350 5443 3349 5443 1256 5444 3350 5444 1258 5444 3350 5445 3351 5445 3352 5445 3353 5446 3354 5446 1516 5446 1516 5447 3354 5447 1517 5447 3354 5448 1271 5448 1517 5448 1517 5449 1271 5449 1276 5449 3354 5450 3355 5450 1271 5450 1271 5451 3355 5451 3356 5451 1271 5452 3356 5452 1272 5452 1272 5453 3356 5453 3335 5453 1272 5454 3335 5454 1274 5454 1274 5455 3335 5455 3336 5455 1274 5456 3336 5456 1267 5456 3335 5457 3356 5457 3333 5457 3333 5458 3356 5458 3355 5458 3333 5459 3355 5459 3357 5459 3357 5460 3355 5460 3354 5460 3357 5461 3354 5461 3353 5461 3341 5462 3358 5462 3339 5462 3339 5463 3358 5463 1265 5463 3339 5464 1265 5464 1252 5464 1265 5465 3358 5465 3342 5465 3342 5466 3358 5466 3341 5466 3342 5467 3341 5467 3345 5467 3346 5468 3359 5468 3344 5468 3344 5469 3359 5469 3360 5469 3344 5470 3360 5470 3347 5470 3347 5471 3360 5471 3361 5471 3347 5472 3361 5472 3348 5472 3348 5473 3361 5473 3351 5473 3348 5474 3351 5474 3349 5474 1256 5475 1255 5475 3349 5475 3349 5476 1255 5476 1261 5476 3349 5477 1261 5477 3348 5477 3362 5478 3363 5478 3340 5478 3338 5479 3362 5479 3340 5479 1390 5480 1388 5480 3363 5480 3362 5481 1390 5481 3363 5481 1388 5482 1386 5482 3364 5482 3365 5483 3366 5483 3345 5483 3341 5484 3365 5484 3345 5484 1386 5485 1384 5485 3365 5485 3364 5486 1386 5486 3365 5486 3345 5487 3366 5487 3346 5487 3365 5488 1384 5488 3366 5488 3367 5489 3368 5489 3360 5489 3359 5490 3367 5490 3360 5490 3361 5491 3368 5491 3351 5491 3368 5492 1352 5492 1351 5492 3367 5493 1352 5493 3368 5493 3351 5494 3369 5494 3352 5494 3362 5495 1392 5495 1390 5495 3364 5496 3365 5496 3341 5496 3370 5497 3367 5497 3359 5497 3361 5498 3360 5498 3368 5498 1353 5499 1352 5499 3367 5499 1353 5500 3367 5500 3370 5500 1353 5501 3370 5501 1326 5501 3351 5502 3368 5502 3369 5502 3369 5503 3368 5503 1351 5503 3369 5504 1351 5504 1350 5504 3338 5505 3334 5505 3371 5505 3371 5506 3334 5506 3333 5506 3371 5507 3333 5507 3372 5507 3372 5508 3333 5508 3357 5508 3372 5509 3357 5509 3373 5509 3373 5510 3357 5510 3353 5510 3373 5511 3353 5511 3374 5511 3374 5512 3353 5512 1516 5512 3374 5513 1516 5513 1515 5513 1374 5514 3371 5514 1375 5514 1375 5515 3371 5515 3372 5515 1375 5516 3372 5516 1377 5516 1377 5517 3372 5517 3373 5517 1377 5518 3373 5518 1379 5518 1379 5519 3373 5519 3374 5519 1379 5520 3374 5520 1381 5520 1381 5521 3374 5521 1515 5521 1381 5522 1515 5522 1372 5522 3338 5523 3371 5523 3362 5523 3362 5524 3371 5524 1374 5524 3362 5525 1374 5525 1392 5525 1388 5526 3364 5526 3363 5526 3363 5527 3364 5527 3341 5527 3363 5528 3341 5528 3340 5528 1326 5529 3370 5529 3375 5529 3375 5530 3370 5530 3359 5530 3375 5531 3359 5531 3346 5531 3346 5532 3366 5532 3375 5532 3375 5533 3366 5533 1384 5533 3375 5534 1384 5534 1326 5534 3376 5535 3377 5535 3378 5535 3379 5536 3380 5536 3381 5536 3379 5537 3381 5537 3382 5537 3379 5538 3382 5538 3383 5538 3379 5539 3383 5539 3384 5539 3379 5540 3384 5540 3385 5540 3379 5541 3385 5541 3386 5541 3379 5542 3386 5542 3387 5542 3379 5543 3387 5543 3388 5543 3379 5544 3388 5544 3376 5544 3379 5545 3376 5545 3378 5545 3379 5546 3378 5546 3389 5546 3379 5547 3389 5547 3390 5547 3379 5548 3390 5548 3391 5548 3379 5549 3391 5549 3392 5549 3379 5550 3392 5550 3393 5550 3394 5551 3395 5551 3396 5551 3394 5552 3396 5552 3397 5552 3394 5553 3397 5553 3398 5553 3394 5554 3398 5554 3399 5554 3400 5555 3401 5555 2056 5555 3400 5556 2056 5556 3144 5556 3400 5557 3144 5557 3146 5557 3400 5558 3146 5558 3147 5558 3400 5559 3147 5559 3402 5559 3400 5560 3402 5560 3378 5560 3400 5561 3378 5561 3377 5561 2057 5562 2056 5562 3401 5562 2057 5563 3401 5563 3403 5563 2057 5564 3403 5564 3404 5564 2057 5565 3404 5565 3405 5565 2057 5566 3405 5566 3406 5566 2057 5567 3406 5567 2068 5567 2068 5568 3406 5568 3407 5568 2068 5569 3407 5569 3408 5569 2068 5570 3408 5570 3409 5570 2068 5571 3409 5571 3410 5571 2068 5572 3410 5572 2075 5572 3411 5573 2043 5573 3380 5573 3380 5574 2043 5574 2042 5574 3380 5575 2042 5575 3381 5575 3381 5576 2042 5576 2075 5576 3381 5577 2075 5577 3410 5577 3412 5578 3413 5578 3414 5578 3414 5579 3413 5579 3415 5579 3414 5580 3415 5580 3416 5580 3416 5581 3415 5581 3417 5581 3416 5582 3417 5582 3394 5582 3394 5583 3417 5583 3395 5583 3416 5584 3394 5584 3418 5584 3418 5585 3394 5585 3419 5585 3418 5586 3419 5586 3420 5586 3420 5587 3419 5587 3421 5587 3421 5588 3419 5588 3393 5588 3421 5589 3393 5589 3392 5589 3412 5590 3414 5590 3422 5590 3422 5591 3414 5591 3423 5591 3422 5592 3423 5592 3424 5592 3424 5593 3423 5593 3425 5593 3424 5594 3425 5594 3176 5594 3176 5595 3425 5595 3426 5595 3176 5596 3426 5596 3177 5596 3177 5597 3426 5597 3427 5597 3177 5598 3427 5598 3152 5598 3152 5599 3427 5599 3428 5599 3152 5600 3428 5600 3148 5600 3148 5601 3428 5601 3429 5601 3148 5602 3429 5602 3430 5602 3430 5603 3402 5603 3148 5603 3148 5604 3402 5604 3147 5604 1429 5605 3431 5605 1431 5605 1431 5606 3431 5606 3432 5606 1431 5607 3432 5607 1433 5607 1433 5608 3432 5608 3433 5608 1433 5609 3433 5609 1435 5609 1435 5610 3433 5610 3434 5610 1435 5611 3434 5611 1437 5611 1437 5612 3434 5612 3435 5612 1437 5613 3435 5613 1439 5613 1439 5614 3435 5614 3436 5614 1439 5615 3436 5615 1441 5615 1441 5616 3436 5616 3437 5616 1441 5617 3437 5617 1324 5617 1324 5618 3437 5618 3438 5618 1324 5619 3438 5619 1325 5619 1325 5620 3438 5620 3439 5620 3440 5621 3441 5621 3393 5621 3393 5622 3441 5622 3379 5622 3379 5623 3441 5623 3380 5623 3380 5624 3441 5624 3442 5624 3380 5625 3442 5625 3411 5625 3411 5626 3442 5626 3443 5626 3443 5627 3444 5627 1356 5627 3443 5628 1356 5628 1355 5628 3443 5629 1355 5629 2079 5629 3443 5630 2079 5630 2043 5630 3443 5631 2043 5631 3411 5631 1356 5632 3444 5632 1357 5632 1357 5633 3444 5633 3445 5633 1357 5634 3445 5634 1358 5634 1358 5635 3445 5635 3446 5635 1358 5636 3446 5636 1307 5636 1307 5637 3446 5637 3447 5637 1307 5638 3447 5638 1305 5638 1305 5639 3447 5639 3448 5639 1305 5640 3448 5640 1308 5640 1308 5641 3448 5641 3449 5641 1308 5642 3449 5642 1413 5642 1413 5643 3449 5643 3450 5643 1413 5644 3450 5644 1415 5644 1415 5645 3450 5645 3451 5645 1415 5646 3451 5646 1417 5646 1417 5647 3451 5647 3452 5647 1417 5648 3452 5648 1419 5648 1419 5649 3452 5649 3453 5649 3414 5650 3454 5650 3423 5650 3423 5651 3454 5651 3455 5651 3423 5652 3455 5652 3425 5652 3425 5653 3455 5653 3456 5653 3425 5654 3456 5654 3426 5654 3426 5655 3456 5655 3457 5655 3426 5656 3457 5656 3427 5656 3454 5657 3414 5657 3458 5657 3458 5658 3414 5658 3416 5658 3458 5659 3416 5659 3459 5659 3459 5660 3416 5660 3418 5660 3459 5661 3418 5661 3460 5661 3460 5662 3418 5662 3420 5662 3460 5663 3420 5663 3461 5663 3461 5664 3420 5664 3421 5664 3461 5665 3421 5665 3462 5665 3462 5666 3421 5666 3392 5666 3462 5667 3392 5667 3463 5667 3378 5668 3464 5668 3389 5668 3389 5669 3464 5669 3465 5669 3389 5670 3465 5670 3390 5670 3390 5671 3465 5671 3466 5671 3390 5672 3466 5672 3391 5672 3391 5673 3466 5673 3463 5673 3391 5674 3463 5674 3392 5674 3464 5675 3378 5675 3467 5675 3467 5676 3378 5676 3402 5676 3467 5677 3402 5677 3468 5677 3468 5678 3402 5678 3430 5678 3468 5679 3430 5679 3469 5679 3469 5680 3430 5680 3429 5680 3469 5681 3429 5681 3470 5681 3470 5682 3429 5682 3428 5682 3470 5683 3428 5683 3471 5683 3471 5684 3428 5684 3427 5684 3471 5685 3427 5685 3457 5685 3472 5686 3473 5686 3474 5686 3473 5687 3475 5687 3474 5687 3476 5688 3477 5688 3478 5688 3477 5689 3479 5689 3478 5689 3473 5690 3480 5690 3475 5690 3480 5691 3481 5691 3482 5691 3475 5692 3480 5692 3482 5692 3481 5693 3483 5693 3484 5693 3482 5694 3481 5694 3484 5694 3483 5695 3485 5695 3486 5695 3484 5696 3483 5696 3486 5696 3485 5697 3487 5697 3488 5697 3486 5698 3485 5698 3488 5698 3489 5699 3490 5699 3491 5699 3488 5700 3489 5700 3491 5700 3490 5701 3492 5701 3493 5701 3491 5702 3490 5702 3493 5702 3492 5703 3494 5703 3495 5703 3493 5704 3492 5704 3495 5704 3494 5705 3477 5705 3476 5705 3495 5706 3494 5706 3476 5706 3487 5707 3489 5707 3488 5707 3479 5708 3496 5708 3478 5708 3496 5709 3497 5709 3478 5709 3498 5710 3499 5710 3474 5710 3499 5711 3472 5711 3474 5711 3496 5712 3500 5712 3497 5712 3500 5713 3501 5713 3502 5713 3497 5714 3500 5714 3502 5714 3501 5715 3503 5715 3504 5715 3502 5716 3501 5716 3504 5716 3503 5717 3505 5717 3506 5717 3504 5718 3503 5718 3506 5718 3505 5719 3507 5719 3508 5719 3506 5720 3505 5720 3508 5720 3509 5721 3510 5721 3511 5721 3508 5722 3509 5722 3511 5722 3510 5723 3512 5723 3513 5723 3511 5724 3510 5724 3513 5724 3512 5725 3514 5725 3515 5725 3513 5726 3512 5726 3515 5726 3514 5727 3499 5727 3498 5727 3515 5728 3514 5728 3498 5728 3507 5729 3509 5729 3508 5729 1313 5730 1311 5730 2465 5730 2465 5731 1311 5731 1462 5731 2465 5732 1462 5732 2494 5732 2465 5733 2429 5733 1313 5733 1313 5734 2429 5734 2699 5734 1313 5735 2699 5735 1314 5735 1314 5736 2699 5736 2696 5736 1314 5737 2696 5737 1315 5737 2880 5738 2882 5738 1332 5738 2880 5739 1332 5739 1331 5739 2880 5740 1331 5740 3516 5740 2880 5741 3516 5741 3517 5741 2880 5742 3517 5742 3518 5742 2880 5743 3518 5743 2022 5743 2880 5744 2022 5744 2021 5744 1333 5745 1332 5745 2884 5745 2884 5746 1332 5746 2882 5746 3519 5747 3520 5747 3521 5747 3522 5748 3519 5748 3521 5748 1330 5749 1329 5749 3519 5749 1329 5750 1328 5750 3520 5750 3519 5751 1329 5751 3520 5751 3523 5752 3524 5752 3525 5752 3526 5753 3523 5753 3525 5753 3525 5754 3524 5754 3527 5754 1383 5755 1385 5755 3524 5755 3523 5756 1383 5756 3524 5756 1387 5757 1389 5757 3528 5757 3529 5758 3530 5758 3531 5758 1389 5759 1391 5759 3530 5759 3528 5760 1389 5760 3530 5760 3532 5761 3533 5761 3534 5761 3531 5762 3532 5762 3534 5762 3533 5763 3535 5763 3536 5763 3534 5764 3533 5764 3536 5764 1376 5765 1378 5765 3533 5765 3532 5766 1376 5766 3533 5766 3536 5767 3535 5767 3537 5767 3533 5768 1378 5768 3535 5768 3538 5769 3539 5769 3540 5769 3540 5770 2025 5770 2023 5770 3541 5771 3521 5771 3520 5771 3528 5772 3530 5772 3529 5772 1393 5773 1376 5773 3532 5773 3517 5774 3516 5774 3522 5774 3522 5775 3516 5775 3519 5775 3516 5776 1331 5776 3519 5776 3519 5777 1331 5777 1330 5777 1327 5778 3542 5778 1328 5778 1328 5779 3542 5779 3520 5779 3542 5780 3526 5780 3520 5780 3520 5781 3526 5781 3541 5781 3526 5782 3542 5782 3523 5782 3523 5783 3542 5783 1327 5783 3523 5784 1327 5784 1383 5784 1387 5785 3528 5785 3543 5785 3543 5786 3528 5786 3529 5786 3543 5787 3529 5787 3527 5787 3527 5788 3524 5788 3543 5788 3543 5789 3524 5789 1385 5789 3543 5790 1385 5790 1387 5790 3531 5791 3530 5791 3532 5791 3532 5792 3530 5792 1391 5792 3532 5793 1391 5793 1393 5793 1382 5794 3539 5794 1380 5794 1380 5795 3539 5795 3544 5795 3539 5796 3538 5796 3544 5796 3544 5797 3538 5797 3537 5797 3537 5798 3535 5798 3544 5798 3544 5799 3535 5799 1378 5799 3544 5800 1378 5800 1380 5800 3540 5801 3539 5801 2025 5801 2025 5802 3539 5802 1382 5802 2025 5803 1382 5803 1371 5803 3545 5804 3546 5804 3081 5804 3081 5805 3546 5805 1872 5805 3081 5806 1872 5806 3079 5806 3547 5807 3548 5807 3083 5807 3083 5808 3548 5808 3545 5808 3083 5809 3545 5809 3081 5809 3549 5810 3550 5810 1581 5810 1581 5811 3550 5811 1579 5811 1739 5812 3102 5812 1625 5812 1625 5813 3102 5813 3551 5813 1625 5814 3551 5814 1577 5814 1577 5815 3551 5815 1578 5815 1578 5816 3551 5816 3549 5816 1578 5817 3549 5817 1581 5817 1579 5818 3550 5818 1582 5818 1582 5819 3550 5819 3552 5819 1582 5820 3552 5820 1571 5820 1571 5821 3552 5821 3553 5821 1571 5822 3553 5822 1572 5822 1572 5823 3553 5823 1584 5823 1584 5824 3553 5824 3554 5824 1584 5825 3554 5825 1585 5825 1585 5826 3554 5826 1588 5826 1588 5827 3554 5827 3555 5827 1588 5828 3555 5828 1586 5828 1586 5829 3555 5829 2026 5829 2026 5830 3555 5830 3556 5830 2026 5831 3556 5831 2027 5831 2027 5832 3556 5832 2028 5832 2028 5833 3556 5833 3557 5833 2028 5834 3557 5834 2036 5834 2029 5835 2036 5835 3100 5835 3100 5836 2036 5836 3557 5836 1621 5837 3558 5837 1716 5837 3558 5838 3087 5838 1716 5838 3087 5839 3559 5839 3086 5839 3559 5840 3560 5840 3086 5840 3561 5841 3562 5841 3563 5841 3562 5842 3564 5842 3563 5842 3558 5843 3565 5843 3087 5843 3561 5844 3566 5844 3567 5844 3087 5845 3565 5845 3559 5845 3559 5846 3565 5846 3568 5846 3559 5847 3568 5847 3569 5847 3569 5848 3568 5848 3567 5848 3569 5849 3567 5849 3570 5849 3570 5850 3567 5850 3566 5850 3570 5851 3566 5851 3571 5851 3559 5852 3569 5852 3560 5852 3560 5853 3569 5853 3570 5853 3560 5854 3570 5854 3572 5854 3572 5855 3570 5855 3571 5855 3572 5856 3571 5856 3573 5856 3564 5857 3562 5857 1715 5857 1715 5858 3562 5858 3574 5858 1715 5859 3574 5859 1620 5859 1620 5860 3574 5860 3558 5860 1620 5861 3558 5861 1621 5861 3561 5862 3567 5862 3562 5862 3562 5863 3567 5863 3568 5863 3562 5864 3568 5864 3574 5864 3574 5865 3568 5865 3565 5865 3574 5866 3565 5866 3558 5866 3575 5867 3576 5867 3577 5867 3578 5868 3579 5868 3580 5868 3581 5869 3582 5869 3579 5869 3583 5870 3584 5870 3582 5870 3577 5871 3576 5871 3585 5871 3586 5872 3580 5872 3587 5872 3588 5873 3589 5873 3590 5873 3590 5874 3589 5874 3591 5874 3590 5875 3591 5875 3575 5875 3575 5876 3591 5876 3592 5876 3575 5877 3592 5877 3576 5877 1808 5878 1810 5878 3593 5878 3593 5879 1810 5879 3594 5879 3593 5880 3594 5880 3595 5880 3595 5881 3594 5881 3596 5881 3595 5882 3596 5882 3597 5882 3597 5883 3596 5883 3598 5883 3597 5884 3598 5884 3588 5884 3588 5885 3598 5885 3599 5885 3588 5886 3599 5886 3589 5886 3600 5887 3601 5887 3602 5887 3602 5888 3601 5888 3603 5888 3602 5889 3603 5889 3604 5889 3604 5890 3603 5890 3605 5890 3604 5891 3605 5891 3606 5891 3606 5892 3605 5892 3607 5892 3606 5893 3607 5893 3608 5893 3608 5894 3607 5894 3584 5894 3608 5895 3584 5895 3583 5895 3594 5896 1810 5896 3609 5896 3609 5897 1810 5897 1812 5897 3609 5898 1812 5898 3600 5898 3600 5899 1812 5899 1814 5899 3600 5900 1814 5900 3601 5900 3601 5901 1814 5901 1816 5901 1704 5902 3577 5902 1705 5902 1705 5903 3577 5903 3585 5903 1705 5904 3585 5904 1707 5904 1707 5905 3585 5905 3610 5905 1707 5906 3610 5906 1710 5906 1710 5907 3610 5907 3586 5907 1710 5908 3586 5908 1715 5908 1715 5909 3586 5909 3587 5909 3585 5910 3576 5910 3610 5910 3610 5911 3576 5911 3611 5911 3610 5912 3611 5912 3586 5912 3586 5913 3611 5913 3578 5913 3586 5914 3578 5914 3580 5914 3576 5915 3592 5915 3611 5915 3611 5916 3592 5916 3612 5916 3611 5917 3612 5917 3578 5917 3578 5918 3612 5918 3581 5918 3578 5919 3581 5919 3579 5919 3592 5920 3591 5920 3612 5920 3612 5921 3591 5921 3613 5921 3612 5922 3613 5922 3581 5922 3581 5923 3613 5923 3583 5923 3581 5924 3583 5924 3582 5924 3591 5925 3589 5925 3613 5925 3613 5926 3589 5926 3614 5926 3613 5927 3614 5927 3583 5927 3583 5928 3614 5928 3608 5928 3589 5929 3599 5929 3614 5929 3614 5930 3599 5930 3615 5930 3614 5931 3615 5931 3608 5931 3608 5932 3615 5932 3606 5932 3599 5933 3598 5933 3615 5933 3615 5934 3598 5934 3616 5934 3615 5935 3616 5935 3606 5935 3606 5936 3616 5936 3604 5936 3598 5937 3596 5937 3616 5937 3616 5938 3596 5938 3617 5938 3616 5939 3617 5939 3604 5939 3604 5940 3617 5940 3602 5940 3596 5941 3594 5941 3617 5941 3617 5942 3594 5942 3609 5942 3617 5943 3609 5943 3602 5943 3602 5944 3609 5944 3600 5944 3618 5945 3619 5945 3620 5945 3621 5946 3622 5946 3623 5946 3621 5947 3623 5947 3624 5947 3625 5948 1806 5948 3622 5948 3625 5949 3622 5949 3621 5949 1804 5950 1806 5950 3625 5950 3626 5951 3627 5951 3628 5951 3577 5952 1704 5952 3619 5952 3619 5953 1704 5953 1701 5953 3619 5954 1701 5954 3620 5954 3620 5955 1701 5955 1612 5955 3626 5956 3628 5956 3629 5956 3629 5957 3628 5957 3630 5957 3629 5958 3630 5958 3618 5958 3618 5959 3630 5959 3631 5959 3618 5960 3631 5960 3619 5960 3595 5961 3597 5961 3623 5961 3623 5962 3597 5962 3627 5962 3623 5963 3627 5963 3624 5963 3624 5964 3627 5964 3626 5964 3595 5965 3623 5965 3593 5965 3593 5966 3623 5966 3622 5966 3593 5967 3622 5967 1808 5967 1808 5968 3622 5968 1806 5968 3627 5969 3597 5969 3628 5969 3628 5970 3597 5970 3588 5970 3628 5971 3588 5971 3630 5971 3630 5972 3588 5972 3590 5972 3630 5973 3590 5973 3631 5973 3631 5974 3590 5974 3575 5974 3631 5975 3575 5975 3619 5975 3619 5976 3575 5976 3577 5976 3632 5977 3633 5977 3634 5977 3632 5978 3634 5978 3635 5978 3634 5979 3618 5979 3620 5979 3633 5980 3618 5980 3634 5980 3636 5981 3637 5981 3638 5981 3636 5982 3638 5982 3639 5982 3638 5983 3621 5983 3624 5983 3640 5984 1802 5984 3637 5984 3640 5985 3637 5985 3636 5985 3637 5986 3621 5986 3638 5986 1800 5987 1802 5987 3640 5987 1609 5988 3635 5988 1629 5988 1629 5989 3635 5989 3634 5989 1629 5990 3634 5990 1611 5990 1611 5991 3634 5991 3620 5991 1611 5992 3620 5992 1612 5992 1802 5993 1804 5993 3637 5993 3637 5994 1804 5994 3625 5994 3637 5995 3625 5995 3621 5995 3638 5996 3624 5996 3641 5996 3641 5997 3624 5997 3626 5997 3641 5998 3626 5998 3633 5998 3633 5999 3626 5999 3629 5999 3633 6000 3629 6000 3618 6000 3639 6001 3638 6001 3642 6001 3642 6002 3638 6002 3641 6002 3642 6003 3641 6003 3643 6003 3643 6004 3641 6004 3633 6004 3643 6005 3633 6005 3632 6005 3642 6006 3644 6006 3645 6006 3645 6007 3639 6007 3642 6007 1677 6008 1679 6008 3646 6008 1677 6009 3646 6009 3635 6009 1677 6010 3635 6010 1609 6010 1798 6011 1800 6011 3647 6011 3647 6012 1800 6012 3640 6012 3647 6013 3640 6013 3648 6013 3648 6014 3640 6014 3636 6014 3648 6015 3636 6015 3649 6015 3649 6016 3636 6016 3639 6016 3649 6017 3639 6017 3645 6017 3635 6018 3646 6018 3632 6018 3632 6019 3646 6019 3650 6019 3632 6020 3650 6020 3643 6020 3643 6021 3650 6021 3644 6021 3643 6022 3644 6022 3642 6022 1782 6023 3651 6023 3652 6023 1782 6024 1780 6024 3651 6024 3653 6025 3646 6025 1681 6025 3654 6026 3648 6026 3649 6026 3651 6027 1780 6027 3655 6027 1679 6028 1681 6028 3646 6028 3656 6029 3657 6029 3658 6029 3659 6030 3660 6030 3661 6030 3662 6031 3649 6031 3645 6031 3659 6032 3661 6032 3663 6032 3663 6033 3661 6033 3657 6033 3663 6034 3657 6034 1631 6034 1631 6035 3657 6035 3656 6035 1631 6036 3656 6036 1598 6036 3662 6037 3645 6037 3664 6037 3664 6038 3645 6038 3644 6038 3664 6039 3644 6039 3653 6039 3653 6040 3644 6040 3650 6040 3653 6041 3650 6041 3646 6041 3647 6042 3648 6042 3665 6042 3665 6043 3648 6043 3654 6043 3665 6044 3654 6044 3666 6044 3666 6045 3654 6045 3667 6045 3666 6046 3667 6046 3655 6046 3655 6047 3667 6047 3668 6047 3655 6048 3668 6048 3651 6048 3651 6049 3668 6049 3660 6049 3651 6050 3660 6050 3652 6050 3652 6051 3660 6051 3659 6051 1798 6052 3647 6052 1796 6052 1796 6053 3647 6053 3665 6053 1796 6054 3665 6054 1776 6054 1776 6055 3665 6055 3666 6055 1776 6056 3666 6056 1778 6056 1778 6057 3666 6057 3655 6057 1778 6058 3655 6058 1780 6058 1599 6059 1598 6059 3669 6059 3669 6060 1598 6060 3656 6060 3669 6061 3656 6061 3658 6061 3653 6062 1681 6062 3670 6062 3670 6063 1681 6063 1672 6063 3670 6064 1672 6064 3669 6064 3669 6065 1672 6065 1669 6065 3669 6066 1669 6066 1599 6066 3669 6067 3658 6067 3670 6067 3670 6068 3658 6068 3671 6068 3670 6069 3671 6069 3653 6069 3653 6070 3671 6070 3664 6070 3657 6071 3661 6071 3658 6071 3658 6072 3661 6072 3672 6072 3658 6073 3672 6073 3671 6073 3671 6074 3672 6074 3673 6074 3671 6075 3673 6075 3664 6075 3664 6076 3673 6076 3662 6076 3661 6077 3660 6077 3672 6077 3672 6078 3660 6078 3668 6078 3672 6079 3668 6079 3673 6079 3673 6080 3668 6080 3667 6080 3673 6081 3667 6081 3662 6081 3662 6082 3667 6082 3654 6082 3662 6083 3654 6083 3649 6083 1767 6084 1769 6084 3674 6084 1768 6085 3674 6085 1769 6085 1792 6086 3675 6086 1794 6086 3676 6087 1788 6087 3677 6087 1788 6088 1786 6088 3677 6088 3678 6089 3679 6089 3674 6089 3680 6090 3678 6090 3675 6090 3675 6091 3676 6091 3680 6091 3681 6092 3680 6092 3676 6092 3676 6093 3677 6093 3681 6093 3681 6094 3677 6094 3682 6094 1591 6095 1767 6095 3674 6095 1591 6096 3674 6096 3679 6096 1591 6097 3679 6097 3683 6097 1591 6098 3683 6098 1589 6098 1768 6099 1794 6099 3674 6099 3674 6100 1794 6100 3675 6100 3674 6101 3675 6101 3678 6101 3675 6102 1792 6102 3676 6102 3676 6103 1792 6103 1790 6103 3676 6104 1790 6104 1788 6104 3684 6105 3682 6105 3685 6105 3685 6106 3682 6106 3677 6106 3685 6107 3677 6107 1784 6107 1784 6108 3677 6108 1786 6108 1784 6109 1782 6109 3685 6109 3685 6110 1782 6110 3652 6110 3685 6111 3652 6111 3684 6111 3684 6112 3652 6112 3659 6112 1589 6113 3683 6113 1636 6113 1636 6114 3683 6114 3686 6114 1636 6115 3686 6115 1637 6115 1637 6116 3686 6116 3687 6116 1637 6117 3687 6117 1638 6117 3663 6118 1631 6118 3688 6118 3688 6119 1631 6119 1627 6119 3688 6120 1627 6120 3689 6120 3689 6121 1627 6121 1754 6121 3689 6122 1754 6122 3690 6122 3690 6123 1754 6123 1753 6123 3690 6124 1753 6124 3687 6124 3687 6125 1753 6125 1638 6125 3683 6126 3679 6126 3686 6126 3686 6127 3679 6127 3678 6127 3686 6128 3678 6128 3687 6128 3687 6129 3678 6129 3680 6129 3687 6130 3680 6130 3690 6130 3690 6131 3680 6131 3681 6131 3690 6132 3681 6132 3689 6132 3689 6133 3681 6133 3682 6133 3689 6134 3682 6134 3688 6134 3688 6135 3682 6135 3684 6135 3688 6136 3684 6136 3663 6136 3663 6137 3684 6137 3659 6137 3691 6138 3692 6138 3693 6138 3691 6139 3693 6139 3694 6139 3695 6140 3696 6140 3692 6140 3695 6141 3692 6141 3691 6141 3697 6142 3698 6142 3696 6142 3697 6143 3696 6143 3695 6143 3694 6144 3693 6144 3699 6144 3694 6145 3700 6145 3691 6145 3691 6146 3700 6146 3701 6146 3691 6147 3701 6147 3695 6147 3695 6148 3701 6148 3702 6148 3695 6149 3702 6149 3697 6149 3697 6150 3702 6150 3703 6150 3697 6151 3703 6151 3704 6151 3704 6152 3703 6152 3705 6152 3704 6153 3705 6153 3706 6153 1817 6154 1815 6154 3707 6154 3707 6155 1815 6155 3708 6155 3707 6156 3708 6156 3709 6156 3709 6157 3708 6157 3710 6157 3709 6158 3710 6158 3711 6158 3711 6159 3710 6159 3712 6159 3711 6160 3712 6160 3706 6160 3706 6161 3712 6161 3713 6161 3706 6162 3713 6162 3704 6162 3704 6163 3713 6163 3698 6163 3704 6164 3698 6164 3697 6164 1819 6165 1817 6165 3714 6165 3714 6166 1817 6166 3707 6166 3714 6167 3707 6167 3715 6167 3715 6168 3707 6168 3709 6168 3715 6169 3709 6169 3716 6169 3716 6170 3709 6170 3711 6170 3716 6171 3711 6171 3717 6171 3717 6172 3711 6172 3706 6172 3717 6173 3706 6173 3705 6173 3718 6174 3700 6174 3719 6174 3719 6175 3700 6175 3694 6175 3719 6176 3694 6176 1878 6176 1878 6177 3694 6177 3699 6177 3720 6178 3721 6178 3722 6178 3723 6179 3712 6179 3710 6179 3724 6180 3713 6180 3712 6180 3725 6181 3698 6181 3713 6181 3722 6182 3721 6182 3726 6182 3727 6183 3710 6183 3708 6183 3728 6184 3729 6184 3730 6184 3730 6185 3729 6185 3731 6185 3730 6186 3731 6186 3720 6186 3720 6187 3731 6187 3732 6187 3720 6188 3732 6188 3721 6188 1884 6189 1839 6189 3733 6189 3733 6190 1839 6190 3734 6190 3733 6191 3734 6191 3735 6191 3735 6192 3734 6192 3736 6192 3735 6193 3736 6193 3737 6193 3737 6194 3736 6194 3738 6194 3737 6195 3738 6195 3728 6195 3728 6196 3738 6196 3739 6196 3728 6197 3739 6197 3729 6197 1838 6198 1878 6198 3740 6198 3740 6199 1878 6199 3699 6199 3740 6200 3699 6200 3741 6200 3741 6201 3699 6201 3693 6201 3741 6202 3693 6202 3742 6202 3742 6203 3693 6203 3692 6203 3742 6204 3692 6204 3743 6204 3743 6205 3692 6205 3696 6205 3743 6206 3696 6206 3744 6206 3744 6207 3696 6207 3698 6207 3744 6208 3698 6208 3725 6208 1838 6209 3740 6209 1839 6209 1839 6210 3740 6210 3745 6210 1839 6211 3745 6211 3734 6211 1807 6212 3722 6212 1809 6212 1809 6213 3722 6213 3726 6213 1809 6214 3726 6214 1811 6214 1811 6215 3726 6215 3746 6215 1811 6216 3746 6216 1813 6216 1813 6217 3746 6217 3727 6217 1813 6218 3727 6218 1815 6218 1815 6219 3727 6219 3708 6219 3726 6220 3721 6220 3746 6220 3746 6221 3721 6221 3747 6221 3746 6222 3747 6222 3727 6222 3727 6223 3747 6223 3723 6223 3727 6224 3723 6224 3710 6224 3721 6225 3732 6225 3747 6225 3747 6226 3732 6226 3748 6226 3747 6227 3748 6227 3723 6227 3723 6228 3748 6228 3724 6228 3723 6229 3724 6229 3712 6229 3732 6230 3731 6230 3748 6230 3748 6231 3731 6231 3749 6231 3748 6232 3749 6232 3724 6232 3724 6233 3749 6233 3725 6233 3724 6234 3725 6234 3713 6234 3731 6235 3729 6235 3749 6235 3749 6236 3729 6236 3750 6236 3749 6237 3750 6237 3725 6237 3725 6238 3750 6238 3744 6238 3729 6239 3739 6239 3750 6239 3750 6240 3739 6240 3751 6240 3750 6241 3751 6241 3744 6241 3744 6242 3751 6242 3743 6242 3739 6243 3738 6243 3751 6243 3751 6244 3738 6244 3752 6244 3751 6245 3752 6245 3743 6245 3743 6246 3752 6246 3742 6246 3738 6247 3736 6247 3752 6247 3752 6248 3736 6248 3753 6248 3752 6249 3753 6249 3742 6249 3742 6250 3753 6250 3741 6250 3736 6251 3734 6251 3753 6251 3753 6252 3734 6252 3745 6252 3753 6253 3745 6253 3741 6253 3741 6254 3745 6254 3740 6254 3754 6255 3755 6255 3756 6255 3757 6256 3758 6256 3759 6256 3760 6257 3757 6257 3761 6257 3762 6258 3763 6258 3764 6258 1884 6259 3733 6259 1829 6259 1829 6260 3733 6260 3760 6260 1829 6261 3760 6261 1828 6261 1828 6262 3760 6262 3761 6262 3762 6263 3764 6263 3765 6263 3765 6264 3764 6264 3766 6264 3765 6265 3766 6265 3754 6265 3754 6266 3766 6266 3767 6266 3754 6267 3767 6267 3755 6267 3735 6268 3737 6268 3758 6268 3758 6269 3737 6269 3763 6269 3758 6270 3763 6270 3759 6270 3759 6271 3763 6271 3762 6271 1803 6272 3756 6272 1805 6272 1805 6273 3756 6273 3755 6273 1805 6274 3755 6274 1807 6274 1807 6275 3755 6275 3722 6275 3763 6276 3737 6276 3764 6276 3764 6277 3737 6277 3728 6277 3764 6278 3728 6278 3766 6278 3766 6279 3728 6279 3730 6279 3766 6280 3730 6280 3767 6280 3767 6281 3730 6281 3720 6281 3767 6282 3720 6282 3755 6282 3755 6283 3720 6283 3722 6283 3733 6284 3735 6284 3760 6284 3760 6285 3735 6285 3758 6285 3760 6286 3758 6286 3757 6286 3768 6287 3769 6287 3770 6287 3770 6288 3754 6288 3756 6288 3770 6289 3756 6289 1801 6289 3769 6290 3754 6290 3770 6290 3771 6291 3772 6291 3773 6291 3771 6292 3773 6292 3774 6292 3773 6293 3757 6293 3759 6293 3775 6294 3772 6294 3771 6294 3772 6295 3761 6295 3757 6295 3772 6296 3757 6296 3773 6296 1868 6297 1894 6297 3775 6297 1828 6298 3761 6298 1826 6298 1803 6299 1801 6299 3756 6299 1826 6300 3761 6300 1894 6300 1894 6301 3761 6301 3772 6301 1894 6302 3772 6302 3775 6302 1801 6303 1799 6303 3770 6303 3770 6304 1799 6304 3776 6304 3770 6305 3776 6305 3768 6305 3773 6306 3759 6306 3777 6306 3777 6307 3759 6307 3762 6307 3777 6308 3762 6308 3769 6308 3769 6309 3762 6309 3765 6309 3769 6310 3765 6310 3754 6310 3774 6311 3773 6311 3778 6311 3778 6312 3773 6312 3777 6312 3778 6313 3777 6313 3779 6313 3779 6314 3777 6314 3769 6314 3779 6315 3769 6315 3768 6315 3778 6316 3780 6316 3781 6316 3781 6317 3774 6317 3778 6317 1799 6318 1797 6318 3776 6318 3776 6319 1797 6319 3782 6319 3776 6320 3782 6320 3768 6320 3768 6321 3782 6321 3783 6321 3768 6322 3783 6322 3779 6322 3779 6323 3783 6323 3780 6323 3779 6324 3780 6324 3778 6324 1863 6325 1868 6325 3784 6325 3784 6326 1868 6326 3775 6326 3784 6327 3775 6327 3785 6327 3785 6328 3775 6328 3771 6328 3785 6329 3771 6329 3786 6329 3786 6330 3771 6330 3774 6330 3786 6331 3774 6331 3781 6331 3787 6332 3788 6332 3789 6332 3787 6333 3789 6333 3790 6333 3791 6334 3792 6334 1781 6334 1781 6335 3792 6335 1779 6335 1797 6336 1775 6336 3782 6336 3790 6337 3789 6337 3793 6337 3794 6338 3786 6338 3781 6338 3795 6339 3789 6339 3788 6339 3790 6340 3793 6340 3796 6340 3796 6341 3793 6341 3797 6341 3796 6342 3797 6342 1783 6342 1783 6343 3797 6343 3791 6343 1783 6344 3791 6344 1781 6344 3794 6345 3781 6345 3798 6345 3798 6346 3781 6346 3780 6346 3798 6347 3780 6347 3799 6347 3799 6348 3780 6348 3783 6348 3799 6349 3783 6349 3782 6349 3787 6350 1995 6350 3788 6350 3788 6351 1995 6351 1853 6351 3788 6352 1853 6352 3800 6352 3800 6353 1853 6353 1850 6353 3800 6354 1850 6354 1849 6354 1864 6355 1863 6355 3801 6355 3801 6356 1863 6356 3784 6356 3801 6357 3784 6357 3802 6357 3802 6358 3784 6358 3785 6358 3802 6359 3785 6359 3786 6359 3800 6360 1849 6360 3803 6360 3803 6361 1849 6361 1846 6361 3803 6362 1846 6362 3801 6362 3801 6363 1846 6363 1864 6363 1779 6364 3792 6364 1777 6364 1777 6365 3792 6365 3804 6365 1777 6366 3804 6366 1775 6366 1775 6367 3804 6367 3799 6367 1775 6368 3799 6368 3782 6368 3791 6369 3797 6369 3792 6369 3792 6370 3797 6370 3805 6370 3792 6371 3805 6371 3804 6371 3804 6372 3805 6372 3806 6372 3804 6373 3806 6373 3799 6373 3799 6374 3806 6374 3798 6374 3797 6375 3793 6375 3805 6375 3805 6376 3793 6376 3807 6376 3805 6377 3807 6377 3806 6377 3806 6378 3807 6378 3808 6378 3806 6379 3808 6379 3798 6379 3798 6380 3808 6380 3794 6380 3793 6381 3789 6381 3807 6381 3807 6382 3789 6382 3795 6382 3807 6383 3795 6383 3808 6383 3808 6384 3795 6384 3809 6384 3808 6385 3809 6385 3794 6385 3794 6386 3809 6386 3802 6386 3794 6387 3802 6387 3786 6387 3801 6388 3802 6388 3803 6388 3803 6389 3802 6389 3809 6389 3803 6390 3809 6390 3800 6390 3800 6391 3809 6391 3795 6391 3800 6392 3795 6392 3788 6392 3810 6393 3811 6393 1996 6393 1795 6394 1770 6394 3812 6394 3812 6395 3813 6395 1795 6395 1787 6396 1789 6396 3814 6396 1787 6397 3815 6397 1785 6397 3812 6398 3816 6398 3817 6398 3812 6399 3817 6399 3813 6399 3813 6400 3817 6400 3818 6400 3813 6401 3818 6401 3819 6401 3819 6402 3818 6402 3820 6402 3819 6403 3820 6403 3814 6403 3814 6404 3820 6404 3821 6404 1771 6405 1821 6405 1825 6405 1771 6406 1825 6406 3822 6406 1771 6407 3822 6407 3816 6407 1771 6408 3816 6408 3812 6408 1771 6409 3812 6409 1770 6409 3822 6410 1825 6410 3811 6410 3811 6411 1825 6411 1915 6411 3811 6412 1915 6412 1996 6412 1995 6413 3787 6413 1994 6413 1994 6414 3787 6414 3823 6414 1994 6415 3823 6415 1993 6415 1993 6416 3823 6416 3824 6416 1993 6417 3824 6417 1992 6417 1992 6418 3824 6418 3825 6418 1992 6419 3825 6419 1991 6419 1991 6420 3825 6420 3810 6420 1991 6421 3810 6421 1996 6421 3814 6422 1789 6422 3819 6422 3819 6423 1789 6423 1791 6423 3819 6424 1791 6424 3813 6424 3813 6425 1791 6425 1793 6425 3813 6426 1793 6426 1795 6426 3826 6427 3790 6427 3815 6427 3815 6428 3790 6428 3796 6428 3815 6429 3796 6429 1785 6429 1785 6430 3796 6430 1783 6430 3821 6431 3826 6431 3814 6431 3814 6432 3826 6432 3815 6432 3814 6433 3815 6433 1787 6433 3816 6434 3822 6434 3817 6434 3817 6435 3822 6435 3811 6435 3817 6436 3811 6436 3818 6436 3818 6437 3811 6437 3810 6437 3818 6438 3810 6438 3820 6438 3820 6439 3810 6439 3825 6439 3820 6440 3825 6440 3821 6440 3821 6441 3825 6441 3824 6441 3821 6442 3824 6442 3826 6442 3826 6443 3824 6443 3823 6443 3826 6444 3823 6444 3790 6444 3790 6445 3823 6445 3787 6445 3827 6446 3828 6446 3829 6446 3827 6447 3829 6447 3830 6447 3831 6448 3832 6448 3828 6448 3831 6449 3828 6449 3827 6449 3833 6450 3834 6450 3832 6450 3833 6451 3832 6451 3831 6451 3830 6452 3829 6452 3835 6452 3830 6453 3587 6453 3827 6453 3827 6454 3587 6454 3580 6454 3827 6455 3580 6455 3831 6455 3831 6456 3580 6456 3579 6456 3831 6457 3579 6457 3833 6457 3833 6458 3579 6458 3582 6458 3833 6459 3582 6459 3836 6459 3836 6460 3582 6460 3584 6460 3836 6461 3584 6461 3837 6461 1818 6462 1820 6462 3838 6462 3838 6463 1820 6463 3839 6463 3838 6464 3839 6464 3840 6464 3840 6465 3839 6465 3841 6465 3840 6466 3841 6466 3842 6466 3842 6467 3841 6467 3843 6467 3842 6468 3843 6468 3837 6468 3837 6469 3843 6469 3844 6469 3837 6470 3844 6470 3836 6470 3836 6471 3844 6471 3834 6471 3836 6472 3834 6472 3833 6472 1816 6473 1818 6473 3601 6473 3601 6474 1818 6474 3838 6474 3601 6475 3838 6475 3603 6475 3603 6476 3838 6476 3840 6476 3603 6477 3840 6477 3605 6477 3605 6478 3840 6478 3842 6478 3605 6479 3842 6479 3607 6479 3607 6480 3842 6480 3837 6480 3607 6481 3837 6481 3584 6481 1715 6482 3587 6482 3564 6482 3564 6483 3587 6483 3830 6483 3564 6484 3830 6484 3563 6484 3563 6485 3830 6485 3835 6485 3845 6486 3846 6486 3847 6486 3847 6487 3846 6487 3848 6487 3846 6488 3849 6488 3850 6488 3846 6489 3850 6489 3851 6489 3846 6490 3851 6490 3852 6490 3846 6491 3852 6491 3853 6491 3846 6492 3853 6492 3854 6492 3846 6493 3854 6493 3855 6493 3846 6494 3855 6494 3856 6494 3846 6495 3856 6495 3857 6495 3846 6496 3857 6496 3858 6496 3846 6497 3858 6497 3848 6497 3852 6498 3573 6498 3853 6498 3853 6499 3573 6499 3859 6499 3853 6500 3859 6500 3854 6500 3854 6501 3859 6501 3860 6501 3854 6502 3860 6502 3855 6502 3855 6503 3860 6503 3861 6503 3855 6504 3861 6504 3862 6504 3855 6505 3862 6505 3856 6505 3856 6506 3862 6506 3863 6506 3856 6507 3863 6507 3864 6507 3856 6508 3864 6508 3857 6508 3857 6509 3864 6509 3865 6509 3857 6510 3865 6510 3866 6510 3857 6511 3866 6511 3858 6511 3858 6512 3866 6512 3867 6512 3858 6513 3867 6513 3868 6513 3573 6514 3571 6514 3859 6514 3860 6515 3859 6515 3869 6515 3860 6516 3869 6516 3870 6516 3860 6517 3870 6517 3871 6517 3860 6518 3871 6518 3861 6518 3861 6519 3871 6519 3862 6519 3862 6520 3871 6520 3872 6520 3862 6521 3872 6521 3863 6521 3863 6522 3872 6522 3873 6522 3863 6523 3873 6523 3864 6523 3864 6524 3873 6524 3874 6524 3864 6525 3874 6525 3865 6525 3865 6526 3874 6526 3875 6526 3865 6527 3875 6527 3866 6527 3866 6528 3875 6528 3876 6528 3866 6529 3876 6529 3867 6529 3867 6530 3876 6530 3877 6530 3867 6531 3877 6531 3868 6531 3868 6532 3877 6532 3878 6532 3879 6533 3835 6533 3880 6533 3880 6534 3835 6534 3829 6534 3880 6535 3829 6535 3881 6535 3881 6536 3829 6536 3828 6536 3881 6537 3828 6537 3882 6537 3882 6538 3828 6538 3832 6538 3882 6539 3832 6539 3883 6539 3883 6540 3832 6540 3834 6540 3883 6541 3834 6541 3884 6541 3563 6542 3835 6542 3561 6542 3561 6543 3835 6543 3879 6543 3561 6544 3879 6544 3566 6544 3566 6545 3879 6545 3885 6545 3566 6546 3885 6546 3571 6546 3571 6547 3885 6547 3869 6547 3571 6548 3869 6548 3859 6548 3878 6549 3877 6549 3886 6549 3886 6550 3877 6550 3887 6550 3886 6551 3887 6551 3888 6551 1820 6552 3886 6552 3839 6552 3839 6553 3886 6553 3888 6553 3839 6554 3888 6554 3841 6554 3841 6555 3888 6555 3889 6555 3841 6556 3889 6556 3843 6556 3843 6557 3889 6557 3890 6557 3843 6558 3890 6558 3844 6558 3844 6559 3890 6559 3884 6559 3844 6560 3884 6560 3834 6560 3877 6561 3876 6561 3887 6561 3887 6562 3876 6562 3891 6562 3887 6563 3891 6563 3888 6563 3888 6564 3891 6564 3889 6564 3876 6565 3875 6565 3891 6565 3891 6566 3875 6566 3892 6566 3891 6567 3892 6567 3889 6567 3889 6568 3892 6568 3890 6568 3875 6569 3874 6569 3892 6569 3892 6570 3874 6570 3893 6570 3892 6571 3893 6571 3890 6571 3890 6572 3893 6572 3884 6572 3874 6573 3873 6573 3893 6573 3893 6574 3873 6574 3894 6574 3893 6575 3894 6575 3884 6575 3884 6576 3894 6576 3883 6576 3873 6577 3872 6577 3894 6577 3894 6578 3872 6578 3895 6578 3894 6579 3895 6579 3883 6579 3883 6580 3895 6580 3882 6580 3872 6581 3871 6581 3895 6581 3895 6582 3871 6582 3896 6582 3895 6583 3896 6583 3882 6583 3882 6584 3896 6584 3881 6584 3871 6585 3870 6585 3896 6585 3896 6586 3870 6586 3897 6586 3896 6587 3897 6587 3881 6587 3881 6588 3897 6588 3880 6588 3870 6589 3869 6589 3897 6589 3897 6590 3869 6590 3885 6590 3897 6591 3885 6591 3880 6591 3880 6592 3885 6592 3879 6592 3898 6593 3899 6593 3900 6593 3898 6594 3901 6594 3899 6594 3703 6595 3902 6595 3705 6595 3702 6596 3903 6596 3703 6596 3701 6597 3904 6597 3702 6597 3905 6598 3701 6598 3700 6598 3906 6599 3907 6599 3908 6599 3906 6600 3908 6600 3909 6600 3906 6601 3909 6601 3910 6601 3906 6602 3910 6602 3911 6602 3906 6603 3911 6603 3912 6603 3906 6604 3912 6604 3913 6604 3914 6605 1819 6605 3915 6605 3915 6606 1819 6606 3714 6606 3915 6607 3714 6607 3916 6607 3916 6608 3714 6608 3715 6608 3916 6609 3715 6609 3917 6609 3917 6610 3715 6610 3716 6610 3917 6611 3716 6611 3918 6611 3918 6612 3716 6612 3717 6612 3918 6613 3717 6613 3919 6613 3919 6614 3717 6614 3705 6614 3919 6615 3705 6615 3902 6615 3907 6616 3900 6616 3920 6616 3920 6617 3900 6617 3921 6617 3920 6618 3921 6618 3922 6618 3922 6619 3921 6619 3923 6619 3922 6620 3923 6620 3917 6620 3917 6621 3923 6621 3916 6621 3924 6622 3913 6622 3925 6622 3925 6623 3913 6623 3912 6623 3925 6624 3912 6624 3926 6624 3926 6625 3912 6625 3927 6625 3926 6626 3927 6626 3905 6626 3905 6627 3927 6627 3904 6627 3905 6628 3904 6628 3701 6628 3700 6629 3718 6629 3905 6629 3905 6630 3718 6630 3928 6630 3905 6631 3928 6631 3926 6631 3926 6632 3928 6632 3929 6632 3926 6633 3929 6633 3925 6633 3925 6634 3929 6634 3930 6634 3925 6635 3930 6635 3924 6635 3924 6636 3930 6636 3931 6636 3914 6637 3915 6637 3901 6637 3901 6638 3915 6638 3932 6638 3901 6639 3932 6639 3899 6639 3915 6640 3916 6640 3932 6640 3932 6641 3916 6641 3923 6641 3932 6642 3923 6642 3899 6642 3899 6643 3923 6643 3921 6643 3899 6644 3921 6644 3900 6644 3917 6645 3918 6645 3922 6645 3922 6646 3918 6646 3933 6646 3922 6647 3933 6647 3920 6647 3920 6648 3933 6648 3908 6648 3920 6649 3908 6649 3907 6649 3918 6650 3919 6650 3933 6650 3933 6651 3919 6651 3934 6651 3933 6652 3934 6652 3908 6652 3908 6653 3934 6653 3909 6653 3919 6654 3902 6654 3934 6654 3934 6655 3902 6655 3935 6655 3934 6656 3935 6656 3909 6656 3909 6657 3935 6657 3910 6657 3911 6658 3910 6658 3936 6658 3936 6659 3910 6659 3935 6659 3936 6660 3935 6660 3903 6660 3903 6661 3935 6661 3902 6661 3903 6662 3902 6662 3703 6662 3912 6663 3911 6663 3927 6663 3927 6664 3911 6664 3936 6664 3927 6665 3936 6665 3904 6665 3904 6666 3936 6666 3903 6666 3904 6667 3903 6667 3702 6667 3937 6668 3898 6668 3938 6668 3938 6669 3898 6669 3900 6669 3938 6670 3900 6670 3939 6670 3939 6671 3900 6671 3907 6671 3939 6672 3907 6672 3940 6672 3940 6673 3907 6673 3906 6673 3940 6674 3906 6674 3941 6674 3941 6675 3906 6675 3913 6675 3942 6676 3943 6676 3937 6676 3942 6677 3937 6677 3938 6677 3942 6678 3938 6678 3939 6678 3942 6679 3939 6679 3940 6679 3942 6680 3940 6680 3941 6680 3942 6681 3941 6681 3944 6681 3942 6682 3944 6682 3945 6682 3942 6683 3945 6683 3946 6683 3942 6684 3946 6684 3947 6684 3942 6685 3947 6685 3948 6685 3949 6686 3947 6686 3946 6686 3947 6687 3949 6687 3950 6687 3950 6688 3949 6688 3951 6688 3950 6689 3951 6689 3952 6689 3952 6690 3951 6690 3851 6690 3952 6691 3851 6691 3850 6691 3719 6692 3953 6692 3718 6692 3954 6693 3955 6693 3956 6693 3956 6694 3955 6694 3957 6694 3956 6695 3957 6695 3958 6695 3958 6696 3957 6696 3548 6696 3958 6697 3548 6697 3547 6697 3548 6698 3957 6698 3959 6698 3959 6699 3957 6699 3955 6699 3959 6700 3955 6700 3960 6700 3960 6701 3955 6701 3954 6701 3960 6702 3954 6702 3961 6702 3961 6703 3954 6703 3929 6703 3961 6704 3929 6704 3928 6704 3548 6705 3959 6705 3545 6705 3545 6706 3959 6706 3962 6706 3545 6707 3962 6707 3546 6707 3546 6708 3962 6708 1874 6708 3546 6709 1874 6709 1872 6709 3719 6710 1878 6710 3953 6710 3953 6711 1878 6711 1876 6711 3953 6712 1876 6712 3963 6712 3963 6713 1876 6713 1874 6713 3963 6714 1874 6714 3962 6714 3929 6715 3954 6715 3930 6715 3930 6716 3954 6716 3956 6716 3930 6717 3956 6717 3931 6717 3960 6718 3962 6718 3959 6718 3962 6719 3960 6719 3963 6719 3963 6720 3960 6720 3961 6720 3963 6721 3961 6721 3953 6721 3953 6722 3961 6722 3928 6722 3953 6723 3928 6723 3718 6723 3941 6724 3913 6724 3944 6724 3944 6725 3913 6725 3924 6725 3944 6726 3924 6726 3945 6726 3945 6727 3924 6727 3931 6727 3964 6728 3951 6728 3965 6728 3965 6729 3951 6729 3949 6729 3966 6730 3964 6730 3967 6730 3967 6731 3964 6731 3965 6731 3968 6732 3189 6732 3969 6732 3969 6733 3189 6733 3191 6733 3969 6734 3191 6734 3970 6734 3970 6735 3191 6735 3193 6735 3970 6736 3193 6736 3971 6736 3971 6737 3193 6737 3195 6737 3971 6738 3195 6738 3972 6738 3972 6739 3195 6739 3197 6739 3972 6740 3197 6740 3973 6740 3973 6741 3197 6741 3199 6741 3973 6742 3199 6742 3974 6742 3974 6743 3199 6743 3201 6743 3974 6744 3201 6744 3975 6744 3975 6745 3201 6745 3203 6745 3975 6746 3203 6746 3976 6746 3976 6747 3203 6747 3205 6747 3976 6748 3205 6748 3977 6748 3977 6749 3205 6749 3207 6749 3977 6750 3207 6750 3978 6750 3978 6751 3207 6751 3209 6751 3978 6752 3209 6752 3979 6752 3979 6753 3209 6753 3211 6753 3979 6754 3211 6754 3980 6754 3980 6755 3211 6755 3213 6755 3980 6756 3213 6756 3981 6756 3981 6757 3213 6757 3215 6757 3981 6758 3215 6758 3982 6758 3982 6759 3215 6759 3217 6759 3982 6760 3217 6760 3983 6760 3983 6761 3217 6761 3219 6761 3983 6762 3219 6762 3984 6762 3984 6763 3219 6763 3221 6763 3984 6764 3221 6764 3985 6764 3985 6765 3221 6765 3223 6765 3985 6766 3223 6766 3986 6766 3986 6767 3223 6767 3225 6767 3986 6768 3225 6768 3987 6768 3987 6769 3225 6769 3227 6769 3987 6770 3227 6770 3988 6770 3988 6771 3227 6771 3229 6771 3988 6772 3229 6772 3989 6772 3989 6773 3229 6773 3231 6773 3989 6774 3231 6774 3990 6774 3990 6775 3231 6775 3233 6775 3990 6776 3233 6776 3991 6776 3991 6777 3233 6777 3235 6777 3991 6778 3235 6778 3992 6778 3992 6779 3235 6779 3237 6779 3992 6780 3237 6780 3993 6780 3993 6781 3237 6781 3239 6781 3993 6782 3239 6782 3994 6782 3994 6783 3239 6783 3241 6783 3994 6784 3241 6784 3995 6784 3995 6785 3241 6785 3243 6785 3995 6786 3243 6786 3996 6786 3996 6787 3243 6787 3245 6787 3996 6788 3245 6788 3997 6788 3997 6789 3245 6789 3247 6789 3997 6790 3247 6790 3998 6790 3998 6791 3247 6791 3249 6791 3998 6792 3249 6792 3999 6792 3999 6793 3249 6793 3251 6793 3999 6794 3251 6794 4000 6794 4000 6795 3251 6795 3253 6795 4000 6796 3253 6796 4001 6796 4001 6797 3253 6797 3255 6797 4001 6798 3255 6798 4002 6798 4002 6799 3255 6799 3257 6799 4002 6800 3257 6800 4003 6800 4003 6801 3257 6801 3259 6801 4003 6802 3259 6802 4004 6802 4004 6803 3259 6803 3261 6803 4004 6804 3261 6804 4005 6804 4005 6805 3261 6805 3263 6805 4005 6806 3263 6806 4006 6806 4006 6807 3263 6807 3265 6807 4006 6808 3265 6808 4007 6808 4007 6809 3265 6809 3267 6809 4007 6810 3267 6810 4008 6810 4008 6811 3267 6811 3269 6811 4008 6812 3269 6812 4009 6812 4009 6813 3269 6813 3271 6813 4009 6814 3271 6814 4010 6814 4010 6815 3271 6815 3273 6815 4010 6816 3273 6816 4011 6816 4011 6817 3273 6817 3275 6817 4011 6818 3275 6818 4012 6818 4012 6819 3275 6819 3277 6819 4012 6820 3277 6820 4013 6820 4013 6821 3277 6821 3279 6821 4013 6822 3279 6822 4014 6822 4014 6823 3279 6823 3281 6823 4014 6824 3281 6824 4015 6824 4015 6825 3281 6825 3283 6825 4015 6826 3283 6826 4016 6826 4016 6827 3283 6827 3285 6827 4016 6828 3285 6828 4017 6828 4017 6829 3285 6829 3287 6829 4017 6830 3287 6830 4018 6830 4018 6831 3287 6831 3289 6831 4018 6832 3289 6832 4019 6832 4019 6833 3289 6833 3291 6833 4019 6834 3291 6834 4020 6834 4020 6835 3291 6835 3293 6835 4020 6836 3293 6836 4021 6836 4021 6837 3293 6837 3295 6837 4021 6838 3295 6838 4022 6838 4022 6839 3295 6839 3297 6839 4022 6840 3297 6840 4023 6840 4023 6841 3297 6841 3299 6841 4023 6842 3299 6842 4024 6842 4024 6843 3299 6843 3301 6843 4024 6844 3301 6844 4025 6844 4025 6845 3301 6845 3303 6845 4025 6846 3303 6846 4026 6846 4026 6847 3303 6847 3305 6847 4026 6848 3305 6848 4027 6848 4027 6849 3305 6849 3307 6849 4027 6850 3307 6850 4028 6850 4028 6851 3307 6851 3309 6851 4028 6852 3309 6852 4029 6852 4029 6853 3309 6853 3311 6853 4029 6854 3311 6854 4030 6854 4030 6855 3311 6855 3313 6855 4030 6856 3313 6856 4031 6856 4031 6857 3313 6857 3315 6857 4031 6858 3315 6858 4032 6858 4032 6859 3315 6859 3317 6859 4032 6860 3317 6860 4033 6860 4033 6861 3317 6861 3319 6861 4033 6862 3319 6862 4034 6862 4034 6863 3319 6863 3321 6863 4034 6864 3321 6864 4035 6864 4035 6865 3321 6865 3323 6865 4035 6866 3323 6866 4036 6866 4036 6867 3323 6867 3325 6867 4036 6868 3325 6868 4037 6868 4037 6869 3325 6869 3327 6869 4037 6870 3327 6870 4038 6870 4038 6871 3327 6871 3329 6871 4038 6872 3329 6872 4039 6872 4039 6873 3329 6873 3331 6873 4039 6874 3331 6874 3968 6874 3968 6875 3331 6875 3189 6875 4019 6876 4040 6876 4018 6876 4025 6877 4026 6877 4041 6877 3986 6878 4042 6878 4043 6878 3986 6879 4043 6879 4044 6879 3986 6880 4044 6880 4045 6880 3986 6881 4045 6881 3985 6881 4046 6882 4040 6882 4019 6882 4046 6883 4019 6883 4020 6883 4046 6884 4020 6884 4021 6884 4046 6885 4021 6885 4022 6885 4046 6886 4022 6886 4047 6886 4048 6887 3986 6887 3987 6887 4048 6888 3987 6888 3988 6888 4048 6889 3988 6889 4049 6889 4022 6890 4023 6890 4050 6890 4022 6891 4050 6891 4051 6891 4022 6892 4051 6892 4052 6892 4022 6893 4052 6893 4053 6893 4022 6894 4053 6894 4054 6894 4022 6895 4054 6895 4055 6895 4022 6896 4055 6896 4056 6896 4022 6897 4056 6897 4057 6897 4022 6898 4057 6898 4047 6898 4042 6899 3986 6899 4058 6899 4058 6900 3986 6900 4048 6900 4058 6901 4048 6901 4059 6901 4059 6902 4048 6902 4060 6902 4018 6903 4040 6903 4017 6903 4017 6904 4040 6904 4061 6904 4017 6905 4061 6905 4016 6905 4016 6906 4061 6906 4062 6906 4016 6907 4062 6907 4015 6907 4015 6908 4062 6908 4063 6908 4015 6909 4063 6909 4014 6909 4014 6910 4063 6910 4064 6910 4014 6911 4064 6911 4013 6911 4013 6912 4064 6912 4012 6912 4012 6913 4064 6913 4065 6913 4012 6914 4065 6914 4011 6914 4011 6915 4065 6915 4066 6915 4011 6916 4066 6916 4010 6916 4010 6917 4066 6917 4067 6917 4010 6918 4067 6918 4009 6918 4009 6919 4067 6919 4068 6919 4009 6920 4068 6920 4008 6920 4008 6921 4068 6921 4069 6921 4008 6922 4069 6922 4007 6922 4007 6923 4069 6923 4070 6923 4007 6924 4070 6924 4006 6924 4006 6925 4070 6925 4071 6925 4006 6926 4071 6926 4005 6926 4005 6927 4071 6927 4072 6927 4005 6928 4072 6928 4004 6928 4004 6929 4072 6929 4073 6929 4004 6930 4073 6930 4003 6930 4003 6931 4073 6931 4074 6931 4003 6932 4074 6932 4002 6932 4002 6933 4074 6933 4075 6933 4002 6934 4075 6934 4001 6934 4001 6935 4075 6935 4076 6935 4001 6936 4076 6936 4000 6936 4000 6937 4076 6937 4077 6937 4000 6938 4077 6938 3999 6938 3999 6939 4077 6939 4078 6939 3999 6940 4078 6940 3998 6940 3998 6941 4078 6941 4079 6941 3998 6942 4079 6942 3997 6942 3997 6943 4079 6943 4080 6943 3997 6944 4080 6944 3996 6944 3996 6945 4080 6945 4081 6945 3996 6946 4081 6946 3995 6946 3995 6947 4081 6947 4082 6947 3995 6948 4082 6948 3994 6948 3994 6949 4082 6949 4083 6949 3994 6950 4083 6950 3993 6950 3993 6951 4083 6951 3992 6951 3992 6952 4083 6952 4084 6952 3992 6953 4084 6953 3991 6953 3991 6954 4084 6954 4085 6954 3991 6955 4085 6955 3990 6955 3990 6956 4085 6956 4086 6956 3990 6957 4086 6957 3989 6957 3989 6958 4086 6958 4049 6958 3989 6959 4049 6959 3988 6959 4025 6960 4041 6960 4024 6960 4024 6961 4041 6961 4050 6961 4024 6962 4050 6962 4023 6962 4041 6963 4026 6963 4087 6963 4087 6964 4026 6964 4027 6964 4087 6965 4027 6965 4088 6965 4088 6966 4027 6966 4028 6966 4088 6967 4028 6967 4089 6967 4089 6968 4028 6968 4029 6968 4089 6969 4029 6969 4090 6969 4090 6970 4029 6970 4030 6970 4090 6971 4030 6971 4031 6971 4090 6972 4031 6972 4091 6972 4091 6973 4031 6973 4032 6973 4091 6974 4032 6974 4092 6974 4092 6975 4032 6975 4033 6975 4092 6976 4033 6976 4093 6976 4093 6977 4033 6977 4034 6977 4093 6978 4034 6978 4094 6978 4094 6979 4034 6979 4035 6979 4094 6980 4035 6980 4095 6980 4095 6981 4035 6981 4036 6981 4095 6982 4036 6982 4096 6982 4096 6983 4036 6983 4037 6983 4096 6984 4037 6984 4097 6984 4097 6985 4037 6985 4038 6985 4097 6986 4038 6986 4098 6986 4098 6987 4038 6987 4039 6987 4098 6988 4039 6988 4099 6988 4099 6989 4039 6989 3968 6989 4099 6990 3968 6990 4100 6990 4100 6991 3968 6991 3969 6991 4100 6992 3969 6992 4101 6992 4101 6993 3969 6993 3970 6993 4101 6994 3970 6994 4102 6994 4102 6995 3970 6995 3971 6995 4102 6996 3971 6996 4103 6996 4103 6997 3971 6997 3972 6997 4103 6998 3972 6998 4104 6998 4104 6999 3972 6999 3973 6999 4104 7000 3973 7000 4105 7000 4105 7001 3973 7001 3974 7001 4105 7002 3974 7002 4106 7002 4106 7003 3974 7003 3975 7003 4106 7004 3975 7004 4107 7004 4107 7005 3975 7005 3976 7005 4107 7006 3976 7006 4108 7006 4108 7007 3976 7007 3977 7007 4108 7008 3977 7008 4109 7008 4109 7009 3977 7009 3978 7009 4109 7010 3978 7010 3979 7010 4109 7011 3979 7011 4110 7011 4110 7012 3979 7012 3980 7012 4110 7013 3980 7013 4111 7013 4111 7014 3980 7014 3981 7014 4111 7015 3981 7015 4112 7015 4112 7016 3981 7016 3982 7016 4112 7017 3982 7017 4113 7017 4113 7018 3982 7018 3983 7018 4113 7019 3983 7019 3984 7019 3984 7020 3985 7020 4113 7020 4113 7021 3985 7021 4045 7021 4114 7022 4073 7022 4115 7022 4115 7023 4073 7023 4072 7023 4115 7024 4072 7024 4116 7024 4116 7025 4072 7025 4071 7025 4116 7026 4071 7026 4117 7026 4117 7027 4071 7027 4070 7027 4117 7028 4070 7028 4118 7028 4118 7029 4070 7029 4069 7029 4118 7030 4069 7030 4119 7030 4119 7031 4069 7031 4068 7031 4119 7032 4068 7032 4120 7032 4120 7033 4068 7033 4067 7033 4120 7034 4067 7034 4121 7034 4121 7035 4067 7035 4066 7035 4121 7036 4066 7036 4122 7036 4122 7037 4066 7037 4065 7037 4122 7038 4065 7038 4123 7038 4123 7039 4065 7039 4064 7039 4123 7040 4064 7040 4124 7040 4124 7041 4064 7041 4063 7041 4124 7042 4063 7042 4125 7042 4125 7043 4063 7043 4062 7043 4125 7044 4062 7044 4126 7044 4126 7045 4062 7045 4061 7045 4126 7046 4061 7046 4127 7046 4127 7047 4061 7047 4040 7047 4127 7048 4040 7048 4128 7048 4128 7049 4040 7049 4046 7049 4128 7050 4046 7050 4129 7050 4129 7051 4046 7051 4047 7051 4129 7052 4047 7052 4130 7052 4130 7053 4047 7053 4057 7053 4130 7054 4057 7054 4131 7054 4131 7055 4057 7055 4056 7055 4131 7056 4056 7056 4132 7056 4132 7057 4056 7057 4055 7057 4132 7058 4055 7058 4133 7058 4133 7059 4055 7059 4054 7059 4133 7060 4054 7060 4134 7060 4134 7061 4054 7061 4053 7061 4134 7062 4053 7062 4135 7062 4135 7063 4053 7063 4052 7063 4135 7064 4052 7064 4136 7064 4136 7065 4052 7065 4051 7065 4136 7066 4051 7066 4137 7066 4137 7067 4051 7067 4050 7067 4137 7068 4050 7068 4138 7068 4138 7069 4050 7069 4041 7069 4138 7070 4041 7070 4139 7070 4139 7071 4041 7071 4087 7071 4139 7072 4087 7072 4140 7072 4140 7073 4087 7073 4088 7073 4140 7074 4088 7074 4141 7074 4141 7075 4088 7075 4089 7075 4141 7076 4089 7076 4142 7076 4142 7077 4089 7077 4090 7077 4142 7078 4090 7078 4143 7078 4143 7079 4090 7079 4091 7079 4143 7080 4091 7080 4144 7080 4144 7081 4091 7081 4092 7081 4144 7082 4092 7082 4145 7082 4145 7083 4092 7083 4093 7083 4145 7084 4093 7084 4146 7084 4146 7085 4093 7085 4094 7085 4146 7086 4094 7086 4147 7086 4147 7087 4094 7087 4095 7087 4147 7088 4095 7088 4148 7088 4148 7089 4095 7089 4096 7089 4148 7090 4096 7090 4149 7090 4149 7091 4096 7091 4097 7091 4149 7092 4097 7092 4150 7092 4150 7093 4097 7093 4098 7093 4150 7094 4098 7094 4151 7094 4151 7095 4098 7095 4099 7095 4151 7096 4099 7096 4152 7096 4152 7097 4099 7097 4100 7097 4152 7098 4100 7098 4153 7098 4153 7099 4100 7099 4101 7099 4153 7100 4101 7100 4154 7100 4154 7101 4101 7101 4102 7101 4154 7102 4102 7102 4155 7102 4155 7103 4102 7103 4103 7103 4155 7104 4103 7104 4156 7104 4156 7105 4103 7105 4104 7105 4156 7106 4104 7106 4157 7106 4157 7107 4104 7107 4105 7107 4157 7108 4105 7108 4158 7108 4158 7109 4105 7109 4106 7109 4158 7110 4106 7110 4159 7110 4159 7111 4106 7111 4107 7111 4159 7112 4107 7112 4160 7112 4160 7113 4107 7113 4108 7113 4160 7114 4108 7114 4161 7114 4161 7115 4108 7115 4109 7115 4161 7116 4109 7116 4162 7116 4162 7117 4109 7117 4110 7117 4162 7118 4110 7118 4163 7118 4163 7119 4110 7119 4111 7119 4163 7120 4111 7120 4164 7120 4164 7121 4111 7121 4112 7121 4164 7122 4112 7122 4165 7122 4165 7123 4112 7123 4113 7123 4165 7124 4113 7124 4166 7124 4166 7125 4113 7125 4045 7125 4166 7126 4045 7126 4167 7126 4167 7127 4045 7127 4044 7127 4167 7128 4044 7128 4168 7128 4168 7129 4044 7129 4043 7129 4168 7130 4043 7130 4169 7130 4169 7131 4043 7131 4042 7131 4169 7132 4042 7132 4170 7132 4170 7133 4042 7133 4058 7133 4170 7134 4058 7134 4171 7134 4171 7135 4058 7135 4059 7135 4171 7136 4059 7136 4172 7136 4172 7137 4059 7137 4060 7137 4172 7138 4060 7138 4173 7138 4173 7139 4060 7139 4048 7139 4173 7140 4048 7140 4174 7140 4174 7141 4048 7141 4049 7141 4174 7142 4049 7142 4175 7142 4175 7143 4049 7143 4086 7143 4175 7144 4086 7144 4176 7144 4176 7145 4086 7145 4085 7145 4176 7146 4085 7146 4177 7146 4177 7147 4085 7147 4084 7147 4177 7148 4084 7148 4178 7148 4178 7149 4084 7149 4083 7149 4178 7150 4083 7150 4179 7150 4179 7151 4083 7151 4082 7151 4179 7152 4082 7152 4180 7152 4180 7153 4082 7153 4081 7153 4180 7154 4081 7154 4181 7154 4181 7155 4081 7155 4080 7155 4181 7156 4080 7156 4182 7156 4182 7157 4080 7157 4079 7157 4182 7158 4079 7158 4183 7158 4183 7159 4079 7159 4078 7159 4183 7160 4078 7160 4184 7160 4184 7161 4078 7161 4077 7161 4184 7162 4077 7162 4185 7162 4185 7163 4077 7163 4076 7163 4185 7164 4076 7164 4186 7164 4186 7165 4076 7165 4075 7165 4186 7166 4075 7166 4187 7166 4187 7167 4075 7167 4074 7167 4187 7168 4074 7168 4114 7168 4114 7169 4074 7169 4073 7169 4188 7170 4114 7170 4189 7170 4189 7171 4114 7171 4115 7171 4189 7172 4115 7172 4190 7172 4190 7173 4115 7173 4116 7173 4190 7174 4116 7174 4191 7174 4191 7175 4116 7175 4117 7175 4191 7176 4117 7176 4192 7176 4192 7177 4117 7177 4118 7177 4192 7178 4118 7178 4193 7178 4193 7179 4118 7179 4119 7179 4193 7180 4119 7180 4194 7180 4194 7181 4119 7181 4120 7181 4194 7182 4120 7182 4195 7182 4195 7183 4120 7183 4121 7183 4195 7184 4121 7184 4196 7184 4196 7185 4121 7185 4122 7185 4196 7186 4122 7186 4197 7186 4197 7187 4122 7187 4123 7187 4197 7188 4123 7188 4198 7188 4198 7189 4123 7189 4124 7189 4198 7190 4124 7190 4199 7190 4199 7191 4124 7191 4125 7191 4199 7192 4125 7192 4200 7192 4200 7193 4125 7193 4126 7193 4200 7194 4126 7194 4201 7194 4201 7195 4126 7195 4127 7195 4201 7196 4127 7196 4202 7196 4202 7197 4127 7197 4128 7197 4202 7198 4128 7198 4203 7198 4203 7199 4128 7199 4129 7199 4203 7200 4129 7200 4204 7200 4204 7201 4129 7201 4130 7201 4204 7202 4130 7202 4205 7202 4205 7203 4130 7203 4131 7203 4205 7204 4131 7204 4206 7204 4206 7205 4131 7205 4132 7205 4206 7206 4132 7206 4207 7206 4207 7207 4132 7207 4133 7207 4207 7208 4133 7208 4208 7208 4208 7209 4133 7209 4134 7209 4208 7210 4134 7210 4209 7210 4209 7211 4134 7211 4135 7211 4209 7212 4135 7212 4210 7212 4210 7213 4135 7213 4136 7213 4210 7214 4136 7214 4211 7214 4211 7215 4136 7215 4137 7215 4211 7216 4137 7216 4212 7216 4212 7217 4137 7217 4138 7217 4212 7218 4138 7218 4213 7218 4213 7219 4138 7219 4139 7219 4213 7220 4139 7220 4214 7220 4214 7221 4139 7221 4140 7221 4214 7222 4140 7222 4215 7222 4215 7223 4140 7223 4141 7223 4215 7224 4141 7224 4216 7224 4216 7225 4141 7225 4142 7225 4216 7226 4142 7226 4217 7226 4217 7227 4142 7227 4143 7227 4217 7228 4143 7228 4218 7228 4218 7229 4143 7229 4144 7229 4218 7230 4144 7230 4219 7230 4219 7231 4144 7231 4145 7231 4219 7232 4145 7232 4220 7232 4220 7233 4145 7233 4146 7233 4220 7234 4146 7234 4221 7234 4221 7235 4146 7235 4147 7235 4221 7236 4147 7236 4222 7236 4222 7237 4147 7237 4148 7237 4222 7238 4148 7238 4223 7238 4223 7239 4148 7239 4149 7239 4223 7240 4149 7240 4224 7240 4224 7241 4149 7241 4150 7241 4224 7242 4150 7242 4225 7242 4225 7243 4150 7243 4151 7243 4225 7244 4151 7244 4226 7244 4226 7245 4151 7245 4152 7245 4226 7246 4152 7246 4227 7246 4227 7247 4152 7247 4153 7247 4227 7248 4153 7248 4228 7248 4228 7249 4153 7249 4154 7249 4228 7250 4154 7250 4229 7250 4229 7251 4154 7251 4155 7251 4229 7252 4155 7252 4230 7252 4230 7253 4155 7253 4156 7253 4230 7254 4156 7254 4231 7254 4231 7255 4156 7255 4157 7255 4231 7256 4157 7256 4232 7256 4232 7257 4157 7257 4158 7257 4232 7258 4158 7258 4233 7258 4233 7259 4158 7259 4159 7259 4233 7260 4159 7260 4234 7260 4234 7261 4159 7261 4160 7261 4234 7262 4160 7262 4235 7262 4235 7263 4160 7263 4161 7263 4235 7264 4161 7264 4236 7264 4236 7265 4161 7265 4162 7265 4236 7266 4162 7266 4237 7266 4237 7267 4162 7267 4163 7267 4237 7268 4163 7268 4238 7268 4238 7269 4163 7269 4164 7269 4238 7270 4164 7270 4239 7270 4239 7271 4164 7271 4165 7271 4239 7272 4165 7272 4240 7272 4240 7273 4165 7273 4166 7273 4240 7274 4166 7274 4241 7274 4241 7275 4166 7275 4167 7275 4241 7276 4167 7276 4242 7276 4242 7277 4167 7277 4168 7277 4242 7278 4168 7278 4243 7278 4243 7279 4168 7279 4169 7279 4243 7280 4169 7280 4244 7280 4244 7281 4169 7281 4170 7281 4244 7282 4170 7282 4245 7282 4245 7283 4170 7283 4171 7283 4245 7284 4171 7284 4246 7284 4246 7285 4171 7285 4172 7285 4246 7286 4172 7286 4247 7286 4247 7287 4172 7287 4173 7287 4247 7288 4173 7288 4248 7288 4248 7289 4173 7289 4174 7289 4248 7290 4174 7290 4249 7290 4249 7291 4174 7291 4175 7291 4249 7292 4175 7292 4250 7292 4250 7293 4175 7293 4176 7293 4250 7294 4176 7294 4251 7294 4251 7295 4176 7295 4177 7295 4251 7296 4177 7296 4252 7296 4252 7297 4177 7297 4178 7297 4252 7298 4178 7298 4253 7298 4253 7299 4178 7299 4179 7299 4253 7300 4179 7300 4254 7300 4254 7301 4179 7301 4180 7301 4254 7302 4180 7302 4255 7302 4255 7303 4180 7303 4181 7303 4255 7304 4181 7304 4256 7304 4256 7305 4181 7305 4182 7305 4256 7306 4182 7306 4257 7306 4257 7307 4182 7307 4183 7307 4257 7308 4183 7308 4258 7308 4258 7309 4183 7309 4184 7309 4258 7310 4184 7310 4259 7310 4259 7311 4184 7311 4185 7311 4259 7312 4185 7312 4260 7312 4260 7313 4185 7313 4186 7313 4260 7314 4186 7314 4261 7314 4261 7315 4186 7315 4187 7315 4261 7316 4187 7316 4188 7316 4188 7317 4187 7317 4114 7317 4262 7318 4188 7318 4263 7318 4263 7319 4188 7319 4189 7319 4263 7320 4189 7320 4264 7320 4264 7321 4189 7321 4190 7321 4264 7322 4190 7322 4265 7322 4265 7323 4190 7323 4191 7323 4265 7324 4191 7324 4266 7324 4266 7325 4191 7325 4192 7325 4266 7326 4192 7326 4267 7326 4267 7327 4192 7327 4193 7327 4267 7328 4193 7328 4268 7328 4268 7329 4193 7329 4194 7329 4268 7330 4194 7330 4269 7330 4269 7331 4194 7331 4195 7331 4269 7332 4195 7332 4270 7332 4270 7333 4195 7333 4196 7333 4270 7334 4196 7334 4271 7334 4271 7335 4196 7335 4197 7335 4271 7336 4197 7336 4272 7336 4272 7337 4197 7337 4198 7337 4272 7338 4198 7338 4273 7338 4273 7339 4198 7339 4199 7339 4273 7340 4199 7340 4274 7340 4274 7341 4199 7341 4200 7341 4274 7342 4200 7342 4275 7342 4275 7343 4200 7343 4201 7343 4275 7344 4201 7344 4276 7344 4276 7345 4201 7345 4202 7345 4276 7346 4202 7346 4277 7346 4277 7347 4202 7347 4203 7347 4277 7348 4203 7348 4278 7348 4278 7349 4203 7349 4204 7349 4278 7350 4204 7350 4279 7350 4279 7351 4204 7351 4205 7351 4279 7352 4205 7352 4280 7352 4280 7353 4205 7353 4206 7353 4280 7354 4206 7354 4281 7354 4281 7355 4206 7355 4207 7355 4281 7356 4207 7356 4282 7356 4282 7357 4207 7357 4208 7357 4282 7358 4208 7358 4283 7358 4283 7359 4208 7359 4209 7359 4283 7360 4209 7360 4284 7360 4284 7361 4209 7361 4210 7361 4284 7362 4210 7362 4285 7362 4285 7363 4210 7363 4211 7363 4285 7364 4211 7364 4286 7364 4286 7365 4211 7365 4212 7365 4286 7366 4212 7366 4287 7366 4287 7367 4212 7367 4213 7367 4287 7368 4213 7368 4288 7368 4288 7369 4213 7369 4214 7369 4288 7370 4214 7370 4289 7370 4289 7371 4214 7371 4215 7371 4289 7372 4215 7372 4290 7372 4290 7373 4215 7373 4216 7373 4290 7374 4216 7374 4291 7374 4291 7375 4216 7375 4217 7375 4291 7376 4217 7376 4292 7376 4292 7377 4217 7377 4218 7377 4292 7378 4218 7378 4293 7378 4293 7379 4218 7379 4219 7379 4293 7380 4219 7380 4294 7380 4294 7381 4219 7381 4220 7381 4294 7382 4220 7382 4295 7382 4295 7383 4220 7383 4221 7383 4295 7384 4221 7384 4296 7384 4296 7385 4221 7385 4222 7385 4296 7386 4222 7386 4297 7386 4297 7387 4222 7387 4223 7387 4297 7388 4223 7388 4298 7388 4298 7389 4223 7389 4224 7389 4298 7390 4224 7390 4299 7390 4299 7391 4224 7391 4225 7391 4299 7392 4225 7392 4300 7392 4300 7393 4225 7393 4226 7393 4300 7394 4226 7394 4301 7394 4301 7395 4226 7395 4227 7395 4301 7396 4227 7396 4302 7396 4302 7397 4227 7397 4228 7397 4302 7398 4228 7398 4303 7398 4303 7399 4228 7399 4229 7399 4303 7400 4229 7400 4304 7400 4304 7401 4229 7401 4230 7401 4304 7402 4230 7402 4305 7402 4305 7403 4230 7403 4231 7403 4305 7404 4231 7404 4306 7404 4306 7405 4231 7405 4232 7405 4306 7406 4232 7406 4307 7406 4307 7407 4232 7407 4233 7407 4307 7408 4233 7408 4308 7408 4308 7409 4233 7409 4234 7409 4308 7410 4234 7410 4309 7410 4309 7411 4234 7411 4235 7411 4309 7412 4235 7412 4310 7412 4310 7413 4235 7413 4236 7413 4310 7414 4236 7414 4311 7414 4311 7415 4236 7415 4237 7415 4311 7416 4237 7416 4312 7416 4312 7417 4237 7417 4238 7417 4312 7418 4238 7418 4313 7418 4313 7419 4238 7419 4239 7419 4313 7420 4239 7420 4314 7420 4314 7421 4239 7421 4240 7421 4314 7422 4240 7422 4315 7422 4315 7423 4240 7423 4241 7423 4315 7424 4241 7424 4316 7424 4316 7425 4241 7425 4242 7425 4316 7426 4242 7426 4317 7426 4317 7427 4242 7427 4243 7427 4317 7428 4243 7428 4318 7428 4318 7429 4243 7429 4244 7429 4318 7430 4244 7430 4319 7430 4319 7431 4244 7431 4245 7431 4319 7432 4245 7432 4320 7432 4320 7433 4245 7433 4246 7433 4320 7434 4246 7434 4321 7434 4321 7435 4246 7435 4247 7435 4321 7436 4247 7436 4322 7436 4322 7437 4247 7437 4248 7437 4322 7438 4248 7438 4323 7438 4323 7439 4248 7439 4249 7439 4323 7440 4249 7440 4324 7440 4324 7441 4249 7441 4250 7441 4324 7442 4250 7442 4325 7442 4325 7443 4250 7443 4251 7443 4325 7444 4251 7444 4326 7444 4326 7445 4251 7445 4252 7445 4326 7446 4252 7446 4327 7446 4327 7447 4252 7447 4253 7447 4327 7448 4253 7448 4328 7448 4328 7449 4253 7449 4254 7449 4328 7450 4254 7450 4329 7450 4329 7451 4254 7451 4255 7451 4329 7452 4255 7452 4330 7452 4330 7453 4255 7453 4256 7453 4330 7454 4256 7454 4331 7454 4331 7455 4256 7455 4257 7455 4331 7456 4257 7456 4332 7456 4332 7457 4257 7457 4258 7457 4332 7458 4258 7458 4333 7458 4333 7459 4258 7459 4259 7459 4333 7460 4259 7460 4334 7460 4334 7461 4259 7461 4260 7461 4334 7462 4260 7462 4335 7462 4335 7463 4260 7463 4261 7463 4335 7464 4261 7464 4262 7464 4262 7465 4261 7465 4188 7465 4280 7466 4281 7466 4279 7466 4279 7467 4281 7467 4282 7467 4279 7468 4282 7468 4278 7468 4278 7469 4282 7469 4283 7469 4278 7470 4283 7470 4277 7470 4277 7471 4283 7471 4284 7471 4277 7472 4284 7472 4276 7472 4276 7473 4284 7473 4285 7473 4276 7474 4285 7474 4275 7474 4275 7475 4285 7475 4286 7475 4275 7476 4286 7476 4274 7476 4274 7477 4286 7477 4287 7477 4274 7478 4287 7478 4273 7478 4273 7479 4287 7479 4288 7479 4273 7480 4288 7480 4272 7480 4272 7481 4288 7481 4289 7481 4272 7482 4289 7482 4271 7482 4271 7483 4289 7483 4290 7483 4271 7484 4290 7484 4270 7484 4270 7485 4290 7485 4291 7485 4270 7486 4291 7486 4269 7486 4269 7487 4291 7487 4292 7487 4269 7488 4292 7488 4268 7488 4268 7489 4292 7489 4293 7489 4268 7490 4293 7490 4267 7490 4267 7491 4293 7491 4294 7491 4267 7492 4294 7492 4266 7492 4266 7493 4294 7493 4295 7493 4266 7494 4295 7494 4265 7494 4265 7495 4295 7495 4296 7495 4265 7496 4296 7496 4264 7496 4264 7497 4296 7497 4297 7497 4264 7498 4297 7498 4263 7498 4263 7499 4297 7499 4298 7499 4263 7500 4298 7500 4262 7500 4262 7501 4298 7501 4299 7501 4262 7502 4299 7502 4335 7502 4335 7503 4299 7503 4300 7503 4335 7504 4300 7504 4334 7504 4334 7505 4300 7505 4301 7505 4334 7506 4301 7506 4333 7506 4333 7507 4301 7507 4302 7507 4333 7508 4302 7508 4332 7508 4332 7509 4302 7509 4303 7509 4332 7510 4303 7510 4331 7510 4331 7511 4303 7511 4304 7511 4331 7512 4304 7512 4330 7512 4330 7513 4304 7513 4305 7513 4330 7514 4305 7514 4329 7514 4329 7515 4305 7515 4306 7515 4329 7516 4306 7516 4328 7516 4328 7517 4306 7517 4307 7517 4328 7518 4307 7518 4327 7518 4327 7519 4307 7519 4308 7519 4327 7520 4308 7520 4326 7520 4326 7521 4308 7521 4309 7521 4326 7522 4309 7522 4325 7522 4325 7523 4309 7523 4310 7523 4325 7524 4310 7524 4324 7524 4324 7525 4310 7525 4311 7525 4324 7526 4311 7526 4323 7526 4323 7527 4311 7527 4312 7527 4323 7528 4312 7528 4322 7528 4322 7529 4312 7529 4313 7529 4322 7530 4313 7530 4321 7530 4321 7531 4313 7531 4314 7531 4321 7532 4314 7532 4320 7532 4320 7533 4314 7533 4315 7533 4320 7534 4315 7534 4319 7534 4319 7535 4315 7535 4316 7535 4319 7536 4316 7536 4318 7536 4318 7537 4316 7537 4317 7537 3400 7538 3491 7538 3401 7538 3401 7539 3491 7539 3493 7539 3401 7540 3493 7540 3403 7540 3403 7541 3493 7541 3495 7541 3403 7542 3495 7542 3404 7542 3404 7543 3495 7543 3476 7543 3404 7544 3476 7544 3405 7544 3405 7545 3476 7545 3478 7545 3405 7546 3478 7546 3406 7546 3491 7547 3400 7547 3488 7547 3488 7548 3400 7548 3377 7548 3488 7549 3377 7549 3486 7549 3486 7550 3377 7550 3376 7550 3486 7551 3376 7551 3484 7551 3484 7552 3376 7552 3388 7552 3484 7553 3388 7553 3482 7553 3482 7554 3388 7554 3387 7554 3482 7555 3387 7555 3475 7555 3475 7556 3387 7556 3386 7556 3475 7557 3386 7557 3474 7557 3381 7558 3511 7558 3382 7558 3382 7559 3511 7559 3513 7559 3382 7560 3513 7560 3383 7560 3383 7561 3513 7561 3515 7561 3383 7562 3515 7562 3384 7562 3384 7563 3515 7563 3498 7563 3384 7564 3498 7564 3385 7564 3385 7565 3498 7565 3474 7565 3385 7566 3474 7566 3386 7566 3511 7567 3381 7567 3508 7567 3508 7568 3381 7568 3410 7568 3508 7569 3410 7569 3506 7569 3506 7570 3410 7570 3409 7570 3506 7571 3409 7571 3504 7571 3504 7572 3409 7572 3408 7572 3504 7573 3408 7573 3502 7573 3502 7574 3408 7574 3407 7574 3502 7575 3407 7575 3497 7575 3497 7576 3407 7576 3406 7576 3497 7577 3406 7577 3478 7577 4336 7578 4337 7578 4338 7578 4336 7579 4338 7579 4339 7579 4336 7580 4339 7580 4340 7580 4336 7581 4340 7581 4341 7581 4336 7582 4341 7582 4342 7582 4336 7583 4342 7583 4343 7583 4336 7584 4343 7584 4344 7584 4336 7585 4344 7585 4337 7585 4339 7586 4345 7586 4340 7586 4340 7587 4345 7587 4346 7587 4340 7588 4346 7588 4341 7588 4345 7589 4339 7589 4347 7589 4347 7590 4339 7590 4338 7590 4347 7591 4338 7591 4348 7591 4348 7592 4338 7592 4337 7592 4348 7593 4337 7593 4349 7593 4343 7594 4350 7594 4344 7594 4344 7595 4350 7595 4349 7595 4344 7596 4349 7596 4337 7596 4350 7597 4343 7597 4351 7597 4351 7598 4343 7598 4342 7598 4351 7599 4342 7599 4352 7599 4352 7600 4342 7600 4341 7600 4352 7601 4341 7601 4346 7601 3102 7602 4351 7602 4352 7602 3097 7603 3096 7603 3095 7603 3097 7604 3095 7604 3094 7604 3097 7605 3094 7605 3093 7605 3097 7606 3093 7606 3090 7606 3097 7607 3090 7607 4349 7607 3097 7608 4349 7608 4350 7608 3097 7609 4350 7609 4351 7609 3097 7610 4351 7610 3102 7610 4349 7611 3090 7611 3088 7611 4349 7612 3088 7612 3099 7612 4349 7613 3099 7613 3098 7613 4349 7614 3098 7614 4348 7614 4346 7615 4345 7615 3100 7615 4346 7616 3100 7616 3557 7616 4346 7617 3557 7617 3556 7617 4346 7618 3556 7618 3555 7618 4346 7619 3555 7619 3554 7619 4346 7620 3554 7620 3553 7620 4346 7621 3553 7621 3552 7621 4346 7622 3552 7622 3550 7622 4346 7623 3550 7623 3549 7623 4346 7624 3549 7624 3551 7624 4346 7625 3551 7625 3102 7625 4346 7626 3102 7626 4352 7626 4348 7627 3098 7627 4347 7627 4347 7628 3098 7628 3100 7628 4347 7629 3100 7629 4345 7629 4353 7630 4354 7630 4355 7630 4353 7631 4355 7631 4356 7631 4353 7632 4356 7632 4357 7632 4353 7633 4357 7633 4358 7633 4353 7634 4358 7634 4359 7634 4353 7635 4359 7635 4360 7635 4353 7636 4360 7636 4361 7636 4353 7637 4361 7637 4362 7637 4353 7638 4362 7638 4363 7638 4353 7639 4363 7639 4364 7639 4353 7640 4364 7640 4365 7640 4353 7641 4365 7641 4354 7641 4357 7642 4366 7642 4358 7642 4358 7643 4366 7643 4367 7643 4358 7644 4367 7644 4359 7644 4359 7645 4367 7645 4368 7645 4359 7646 4368 7646 4360 7646 4366 7647 4357 7647 4369 7647 4369 7648 4357 7648 4356 7648 4369 7649 4356 7649 4370 7649 4370 7650 4356 7650 4355 7650 4370 7651 4355 7651 4371 7651 4371 7652 4355 7652 4354 7652 4371 7653 4354 7653 4372 7653 4363 7654 4373 7654 4364 7654 4364 7655 4373 7655 4374 7655 4364 7656 4374 7656 4365 7656 4365 7657 4374 7657 4372 7657 4365 7658 4372 7658 4354 7658 4373 7659 4363 7659 4375 7659 4375 7660 4363 7660 4362 7660 4375 7661 4362 7661 4376 7661 4376 7662 4362 7662 4361 7662 4376 7663 4361 7663 4377 7663 4377 7664 4361 7664 4360 7664 4377 7665 4360 7665 4368 7665 3086 7666 3560 7666 3082 7666 3573 7667 3852 7667 3851 7667 3573 7668 3851 7668 3951 7668 3573 7669 3951 7669 3964 7669 3573 7670 3964 7670 3966 7670 3573 7671 3966 7671 3084 7671 3573 7672 3084 7672 3082 7672 3573 7673 3082 7673 3560 7673 3573 7674 3560 7674 3572 7674 3966 7675 3967 7675 4369 7675 3966 7676 4369 7676 4370 7676 3966 7677 4370 7677 4371 7677 3966 7678 4371 7678 3084 7678 3084 7679 4371 7679 4372 7679 3084 7680 4372 7680 4374 7680 3084 7681 4374 7681 4373 7681 3084 7682 4373 7682 4375 7682 3084 7683 4375 7683 3085 7683 3085 7684 4375 7684 4376 7684 3085 7685 4376 7685 4377 7685 3085 7686 4377 7686 4368 7686 3085 7687 4368 7687 4367 7687 3967 7688 3085 7688 4367 7688 3967 7689 4367 7689 4366 7689 3967 7690 4366 7690 4369 7690 3083 7691 3958 7691 3547 7691 3931 7692 3956 7692 3958 7692 3931 7693 3958 7693 3083 7693 3931 7694 3083 7694 3085 7694 3931 7695 3085 7695 3967 7695 3931 7696 3967 7696 3965 7696 3931 7697 3965 7697 3949 7697 3931 7698 3949 7698 3946 7698 3931 7699 3946 7699 3945 7699 2858 7700 2955 7700 2859 7700 2956 7701 2955 7701 2858 7701 2857 7702 2956 7702 2858 7702 2956 7703 2857 7703 2963 7703 2853 7704 2933 7704 2854 7704 2931 7705 2933 7705 2853 7705 2852 7706 2931 7706 2853 7706 2934 7707 2931 7707 2852 7707 2934 7708 2852 7708 2870 7708 2934 7709 2870 7709 2935 7709 2955 7710 2962 7710 2859 7710 2859 7711 2962 7711 2948 7711 2859 7712 2948 7712 2860 7712 2969 7713 2952 7713 2856 7713 2856 7714 2952 7714 2963 7714 2856 7715 2963 7715 2857 7715 2933 7716 2939 7716 2854 7716 2854 7717 2939 7717 2941 7717 2854 7718 2941 7718 2855 7718 2855 7719 2941 7719 2969 7719 2855 7720 2969 7720 2856 7720 2935 7721 2870 7721 2921 7721 2921 7722 2870 7722 2867 7722 2920 7723 2921 7723 2827 7723 2827 7724 2921 7724 2867 7724 2843 7725 2927 7725 2826 7725 2928 7726 2927 7726 2843 7726 2842 7727 2928 7727 2843 7727 2928 7728 2842 7728 2938 7728 2927 7729 2937 7729 2826 7729 2826 7730 2937 7730 2920 7730 2826 7731 2920 7731 2827 7731 2943 7732 2924 7732 2841 7732 2841 7733 2924 7733 2938 7733 2841 7734 2938 7734 2842 7734 2944 7735 2943 7735 2840 7735 2840 7736 2943 7736 2841 7736 2846 7737 2961 7737 2847 7737 2959 7738 2961 7738 2846 7738 2845 7739 2959 7739 2846 7739 2964 7740 2959 7740 2845 7740 2964 7741 2845 7741 2844 7741 2964 7742 2844 7742 2965 7742 2961 7743 2968 7743 2847 7743 2847 7744 2968 7744 2944 7744 2847 7745 2944 7745 2840 7745 2965 7746 2844 7746 2949 7746 2949 7747 2844 7747 2866 7747 2948 7748 2949 7748 2860 7748 2860 7749 2949 7749 2866 7749 4378 7750 2014 7750 2022 7750 2005 7751 4379 7751 2017 7751 3522 7752 3521 7752 4378 7752 4380 7753 4381 7753 2012 7753 3541 7754 3526 7754 4380 7754 4381 7755 4382 7755 2009 7755 2012 7756 4381 7756 2009 7756 3526 7757 3525 7757 4381 7757 4380 7758 3526 7758 4381 7758 3525 7759 3527 7759 4382 7759 4381 7760 3525 7760 4382 7760 4383 7761 4384 7761 2006 7761 2009 7762 4383 7762 2006 7762 4382 7763 4383 7763 2009 7763 3527 7764 3529 7764 4383 7764 4382 7765 3527 7765 4383 7765 2006 7766 4384 7766 2007 7766 4385 7767 4386 7767 2016 7767 3531 7768 3534 7768 4385 7768 4386 7769 4387 7769 2004 7769 2016 7770 4386 7770 2004 7770 4385 7771 3534 7771 4386 7771 4388 7772 4379 7772 2005 7772 4388 7773 3540 7773 4379 7773 4384 7774 4383 7774 3529 7774 2017 7775 4379 7775 2024 7775 2024 7776 4379 7776 3540 7776 2024 7777 3540 7777 2023 7777 2014 7778 4378 7778 4389 7778 4389 7779 4378 7779 3521 7779 4389 7780 3521 7780 3541 7780 3541 7781 4380 7781 4389 7781 4389 7782 4380 7782 2012 7782 4389 7783 2012 7783 2014 7783 2007 7784 4384 7784 4390 7784 4390 7785 4384 7785 3529 7785 4390 7786 3529 7786 3531 7786 3531 7787 4385 7787 4390 7787 4390 7788 4385 7788 2016 7788 4390 7789 2016 7789 2007 7789 3534 7790 3536 7790 4386 7790 4386 7791 3536 7791 3537 7791 4386 7792 3537 7792 4387 7792 4387 7793 3537 7793 3538 7793 4387 7794 3538 7794 4391 7794 4391 7795 3538 7795 3540 7795 4391 7796 3540 7796 4388 7796 4388 7797 2005 7797 4391 7797 4391 7798 2005 7798 2004 7798 4391 7799 2004 7799 4387 7799 2022 7800 3518 7800 4378 7800 4378 7801 3518 7801 3517 7801 4378 7802 3517 7802 3522 7802 3950 7803 4392 7803 3947 7803 3947 7804 4392 7804 3948 7804 3952 7805 4393 7805 3950 7805 3950 7806 4393 7806 4392 7806 3850 7807 3849 7807 3952 7807 3952 7808 3849 7808 4393 7808 3845 7809 3849 7809 3846 7809 3849 7810 3845 7810 4393 7810 4393 7811 3845 7811 4394 7811 4393 7812 4394 7812 4392 7812 4392 7813 4394 7813 3942 7813 4392 7814 3942 7814 3948 7814 3845 7815 3847 7815 4394 7815 4394 7816 3847 7816 4395 7816 4395 7817 3943 7817 4394 7817 4394 7818 3943 7818 3942 7818 3937 7819 3943 7819 3898 7819 3898 7820 3943 7820 4395 7820 3898 7821 4395 7821 3868 7821 3868 7822 4395 7822 3847 7822 3868 7823 3847 7823 3858 7823 3858 7824 3847 7824 3848 7824 3898 7825 3868 7825 3901 7825 3901 7826 3868 7826 3878 7826 3901 7827 3878 7827 3914 7827 3914 7828 3878 7828 3886 7828 3914 7829 3886 7829 1819 7829 1819 7830 3886 7830 1820 7830 3079 7831 1872 7831 1870 7831 3079 7832 1870 7832 1961 7832 3079 7833 1961 7833 1959 7833 3079 7834 1959 7834 1957 7834 3079 7835 1957 7835 1956 7835 3079 7836 1956 7836 1547 7836 3079 7837 1547 7837 1546 7837 4396 7838 4397 7838 4398 7838 4396 7839 4398 7839 4399 7839 4396 7840 4399 7840 4400 7840 4396 7841 4400 7841 4401 7841 4396 7842 4401 7842 4402 7842 4396 7843 4402 7843 4403 7843 4396 7844 4403 7844 4404 7844 4396 7845 4404 7845 4397 7845 4399 7846 1537 7846 4400 7846 4400 7847 1537 7847 1534 7847 4400 7848 1534 7848 4401 7848 1537 7849 4399 7849 1538 7849 1538 7850 4399 7850 4398 7850 1538 7851 4398 7851 1539 7851 1539 7852 4398 7852 4397 7852 1539 7853 4397 7853 1540 7853 4403 7854 1541 7854 4404 7854 4404 7855 1541 7855 1540 7855 4404 7856 1540 7856 4397 7856 1541 7857 4403 7857 1532 7857 1532 7858 4403 7858 4402 7858 1532 7859 4402 7859 1533 7859 1533 7860 4402 7860 4401 7860 1533 7861 4401 7861 1534 7861 4405 7862 4406 7862 4407 7862 4405 7863 4407 7863 4408 7863 4405 7864 4408 7864 4409 7864 4405 7865 4409 7865 4410 7865 4405 7866 4410 7866 4411 7866 4405 7867 4411 7867 4412 7867 4405 7868 4412 7868 4413 7868 4405 7869 4413 7869 4406 7869 4408 7870 1526 7870 4409 7870 4409 7871 1526 7871 1525 7871 4409 7872 1525 7872 4410 7872 1526 7873 4408 7873 1521 7873 1521 7874 4408 7874 4407 7874 1521 7875 4407 7875 1522 7875 1522 7876 4407 7876 4406 7876 1522 7877 4406 7877 1528 7877 4412 7878 1529 7878 4413 7878 4413 7879 1529 7879 1528 7879 4413 7880 1528 7880 4406 7880 1529 7881 4412 7881 1518 7881 1518 7882 4412 7882 4411 7882 1518 7883 4411 7883 1519 7883 1519 7884 4411 7884 4410 7884 1519 7885 4410 7885 1525 7885 1425 7886 4414 7886 1427 7886 1427 7887 4414 7887 3431 7887 1427 7888 3431 7888 1429 7888 4414 7889 1425 7889 4415 7889 4415 7890 1425 7890 1423 7890 4415 7891 1423 7891 4416 7891 4416 7892 1423 7892 1421 7892 4416 7893 1421 7893 4417 7893 4417 7894 1421 7894 1419 7894 4417 7895 1419 7895 3453 7895 3412 7896 4418 7896 3413 7896 3413 7897 4418 7897 4419 7897 3413 7898 4419 7898 3415 7898 3415 7899 4419 7899 4420 7899 3415 7900 4420 7900 3417 7900 3417 7901 4420 7901 4421 7901 3417 7902 4421 7902 3395 7902 3395 7903 4421 7903 4422 7903 3395 7904 4422 7904 3396 7904 3396 7905 4422 7905 4423 7905 3396 7906 4423 7906 3397 7906 3397 7907 4423 7907 4424 7907 3397 7908 4424 7908 3398 7908 3398 7909 4424 7909 4425 7909 3398 7910 4425 7910 3399 7910 3399 7911 4425 7911 4426 7911 3399 7912 4426 7912 3394 7912 3394 7913 4426 7913 4427 7913 3394 7914 4427 7914 3419 7914 3419 7915 4427 7915 4428 7915 3419 7916 4428 7916 3393 7916 3393 7917 4428 7917 3440 7917 4414 7918 3501 7918 3500 7918 3435 7919 3434 7919 3494 7919 3435 7920 3494 7920 3492 7920 3435 7921 3492 7921 3490 7921 3435 7922 3490 7922 3489 7922 3435 7923 3489 7923 3487 7923 3435 7924 3487 7924 3436 7924 3442 7925 3441 7925 3512 7925 3442 7926 3512 7926 3510 7926 3442 7927 3510 7927 3509 7927 3442 7928 3509 7928 3507 7928 3442 7929 3507 7929 3449 7929 3442 7930 3449 7930 3448 7930 3442 7931 3448 7931 3447 7931 3442 7932 3447 7932 3446 7932 3442 7933 3446 7933 3445 7933 3442 7934 3445 7934 3444 7934 3442 7935 3444 7935 3443 7935 3507 7936 4415 7936 4416 7936 3507 7937 4416 7937 4417 7937 3507 7938 4417 7938 3453 7938 3507 7939 3453 7939 3452 7939 3507 7940 3452 7940 3451 7940 3507 7941 3451 7941 3450 7941 3507 7942 3450 7942 3449 7942 3467 7943 3468 7943 3439 7943 3467 7944 3439 7944 3487 7944 3467 7945 3487 7945 3485 7945 3467 7946 3485 7946 3483 7946 3467 7947 3483 7947 3481 7947 3467 7948 3481 7948 3441 7948 3441 7949 3440 7949 3463 7949 3441 7950 3463 7950 3466 7950 3441 7951 3466 7951 3465 7951 3441 7952 3465 7952 3464 7952 3441 7953 3464 7953 3467 7953 4427 7954 4426 7954 4425 7954 4427 7955 4425 7955 4424 7955 4427 7956 4424 7956 4423 7956 4427 7957 4423 7957 4422 7957 3441 7958 3481 7958 3480 7958 3441 7959 3480 7959 3473 7959 3441 7960 3473 7960 3472 7960 3441 7961 3472 7961 3499 7961 3441 7962 3499 7962 3514 7962 3441 7963 3514 7963 3512 7963 3487 7964 3439 7964 3438 7964 3487 7965 3438 7965 3437 7965 3487 7966 3437 7966 3436 7966 3439 7967 3468 7967 3469 7967 3439 7968 3469 7968 3470 7968 3439 7969 3470 7969 3471 7969 3439 7970 3471 7970 3457 7970 3439 7971 3457 7971 3456 7971 3439 7972 3456 7972 3455 7972 3439 7973 3455 7973 3454 7973 3439 7974 3454 7974 3458 7974 3439 7975 3458 7975 4418 7975 4415 7976 3507 7976 3505 7976 4415 7977 3505 7977 3503 7977 4415 7978 3503 7978 3501 7978 4415 7979 3501 7979 4414 7979 3458 7980 4419 7980 4418 7980 4419 7981 3458 7981 4420 7981 4420 7982 3458 7982 3459 7982 4420 7983 3459 7983 4421 7983 4421 7984 3459 7984 4427 7984 4421 7985 4427 7985 4422 7985 3461 7986 4428 7986 3460 7986 3460 7987 4428 7987 4427 7987 3460 7988 4427 7988 3459 7988 3463 7989 3440 7989 3462 7989 3462 7990 3440 7990 4428 7990 3462 7991 4428 7991 3461 7991 3431 7992 3479 7992 3432 7992 3432 7993 3479 7993 3477 7993 3432 7994 3477 7994 3433 7994 3433 7995 3477 7995 3494 7995 3433 7996 3494 7996 3434 7996 3500 7997 3496 7997 4414 7997 4414 7998 3496 7998 3479 7998 4414 7999 3479 7999 3431 7999 3412 8000 3422 8000 4418 8000 4418 8001 3422 8001 1348 8001 4418 8002 1348 8002 3439 8002 3439 8003 1348 8003 1325 8003 1259 8004 1258 8004 3350 8004 1259 8005 3350 8005 3352 8005 1259 8006 3352 8006 3369 8006 1259 8007 3369 8007 1350 8007 1259 8008 1350 8008 3176 8008 3422 8009 3424 8009 1348 8009 1348 8010 3424 8010 1349 8010 3424 8011 3176 8011 1349 8011 1349 8012 3176 8012 1350 8012 4429 8013 3216 8013 4430 8013 4431 8014 4432 8014 3308 8014 4431 8015 3308 8015 3306 8015 4431 8016 3306 8016 3304 8016 4431 8017 3304 8017 3302 8017 4431 8018 3302 8018 3300 8018 4431 8019 3300 8019 3298 8019 4431 8020 3298 8020 3296 8020 4431 8021 3296 8021 3294 8021 4431 8022 3294 8022 3292 8022 4431 8023 3292 8023 3290 8023 4431 8024 3290 8024 3288 8024 4431 8025 3288 8025 4433 8025 3226 8026 3224 8026 3222 8026 3226 8027 3222 8027 3220 8027 3226 8028 3220 8028 3218 8028 3226 8029 3218 8029 3216 8029 3226 8030 3216 8030 4429 8030 3226 8031 4429 8031 4434 8031 3226 8032 4434 8032 3236 8032 3226 8033 3236 8033 3234 8033 3226 8034 3234 8034 3232 8034 3226 8035 3232 8035 3230 8035 3226 8036 3230 8036 3228 8036 4433 8037 3288 8037 4435 8037 4435 8038 3288 8038 3286 8038 4435 8039 3286 8039 4436 8039 4436 8040 3286 8040 4437 8040 4437 8041 3286 8041 3284 8041 4437 8042 3284 8042 4438 8042 4438 8043 3284 8043 4439 8043 4439 8044 3284 8044 3282 8044 4439 8045 3282 8045 4440 8045 4440 8046 3282 8046 3280 8046 4440 8047 3280 8047 4441 8047 4441 8048 3280 8048 3278 8048 4441 8049 3278 8049 4442 8049 4442 8050 3278 8050 3276 8050 4442 8051 3276 8051 4443 8051 4443 8052 3276 8052 4444 8052 4444 8053 3276 8053 3274 8053 4444 8054 3274 8054 4445 8054 4445 8055 3274 8055 3272 8055 4445 8056 3272 8056 4446 8056 4446 8057 3272 8057 3270 8057 4446 8058 3270 8058 4447 8058 4447 8059 3270 8059 3268 8059 4447 8060 3268 8060 4448 8060 4448 8061 3268 8061 3266 8061 4448 8062 3266 8062 4449 8062 4449 8063 3266 8063 3264 8063 4449 8064 3264 8064 4450 8064 4450 8065 3264 8065 3262 8065 4450 8066 3262 8066 4451 8066 4451 8067 3262 8067 3260 8067 4451 8068 3260 8068 4452 8068 4452 8069 3260 8069 3258 8069 4452 8070 3258 8070 4453 8070 4453 8071 3258 8071 3256 8071 4453 8072 3256 8072 4454 8072 4454 8073 3256 8073 3254 8073 4454 8074 3254 8074 4455 8074 4455 8075 3254 8075 3252 8075 4455 8076 3252 8076 4456 8076 4456 8077 3252 8077 3250 8077 4456 8078 3250 8078 4457 8078 4457 8079 3250 8079 3248 8079 4457 8080 3248 8080 4458 8080 4458 8081 3248 8081 3246 8081 4458 8082 3246 8082 4459 8082 4459 8083 3246 8083 4460 8083 4460 8084 3246 8084 3244 8084 4460 8085 3244 8085 4461 8085 4461 8086 3244 8086 3242 8086 4461 8087 3242 8087 4462 8087 4462 8088 3242 8088 3240 8088 4462 8089 3240 8089 4463 8089 4463 8090 3240 8090 3238 8090 4463 8091 3238 8091 4464 8091 4464 8092 3238 8092 4465 8092 4465 8093 3238 8093 3236 8093 4465 8094 3236 8094 4434 8094 3308 8095 4432 8095 3310 8095 3310 8096 4432 8096 4466 8096 3310 8097 4466 8097 4467 8097 3310 8098 4467 8098 3312 8098 3312 8099 4467 8099 4468 8099 3312 8100 4468 8100 4469 8100 3312 8101 4469 8101 3314 8101 3314 8102 4469 8102 4470 8102 3314 8103 4470 8103 3316 8103 3316 8104 4470 8104 4471 8104 3316 8105 4471 8105 3318 8105 3318 8106 4471 8106 4472 8106 3318 8107 4472 8107 3320 8107 3320 8108 4472 8108 4473 8108 3320 8109 4473 8109 4474 8109 3320 8110 4474 8110 3322 8110 3322 8111 4474 8111 4475 8111 3322 8112 4475 8112 3324 8112 3324 8113 4475 8113 4476 8113 3324 8114 4476 8114 3326 8114 3326 8115 4476 8115 4477 8115 3326 8116 4477 8116 3328 8116 3328 8117 4477 8117 4478 8117 3328 8118 4478 8118 3330 8118 3330 8119 4478 8119 4479 8119 3330 8120 4479 8120 3332 8120 3332 8121 4479 8121 4480 8121 3332 8122 4480 8122 3190 8122 3190 8123 4480 8123 4481 8123 3190 8124 4481 8124 3192 8124 3192 8125 4481 8125 4482 8125 3192 8126 4482 8126 3194 8126 3194 8127 4482 8127 4483 8127 3194 8128 4483 8128 3196 8128 3196 8129 4483 8129 4484 8129 3196 8130 4484 8130 3198 8130 3198 8131 4484 8131 4485 8131 3198 8132 4485 8132 3200 8132 3200 8133 4485 8133 4486 8133 3200 8134 4486 8134 3202 8134 3202 8135 4486 8135 4487 8135 3202 8136 4487 8136 3204 8136 3204 8137 4487 8137 4488 8137 3204 8138 4488 8138 3206 8138 3206 8139 4488 8139 4489 8139 3206 8140 4489 8140 4490 8140 3206 8141 4490 8141 3208 8141 3208 8142 4490 8142 4491 8142 3208 8143 4491 8143 3210 8143 3210 8144 4491 8144 4492 8144 3210 8145 4492 8145 3212 8145 3212 8146 4492 8146 4493 8146 3212 8147 4493 8147 3214 8147 3214 8148 4493 8148 4494 8148 3214 8149 4494 8149 4495 8149 3214 8150 4495 8150 3216 8150 3216 8151 4495 8151 4496 8151 3216 8152 4496 8152 4430 8152 662 8153 4431 8153 962 8153 962 8154 4431 8154 4433 8154 962 8155 4433 8155 1092 8155 1092 8156 4433 8156 4435 8156 1092 8157 4435 8157 1088 8157 1088 8158 4435 8158 4436 8158 1088 8159 4436 8159 1084 8159 1084 8160 4436 8160 4437 8160 1084 8161 4437 8161 1080 8161 1080 8162 4437 8162 4438 8162 1080 8163 4438 8163 1076 8163 1076 8164 4438 8164 4439 8164 1076 8165 4439 8165 1072 8165 1072 8166 4439 8166 4440 8166 1072 8167 4440 8167 1068 8167 1068 8168 4440 8168 4441 8168 1068 8169 4441 8169 1062 8169 1062 8170 4441 8170 4442 8170 1062 8171 4442 8171 1058 8171 1058 8172 4442 8172 4443 8172 1058 8173 4443 8173 1054 8173 1054 8174 4443 8174 4444 8174 1054 8175 4444 8175 1050 8175 1050 8176 4444 8176 4445 8176 1050 8177 4445 8177 1046 8177 1046 8178 4445 8178 4446 8178 1046 8179 4446 8179 1042 8179 1042 8180 4446 8180 4447 8180 1042 8181 4447 8181 1038 8181 1038 8182 4447 8182 4448 8182 1038 8183 4448 8183 1033 8183 1033 8184 4448 8184 4449 8184 1033 8185 4449 8185 1029 8185 1029 8186 4449 8186 4450 8186 1029 8187 4450 8187 1025 8187 1025 8188 4450 8188 4451 8188 1025 8189 4451 8189 1021 8189 1021 8190 4451 8190 4452 8190 1021 8191 4452 8191 1017 8191 1017 8192 4452 8192 4453 8192 1017 8193 4453 8193 1013 8193 1013 8194 4453 8194 4454 8194 1013 8195 4454 8195 1009 8195 1009 8196 4454 8196 4455 8196 1009 8197 4455 8197 1005 8197 1005 8198 4455 8198 4456 8198 1005 8199 4456 8199 1001 8199 1001 8200 4456 8200 4457 8200 1001 8201 4457 8201 997 8201 997 8202 4457 8202 4458 8202 997 8203 4458 8203 991 8203 991 8204 4458 8204 4459 8204 991 8205 4459 8205 987 8205 987 8206 4459 8206 4460 8206 987 8207 4460 8207 983 8207 983 8208 4460 8208 4461 8208 983 8209 4461 8209 979 8209 979 8210 4461 8210 4462 8210 979 8211 4462 8211 975 8211 975 8212 4462 8212 4463 8212 975 8213 4463 8213 971 8213 971 8214 4463 8214 4464 8214 971 8215 4464 8215 967 8215 967 8216 4464 8216 4465 8216 967 8217 4465 8217 961 8217 961 8218 4465 8218 4434 8218 961 8219 4434 8219 665 8219 665 8220 4434 8220 4429 8220 665 8221 4429 8221 663 8221 663 8222 4429 8222 4430 8222 663 8223 4430 8223 792 8223 792 8224 4430 8224 4496 8224 792 8225 4496 8225 788 8225 788 8226 4496 8226 4495 8226 788 8227 4495 8227 784 8227 784 8228 4495 8228 4494 8228 784 8229 4494 8229 780 8229 780 8230 4494 8230 4493 8230 780 8231 4493 8231 776 8231 776 8232 4493 8232 4492 8232 776 8233 4492 8233 772 8233 772 8234 4492 8234 4491 8234 772 8235 4491 8235 768 8235 768 8236 4491 8236 4490 8236 768 8237 4490 8237 762 8237 762 8238 4490 8238 4489 8238 762 8239 4489 8239 758 8239 758 8240 4489 8240 4488 8240 758 8241 4488 8241 754 8241 754 8242 4488 8242 4487 8242 754 8243 4487 8243 750 8243 750 8244 4487 8244 4486 8244 750 8245 4486 8245 746 8245 746 8246 4486 8246 4485 8246 746 8247 4485 8247 742 8247 742 8248 4485 8248 4484 8248 742 8249 4484 8249 738 8249 738 8250 4484 8250 4483 8250 738 8251 4483 8251 733 8251 733 8252 4483 8252 4482 8252 733 8253 4482 8253 729 8253 729 8254 4482 8254 4481 8254 729 8255 4481 8255 725 8255 725 8256 4481 8256 4480 8256 725 8257 4480 8257 721 8257 721 8258 4480 8258 4479 8258 721 8259 4479 8259 717 8259 717 8260 4479 8260 4478 8260 717 8261 4478 8261 713 8261 713 8262 4478 8262 4477 8262 713 8263 4477 8263 709 8263 709 8264 4477 8264 4476 8264 709 8265 4476 8265 705 8265 705 8266 4476 8266 4475 8266 705 8267 4475 8267 701 8267 701 8268 4475 8268 4474 8268 701 8269 4474 8269 697 8269 697 8270 4474 8270 4473 8270 697 8271 4473 8271 691 8271 691 8272 4473 8272 4472 8272 691 8273 4472 8273 687 8273 687 8274 4472 8274 4471 8274 687 8275 4471 8275 683 8275 683 8276 4471 8276 4470 8276 683 8277 4470 8277 679 8277 679 8278 4470 8278 4469 8278 679 8279 4469 8279 675 8279 675 8280 4469 8280 4468 8280 675 8281 4468 8281 671 8281 671 8282 4468 8282 4467 8282 671 8283 4467 8283 667 8283 667 8284 4467 8284 4466 8284 667 8285 4466 8285 661 8285 661 8286 4466 8286 4432 8286 661 8287 4432 8287 662 8287 662 8288 4432 8288 4431 8288 1726 8289 1728 8289 3091 8289 3091 8290 1728 8290 1730 8290 3091 8291 1730 8291 3092 8291 3092 8292 1730 8292 1732 8292 3092 8293 1732 8293 3101 8293 3101 8294 1732 8294 1734 8294 3101 8295 1734 8295 1736 8295 3101 8296 1736 8296 3089 8296 3089 8297 1736 8297 1738 8297 3089 8298 1738 8298 1654 8298 3089 8299 1654 8299 2034 8299 2034 8300 1654 8300 1653 8300 2034 8301 1653 8301 2035 8301 2035 8302 1653 8302 4497 8302 3078 8303 3077 8303 4498 8303 3078 8304 4498 8304 4499 8304 3078 8305 4499 8305 1623 8305 3078 8306 1623 8306 1617 8306 3078 8307 1617 8307 1717 8307 3078 8308 1717 8308 1716 8308 4500 8309 4501 8309 4498 8309 4501 8310 4499 8310 4498 8310 4497 8311 4502 8311 2035 8311 4502 8312 4503 8312 2035 8312 4502 8313 4504 8313 4503 8313 1651 8314 1649 8314 4502 8314 4497 8315 1651 8315 4502 8315 4504 8316 4505 8316 4506 8316 4503 8317 4504 8317 4506 8317 4502 8318 1647 8318 4504 8318 4505 8319 4507 8319 4508 8319 4506 8320 4505 8320 4508 8320 4507 8321 4509 8321 4510 8321 4508 8322 4507 8322 4510 8322 1641 8323 1640 8323 4507 8323 4509 8324 4511 8324 4512 8324 4510 8325 4509 8325 4512 8325 4507 8326 1605 8326 4509 8326 4513 8327 4514 8327 4515 8327 4512 8328 4513 8328 4515 8328 1688 8329 1690 8329 4513 8329 4514 8330 4516 8330 4517 8330 4515 8331 4514 8331 4517 8331 4513 8332 1692 8332 4514 8332 4516 8333 4518 8333 4519 8333 4517 8334 4516 8334 4519 8334 4518 8335 4501 8335 4500 8335 4519 8336 4518 8336 4500 8336 1698 8337 1615 8337 4518 8337 4518 8338 1619 8338 4501 8338 1651 8339 4497 8339 1653 8339 1649 8340 1647 8340 4502 8340 1640 8341 1605 8341 4507 8341 4511 8342 4513 8342 4512 8342 1690 8343 1692 8343 4513 8343 1615 8344 1619 8344 4518 8344 1619 8345 1618 8345 4501 8345 4501 8346 1618 8346 1623 8346 4501 8347 1623 8347 4499 8347 1647 8348 1645 8348 4504 8348 4504 8349 1645 8349 1643 8349 4504 8350 1643 8350 4505 8350 4505 8351 1643 8351 1641 8351 4505 8352 1641 8352 4507 8352 1605 8353 1606 8353 4509 8353 4509 8354 1606 8354 1686 8354 4509 8355 1686 8355 4511 8355 4511 8356 1686 8356 1688 8356 4511 8357 1688 8357 4513 8357 1692 8358 1694 8358 4514 8358 4514 8359 1694 8359 1696 8359 4514 8360 1696 8360 4516 8360 4516 8361 1696 8361 1698 8361 4516 8362 1698 8362 4518 8362 4506 8363 368 8363 4503 8363 4506 8364 421 8364 368 8364 4510 8365 425 8365 4508 8365 4512 8366 431 8366 429 8366 368 8367 346 8367 4503 8367 4503 8368 346 8368 344 8368 4503 8369 344 8369 2035 8369 425 8370 423 8370 4508 8370 4508 8371 423 8371 421 8371 4508 8372 421 8372 4506 8372 425 8373 4510 8373 427 8373 427 8374 4510 8374 4512 8374 427 8375 4512 8375 429 8375 435 8376 433 8376 4515 8376 4515 8377 433 8377 431 8377 4515 8378 431 8378 4512 8378 439 8379 437 8379 4517 8379 4517 8380 437 8380 435 8380 4517 8381 435 8381 4515 8381 366 8382 363 8382 4500 8382 4500 8383 363 8383 441 8383 4500 8384 441 8384 4519 8384 4519 8385 441 8385 439 8385 4519 8386 439 8386 4517 8386 366 8387 4500 8387 3077 8387 3077 8388 4500 8388 4498 8388 1424 8389 4520 8389 1422 8389 1422 8390 4520 8390 2887 8390 1422 8391 2887 8391 1420 8391 4520 8392 1424 8392 4521 8392 4521 8393 1424 8393 1426 8393 4521 8394 1426 8394 4522 8394 4522 8395 1426 8395 1428 8395 4522 8396 1428 8396 4523 8396 4523 8397 1428 8397 1430 8397 4523 8398 1430 8398 2905 8398 2957 8399 4523 8399 2958 8399 2972 8400 2906 8400 2973 8400 2825 8401 2823 8401 2953 8401 2825 8402 2953 8402 2951 8402 2825 8403 2951 8403 2950 8403 2825 8404 2950 8404 2940 8404 2825 8405 2940 8405 2932 8405 2825 8406 2932 8406 2930 8406 2825 8407 2930 8407 2929 8407 4521 8408 4522 8408 2891 8408 4521 8409 2891 8409 2890 8409 4521 8410 2890 8410 2889 8410 4521 8411 2889 8411 4520 8411 2947 8412 2823 8412 2821 8412 2947 8413 2821 8413 2896 8413 2947 8414 2896 8414 2895 8414 2947 8415 2895 8415 2894 8415 2947 8416 2894 8416 2893 8416 2947 8417 2893 8417 2892 8417 2947 8418 2892 8418 2891 8418 2947 8419 2891 8419 4522 8419 2984 8420 2825 8420 2929 8420 2984 8421 2929 8421 2936 8421 2984 8422 2936 8422 2942 8422 2984 8423 2942 8423 2919 8423 2984 8424 2919 8424 2983 8424 2974 8425 2913 8425 2912 8425 2974 8426 2912 8426 2911 8426 2974 8427 2911 8427 2910 8427 2974 8428 2910 8428 2909 8428 2974 8429 2909 8429 2908 8429 2974 8430 2908 8430 2907 8430 2974 8431 2907 8431 2970 8431 2919 8432 2900 8432 2899 8432 2919 8433 2899 8433 2898 8433 2919 8434 2898 8434 2897 8434 2919 8435 2897 8435 2983 8435 2897 8436 2917 8436 2975 8436 2897 8437 2975 8437 2976 8437 2897 8438 2976 8438 2977 8438 2897 8439 2977 8439 2978 8439 2897 8440 2978 8440 2979 8440 2897 8441 2979 8441 2982 8441 2897 8442 2982 8442 2981 8442 2897 8443 2981 8443 2980 8443 2897 8444 2980 8444 2983 8444 2901 8445 2900 8445 2919 8445 2901 8446 2919 8446 2918 8446 2901 8447 2918 8447 2926 8447 2901 8448 2926 8448 2925 8448 2901 8449 2925 8449 2923 8449 2901 8450 2923 8450 2902 8450 4522 8451 4523 8451 2957 8451 4522 8452 2957 8452 2966 8452 4522 8453 2966 8453 2967 8453 4522 8454 2967 8454 2947 8454 2825 8455 2984 8455 2985 8455 2825 8456 2985 8456 2986 8456 2825 8457 2986 8457 2987 8457 2825 8458 2987 8458 2973 8458 2825 8459 2973 8459 2906 8459 2823 8460 2947 8460 2946 8460 2823 8461 2946 8461 2954 8461 2823 8462 2954 8462 2953 8462 4520 8463 2889 8463 2887 8463 2887 8464 2889 8464 2888 8464 2916 8465 2915 8465 2917 8465 2917 8466 2915 8466 2914 8466 2917 8467 2914 8467 2975 8467 2975 8468 2914 8468 2913 8468 2975 8469 2913 8469 2974 8469 2905 8470 2904 8470 2945 8470 2945 8471 2904 8471 2903 8471 2945 8472 2903 8472 2922 8472 2922 8473 2903 8473 2902 8473 2922 8474 2902 8474 2923 8474 2958 8475 4523 8475 2960 8475 2960 8476 4523 8476 2905 8476 2960 8477 2905 8477 2945 8477 2970 8478 2907 8478 2971 8478 2971 8479 2907 8479 2906 8479 2971 8480 2906 8480 2972 8480 1476 8481 4524 8481 1478 8481 1478 8482 4524 8482 2798 8482 1478 8483 2798 8483 1480 8483 4524 8484 1476 8484 4525 8484 4525 8485 1476 8485 1474 8485 4525 8486 1474 8486 4526 8486 4526 8487 1474 8487 1472 8487 4526 8488 1472 8488 4527 8488 4527 8489 1472 8489 1470 8489 4527 8490 1470 8490 2797 8490 1475 8491 4528 8491 1473 8491 1473 8492 4528 8492 2733 8492 1473 8493 2733 8493 1471 8493 4528 8494 1475 8494 4529 8494 4529 8495 1475 8495 1477 8495 4529 8496 1477 8496 4530 8496 4530 8497 1477 8497 1479 8497 4530 8498 1479 8498 4531 8498 4531 8499 1479 8499 1481 8499 4531 8500 1481 8500 2758 8500 1297 8501 2612 8501 2535 8501 2820 8502 2612 8502 2821 8502 2821 8503 2612 8503 1297 8503 2821 8504 1297 8504 2896 8504 2896 8505 1297 8505 1299 8505 2716 8506 4532 8506 2722 8506 2722 8507 4532 8507 4533 8507 2722 8508 4533 8508 2721 8508 2721 8509 4533 8509 4534 8509 2721 8510 4534 8510 2701 8510 2701 8511 4534 8511 4535 8511 2701 8512 4535 8512 2702 8512 2702 8513 4535 8513 4536 8513 2702 8514 4536 8514 2703 8514 2703 8515 4536 8515 4537 8515 2703 8516 4537 8516 2704 8516 2704 8517 4537 8517 4538 8517 2704 8518 4538 8518 2705 8518 2705 8519 4538 8519 4539 8519 2705 8520 4539 8520 2706 8520 2706 8521 4539 8521 4540 8521 2706 8522 4540 8522 2707 8522 2707 8523 4540 8523 4541 8523 2707 8524 4541 8524 2730 8524 2730 8525 4541 8525 4542 8525 2730 8526 4542 8526 2728 8526 2728 8527 4542 8527 4543 8527 2728 8528 4543 8528 2725 8528 2725 8529 4543 8529 4544 8529 2725 8530 4544 8530 2723 8530 2723 8531 4544 8531 4545 8531 2723 8532 4545 8532 2698 8532 2698 8533 4545 8533 2788 8533 2801 8534 2743 8534 2742 8534 2747 8535 2746 8535 2810 8535 2747 8536 2810 8536 2811 8536 2747 8537 2811 8537 4532 8537 2816 8538 2817 8538 4541 8538 2816 8539 4541 8539 4540 8539 2816 8540 4540 8540 4539 8540 2816 8541 4539 8541 4538 8541 2816 8542 4538 8542 4537 8542 2816 8543 4537 8543 4536 8543 2816 8544 4536 8544 4535 8544 2744 8545 2743 8545 2801 8545 2744 8546 2801 8546 2800 8546 2744 8547 2800 8547 2799 8547 2744 8548 2799 8548 2798 8548 2744 8549 2798 8549 4524 8549 2744 8550 4524 8550 4525 8550 2744 8551 4525 8551 4526 8551 2744 8552 4526 8552 4527 8552 2744 8553 4527 8553 2789 8553 2744 8554 2789 8554 2807 8554 2744 8555 2807 8555 2808 8555 2744 8556 2808 8556 2745 8556 4532 8557 2811 8557 2814 8557 4532 8558 2814 8558 2813 8558 4532 8559 2813 8559 2812 8559 4532 8560 2812 8560 2815 8560 4535 8561 4534 8561 2816 8561 2816 8562 4534 8562 2815 8562 4534 8563 4533 8563 2815 8563 2815 8564 4533 8564 4532 8564 2804 8565 2803 8565 4544 8565 4544 8566 2803 8566 2802 8566 4544 8567 2802 8567 4545 8567 4545 8568 2802 8568 2806 8568 4545 8569 2806 8569 2788 8569 2788 8570 2806 8570 2807 8570 2788 8571 2807 8571 2789 8571 2791 8572 2795 8572 2792 8572 2792 8573 2795 8573 2794 8573 2792 8574 2794 8574 2793 8574 2795 8575 2791 8575 2796 8575 2796 8576 2791 8576 2790 8576 2796 8577 2790 8577 2797 8577 2797 8578 2790 8578 2789 8578 2797 8579 2789 8579 4527 8579 2808 8580 2809 8580 2745 8580 2745 8581 2809 8581 2810 8581 2745 8582 2810 8582 2746 8582 2818 8583 2819 8583 4542 8583 4542 8584 2819 8584 2805 8584 4542 8585 2805 8585 4543 8585 4543 8586 2805 8586 2804 8586 4543 8587 2804 8587 4544 8587 2818 8588 4542 8588 2817 8588 2817 8589 4542 8589 4541 8589 2690 8590 4546 8590 2688 8590 2688 8591 4546 8591 4547 8591 2688 8592 4547 8592 2665 8592 2665 8593 4547 8593 4548 8593 2665 8594 4548 8594 2692 8594 2692 8595 4548 8595 2759 8595 4546 8596 2741 8596 2774 8596 4546 8597 2774 8597 2775 8597 4546 8598 2775 8598 2776 8598 4546 8599 2776 8599 4547 8599 2749 8600 2748 8600 2773 8600 2749 8601 2773 8601 2772 8601 2749 8602 2772 8602 2750 8602 2761 8603 2760 8603 2781 8603 2761 8604 2781 8604 2780 8604 2761 8605 2780 8605 2783 8605 2761 8606 2783 8606 2767 8606 2761 8607 2767 8607 2766 8607 2761 8608 2766 8608 2765 8608 2761 8609 2765 8609 2764 8609 2761 8610 2764 8610 2763 8610 2761 8611 2763 8611 2762 8611 2774 8612 2741 8612 4528 8612 2774 8613 4528 8613 4529 8613 2774 8614 4529 8614 4530 8614 2774 8615 4530 8615 4531 8615 2774 8616 4531 8616 2758 8616 2774 8617 2758 8617 2757 8617 2774 8618 2757 8618 2756 8618 2748 8619 2784 8619 2785 8619 2748 8620 2785 8620 2786 8620 2748 8621 2786 8621 2787 8621 2748 8622 2787 8622 2773 8622 2769 8623 2768 8623 2748 8623 2748 8624 2768 8624 2784 8624 2768 8625 2767 8625 2784 8625 2784 8626 2767 8626 2783 8626 2753 8627 2752 8627 2754 8627 2754 8628 2752 8628 2755 8628 2752 8629 2774 8629 2755 8629 2755 8630 2774 8630 2756 8630 2778 8631 4548 8631 2777 8631 2777 8632 4548 8632 4547 8632 2777 8633 4547 8633 2776 8633 2781 8634 2760 8634 2782 8634 2782 8635 2760 8635 2759 8635 2782 8636 2759 8636 2779 8636 2779 8637 2759 8637 4548 8637 2779 8638 4548 8638 2778 8638 2734 8639 2738 8639 2735 8639 2735 8640 2738 8640 2737 8640 2735 8641 2737 8641 2736 8641 2738 8642 2734 8642 2739 8642 2739 8643 2734 8643 2733 8643 2739 8644 2733 8644 2740 8644 2740 8645 2733 8645 4528 8645 2740 8646 4528 8646 2741 8646 2771 8647 2770 8647 2751 8647 2751 8648 2770 8648 2774 8648 2751 8649 2774 8649 2752 8649 2771 8650 2751 8650 2772 8650 2772 8651 2751 8651 2750 8651 2536 8652 1297 8652 2535 8652 1297 8653 2536 8653 1298 8653 1298 8654 2536 8654 2557 8654 1298 8655 2557 8655 1303 8655 1303 8656 2557 8656 2585 8656 1303 8657 2585 8657 1412 8657 2716 8658 2720 8658 4532 8658 4532 8659 2720 8659 1359 8659 4532 8660 1359 8660 2747 8660 2747 8661 1359 8661 1337 8661 2690 8662 2661 8662 4546 8662 4546 8663 2661 8663 1317 8663 4546 8664 1317 8664 2741 8664 2741 8665 1317 8665 1316 8665 2553 8666 1412 8666 2585 8666 1412 8667 2553 8667 1410 8667 1410 8668 2553 8668 2555 8668 1410 8669 2555 8669 1408 8669 1408 8670 2555 8670 232 8670 1408 8671 232 8671 1406 8671 2351 8672 1362 8672 1361 8672 2371 8673 1362 8673 2351 8673 1338 8674 1362 8674 2371 8674 2369 8675 1338 8675 2371 8675 1502 8676 1338 8676 2369 8676 2364 8677 1502 8677 2369 8677 1500 8678 1502 8678 2364 8678 2350 8679 2351 8679 1361 8679 2350 8680 1361 8680 1360 8680 2350 8681 1360 8681 2710 8681 1359 8682 2720 8682 1360 8682 1360 8683 2720 8683 2710 8683 2364 8684 2366 8684 1500 8684 1500 8685 2366 8685 218 8685 1500 8686 218 8686 1498 8686 2166 8687 1319 8687 2165 8687 2165 8688 1319 8688 1318 8688 2165 8689 1318 8689 2663 8689 2663 8690 1318 8690 1317 8690 2663 8691 1317 8691 2661 8691 1319 8692 2166 8692 1320 8692 1320 8693 2166 8693 2203 8693 1320 8694 2203 8694 1344 8694 1344 8695 2203 8695 2184 8695 1344 8696 2184 8696 1461 8696 1461 8697 2184 8697 2179 8697 1461 8698 2179 8698 1459 8698 1459 8699 2179 8699 2181 8699 1459 8700 2181 8700 1457 8700 1457 8701 2181 8701 107 8701 1457 8702 107 8702 1455 8702 122 8703 1454 8703 125 8703 125 8704 1454 8704 1452 8704 125 8705 1452 8705 131 8705 131 8706 1452 8706 1450 8706 131 8707 1450 8707 160 8707 160 8708 1450 8708 1448 8708 160 8709 1448 8709 159 8709 159 8710 1448 8710 1446 8710 159 8711 1446 8711 155 8711 155 8712 1446 8712 1444 8712 155 8713 1444 8713 156 8713 156 8714 1444 8714 1394 8714 156 8715 1394 8715 235 8715 235 8716 1394 8716 1396 8716 235 8717 1396 8717 153 8717 153 8718 1396 8718 1398 8718 153 8719 1398 8719 150 8719 150 8720 1398 8720 1400 8720 150 8721 1400 8721 151 8721 151 8722 1400 8722 1402 8722 151 8723 1402 8723 229 8723 229 8724 1402 8724 1404 8724 229 8725 1404 8725 232 8725 232 8726 1404 8726 1406 8726 1503 8727 1505 8727 171 8727 172 8728 171 8728 1505 8728 1505 8729 1507 8729 172 8729 288 8730 172 8730 1507 8730 1507 8731 1509 8731 288 8731 170 8732 288 8732 1509 8732 1509 8733 1511 8733 170 8733 102 8734 170 8734 1511 8734 1511 8735 1513 8735 102 8735 238 8736 1512 8736 1510 8736 238 8737 1510 8737 168 8737 168 8738 1510 8738 1508 8738 168 8739 1508 8739 169 8739 169 8740 1508 8740 1506 8740 169 8741 1506 8741 287 8741 287 8742 1506 8742 1504 8742 287 8743 1504 8743 286 8743 286 8744 1504 8744 1496 8744 237 8745 102 8745 1513 8745 237 8746 1513 8746 1512 8746 237 8747 1512 8747 238 8747 239 8748 1497 8748 240 8748 240 8749 1497 8749 1503 8749 240 8750 1503 8750 171 8750 1498 8751 218 8751 1496 8751 1496 8752 218 8752 284 8752 1496 8753 284 8753 286 8753 255 8754 1395 8754 188 8754 188 8755 1395 8755 1443 8755 188 8756 1443 8756 189 8756 189 8757 1443 8757 1445 8757 189 8758 1445 8758 191 8758 191 8759 1445 8759 1447 8759 191 8760 1447 8760 186 8760 186 8761 1447 8761 1449 8761 186 8762 1449 8762 104 8762 104 8763 1449 8763 1451 8763 104 8764 1451 8764 109 8764 109 8765 1451 8765 1453 8765 109 8766 1453 8766 107 8766 107 8767 1453 8767 1455 8767 249 8768 1405 8768 250 8768 250 8769 1405 8769 1403 8769 250 8770 1403 8770 196 8770 196 8771 1403 8771 1401 8771 196 8772 1401 8772 193 8772 193 8773 1401 8773 1399 8773 193 8774 1399 8774 194 8774 194 8775 1399 8775 1397 8775 194 8776 1397 8776 255 8776 255 8777 1397 8777 1395 8777 4549 8778 4550 8778 4551 8778 4549 8779 4551 8779 4552 8779 4549 8780 4552 8780 4553 8780 4549 8781 4553 8781 4554 8781 4549 8782 4554 8782 4555 8782 4549 8783 4555 8783 4556 8783 4549 8784 4556 8784 4557 8784 4549 8785 4557 8785 4550 8785 4552 8786 4558 8786 4553 8786 4553 8787 4558 8787 4559 8787 4553 8788 4559 8788 4554 8788 4558 8789 4552 8789 4560 8789 4560 8790 4552 8790 4551 8790 4560 8791 4551 8791 4561 8791 4561 8792 4551 8792 4550 8792 4561 8793 4550 8793 4562 8793 4556 8794 4563 8794 4557 8794 4557 8795 4563 8795 4562 8795 4557 8796 4562 8796 4550 8796 4563 8797 4556 8797 4564 8797 4564 8798 4556 8798 4555 8798 4564 8799 4555 8799 4565 8799 4565 8800 4555 8800 4554 8800 4565 8801 4554 8801 4559 8801 4566 8802 4564 8802 4565 8802 4567 8803 4568 8803 4569 8803 4567 8804 4569 8804 4570 8804 4567 8805 4570 8805 4571 8805 4567 8806 4571 8806 4572 8806 4567 8807 4572 8807 4562 8807 4567 8808 4562 8808 4563 8808 4567 8809 4563 8809 4564 8809 4567 8810 4564 8810 4566 8810 4562 8811 4572 8811 4573 8811 4562 8812 4573 8812 4574 8812 4562 8813 4574 8813 4575 8813 4562 8814 4575 8814 4561 8814 4559 8815 4558 8815 4576 8815 4559 8816 4576 8816 4577 8816 4559 8817 4577 8817 4578 8817 4559 8818 4578 8818 4579 8818 4559 8819 4579 8819 4580 8819 4559 8820 4580 8820 4581 8820 4559 8821 4581 8821 4582 8821 4559 8822 4582 8822 4583 8822 4559 8823 4583 8823 4584 8823 4559 8824 4584 8824 4585 8824 4559 8825 4585 8825 4566 8825 4559 8826 4566 8826 4565 8826 4561 8827 4575 8827 4560 8827 4560 8828 4575 8828 4576 8828 4560 8829 4576 8829 4558 8829 2003 8830 329 8830 330 8830 1370 8831 4586 8831 1574 8831 1370 8832 1574 8832 1576 8832 1370 8833 1576 8833 1580 8833 1370 8834 1580 8834 1573 8834 1370 8835 1573 8835 1583 8835 1370 8836 1583 8836 1587 8836 1370 8837 1587 8837 343 8837 1370 8838 343 8838 340 8838 1370 8839 340 8839 338 8839 1370 8840 338 8840 336 8840 1370 8841 336 8841 335 8841 1370 8842 335 8842 332 8842 1370 8843 332 8843 329 8843 1370 8844 329 8844 2003 8844 1370 8845 2003 8845 2017 8845 1370 8846 2017 8846 1368 8846 1952 8847 4585 8847 4584 8847 1556 8848 1954 8848 4583 8848 1556 8849 4583 8849 4582 8849 1556 8850 4582 8850 1558 8850 1834 8851 4566 8851 1955 8851 1955 8852 4566 8852 4585 8852 1955 8853 4585 8853 1952 8853 4583 8854 1954 8854 4584 8854 4584 8855 1954 8855 1953 8855 4584 8856 1953 8856 1952 8856 1558 8857 4582 8857 1559 8857 1559 8858 4582 8858 4581 8858 1559 8859 4581 8859 1561 8859 1561 8860 4581 8860 1564 8860 1564 8861 4581 8861 4580 8861 1564 8862 4580 8862 1566 8862 1566 8863 4580 8863 1569 8863 1569 8864 4580 8864 4579 8864 1569 8865 4579 8865 1570 8865 1570 8866 4579 8866 4587 8866 4587 8867 4579 8867 4578 8867 4587 8868 4578 8868 4588 8868 4588 8869 4578 8869 4589 8869 4589 8870 4578 8870 4577 8870 4589 8871 4577 8871 4590 8871 4591 8872 4590 8872 4576 8872 4576 8873 4590 8873 4577 8873 1286 8874 1288 8874 4570 8874 4570 8875 4569 8875 1286 8875 1281 8876 1286 8876 4569 8876 4569 8877 4568 8877 1281 8877 4575 8878 4574 8878 4592 8878 4575 8879 4592 8879 4593 8879 4575 8880 4593 8880 4594 8880 4575 8881 4594 8881 4591 8881 4575 8882 4591 8882 4576 8882 4571 8883 4570 8883 1288 8883 4571 8884 1288 8884 1289 8884 4571 8885 1289 8885 1291 8885 4571 8886 1291 8886 1292 8886 4571 8887 1292 8887 4572 8887 4573 8888 1296 8888 4574 8888 4574 8889 1296 8889 4595 8889 4574 8890 4595 8890 4592 8890 4572 8891 1292 8891 4573 8891 4573 8892 1292 8892 1294 8892 4573 8893 1294 8893 1296 8893 4567 8894 1285 8894 4568 8894 4568 8895 1285 8895 1282 8895 4568 8896 1282 8896 1281 8896 4566 8897 1834 8897 4567 8897 4567 8898 1834 8898 1833 8898 4567 8899 1833 8899 1285 8899 4596 8900 4597 8900 4598 8900 4598 8901 4597 8901 4599 8901 4600 8902 4601 8902 4602 8902 4602 8903 4601 8903 4603 8903 4604 8904 4605 8904 4606 8904 4604 8905 4606 8905 4607 8905 4604 8906 4607 8906 4608 8906 4604 8907 4608 8907 4609 8907 4604 8908 4609 8908 4610 8908 4604 8909 4610 8909 4611 8909 4604 8910 4611 8910 4612 8910 4604 8911 4612 8911 4613 8911 4604 8912 4613 8912 4614 8912 4604 8913 4614 8913 4615 8913 4604 8914 4615 8914 4616 8914 4604 8915 4616 8915 4617 8915 4604 8916 4617 8916 4618 8916 4604 8917 4618 8917 4619 8917 4604 8918 4619 8918 4620 8918 4604 8919 4620 8919 4605 8919 4621 8920 4622 8920 4623 8920 4621 8921 4623 8921 4624 8921 4621 8922 4624 8922 4625 8922 4621 8923 4625 8923 4626 8923 4621 8924 4626 8924 4627 8924 4621 8925 4627 8925 4628 8925 4621 8926 4628 8926 4629 8926 4621 8927 4629 8927 4630 8927 4621 8928 4630 8928 4631 8928 4621 8929 4631 8929 4632 8929 4621 8930 4632 8930 4633 8930 4621 8931 4633 8931 4634 8931 4621 8932 4634 8932 4635 8932 4621 8933 4635 8933 4636 8933 4621 8934 4636 8934 4637 8934 4621 8935 4637 8935 4622 8935 4638 8936 4639 8936 4640 8936 4638 8937 4640 8937 4641 8937 4638 8938 4641 8938 4642 8938 4638 8939 4642 8939 4643 8939 4638 8940 4643 8940 4644 8940 4638 8941 4644 8941 4645 8941 4638 8942 4645 8942 4646 8942 4638 8943 4646 8943 4647 8943 4638 8944 4647 8944 4648 8944 4638 8945 4648 8945 4649 8945 4638 8946 4649 8946 4650 8946 4638 8947 4650 8947 4651 8947 4638 8948 4651 8948 4652 8948 4638 8949 4652 8949 4653 8949 4638 8950 4653 8950 4654 8950 4638 8951 4654 8951 4639 8951 4655 8952 4656 8952 4657 8952 4655 8953 4657 8953 4658 8953 4655 8954 4658 8954 4659 8954 4655 8955 4659 8955 4660 8955 4655 8956 4660 8956 4661 8956 4655 8957 4661 8957 4662 8957 4655 8958 4662 8958 4663 8958 4655 8959 4663 8959 4664 8959 4655 8960 4664 8960 4665 8960 4655 8961 4665 8961 4666 8961 4655 8962 4666 8962 4667 8962 4655 8963 4667 8963 4668 8963 4655 8964 4668 8964 4669 8964 4655 8965 4669 8965 4670 8965 4655 8966 4670 8966 4671 8966 4655 8967 4671 8967 4656 8967 4672 8968 4673 8968 4674 8968 4672 8969 4674 8969 4675 8969 4672 8970 4675 8970 4676 8970 4672 8971 4676 8971 4677 8971 4672 8972 4677 8972 4678 8972 4672 8973 4678 8973 4679 8973 4672 8974 4679 8974 4680 8974 4672 8975 4680 8975 4681 8975 4672 8976 4681 8976 4682 8976 4672 8977 4682 8977 4683 8977 4672 8978 4683 8978 4684 8978 4672 8979 4684 8979 4685 8979 4672 8980 4685 8980 4686 8980 4672 8981 4686 8981 4687 8981 4672 8982 4687 8982 4688 8982 4672 8983 4688 8983 4673 8983 4689 8984 4690 8984 4691 8984 4689 8985 4691 8985 4692 8985 4689 8986 4692 8986 4693 8986 4689 8987 4693 8987 4694 8987 4689 8988 4694 8988 4695 8988 4689 8989 4695 8989 4696 8989 4689 8990 4696 8990 4697 8990 4689 8991 4697 8991 4698 8991 4689 8992 4698 8992 4699 8992 4689 8993 4699 8993 4700 8993 4689 8994 4700 8994 4701 8994 4689 8995 4701 8995 4702 8995 4689 8996 4702 8996 4703 8996 4689 8997 4703 8997 4704 8997 4689 8998 4704 8998 4705 8998 4689 8999 4705 8999 4690 8999 4706 9000 4707 9000 4708 9000 4706 9001 4708 9001 4709 9001 4706 9002 4709 9002 4710 9002 4706 9003 4710 9003 4711 9003 4706 9004 4711 9004 4712 9004 4706 9005 4712 9005 4713 9005 4706 9006 4713 9006 4714 9006 4706 9007 4714 9007 4715 9007 4706 9008 4715 9008 4716 9008 4706 9009 4716 9009 4717 9009 4706 9010 4717 9010 4718 9010 4706 9011 4718 9011 4719 9011 4706 9012 4719 9012 4720 9012 4706 9013 4720 9013 4721 9013 4706 9014 4721 9014 4722 9014 4706 9015 4722 9015 4707 9015 4723 9016 4724 9016 4725 9016 4723 9017 4725 9017 4726 9017 4723 9018 4726 9018 4727 9018 4723 9019 4727 9019 4728 9019 4723 9020 4728 9020 4729 9020 4723 9021 4729 9021 4730 9021 4723 9022 4730 9022 4731 9022 4723 9023 4731 9023 4732 9023 4723 9024 4732 9024 4733 9024 4723 9025 4733 9025 4734 9025 4723 9026 4734 9026 4735 9026 4723 9027 4735 9027 4736 9027 4723 9028 4736 9028 4737 9028 4723 9029 4737 9029 4738 9029 4723 9030 4738 9030 4739 9030 4723 9031 4739 9031 4724 9031 4740 9032 4741 9032 4742 9032 4740 9033 4742 9033 4743 9033 4740 9034 4743 9034 4744 9034 4740 9035 4744 9035 4745 9035 4740 9036 4745 9036 4746 9036 4740 9037 4746 9037 4747 9037 4740 9038 4747 9038 4748 9038 4740 9039 4748 9039 4749 9039 4740 9040 4749 9040 4750 9040 4740 9041 4750 9041 4751 9041 4740 9042 4751 9042 4752 9042 4740 9043 4752 9043 4753 9043 4740 9044 4753 9044 4754 9044 4740 9045 4754 9045 4755 9045 4740 9046 4755 9046 4756 9046 4740 9047 4756 9047 4741 9047 4757 9048 4758 9048 4759 9048 4757 9049 4759 9049 4760 9049 4757 9050 4760 9050 4761 9050 4757 9051 4761 9051 4762 9051 4757 9052 4762 9052 4763 9052 4757 9053 4763 9053 4764 9053 4757 9054 4764 9054 4765 9054 4757 9055 4765 9055 4766 9055 4757 9056 4766 9056 4767 9056 4757 9057 4767 9057 4768 9057 4757 9058 4768 9058 4769 9058 4757 9059 4769 9059 4770 9059 4757 9060 4770 9060 4771 9060 4757 9061 4771 9061 4772 9061 4757 9062 4772 9062 4773 9062 4757 9063 4773 9063 4758 9063 4774 9064 4775 9064 4776 9064 4774 9065 4776 9065 4777 9065 4774 9066 4777 9066 4778 9066 4774 9067 4778 9067 4779 9067 4774 9068 4779 9068 4780 9068 4774 9069 4780 9069 4781 9069 4774 9070 4781 9070 4782 9070 4774 9071 4782 9071 4783 9071 4774 9072 4783 9072 4784 9072 4774 9073 4784 9073 4785 9073 4774 9074 4785 9074 4786 9074 4774 9075 4786 9075 4787 9075 4774 9076 4787 9076 4788 9076 4774 9077 4788 9077 4789 9077 4774 9078 4789 9078 4790 9078 4774 9079 4790 9079 4775 9079 4791 9080 4792 9080 4793 9080 4791 9081 4793 9081 4794 9081 4791 9082 4794 9082 4795 9082 4791 9083 4795 9083 4796 9083 4791 9084 4796 9084 4797 9084 4791 9085 4797 9085 4798 9085 4791 9086 4798 9086 4799 9086 4791 9087 4799 9087 4800 9087 4791 9088 4800 9088 4801 9088 4791 9089 4801 9089 4802 9089 4791 9090 4802 9090 4803 9090 4791 9091 4803 9091 4804 9091 4791 9092 4804 9092 4805 9092 4791 9093 4805 9093 4806 9093 4791 9094 4806 9094 4807 9094 4791 9095 4807 9095 4792 9095 4808 9096 4809 9096 4810 9096 4808 9097 4810 9097 4811 9097 4808 9098 4811 9098 4812 9098 4808 9099 4812 9099 4813 9099 4808 9100 4813 9100 4814 9100 4808 9101 4814 9101 4815 9101 4808 9102 4815 9102 4816 9102 4808 9103 4816 9103 4817 9103 4808 9104 4817 9104 4818 9104 4808 9105 4818 9105 4819 9105 4808 9106 4819 9106 4820 9106 4808 9107 4820 9107 4821 9107 4808 9108 4821 9108 4822 9108 4808 9109 4822 9109 4823 9109 4808 9110 4823 9110 4824 9110 4808 9111 4824 9111 4809 9111 4825 9112 4826 9112 4827 9112 4825 9113 4827 9113 4828 9113 4825 9114 4828 9114 4829 9114 4825 9115 4829 9115 4830 9115 4825 9116 4830 9116 4831 9116 4825 9117 4831 9117 4832 9117 4825 9118 4832 9118 4833 9118 4825 9119 4833 9119 4834 9119 4825 9120 4834 9120 4835 9120 4825 9121 4835 9121 4836 9121 4825 9122 4836 9122 4837 9122 4825 9123 4837 9123 4838 9123 4825 9124 4838 9124 4839 9124 4825 9125 4839 9125 4840 9125 4825 9126 4840 9126 4841 9126 4825 9127 4841 9127 4826 9127 4842 9128 4843 9128 4844 9128 4842 9129 4844 9129 4845 9129 4842 9130 4845 9130 4846 9130 4842 9131 4846 9131 4847 9131 4842 9132 4847 9132 4848 9132 4842 9133 4848 9133 4849 9133 4842 9134 4849 9134 4850 9134 4842 9135 4850 9135 4851 9135 4842 9136 4851 9136 4852 9136 4842 9137 4852 9137 4853 9137 4842 9138 4853 9138 4854 9138 4842 9139 4854 9139 4855 9139 4842 9140 4855 9140 4856 9140 4842 9141 4856 9141 4857 9141 4842 9142 4857 9142 4858 9142 4842 9143 4858 9143 4843 9143 4859 9144 4860 9144 4861 9144 4859 9145 4861 9145 4862 9145 4859 9146 4862 9146 4863 9146 4859 9147 4863 9147 4864 9147 4859 9148 4864 9148 4865 9148 4859 9149 4865 9149 4866 9149 4859 9150 4866 9150 4867 9150 4859 9151 4867 9151 4868 9151 4859 9152 4868 9152 4869 9152 4859 9153 4869 9153 4870 9153 4859 9154 4870 9154 4871 9154 4859 9155 4871 9155 4872 9155 4859 9156 4872 9156 4873 9156 4859 9157 4873 9157 4874 9157 4859 9158 4874 9158 4875 9158 4859 9159 4875 9159 4860 9159 4876 9160 4877 9160 4878 9160 4876 9161 4878 9161 4879 9161 4876 9162 4879 9162 4880 9162 4876 9163 4880 9163 4881 9163 4876 9164 4881 9164 4882 9164 4876 9165 4882 9165 4883 9165 4876 9166 4883 9166 4884 9166 4876 9167 4884 9167 4885 9167 4876 9168 4885 9168 4886 9168 4876 9169 4886 9169 4887 9169 4876 9170 4887 9170 4888 9170 4876 9171 4888 9171 4889 9171 4876 9172 4889 9172 4890 9172 4876 9173 4890 9173 4891 9173 4876 9174 4891 9174 4892 9174 4876 9175 4892 9175 4877 9175 4893 9176 4894 9176 4895 9176 4893 9177 4895 9177 4896 9177 4893 9178 4896 9178 4897 9178 4893 9179 4897 9179 4898 9179 4893 9180 4898 9180 4899 9180 4893 9181 4899 9181 4900 9181 4893 9182 4900 9182 4901 9182 4893 9183 4901 9183 4902 9183 4893 9184 4902 9184 4903 9184 4893 9185 4903 9185 4904 9185 4893 9186 4904 9186 4905 9186 4893 9187 4905 9187 4906 9187 4893 9188 4906 9188 4907 9188 4893 9189 4907 9189 4908 9189 4893 9190 4908 9190 4909 9190 4893 9191 4909 9191 4894 9191 4910 9192 4911 9192 4912 9192 4910 9193 4912 9193 4913 9193 4910 9194 4913 9194 4914 9194 4910 9195 4914 9195 4915 9195 4910 9196 4915 9196 4916 9196 4910 9197 4916 9197 4917 9197 4910 9198 4917 9198 4918 9198 4910 9199 4918 9199 4919 9199 4910 9200 4919 9200 4920 9200 4910 9201 4920 9201 4921 9201 4910 9202 4921 9202 4922 9202 4910 9203 4922 9203 4923 9203 4910 9204 4923 9204 4924 9204 4910 9205 4924 9205 4925 9205 4910 9206 4925 9206 4926 9206 4910 9207 4926 9207 4911 9207 4927 9208 4928 9208 4929 9208 4929 9209 4928 9209 4930 9209 4931 9210 4932 9210 4933 9210 4933 9211 4932 9211 4934 9211 4932 9212 270 9212 4934 9212 4934 9213 270 9213 274 9213 4934 9214 274 9214 290 9214 4935 9215 4936 9215 4937 9215 4937 9216 4936 9216 4938 9216 4936 9217 267 9217 4938 9217 4938 9218 267 9218 269 9218 4938 9219 269 9219 293 9219 4939 9220 4940 9220 4941 9220 4941 9221 4940 9221 4942 9221 4940 9222 257 9222 4942 9222 4942 9223 257 9223 262 9223 4942 9224 262 9224 263 9224 4943 9225 4944 9225 4945 9225 4945 9226 4944 9226 4946 9226 4944 9227 256 9227 4946 9227 4946 9228 256 9228 106 9228 4946 9229 106 9229 103 9229 4947 9230 4948 9230 4949 9230 4949 9231 4948 9231 4950 9231 4947 9232 294 9232 4948 9232 4948 9233 294 9233 254 9233 4948 9234 254 9234 253 9234 4951 9235 4952 9235 4953 9235 4953 9236 4952 9236 4954 9236 4951 9237 248 9237 4952 9237 4952 9238 248 9238 251 9238 4952 9239 251 9239 252 9239 4955 9240 4956 9240 4957 9240 4957 9241 4956 9241 4958 9241 4955 9242 296 9242 4956 9242 4956 9243 296 9243 244 9243 4956 9244 244 9244 243 9244 4959 9245 4586 9245 1369 9245 1369 9246 4586 9246 1370 9246 1592 9247 1590 9247 1635 9247 1592 9248 1635 9248 1597 9248 1592 9249 1597 9249 1593 9249 1592 9250 1593 9250 1596 9250 1592 9251 1596 9251 1575 9251 4586 9252 4959 9252 1774 9252 4586 9253 1774 9253 1763 9253 4586 9254 1763 9254 1765 9254 4586 9255 1765 9255 1592 9255 4586 9256 1592 9256 1575 9256 4586 9257 1575 9257 1574 9257 4959 9258 1284 9258 1283 9258 4959 9259 1283 9259 1859 9259 4959 9260 1859 9260 1857 9260 4959 9261 1857 9261 1856 9261 4959 9262 1856 9262 1824 9262 4959 9263 1824 9263 1822 9263 4959 9264 1822 9264 1823 9264 4959 9265 1823 9265 1774 9265 614 9266 4590 9266 4591 9266 614 9267 4591 9267 4594 9267 614 9268 4594 9268 4593 9268 614 9269 4593 9269 4592 9269 614 9270 4592 9270 4595 9270 614 9271 4595 9271 1296 9271 614 9272 1296 9272 1295 9272 587 9273 1554 9273 1570 9273 587 9274 1570 9274 4587 9274 587 9275 4587 9275 4588 9275 587 9276 4588 9276 4589 9276 587 9277 4589 9277 4590 9277 587 9278 4590 9278 614 9278 4960 9279 4961 9279 4962 9279 4962 9280 4961 9280 4963 9280 4962 9281 137 9281 4960 9281 4960 9282 137 9282 129 9282 4960 9283 129 9283 126 9283 4964 9284 4965 9284 4966 9284 4966 9285 4965 9285 4967 9285 4966 9286 228 9286 4964 9286 4964 9287 228 9287 230 9287 4964 9288 230 9288 231 9288 4968 9289 4969 9289 4970 9289 4970 9290 4969 9290 4971 9290 4971 9291 157 9291 4970 9291 4970 9292 157 9292 236 9292 4970 9293 236 9293 152 9293 4972 9294 4973 9294 4974 9294 4974 9295 4973 9295 4975 9295 4975 9296 130 9296 4974 9296 4974 9297 130 9297 132 9297 4974 9298 132 9298 227 9298 4976 9299 4977 9299 4978 9299 4978 9300 4977 9300 4979 9300 4979 9301 277 9301 4978 9301 4978 9302 277 9302 119 9302 4978 9303 119 9303 225 9303 4980 9304 4981 9304 4982 9304 4982 9305 4981 9305 4983 9305 4983 9306 280 9306 4982 9306 4982 9307 280 9307 223 9307 4982 9308 223 9308 222 9308 4984 9309 4985 9309 4986 9309 4986 9310 4985 9310 4987 9310 4987 9311 216 9311 4986 9311 4986 9312 216 9312 112 9312 4986 9313 112 9313 281 9313 4988 9314 4989 9314 4990 9314 4990 9315 4989 9315 4991 9315 4990 9316 4991 9316 4992 9316 4988 9317 92 9317 93 9317 4988 9318 99 9318 92 9318 4990 9319 4992 9319 90 9319 4990 9320 90 9320 96 9320 4990 9321 96 9321 97 9321 4990 9322 97 9322 98 9322 4990 9323 98 9323 99 9323 4990 9324 99 9324 4988 9324 4993 9325 4994 9325 4995 9325 4993 9326 4995 9326 4996 9326 4993 9327 4996 9327 4997 9327 4993 9328 4997 9328 4998 9328 4993 9329 4998 9329 4999 9329 4993 9330 4999 9330 5000 9330 4993 9331 5000 9331 5001 9331 4993 9332 5001 9332 5002 9332 4993 9333 5002 9333 5003 9333 4993 9334 5003 9334 4994 9334 5004 9335 5005 9335 5006 9335 5004 9336 5006 9336 5007 9336 5004 9337 5007 9337 5008 9337 5004 9338 5008 9338 5009 9338 5004 9339 5009 9339 5010 9339 5004 9340 5010 9340 5011 9340 5004 9341 5011 9341 5012 9341 5004 9342 5012 9342 5013 9342 5004 9343 5013 9343 5014 9343 5004 9344 5014 9344 5005 9344 5015 9345 5016 9345 4599 9345 4599 9346 5016 9346 4598 9346 5016 9347 5017 9347 4598 9347 4598 9348 5017 9348 4596 9348 5017 9349 5018 9349 4596 9349 4596 9350 5018 9350 4597 9350 4597 9351 5018 9351 4599 9351 4599 9352 5018 9352 5019 9352 4599 9353 5019 9353 5015 9353 5020 9354 1531 9354 5021 9354 5021 9355 1531 9355 1530 9355 5022 9356 1536 9356 5020 9356 5020 9357 1536 9357 1531 9357 5023 9358 1535 9358 5022 9358 5022 9359 1535 9359 1536 9359 5021 9360 1530 9360 5023 9360 5023 9361 1530 9361 1535 9361 5024 9362 1524 9362 5025 9362 5025 9363 1524 9363 1523 9363 5026 9364 1520 9364 5024 9364 5024 9365 1520 9365 1524 9365 5027 9366 1527 9366 5026 9366 5026 9367 1527 9367 1520 9367 5025 9368 1523 9368 5027 9368 5027 9369 1523 9369 1527 9369 5028 9370 5029 9370 4602 9370 4602 9371 5029 9371 4600 9371 5029 9372 5030 9372 4600 9372 4600 9373 5030 9373 4601 9373 5030 9374 5031 9374 4601 9374 4601 9375 5031 9375 4603 9375 4603 9376 5031 9376 4602 9376 4602 9377 5031 9377 5032 9377 4602 9378 5032 9378 5028 9378 4609 9379 5033 9379 4610 9379 4610 9380 5033 9380 5034 9380 4610 9381 5034 9381 4611 9381 4611 9382 5034 9382 5035 9382 4611 9383 5035 9383 4612 9383 4612 9384 5035 9384 5036 9384 4612 9385 5036 9385 4613 9385 5033 9386 4609 9386 5037 9386 5037 9387 4609 9387 4608 9387 5037 9388 4608 9388 5038 9388 5038 9389 4608 9389 4607 9389 5038 9390 4607 9390 5039 9390 5039 9391 4607 9391 4606 9391 5039 9392 4606 9392 5040 9392 5040 9393 4606 9393 4605 9393 5040 9394 4605 9394 5041 9394 4617 9395 5042 9395 4618 9395 4618 9396 5042 9396 5043 9396 4618 9397 5043 9397 4619 9397 4619 9398 5043 9398 5044 9398 4619 9399 5044 9399 4620 9399 4620 9400 5044 9400 5041 9400 4620 9401 5041 9401 4605 9401 5042 9402 4617 9402 5045 9402 5045 9403 4617 9403 4616 9403 5045 9404 4616 9404 5046 9404 5046 9405 4616 9405 4615 9405 5046 9406 4615 9406 5047 9406 5047 9407 4615 9407 4614 9407 5047 9408 4614 9408 5048 9408 5048 9409 4614 9409 4613 9409 5048 9410 4613 9410 5036 9410 4626 9411 5049 9411 4627 9411 4627 9412 5049 9412 5050 9412 4627 9413 5050 9413 4628 9413 4628 9414 5050 9414 5051 9414 4628 9415 5051 9415 4629 9415 4629 9416 5051 9416 5052 9416 4629 9417 5052 9417 4630 9417 5049 9418 4626 9418 5053 9418 5053 9419 4626 9419 4625 9419 5053 9420 4625 9420 5054 9420 5054 9421 4625 9421 4624 9421 5054 9422 4624 9422 5055 9422 5055 9423 4624 9423 4623 9423 5055 9424 4623 9424 5056 9424 5056 9425 4623 9425 4622 9425 5056 9426 4622 9426 5057 9426 4634 9427 5058 9427 4635 9427 4635 9428 5058 9428 5059 9428 4635 9429 5059 9429 4636 9429 4636 9430 5059 9430 5060 9430 4636 9431 5060 9431 4637 9431 4637 9432 5060 9432 5057 9432 4637 9433 5057 9433 4622 9433 5058 9434 4634 9434 5061 9434 5061 9435 4634 9435 4633 9435 5061 9436 4633 9436 5062 9436 5062 9437 4633 9437 4632 9437 5062 9438 4632 9438 5063 9438 5063 9439 4632 9439 4631 9439 5063 9440 4631 9440 5064 9440 5064 9441 4631 9441 4630 9441 5064 9442 4630 9442 5052 9442 4643 9443 5065 9443 4644 9443 4644 9444 5065 9444 5066 9444 4644 9445 5066 9445 4645 9445 4645 9446 5066 9446 5067 9446 4645 9447 5067 9447 4646 9447 4646 9448 5067 9448 5068 9448 4646 9449 5068 9449 4647 9449 5065 9450 4643 9450 5069 9450 5069 9451 4643 9451 4642 9451 5069 9452 4642 9452 5070 9452 5070 9453 4642 9453 4641 9453 5070 9454 4641 9454 5071 9454 5071 9455 4641 9455 4640 9455 5071 9456 4640 9456 5072 9456 5072 9457 4640 9457 4639 9457 5072 9458 4639 9458 5073 9458 4651 9459 5074 9459 4652 9459 4652 9460 5074 9460 5075 9460 4652 9461 5075 9461 4653 9461 4653 9462 5075 9462 5076 9462 4653 9463 5076 9463 4654 9463 4654 9464 5076 9464 5073 9464 4654 9465 5073 9465 4639 9465 5074 9466 4651 9466 5077 9466 5077 9467 4651 9467 4650 9467 5077 9468 4650 9468 5078 9468 5078 9469 4650 9469 4649 9469 5078 9470 4649 9470 5079 9470 5079 9471 4649 9471 4648 9471 5079 9472 4648 9472 5080 9472 5080 9473 4648 9473 4647 9473 5080 9474 4647 9474 5068 9474 4660 9475 5081 9475 4661 9475 4661 9476 5081 9476 5082 9476 4661 9477 5082 9477 4662 9477 4662 9478 5082 9478 5083 9478 4662 9479 5083 9479 4663 9479 4663 9480 5083 9480 5084 9480 4663 9481 5084 9481 4664 9481 5081 9482 4660 9482 5085 9482 5085 9483 4660 9483 4659 9483 5085 9484 4659 9484 5086 9484 5086 9485 4659 9485 4658 9485 5086 9486 4658 9486 5087 9486 5087 9487 4658 9487 4657 9487 5087 9488 4657 9488 5088 9488 5088 9489 4657 9489 4656 9489 5088 9490 4656 9490 5089 9490 4668 9491 5090 9491 4669 9491 4669 9492 5090 9492 5091 9492 4669 9493 5091 9493 4670 9493 4670 9494 5091 9494 5092 9494 4670 9495 5092 9495 4671 9495 4671 9496 5092 9496 5089 9496 4671 9497 5089 9497 4656 9497 5090 9498 4668 9498 5093 9498 5093 9499 4668 9499 4667 9499 5093 9500 4667 9500 5094 9500 5094 9501 4667 9501 4666 9501 5094 9502 4666 9502 5095 9502 5095 9503 4666 9503 4665 9503 5095 9504 4665 9504 5096 9504 5096 9505 4665 9505 4664 9505 5096 9506 4664 9506 5084 9506 4677 9507 5097 9507 4678 9507 4678 9508 5097 9508 5098 9508 4678 9509 5098 9509 4679 9509 4679 9510 5098 9510 5099 9510 4679 9511 5099 9511 4680 9511 4680 9512 5099 9512 5100 9512 4680 9513 5100 9513 4681 9513 5097 9514 4677 9514 5101 9514 5101 9515 4677 9515 4676 9515 5101 9516 4676 9516 5102 9516 5102 9517 4676 9517 4675 9517 5102 9518 4675 9518 5103 9518 5103 9519 4675 9519 4674 9519 5103 9520 4674 9520 5104 9520 5104 9521 4674 9521 4673 9521 5104 9522 4673 9522 5105 9522 4685 9523 5106 9523 4686 9523 4686 9524 5106 9524 5107 9524 4686 9525 5107 9525 4687 9525 4687 9526 5107 9526 5108 9526 4687 9527 5108 9527 4688 9527 4688 9528 5108 9528 5105 9528 4688 9529 5105 9529 4673 9529 5106 9530 4685 9530 5109 9530 5109 9531 4685 9531 4684 9531 5109 9532 4684 9532 5110 9532 5110 9533 4684 9533 4683 9533 5110 9534 4683 9534 5111 9534 5111 9535 4683 9535 4682 9535 5111 9536 4682 9536 5112 9536 5112 9537 4682 9537 4681 9537 5112 9538 4681 9538 5100 9538 4694 9539 5113 9539 4695 9539 4695 9540 5113 9540 5114 9540 4695 9541 5114 9541 4696 9541 4696 9542 5114 9542 5115 9542 4696 9543 5115 9543 4697 9543 4697 9544 5115 9544 5116 9544 4697 9545 5116 9545 4698 9545 5113 9546 4694 9546 5117 9546 5117 9547 4694 9547 4693 9547 5117 9548 4693 9548 5118 9548 5118 9549 4693 9549 4692 9549 5118 9550 4692 9550 5119 9550 5119 9551 4692 9551 4691 9551 5119 9552 4691 9552 5120 9552 5120 9553 4691 9553 4690 9553 5120 9554 4690 9554 5121 9554 4702 9555 5122 9555 4703 9555 4703 9556 5122 9556 5123 9556 4703 9557 5123 9557 4704 9557 4704 9558 5123 9558 5124 9558 4704 9559 5124 9559 4705 9559 4705 9560 5124 9560 5121 9560 4705 9561 5121 9561 4690 9561 5122 9562 4702 9562 5125 9562 5125 9563 4702 9563 4701 9563 5125 9564 4701 9564 5126 9564 5126 9565 4701 9565 4700 9565 5126 9566 4700 9566 5127 9566 5127 9567 4700 9567 4699 9567 5127 9568 4699 9568 5128 9568 5128 9569 4699 9569 4698 9569 5128 9570 4698 9570 5116 9570 4711 9571 5129 9571 4712 9571 4712 9572 5129 9572 5130 9572 4712 9573 5130 9573 4713 9573 4713 9574 5130 9574 5131 9574 4713 9575 5131 9575 4714 9575 4714 9576 5131 9576 5132 9576 4714 9577 5132 9577 4715 9577 5129 9578 4711 9578 5133 9578 5133 9579 4711 9579 4710 9579 5133 9580 4710 9580 5134 9580 5134 9581 4710 9581 4709 9581 5134 9582 4709 9582 5135 9582 5135 9583 4709 9583 4708 9583 5135 9584 4708 9584 5136 9584 5136 9585 4708 9585 4707 9585 5136 9586 4707 9586 5137 9586 4719 9587 5138 9587 4720 9587 4720 9588 5138 9588 5139 9588 4720 9589 5139 9589 4721 9589 4721 9590 5139 9590 5140 9590 4721 9591 5140 9591 4722 9591 4722 9592 5140 9592 5137 9592 4722 9593 5137 9593 4707 9593 5138 9594 4719 9594 5141 9594 5141 9595 4719 9595 4718 9595 5141 9596 4718 9596 5142 9596 5142 9597 4718 9597 4717 9597 5142 9598 4717 9598 5143 9598 5143 9599 4717 9599 4716 9599 5143 9600 4716 9600 5144 9600 5144 9601 4716 9601 4715 9601 5144 9602 4715 9602 5132 9602 4728 9603 5145 9603 4729 9603 4729 9604 5145 9604 5146 9604 4729 9605 5146 9605 4730 9605 4730 9606 5146 9606 5147 9606 4730 9607 5147 9607 4731 9607 4731 9608 5147 9608 5148 9608 4731 9609 5148 9609 4732 9609 5145 9610 4728 9610 5149 9610 5149 9611 4728 9611 4727 9611 5149 9612 4727 9612 5150 9612 5150 9613 4727 9613 4726 9613 5150 9614 4726 9614 5151 9614 5151 9615 4726 9615 4725 9615 5151 9616 4725 9616 5152 9616 5152 9617 4725 9617 4724 9617 5152 9618 4724 9618 5153 9618 4736 9619 5154 9619 4737 9619 4737 9620 5154 9620 5155 9620 4737 9621 5155 9621 4738 9621 4738 9622 5155 9622 5156 9622 4738 9623 5156 9623 4739 9623 4739 9624 5156 9624 5153 9624 4739 9625 5153 9625 4724 9625 5154 9626 4736 9626 5157 9626 5157 9627 4736 9627 4735 9627 5157 9628 4735 9628 5158 9628 5158 9629 4735 9629 4734 9629 5158 9630 4734 9630 5159 9630 5159 9631 4734 9631 4733 9631 5159 9632 4733 9632 5160 9632 5160 9633 4733 9633 4732 9633 5160 9634 4732 9634 5148 9634 4745 9635 5161 9635 4746 9635 4746 9636 5161 9636 5162 9636 4746 9637 5162 9637 4747 9637 4747 9638 5162 9638 5163 9638 4747 9639 5163 9639 4748 9639 4748 9640 5163 9640 5164 9640 4748 9641 5164 9641 4749 9641 5161 9642 4745 9642 5165 9642 5165 9643 4745 9643 4744 9643 5165 9644 4744 9644 5166 9644 5166 9645 4744 9645 4743 9645 5166 9646 4743 9646 5167 9646 5167 9647 4743 9647 4742 9647 5167 9648 4742 9648 5168 9648 5168 9649 4742 9649 4741 9649 5168 9650 4741 9650 5169 9650 4753 9651 5170 9651 4754 9651 4754 9652 5170 9652 5171 9652 4754 9653 5171 9653 4755 9653 4755 9654 5171 9654 5172 9654 4755 9655 5172 9655 4756 9655 4756 9656 5172 9656 5169 9656 4756 9657 5169 9657 4741 9657 5170 9658 4753 9658 5173 9658 5173 9659 4753 9659 4752 9659 5173 9660 4752 9660 5174 9660 5174 9661 4752 9661 4751 9661 5174 9662 4751 9662 5175 9662 5175 9663 4751 9663 4750 9663 5175 9664 4750 9664 5176 9664 5176 9665 4750 9665 4749 9665 5176 9666 4749 9666 5164 9666 4762 9667 5177 9667 4763 9667 4763 9668 5177 9668 5178 9668 4763 9669 5178 9669 4764 9669 4764 9670 5178 9670 5179 9670 4764 9671 5179 9671 4765 9671 4765 9672 5179 9672 5180 9672 4765 9673 5180 9673 4766 9673 5177 9674 4762 9674 5181 9674 5181 9675 4762 9675 4761 9675 5181 9676 4761 9676 5182 9676 5182 9677 4761 9677 4760 9677 5182 9678 4760 9678 5183 9678 5183 9679 4760 9679 4759 9679 5183 9680 4759 9680 5184 9680 5184 9681 4759 9681 4758 9681 5184 9682 4758 9682 5185 9682 4770 9683 5186 9683 4771 9683 4771 9684 5186 9684 5187 9684 4771 9685 5187 9685 4772 9685 4772 9686 5187 9686 5188 9686 4772 9687 5188 9687 4773 9687 4773 9688 5188 9688 5185 9688 4773 9689 5185 9689 4758 9689 5186 9690 4770 9690 5189 9690 5189 9691 4770 9691 4769 9691 5189 9692 4769 9692 5190 9692 5190 9693 4769 9693 4768 9693 5190 9694 4768 9694 5191 9694 5191 9695 4768 9695 4767 9695 5191 9696 4767 9696 5192 9696 5192 9697 4767 9697 4766 9697 5192 9698 4766 9698 5180 9698 4779 9699 5193 9699 4780 9699 4780 9700 5193 9700 5194 9700 4780 9701 5194 9701 4781 9701 4781 9702 5194 9702 5195 9702 4781 9703 5195 9703 4782 9703 4782 9704 5195 9704 5196 9704 4782 9705 5196 9705 4783 9705 5193 9706 4779 9706 5197 9706 5197 9707 4779 9707 4778 9707 5197 9708 4778 9708 5198 9708 5198 9709 4778 9709 4777 9709 5198 9710 4777 9710 5199 9710 5199 9711 4777 9711 4776 9711 5199 9712 4776 9712 5200 9712 5200 9713 4776 9713 4775 9713 5200 9714 4775 9714 5201 9714 4787 9715 5202 9715 4788 9715 4788 9716 5202 9716 5203 9716 4788 9717 5203 9717 4789 9717 4789 9718 5203 9718 5204 9718 4789 9719 5204 9719 4790 9719 4790 9720 5204 9720 5201 9720 4790 9721 5201 9721 4775 9721 5202 9722 4787 9722 5205 9722 5205 9723 4787 9723 4786 9723 5205 9724 4786 9724 5206 9724 5206 9725 4786 9725 4785 9725 5206 9726 4785 9726 5207 9726 5207 9727 4785 9727 4784 9727 5207 9728 4784 9728 5208 9728 5208 9729 4784 9729 4783 9729 5208 9730 4783 9730 5196 9730 4796 9731 5209 9731 4797 9731 4797 9732 5209 9732 5210 9732 4797 9733 5210 9733 4798 9733 4798 9734 5210 9734 5211 9734 4798 9735 5211 9735 4799 9735 4799 9736 5211 9736 5212 9736 4799 9737 5212 9737 4800 9737 5209 9738 4796 9738 5213 9738 5213 9739 4796 9739 4795 9739 5213 9740 4795 9740 5214 9740 5214 9741 4795 9741 4794 9741 5214 9742 4794 9742 5215 9742 5215 9743 4794 9743 4793 9743 5215 9744 4793 9744 5216 9744 5216 9745 4793 9745 4792 9745 5216 9746 4792 9746 5217 9746 4804 9747 5218 9747 4805 9747 4805 9748 5218 9748 5219 9748 4805 9749 5219 9749 4806 9749 4806 9750 5219 9750 5220 9750 4806 9751 5220 9751 4807 9751 4807 9752 5220 9752 5217 9752 4807 9753 5217 9753 4792 9753 5218 9754 4804 9754 5221 9754 5221 9755 4804 9755 4803 9755 5221 9756 4803 9756 5222 9756 5222 9757 4803 9757 4802 9757 5222 9758 4802 9758 5223 9758 5223 9759 4802 9759 4801 9759 5223 9760 4801 9760 5224 9760 5224 9761 4801 9761 4800 9761 5224 9762 4800 9762 5212 9762 4813 9763 5225 9763 4814 9763 4814 9764 5225 9764 5226 9764 4814 9765 5226 9765 4815 9765 4815 9766 5226 9766 5227 9766 4815 9767 5227 9767 4816 9767 4816 9768 5227 9768 5228 9768 4816 9769 5228 9769 4817 9769 5225 9770 4813 9770 5229 9770 5229 9771 4813 9771 4812 9771 5229 9772 4812 9772 5230 9772 5230 9773 4812 9773 4811 9773 5230 9774 4811 9774 5231 9774 5231 9775 4811 9775 4810 9775 5231 9776 4810 9776 5232 9776 5232 9777 4810 9777 4809 9777 5232 9778 4809 9778 5233 9778 4821 9779 5234 9779 4822 9779 4822 9780 5234 9780 5235 9780 4822 9781 5235 9781 4823 9781 4823 9782 5235 9782 5236 9782 4823 9783 5236 9783 4824 9783 4824 9784 5236 9784 5233 9784 4824 9785 5233 9785 4809 9785 5234 9786 4821 9786 5237 9786 5237 9787 4821 9787 4820 9787 5237 9788 4820 9788 5238 9788 5238 9789 4820 9789 4819 9789 5238 9790 4819 9790 5239 9790 5239 9791 4819 9791 4818 9791 5239 9792 4818 9792 5240 9792 5240 9793 4818 9793 4817 9793 5240 9794 4817 9794 5228 9794 4830 9795 5241 9795 4831 9795 4831 9796 5241 9796 5242 9796 4831 9797 5242 9797 4832 9797 4832 9798 5242 9798 5243 9798 4832 9799 5243 9799 4833 9799 4833 9800 5243 9800 5244 9800 4833 9801 5244 9801 4834 9801 5241 9802 4830 9802 5245 9802 5245 9803 4830 9803 4829 9803 5245 9804 4829 9804 5246 9804 5246 9805 4829 9805 4828 9805 5246 9806 4828 9806 5247 9806 5247 9807 4828 9807 4827 9807 5247 9808 4827 9808 5248 9808 5248 9809 4827 9809 4826 9809 5248 9810 4826 9810 5249 9810 4838 9811 5250 9811 4839 9811 4839 9812 5250 9812 5251 9812 4839 9813 5251 9813 4840 9813 4840 9814 5251 9814 5252 9814 4840 9815 5252 9815 4841 9815 4841 9816 5252 9816 5249 9816 4841 9817 5249 9817 4826 9817 5250 9818 4838 9818 5253 9818 5253 9819 4838 9819 4837 9819 5253 9820 4837 9820 5254 9820 5254 9821 4837 9821 4836 9821 5254 9822 4836 9822 5255 9822 5255 9823 4836 9823 4835 9823 5255 9824 4835 9824 5256 9824 5256 9825 4835 9825 4834 9825 5256 9826 4834 9826 5244 9826 4847 9827 5257 9827 4848 9827 4848 9828 5257 9828 5258 9828 4848 9829 5258 9829 4849 9829 4849 9830 5258 9830 5259 9830 4849 9831 5259 9831 4850 9831 4850 9832 5259 9832 5260 9832 4850 9833 5260 9833 4851 9833 5257 9834 4847 9834 5261 9834 5261 9835 4847 9835 4846 9835 5261 9836 4846 9836 5262 9836 5262 9837 4846 9837 4845 9837 5262 9838 4845 9838 5263 9838 5263 9839 4845 9839 4844 9839 5263 9840 4844 9840 5264 9840 5264 9841 4844 9841 4843 9841 5264 9842 4843 9842 5265 9842 4855 9843 5266 9843 4856 9843 4856 9844 5266 9844 5267 9844 4856 9845 5267 9845 4857 9845 4857 9846 5267 9846 5268 9846 4857 9847 5268 9847 4858 9847 4858 9848 5268 9848 5265 9848 4858 9849 5265 9849 4843 9849 5266 9850 4855 9850 5269 9850 5269 9851 4855 9851 4854 9851 5269 9852 4854 9852 5270 9852 5270 9853 4854 9853 4853 9853 5270 9854 4853 9854 5271 9854 5271 9855 4853 9855 4852 9855 5271 9856 4852 9856 5272 9856 5272 9857 4852 9857 4851 9857 5272 9858 4851 9858 5260 9858 4864 9859 5273 9859 4865 9859 4865 9860 5273 9860 5274 9860 4865 9861 5274 9861 4866 9861 4866 9862 5274 9862 5275 9862 4866 9863 5275 9863 4867 9863 4867 9864 5275 9864 5276 9864 4867 9865 5276 9865 4868 9865 5273 9866 4864 9866 5277 9866 5277 9867 4864 9867 4863 9867 5277 9868 4863 9868 5278 9868 5278 9869 4863 9869 4862 9869 5278 9870 4862 9870 5279 9870 5279 9871 4862 9871 4861 9871 5279 9872 4861 9872 5280 9872 5280 9873 4861 9873 4860 9873 5280 9874 4860 9874 5281 9874 4872 9875 5282 9875 4873 9875 4873 9876 5282 9876 5283 9876 4873 9877 5283 9877 4874 9877 4874 9878 5283 9878 5284 9878 4874 9879 5284 9879 4875 9879 4875 9880 5284 9880 5281 9880 4875 9881 5281 9881 4860 9881 5282 9882 4872 9882 5285 9882 5285 9883 4872 9883 4871 9883 5285 9884 4871 9884 5286 9884 5286 9885 4871 9885 4870 9885 5286 9886 4870 9886 5287 9886 5287 9887 4870 9887 4869 9887 5287 9888 4869 9888 5288 9888 5288 9889 4869 9889 4868 9889 5288 9890 4868 9890 5276 9890 4881 9891 5289 9891 4882 9891 4882 9892 5289 9892 5290 9892 4882 9893 5290 9893 4883 9893 4883 9894 5290 9894 5291 9894 4883 9895 5291 9895 4884 9895 4884 9896 5291 9896 5292 9896 4884 9897 5292 9897 4885 9897 5289 9898 4881 9898 5293 9898 5293 9899 4881 9899 4880 9899 5293 9900 4880 9900 5294 9900 5294 9901 4880 9901 4879 9901 5294 9902 4879 9902 5295 9902 5295 9903 4879 9903 4878 9903 5295 9904 4878 9904 5296 9904 5296 9905 4878 9905 4877 9905 5296 9906 4877 9906 5297 9906 4889 9907 5298 9907 4890 9907 4890 9908 5298 9908 5299 9908 4890 9909 5299 9909 4891 9909 4891 9910 5299 9910 5300 9910 4891 9911 5300 9911 4892 9911 4892 9912 5300 9912 5297 9912 4892 9913 5297 9913 4877 9913 5298 9914 4889 9914 5301 9914 5301 9915 4889 9915 4888 9915 5301 9916 4888 9916 5302 9916 5302 9917 4888 9917 4887 9917 5302 9918 4887 9918 5303 9918 5303 9919 4887 9919 4886 9919 5303 9920 4886 9920 5304 9920 5304 9921 4886 9921 4885 9921 5304 9922 4885 9922 5292 9922 4898 9923 5305 9923 4899 9923 4899 9924 5305 9924 5306 9924 4899 9925 5306 9925 4900 9925 4900 9926 5306 9926 5307 9926 4900 9927 5307 9927 4901 9927 4901 9928 5307 9928 5308 9928 4901 9929 5308 9929 4902 9929 5305 9930 4898 9930 5309 9930 5309 9931 4898 9931 4897 9931 5309 9932 4897 9932 5310 9932 5310 9933 4897 9933 4896 9933 5310 9934 4896 9934 5311 9934 5311 9935 4896 9935 4895 9935 5311 9936 4895 9936 5312 9936 5312 9937 4895 9937 4894 9937 5312 9938 4894 9938 5313 9938 4906 9939 5314 9939 4907 9939 4907 9940 5314 9940 5315 9940 4907 9941 5315 9941 4908 9941 4908 9942 5315 9942 5316 9942 4908 9943 5316 9943 4909 9943 4909 9944 5316 9944 5313 9944 4909 9945 5313 9945 4894 9945 5314 9946 4906 9946 5317 9946 5317 9947 4906 9947 4905 9947 5317 9948 4905 9948 5318 9948 5318 9949 4905 9949 4904 9949 5318 9950 4904 9950 5319 9950 5319 9951 4904 9951 4903 9951 5319 9952 4903 9952 5320 9952 5320 9953 4903 9953 4902 9953 5320 9954 4902 9954 5308 9954 4915 9955 5321 9955 4916 9955 4916 9956 5321 9956 5322 9956 4916 9957 5322 9957 4917 9957 4917 9958 5322 9958 5323 9958 4917 9959 5323 9959 4918 9959 4918 9960 5323 9960 5324 9960 4918 9961 5324 9961 4919 9961 5321 9962 4915 9962 5325 9962 5325 9963 4915 9963 4914 9963 5325 9964 4914 9964 5326 9964 5326 9965 4914 9965 4913 9965 5326 9966 4913 9966 5327 9966 5327 9967 4913 9967 4912 9967 5327 9968 4912 9968 5328 9968 5328 9969 4912 9969 4911 9969 5328 9970 4911 9970 5329 9970 4923 9971 5330 9971 4924 9971 4924 9972 5330 9972 5331 9972 4924 9973 5331 9973 4925 9973 4925 9974 5331 9974 5332 9974 4925 9975 5332 9975 4926 9975 4926 9976 5332 9976 5329 9976 4926 9977 5329 9977 4911 9977 5330 9978 4923 9978 5333 9978 5333 9979 4923 9979 4922 9979 5333 9980 4922 9980 5334 9980 5334 9981 4922 9981 4921 9981 5334 9982 4921 9982 5335 9982 5335 9983 4921 9983 4920 9983 5335 9984 4920 9984 5336 9984 5336 9985 4920 9985 4919 9985 5336 9986 4919 9986 5324 9986 5337 9987 5338 9987 4927 9987 4927 9988 5338 9988 4928 9988 5338 9989 5339 9989 4928 9989 4928 9990 5339 9990 4930 9990 5339 9991 5340 9991 4930 9991 4930 9992 5340 9992 4929 9992 4929 9993 5340 9993 4927 9993 4927 9994 5340 9994 5341 9994 4927 9995 5341 9995 5337 9995 290 9996 5342 9996 4934 9996 4934 9997 5342 9997 4933 9997 5342 9998 5343 9998 4933 9998 4933 9999 5343 9999 4931 9999 5343 10000 270 10000 4931 10000 4931 10001 270 10001 4932 10001 293 10002 5344 10002 4938 10002 4938 10003 5344 10003 4937 10003 5344 10004 5345 10004 4937 10004 4937 10005 5345 10005 4935 10005 5345 10006 267 10006 4935 10006 4935 10007 267 10007 4936 10007 263 10008 5346 10008 4942 10008 4942 10009 5346 10009 4941 10009 5346 10010 5347 10010 4941 10010 4941 10011 5347 10011 4939 10011 5347 10012 257 10012 4939 10012 4939 10013 257 10013 4940 10013 103 10014 5348 10014 4946 10014 4946 10015 5348 10015 4945 10015 5348 10016 5349 10016 4945 10016 4945 10017 5349 10017 4943 10017 5349 10018 256 10018 4943 10018 4943 10019 256 10019 4944 10019 4948 10020 253 10020 4950 10020 4950 10021 253 10021 5350 10021 4950 10022 5350 10022 4949 10022 4949 10023 5350 10023 5351 10023 294 10024 4947 10024 5351 10024 5351 10025 4947 10025 4949 10025 252 10026 5352 10026 4952 10026 4952 10027 5352 10027 4954 10027 5352 10028 5353 10028 4954 10028 4954 10029 5353 10029 4953 10029 5353 10030 248 10030 4953 10030 4953 10031 248 10031 4951 10031 243 10032 5354 10032 4956 10032 4956 10033 5354 10033 4958 10033 5354 10034 5355 10034 4958 10034 4958 10035 5355 10035 4957 10035 5355 10036 296 10036 4957 10036 4957 10037 296 10037 4955 10037 1277 10038 1287 10038 1280 10038 617 10039 616 10039 614 10039 617 10040 614 10040 1295 10040 617 10041 1295 10041 1293 10041 617 10042 1293 10042 1290 10042 617 10043 1290 10043 1287 10043 617 10044 1287 10044 1277 10044 616 10045 632 10045 610 10045 616 10046 610 10046 609 10046 616 10047 609 10047 611 10047 616 10048 611 10048 612 10048 616 10049 612 10049 613 10049 616 10050 613 10050 614 10050 4959 10051 1369 10051 1284 10051 1284 10052 1369 10052 1367 10052 1284 10053 1367 10053 1280 10053 1280 10054 1367 10054 1276 10054 1280 10055 1276 10055 1277 10055 126 10056 5356 10056 4960 10056 4960 10057 5356 10057 4961 10057 5356 10058 5357 10058 4961 10058 4961 10059 5357 10059 4963 10059 5357 10060 137 10060 4963 10060 4963 10061 137 10061 4962 10061 231 10062 5358 10062 4964 10062 4964 10063 5358 10063 4965 10063 5358 10064 5359 10064 4965 10064 4965 10065 5359 10065 4967 10065 5359 10066 228 10066 4967 10066 4967 10067 228 10067 4966 10067 5360 10068 4968 10068 152 10068 152 10069 4968 10069 4970 10069 5361 10070 4969 10070 5360 10070 5360 10071 4969 10071 4968 10071 4969 10072 5361 10072 4971 10072 4971 10073 5361 10073 157 10073 227 10074 5362 10074 4974 10074 4974 10075 5362 10075 4972 10075 5362 10076 5363 10076 4972 10076 4972 10077 5363 10077 4973 10077 5363 10078 130 10078 4973 10078 4973 10079 130 10079 4975 10079 225 10080 5364 10080 4978 10080 4978 10081 5364 10081 4976 10081 5364 10082 5365 10082 4976 10082 4976 10083 5365 10083 4977 10083 5365 10084 277 10084 4977 10084 4977 10085 277 10085 4979 10085 222 10086 5366 10086 4982 10086 4982 10087 5366 10087 4980 10087 5366 10088 5367 10088 4980 10088 4980 10089 5367 10089 4981 10089 5367 10090 280 10090 4981 10090 4981 10091 280 10091 4983 10091 281 10092 5368 10092 4986 10092 4986 10093 5368 10093 4984 10093 5368 10094 5369 10094 4984 10094 4984 10095 5369 10095 4985 10095 5369 10096 216 10096 4985 10096 4985 10097 216 10097 4987 10097 95 10098 101 10098 5370 10098 95 10099 5370 10099 4989 10099 95 10100 4989 10100 4988 10100 95 10101 4988 10101 93 10101 5371 10102 4991 10102 5370 10102 5370 10103 4991 10103 4989 10103 90 10104 4992 10104 91 10104 91 10105 4992 10105 4991 10105 91 10106 4991 10106 100 10106 100 10107 4991 10107 5371 10107 4997 10108 66 10108 4998 10108 4998 10109 66 10109 65 10109 4998 10110 65 10110 4999 10110 66 10111 4997 10111 32 10111 32 10112 4997 10112 4996 10112 32 10113 4996 10113 34 10113 34 10114 4996 10114 4995 10114 34 10115 4995 10115 35 10115 35 10116 4995 10116 4994 10116 35 10117 4994 10117 36 10117 5002 10118 26 10118 5003 10118 5003 10119 26 10119 36 10119 5003 10120 36 10120 4994 10120 26 10121 5002 10121 27 10121 27 10122 5002 10122 5001 10122 27 10123 5001 10123 63 10123 63 10124 5001 10124 5000 10124 63 10125 5000 10125 64 10125 64 10126 5000 10126 4999 10126 64 10127 4999 10127 65 10127 5008 10128 55 10128 5009 10128 5009 10129 55 10129 54 10129 5009 10130 54 10130 5010 10130 55 10131 5008 10131 56 10131 56 10132 5008 10132 5007 10132 56 10133 5007 10133 61 10133 61 10134 5007 10134 5006 10134 61 10135 5006 10135 69 10135 69 10136 5006 10136 5005 10136 69 10137 5005 10137 68 10137 5013 10138 67 10138 5014 10138 5014 10139 67 10139 68 10139 5014 10140 68 10140 5005 10140 67 10141 5013 10141 43 10141 43 10142 5013 10142 5012 10142 43 10143 5012 10143 23 10143 23 10144 5012 10144 5011 10144 23 10145 5011 10145 24 10145 24 10146 5011 10146 5010 10146 24 10147 5010 10147 54 10147 89 10148 100 10148 5036 10148 5343 10149 655 10149 793 10149 5343 10150 654 10150 655 10150 5196 10151 128 10151 5208 10151 5196 10152 5195 10152 128 10152 205 10153 5172 10153 5171 10153 5207 10154 5208 10154 128 10154 5210 10155 141 10155 5211 10155 5212 10156 5211 10156 141 10156 5341 10157 299 10157 298 10157 5018 10158 5017 10158 5050 10158 5018 10159 5050 10159 5049 10159 5018 10160 5049 10160 5053 10160 5025 10161 5027 10161 5021 10161 5025 10162 5021 10162 5023 10162 5025 10163 5023 10163 644 10163 5025 10164 644 10164 5024 10164 5024 10165 644 10165 625 10165 5024 10166 625 10166 627 10166 5024 10167 627 10167 242 10167 5024 10168 242 10168 208 10168 5024 10169 208 10169 5173 10169 5024 10170 5173 10170 5174 10170 5024 10171 5174 10171 5175 10171 5024 10172 5175 10172 5176 10172 5024 10173 5176 10173 5164 10173 5024 10174 5164 10174 5026 10174 5028 10175 88 10175 5309 10175 5028 10176 5309 10176 5310 10176 5028 10177 5310 10177 5311 10177 5028 10178 5311 10178 5312 10178 5028 10179 5312 10179 5029 10179 5249 10180 1030 10180 1026 10180 5249 10181 1026 10181 1022 10181 5249 10182 1022 10182 1018 10182 5249 10183 1018 10183 5362 10183 5276 10184 222 10184 162 10184 5276 10185 162 10185 165 10185 5276 10186 165 10186 277 10186 5276 10187 277 10187 5288 10187 5292 10188 5291 10188 117 10188 5292 10189 117 10189 166 10189 5292 10190 166 10190 280 10190 5292 10191 280 10191 5367 10191 5338 10192 5337 10192 5177 10192 5338 10193 5177 10193 5181 10193 5338 10194 5181 10194 965 10194 5338 10195 965 10195 1093 10195 5338 10196 1093 10196 1089 10196 5338 10197 1089 10197 1085 10197 5338 10198 1085 10198 1081 10198 5338 10199 1081 10199 1077 10199 5338 10200 1077 10200 5339 10200 5339 10201 1077 10201 1073 10201 5339 10202 1073 10202 5201 10202 5339 10203 5201 10203 5204 10203 5339 10204 5204 10204 5203 10204 5339 10205 5203 10205 5202 10205 5339 10206 5202 10206 5340 10206 5340 10207 5202 10207 5205 10207 5340 10208 5205 10208 134 10208 5340 10209 134 10209 233 10209 5340 10210 233 10210 299 10210 5340 10211 299 10211 5341 10211 5343 10212 5344 10212 5080 10212 5343 10213 5080 10213 5068 10213 5343 10214 5068 10214 5067 10214 5343 10215 5067 10215 5066 10215 5343 10216 5066 10216 5065 10216 5343 10217 5065 10217 176 10217 5343 10218 176 10218 270 10218 5345 10219 5344 10219 5343 10219 5345 10220 5343 10220 793 10220 5345 10221 793 10221 789 10221 5345 10222 789 10222 785 10222 5345 10223 785 10223 781 10223 5345 10224 781 10224 777 10224 5345 10225 777 10225 773 10225 5345 10226 773 10226 5084 10226 5345 10227 5084 10227 5083 10227 5345 10228 5083 10228 267 10228 267 10229 5083 10229 5082 10229 267 10230 5082 10230 5081 10230 267 10231 5081 10231 5085 10231 267 10232 5085 10232 5086 10232 267 10233 5086 10233 181 10233 5346 10234 5093 10234 5094 10234 5346 10235 5094 10235 5095 10235 5346 10236 5095 10236 5096 10236 5347 10237 759 10237 755 10237 5347 10238 755 10238 5100 10238 5347 10239 5100 10239 5099 10239 5347 10240 5099 10240 257 10240 5348 10241 103 10241 5110 10241 5348 10242 5110 10242 5111 10242 5348 10243 5111 10243 5112 10243 5348 10244 5112 10244 5100 10244 5348 10245 5100 10245 743 10245 5348 10246 743 10246 5349 10246 5349 10247 743 10247 739 10247 5349 10248 739 10248 5116 10248 5349 10249 5116 10249 5115 10249 5349 10250 5115 10250 5114 10250 5349 10251 5114 10251 256 10251 5350 10252 253 10252 5126 10252 5350 10253 5126 10253 5127 10253 5350 10254 5127 10254 5128 10254 5350 10255 5128 10255 5116 10255 5350 10256 5116 10256 739 10256 5350 10257 739 10257 734 10257 5350 10258 734 10258 730 10258 5350 10259 730 10259 5351 10259 5353 10260 5352 10260 718 10260 5353 10261 718 10261 5148 10261 5353 10262 5148 10262 5147 10262 5353 10263 5147 10263 5146 10263 5353 10264 5146 10264 5145 10264 5353 10265 5145 10265 248 10265 5354 10266 243 10266 5160 10266 5354 10267 5160 10267 5148 10267 5354 10268 5148 10268 706 10268 5354 10269 706 10269 702 10269 5355 10270 5163 10270 5162 10270 5355 10271 5162 10271 5161 10271 5355 10272 5161 10272 5165 10272 5355 10273 5165 10273 296 10273 5356 10274 126 10274 128 10274 5356 10275 128 10275 5195 10275 5356 10276 5195 10276 5194 10276 5356 10277 5194 10277 5193 10277 5356 10278 5193 10278 5197 10278 5356 10279 5197 10279 5198 10279 5356 10280 5198 10280 5199 10280 5356 10281 5199 10281 5200 10281 5358 10282 231 10282 141 10282 5358 10283 141 10283 5210 10283 5358 10284 5210 10284 5209 10284 5358 10285 5209 10285 5213 10285 5358 10286 5213 10286 5214 10286 5358 10287 5214 10287 5215 10287 5358 10288 5215 10288 5216 10288 5358 10289 5216 10289 5217 10289 5358 10290 5217 10290 1059 10290 5358 10291 1059 10291 1055 10291 5358 10292 1055 10292 1051 10292 5358 10293 1051 10293 1047 10293 5358 10294 1047 10294 1043 10294 5359 10295 5358 10295 1043 10295 5359 10296 1043 10296 5233 10296 5359 10297 5233 10297 5236 10297 5359 10298 5236 10298 5235 10298 5359 10299 5235 10299 5234 10299 5359 10300 5234 10300 5237 10300 5359 10301 5237 10301 5238 10301 5361 10302 5360 10302 1039 10302 5361 10303 1039 10303 1034 10303 5361 10304 1034 10304 1030 10304 5361 10305 1030 10305 5249 10305 5361 10306 5249 10306 5252 10306 5361 10307 5252 10307 5251 10307 5361 10308 5251 10308 5250 10308 5361 10309 5250 10309 5253 10309 5361 10310 5253 10310 5254 10310 5361 10311 5254 10311 5255 10311 5361 10312 5255 10312 154 10312 5361 10313 154 10313 157 10313 5363 10314 5362 10314 1018 10314 5363 10315 1018 10315 1014 10315 5363 10316 1014 10316 1010 10316 5363 10317 1010 10317 1006 10317 5363 10318 1006 10318 5265 10318 5363 10319 5265 10319 5268 10319 5363 10320 5268 10320 5267 10320 5363 10321 5267 10321 5266 10321 5363 10322 5266 10322 5269 10322 5363 10323 5269 10323 5270 10323 5363 10324 5270 10324 5271 10324 5363 10325 5271 10325 130 10325 222 10326 5276 10326 5275 10326 222 10327 5275 10327 5274 10327 222 10328 5274 10328 5273 10328 222 10329 5273 10329 5277 10329 222 10330 5277 10330 5366 10330 5367 10331 5301 10331 5302 10331 5367 10332 5302 10332 5303 10332 5367 10333 5303 10333 5304 10333 5367 10334 5304 10334 5292 10334 5368 10335 281 10335 117 10335 5368 10336 117 10336 5294 10336 5368 10337 5294 10337 5295 10337 5368 10338 5295 10338 5296 10338 5368 10339 5296 10339 5297 10339 5368 10340 5297 10340 5300 10340 5369 10341 5029 10341 5314 10341 5369 10342 5314 10342 5317 10342 5369 10343 5317 10343 5318 10343 5369 10344 5318 10344 5319 10344 5369 10345 5319 10345 5320 10345 5369 10346 5320 10346 5308 10346 216 10347 5369 10347 5308 10347 216 10348 5308 10348 5307 10348 216 10349 5307 10349 5306 10349 216 10350 5306 10350 5305 10350 216 10351 5305 10351 5309 10351 216 10352 5309 10352 217 10352 25 10353 5033 10353 5037 10353 25 10354 5037 10354 5038 10354 25 10355 5038 10355 5039 10355 25 10356 5039 10356 5040 10356 25 10357 5040 10357 5041 10357 25 10358 5041 10358 5015 10358 25 10359 5015 10359 5019 10359 25 10360 5019 10360 5018 10360 25 10361 5018 10361 71 10361 290 10362 5053 10362 5054 10362 290 10363 5054 10363 5055 10363 290 10364 5055 10364 5056 10364 290 10365 5056 10365 5057 10365 290 10366 5057 10366 5342 10366 5053 10367 290 10367 173 10367 5053 10368 173 10368 241 10368 5053 10369 241 10369 71 10369 5053 10370 71 10370 5018 10370 5016 10371 5015 10371 5041 10371 5016 10372 5041 10372 5044 10372 5016 10373 5044 10373 5043 10373 5016 10374 5043 10374 5042 10374 5016 10375 5042 10375 5045 10375 5371 10376 5046 10376 5047 10376 5371 10377 5047 10377 5048 10377 5371 10378 5048 10378 5036 10378 5371 10379 5036 10379 100 10379 5030 10380 5370 10380 5334 10380 5030 10381 5334 10381 5335 10381 5030 10382 5335 10382 5336 10382 5030 10383 5336 10383 5324 10383 5030 10384 5324 10384 5323 10384 5030 10385 5323 10385 5031 10385 5021 10386 5027 10386 680 10386 5021 10387 680 10387 676 10387 5021 10388 676 10388 672 10388 5021 10389 672 10389 668 10389 5021 10390 668 10390 656 10390 5021 10391 656 10391 658 10391 5021 10392 658 10392 5020 10392 658 10393 965 10393 5181 10393 658 10394 5181 10394 5182 10394 658 10395 5182 10395 5183 10395 658 10396 5183 10396 5184 10396 658 10397 5184 10397 5185 10397 658 10398 5185 10398 484 10398 658 10399 484 10399 5020 10399 5017 10400 5342 10400 5063 10400 5017 10401 5063 10401 5064 10401 5017 10402 5064 10402 5052 10402 5017 10403 5052 10403 5051 10403 5017 10404 5051 10404 5050 10404 117 10405 5291 10405 5290 10405 117 10406 5290 10406 5289 10406 117 10407 5289 10407 5293 10407 117 10408 5293 10408 5294 10408 5368 10409 984 10409 980 10409 5368 10410 980 10410 976 10410 5368 10411 976 10411 972 10411 5368 10412 972 10412 968 10412 5368 10413 968 10413 958 10413 984 10414 5368 10414 5300 10414 984 10415 5300 10415 5299 10415 984 10416 5299 10416 5298 10416 984 10417 5298 10417 5301 10417 984 10418 5301 10418 5367 10418 984 10419 5367 10419 5366 10419 984 10420 5366 10420 5281 10420 984 10421 5281 10421 988 10421 759 10422 5347 10422 5346 10422 759 10423 5346 10423 5096 10423 759 10424 5096 10424 5084 10424 702 10425 5164 10425 5163 10425 702 10426 5163 10426 5355 10426 702 10427 5355 10427 5354 10427 1059 10428 5217 10428 5357 10428 1059 10429 5357 10429 5356 10429 1059 10430 5356 10430 5200 10430 1059 10431 5200 10431 5201 10431 154 10432 5255 10432 5256 10432 154 10433 5256 10433 5244 10433 154 10434 5244 10434 158 10434 1002 10435 5281 10435 5284 10435 1002 10436 5284 10436 5283 10436 1002 10437 5283 10437 5282 10437 1002 10438 5282 10438 5365 10438 1002 10439 5365 10439 5364 10439 1002 10440 5364 10440 5265 10440 1002 10441 5265 10441 1006 10441 130 10442 5271 10442 5272 10442 130 10443 5272 10443 5260 10443 130 10444 5260 10444 133 10444 309 10445 314 10445 484 10445 309 10446 484 10446 5189 10446 309 10447 5189 10447 5190 10447 309 10448 5190 10448 5191 10448 309 10449 5191 10449 5192 10449 309 10450 5192 10450 5180 10450 309 10451 5180 10451 5337 10451 309 10452 5337 10452 306 10452 5023 10453 5022 10453 610 10453 5023 10454 610 10454 632 10454 5023 10455 632 10455 631 10455 5023 10456 631 10456 635 10456 5023 10457 635 10457 637 10457 5023 10458 637 10458 638 10458 5023 10459 638 10459 640 10459 5023 10460 640 10460 641 10460 5023 10461 641 10461 642 10461 5023 10462 642 10462 644 10462 598 10463 584 10463 610 10463 598 10464 610 10464 5022 10464 598 10465 5022 10465 568 10465 598 10466 568 10466 565 10466 598 10467 565 10467 567 10467 598 10468 567 10468 601 10468 598 10469 601 10469 599 10469 5022 10470 5020 10470 484 10470 5022 10471 484 10471 502 10471 5022 10472 502 10472 554 10472 5022 10473 554 10473 550 10473 5022 10474 550 10474 551 10474 5022 10475 551 10475 552 10475 5022 10476 552 10476 568 10476 484 10477 5185 10477 5188 10477 484 10478 5188 10478 5187 10478 484 10479 5187 10479 5186 10479 484 10480 5186 10480 5189 10480 5337 10481 5180 10481 5179 10481 5337 10482 5179 10482 5178 10482 5337 10483 5178 10483 5177 10483 44 10484 89 10484 5036 10484 44 10485 5036 10485 5035 10485 44 10486 5035 10486 5034 10486 44 10487 5034 10487 5033 10487 44 10488 5033 10488 25 10488 371 10489 484 10489 314 10489 371 10490 314 10490 317 10490 371 10491 317 10491 316 10491 371 10492 316 10492 320 10492 371 10493 320 10493 327 10493 371 10494 327 10494 326 10494 371 10495 326 10495 341 10495 371 10496 341 10496 445 10496 371 10497 445 10497 446 10497 371 10498 446 10498 447 10498 371 10499 447 10499 448 10499 371 10500 448 10500 449 10500 371 10501 449 10501 450 10501 371 10502 450 10502 443 10502 371 10503 443 10503 444 10503 371 10504 444 10504 372 10504 5370 10505 101 10505 94 10505 5370 10506 94 10506 5329 10506 5370 10507 5329 10507 5332 10507 5370 10508 5332 10508 5331 10508 5370 10509 5331 10509 5330 10509 5370 10510 5330 10510 5333 10510 5370 10511 5333 10511 5334 10511 176 10512 5065 10512 5069 10512 176 10513 5069 10513 5070 10513 176 10514 5070 10514 5071 10514 176 10515 5071 10515 5072 10515 176 10516 5072 10516 5073 10516 5342 10517 5057 10517 5060 10517 5342 10518 5060 10518 5059 10518 5342 10519 5059 10519 5058 10519 5342 10520 5058 10520 5061 10520 5342 10521 5061 10521 5062 10521 5342 10522 5062 10522 5063 10522 5029 10523 5312 10523 5313 10523 5029 10524 5313 10524 5316 10524 5029 10525 5316 10525 5315 10525 5029 10526 5315 10526 5314 10526 5357 10527 5217 10527 5220 10527 5357 10528 5220 10528 5219 10528 5357 10529 5219 10529 5218 10529 5357 10530 5218 10530 5221 10530 137 10531 5357 10531 5221 10531 137 10532 5221 10532 5222 10532 137 10533 5222 10533 5223 10533 137 10534 5223 10534 5224 10534 137 10535 5224 10535 5212 10535 137 10536 5212 10536 141 10536 137 10537 141 10537 140 10537 5201 10538 1073 10538 1069 10538 5201 10539 1069 10539 1065 10539 5201 10540 1065 10540 1063 10540 5201 10541 1063 10541 1059 10541 228 10542 5359 10542 5238 10542 228 10543 5238 10543 5239 10543 228 10544 5239 10544 5240 10544 228 10545 5240 10545 5228 10545 228 10546 5228 10546 5227 10546 228 10547 5227 10547 148 10547 5360 10548 5226 10548 5225 10548 5360 10549 5225 10549 5229 10549 5360 10550 5229 10550 5230 10550 5360 10551 5230 10551 5231 10551 5360 10552 5231 10552 5232 10552 5360 10553 5232 10553 5233 10553 5360 10554 5233 10554 1043 10554 5360 10555 1043 10555 1039 10555 5362 10556 5241 10556 5245 10556 5362 10557 5245 10557 5246 10557 5362 10558 5246 10558 5247 10558 5362 10559 5247 10559 5248 10559 5362 10560 5248 10560 5249 10560 227 10561 158 10561 5244 10561 227 10562 5244 10562 5243 10562 227 10563 5243 10563 5242 10563 227 10564 5242 10564 5241 10564 227 10565 5241 10565 5362 10565 5365 10566 5282 10566 5285 10566 5365 10567 5285 10567 5286 10567 5365 10568 5286 10568 5287 10568 5365 10569 5287 10569 5288 10569 5365 10570 5288 10570 277 10570 5364 10571 5261 10571 5262 10571 5364 10572 5262 10572 5263 10572 5364 10573 5263 10573 5264 10573 5364 10574 5264 10574 5265 10574 225 10575 123 10575 133 10575 225 10576 133 10576 5260 10576 225 10577 5260 10577 5259 10577 225 10578 5259 10578 5258 10578 225 10579 5258 10579 5257 10579 225 10580 5257 10580 5261 10580 225 10581 5261 10581 5364 10581 5281 10582 1002 10582 998 10582 5281 10583 998 10583 994 10583 5281 10584 994 10584 992 10584 5281 10585 992 10585 988 10585 296 10586 5165 10586 5166 10586 296 10587 5166 10587 5167 10587 296 10588 5167 10588 5168 10588 296 10589 5168 10589 5169 10589 296 10590 5169 10590 5172 10590 296 10591 5172 10591 205 10591 5164 10592 702 10592 698 10592 5164 10593 698 10593 694 10593 5164 10594 694 10594 692 10594 5164 10595 692 10595 688 10595 5164 10596 688 10596 5026 10596 243 10597 202 10597 197 10597 243 10598 197 10598 248 10598 243 10599 248 10599 5153 10599 243 10600 5153 10600 5156 10600 243 10601 5156 10601 5155 10601 243 10602 5155 10602 5154 10602 243 10603 5154 10603 5157 10603 243 10604 5157 10604 5158 10604 243 10605 5158 10605 5159 10605 243 10606 5159 10606 5160 10606 5148 10607 718 10607 714 10607 5148 10608 714 10608 710 10608 5148 10609 710 10609 706 10609 248 10610 5145 10610 5149 10610 248 10611 5149 10611 5150 10611 248 10612 5150 10612 5151 10612 248 10613 5151 10613 5152 10613 248 10614 5152 10614 5153 10614 252 10615 195 10615 5137 10615 252 10616 5137 10616 5140 10616 252 10617 5140 10617 5139 10617 252 10618 5139 10618 5138 10618 252 10619 5138 10619 5141 10619 252 10620 5141 10620 5142 10620 252 10621 5142 10621 5143 10621 5352 10622 252 10622 5143 10622 5352 10623 5143 10623 5144 10623 5352 10624 5144 10624 5132 10624 5352 10625 5132 10625 722 10625 5352 10626 722 10626 718 10626 5132 10627 5131 10627 5351 10627 5132 10628 5351 10628 730 10628 5132 10629 730 10629 726 10629 5132 10630 726 10630 722 10630 294 10631 5129 10631 5133 10631 294 10632 5133 10632 5134 10632 294 10633 5134 10633 5135 10633 294 10634 5135 10634 5136 10634 294 10635 5136 10635 5137 10635 294 10636 5137 10636 195 10636 294 10637 195 10637 192 10637 5351 10638 5131 10638 5130 10638 5351 10639 5130 10639 5129 10639 5351 10640 5129 10640 294 10640 253 10641 187 10641 5121 10641 253 10642 5121 10642 5124 10642 253 10643 5124 10643 5123 10643 253 10644 5123 10644 5122 10644 253 10645 5122 10645 5125 10645 253 10646 5125 10646 5126 10646 256 10647 5114 10647 5113 10647 256 10648 5113 10648 5117 10648 256 10649 5117 10649 5118 10649 256 10650 5118 10650 5119 10650 256 10651 5119 10651 5120 10651 256 10652 5120 10652 5121 10652 256 10653 5121 10653 187 10653 256 10654 187 10654 190 10654 5100 10655 755 10655 751 10655 5100 10656 751 10656 747 10656 5100 10657 747 10657 743 10657 103 10658 105 10658 5105 10658 103 10659 5105 10659 5108 10659 103 10660 5108 10660 5107 10660 103 10661 5107 10661 5106 10661 103 10662 5106 10662 5109 10662 103 10663 5109 10663 5110 10663 5084 10664 773 10664 769 10664 5084 10665 769 10665 765 10665 5084 10666 765 10666 763 10666 5084 10667 763 10667 759 10667 257 10668 5099 10668 5098 10668 257 10669 5098 10669 5097 10669 257 10670 5097 10670 5101 10670 257 10671 5101 10671 5102 10671 257 10672 5102 10672 5103 10672 257 10673 5103 10673 5104 10673 257 10674 5104 10674 5105 10674 257 10675 5105 10675 105 10675 257 10676 105 10676 108 10676 263 10677 182 10677 181 10677 263 10678 181 10678 5089 10678 263 10679 5089 10679 5092 10679 263 10680 5092 10680 5091 10680 263 10681 5091 10681 5090 10681 263 10682 5090 10682 5093 10682 263 10683 5093 10683 5346 10683 5344 10684 5076 10684 5075 10684 5344 10685 5075 10685 5074 10685 5344 10686 5074 10686 5077 10686 5344 10687 5077 10687 5078 10687 5344 10688 5078 10688 5079 10688 5344 10689 5079 10689 5080 10689 5366 10690 5277 10690 5278 10690 5366 10691 5278 10691 5279 10691 5366 10692 5279 10692 5280 10692 5366 10693 5280 10693 5281 10693 181 10694 5086 10694 5087 10694 181 10695 5087 10695 5088 10695 181 10696 5088 10696 5089 10696 37 10697 22 10697 88 10697 37 10698 88 10698 5028 10698 37 10699 5028 10699 5032 10699 37 10700 5032 10700 5031 10700 37 10701 5031 10701 5323 10701 37 10702 5323 10702 5322 10702 37 10703 5322 10703 5321 10703 37 10704 5321 10704 5325 10704 37 10705 5325 10705 5326 10705 37 10706 5326 10706 5327 10706 37 10707 5327 10707 5328 10707 37 10708 5328 10708 5329 10708 37 10709 5329 10709 94 10709 217 10710 5309 10710 285 10710 285 10711 5309 10711 88 10711 5173 10712 208 10712 5170 10712 5170 10713 208 10713 205 10713 5170 10714 205 10714 5171 10714 134 10715 5205 10715 128 10715 128 10716 5205 10716 5206 10716 128 10717 5206 10717 5207 10717 5045 10718 5046 10718 5016 10718 5016 10719 5046 10719 5371 10719 5016 10720 5371 10720 5030 10720 5030 10721 5371 10721 5370 10721 177 10722 176 10722 293 10722 293 10723 176 10723 5073 10723 293 10724 5073 10724 5344 10724 5344 10725 5073 10725 5076 10725 5016 10726 5030 10726 5017 10726 5017 10727 5030 10727 5029 10727 5017 10728 5029 10728 5342 10728 5342 10729 5029 10729 5369 10729 5342 10730 5369 10730 5343 10730 5343 10731 5369 10731 5368 10731 5343 10732 5368 10732 654 10732 654 10733 5368 10733 958 10733 5026 10734 688 10734 5027 10734 5027 10735 688 10735 684 10735 5027 10736 684 10736 680 10736 5360 10737 152 10737 5226 10737 5226 10738 152 10738 149 10738 5226 10739 149 10739 5227 10739 5227 10740 149 10740 148 10740 306 10741 5337 10741 303 10741 303 10742 5337 10742 5341 10742 303 10743 5341 10743 298 10743 5372 10744 5373 10744 5374 10744 5373 10745 5372 10745 5375 10745 5375 10746 5372 10746 5376 10746 5375 10747 5376 10747 5377 10747 5377 10748 5376 10748 5378 10748 5377 10749 5378 10749 5379 10749 5379 10750 5378 10750 5380 10750 5379 10751 5380 10751 20 10751 20 10752 5380 10752 0 10752 20 10753 0 10753 18 10753 18 10754 0 10754 2 10754 18 10755 2 10755 16 10755 16 10756 2 10756 4 10756 16 10757 4 10757 14 10757 14 10758 4 10758 6 10758 14 10759 6 10759 12 10759 12 10760 6 10760 8 10760 12 10761 8 10761 10 10761 20 10762 21 10762 5379 10762 5379 10763 21 10763 42 10763 5379 10764 42 10764 5377 10764 5377 10765 42 10765 41 10765 5377 10766 41 10766 5375 10766 5375 10767 41 10767 40 10767 5375 10768 40 10768 5373 10768 5373 10769 40 10769 39 10769 5373 10770 39 10770 5374 10770 5374 10771 39 10771 38 10771 5374 10772 38 10772 5372 10772 5372 10773 38 10773 47 10773 5372 10774 47 10774 5376 10774 5376 10775 47 10775 46 10775 5376 10776 46 10776 5378 10776 5378 10777 46 10777 45 10777 5378 10778 45 10778 5380 10778 5380 10779 45 10779 62 10779 5380 10780 62 10780 0 10780 0 10781 62 10781 1 10781</p>
                </triangles>
            </mesh>
        </geometry>
    </library_geometries>
    <library_visual_scenes>
        <visual_scene id="VisualSceneNode" name="VisualScene">
            <node id="node" name="node">
                <instance_geometry url="#shape0-lib"/>
            </node>
        </visual_scene>
    </library_visual_scenes>
    <scene>
        <instance_visual_scene url="#VisualSceneNode"/>
    </scene>
</COLLADA>
