<?xml version="1.0" encoding="UTF-8"?>
<COLLADA xmlns="http://www.collada.org/2005/11/COLLADASchema" version="1.4.1">
    <asset>
        <contributor>
            <author>VCGLab</author>
            <authoring_tool>VCGLib | MeshLab</authoring_tool>
        </contributor>
        <created>Fri May 8 15:34:40 2026 GMT</created>
        <modified>Fri May 8 15:34:40 2026 GMT</modified>
        <up_axis>Y_UP</up_axis>
    </asset>
    <library_geometries>
        <geometry id="shape0-lib" name="shape0">
            <mesh>
                <source id="shape0-lib-positions" name="position">
                    <float_array id="shape0-lib-positions-array" count="8469">-0.005 0.15225 -0.0095 -0.00433013 0.16425 -0.007 -0.00433013 0.15225 -0.007 -0.0025 0.16425 -0.00516987 -0.0025 0.15225 -0.00516987 0 0.16425 -0.0045 0 0.15225 -0.0045 -0.005 0.16425 -0.0095 -0.00433013 0.15225 -0.012 -0.00433013 0.16425 -0.012 -0.0025 0.15225 -0.0138301 -0.0025 0.16425 -0.0138301 0 0.15225 -0.0145 0 0.16425 -0.0145 0 0.149246 -0.0095 0.0025 0.15225 -0.00516987 0.00433013 0.15225 -0.007 0.005 0.15225 -0.0095 0.00433013 0.15225 -0.012 0.0025 0.15225 -0.0138301 0.0105911 0.16425 0 0.0105911 0.16425 -0.018 0.005 0.16425 -0.0095 0.00433013 0.16425 -0.007 0.0025 0.16425 -0.00516987 -0.0105911 0.16425 0 -0.0105911 0.16425 -0.018 0.0025 0.16425 -0.0138301 0.00433013 0.16425 -0.012 -0.0100263 0.170706 -0.032 -0.010438 0.166 -0.023 -0.0100263 0.170706 -0.023 -0.011749 0.151015 -0.0213702 -0.0115066 0.153786 -0.0187012 -0.010438 0.166 -0.018 -0.0113709 0.155337 -0.0152106 -0.0113491 0.155587 -0.013 -0.0113491 0.155587 0 -0.0120128 0.148 -0.0226859 -0.0110499 0.159007 -0.032 -0.0110499 0.159007 -0.035 -0.0120128 0.148 -0.035 -0.0419927 0.150242 0 -0.0567625 0.145307 0 -0.0224113 0.146293 0 -0.00749608 0.14781 0 -0.0268045 0.15368 0 0.0370966 0.143275 0 0.0567625 0.145307 0 0.0224113 0.146293 0 0.0419927 0.150242 0 0.00749608 0.14781 0 0.0268045 0.15368 0 0.0113491 0.155587 0 -0.0304341 -0.153003 0 -0.0152907 -0.155249 0 -0.0452844 -0.149283 0 0 -0.156 0 -0.00749608 -0.14781 0 0.0152907 -0.155249 0 0.00749608 -0.14781 0 0.0304341 -0.153003 0 0.0452844 -0.149283 0 -0.0370966 -0.143275 0 -0.0596986 -0.144125 0 -0.0224113 -0.146293 0 -0.0905917 -0.117035 0 -0.0989654 -0.12059 0 -0.0782867 -0.125599 0 -0.086669 -0.129709 0 -0.0651783 -0.132875 0 -0.0735379 -0.13758 0 -0.0514012 -0.138787 0 -0.0782867 0.125599 0 -0.0971191 0.122082 0 -0.0905917 0.117035 0 -0.108807 0.111791 0 -0.101967 0.107269 0 -0.11941 0.100386 0 -0.112296 0.0964031 0 -0.128823 0.0879802 0 -0.121473 0.0845477 0 -0.136953 0.0746983 0 -0.129403 0.0718247 0 -0.143718 0.0606719 0 -0.136006 0.0583647 0 -0.149051 0.046041 0 -0.141213 0.0443057 0 -0.152899 0.0309513 0 -0.14497 0.0297922 0 -0.155223 0.0155531 0 -0.147241 0.0149729 0 -0.156 0 0 -0.148 0 0 -0.155249 -0.0152907 0 -0.147241 -0.0149729 0 -0.153003 -0.0304341 0 -0.14497 -0.0297922 0 -0.149283 -0.0452844 0 -0.141213 -0.0443057 0 -0.144125 -0.0596986 0 -0.136006 -0.0583647 0 -0.13758 -0.0735379 0 -0.129403 -0.0718247 0 -0.129709 -0.086669 0 -0.121473 -0.0845477 0 -0.12059 -0.0989654 0 -0.112296 -0.0964031 0 -0.110309 -0.110309 0 -0.101967 -0.107269 0 -0.0370966 0.143275 0 -0.0709667 0.138923 0 -0.0514012 0.138787 0 -0.0844637 0.131156 0 -0.0651783 0.132875 0 0.0370966 -0.143275 0 0.0224113 -0.146293 0 0.0596986 -0.144125 0 0.0905917 -0.117035 0 0.0782867 -0.125599 0 0.0989654 -0.12059 0 0.0651783 -0.132875 0 0.086669 -0.129709 0 0.0514012 -0.138787 0 0.0735379 -0.13758 0 0.0782867 0.125599 0 0.0905917 0.117035 0 0.0971191 0.122082 0 0.101967 0.107269 0 0.108807 0.111791 0 0.112296 0.0964031 0 0.11941 0.100386 0 0.121473 0.0845477 0 0.128823 0.0879802 0 0.129403 0.0718247 0 0.136953 0.0746983 0 0.136006 0.0583647 0 0.143718 0.0606719 0 0.141213 0.0443057 0 0.149051 0.046041 0 0.14497 0.0297922 0 0.152899 0.0309513 0 0.147241 0.0149729 0 0.155223 0.0155531 0 0.148 0 0 0.156 0 0 0.147241 -0.0149729 0 0.155249 -0.0152907 0 0.14497 -0.0297922 0 0.153003 -0.0304341 0 0.141213 -0.0443057 0 0.149283 -0.0452844 0 0.136006 -0.0583647 0 0.144125 -0.0596986 0 0.129403 -0.0718247 0 0.13758 -0.0735379 0 0.121473 -0.0845477 0 0.129709 -0.086669 0 0.112296 -0.0964031 0 0.12059 -0.0989654 0 0.101967 -0.107269 0 0.110309 -0.110309 0 0.0844637 0.131156 0 0.0651783 0.132875 0 0.0709667 0.138923 0 0.0514012 0.138787 0 0.010438 0.166 -0.018 0.010438 0.166 -0.023 0.0115357 0.153454 -0.0191477 0.0266737 0.15293 -0.0168268 0.0263012 0.150795 -0.0200711 0.128396 0.0695012 -0.023 0.138031 0.058271 -0.0222388 0.13465 0.0564397 -0.023 0.120879 0.081879 -0.023 0.131534 0.0717423 -0.0222388 0.112173 0.0934511 -0.023 0.123726 0.0844987 -0.0222388 0.102364 0.104104 -0.023 0.114685 0.0964131 -0.0222388 0.0915472 0.113733 -0.023 0.104501 0.107367 -0.0222388 0.0798299 0.122242 -0.023 0.0932759 0.117251 -0.0222388 0.0673273 0.129549 -0.023 0.0811214 0.125966 -0.0222388 0.0541622 0.135582 -0.023 0.0681584 0.133426 -0.0222388 0.0404643 0.140281 -0.023 0.0545163 0.139557 -0.0222388 0.0263682 0.143599 -0.023 0.040331 0.144296 -0.0222388 0.0117486 0.15102 -0.0213674 0.0257438 0.147599 -0.0222388 0.0120128 0.148 -0.0226859 0.149827 0 -0.0222388 0.146 0 -0.023 0.14908 0.0149377 -0.0222388 0.145282 0.0144636 -0.023 0.146848 0.0297265 -0.0222388 0.143134 0.0287848 -0.023 0.143153 0.0442191 -0.0222388 0.139579 0.0428229 -0.023 0.0120128 0.145505 -0.023 0.0113491 0.155587 -0.013 0.0268045 0.15368 -0.013 0.0113971 0.155037 -0.0162543 0.155223 0.0155531 -0.013 0.156 0 -0.013 0.154465 0.0154772 -0.0168268 0.155239 0 -0.0168268 0.152308 0.0152611 -0.0200711 0.153071 0 -0.0200711 0.152899 0.0309513 -0.013 0.152153 0.0308002 -0.0168268 0.150028 0.0303701 -0.0200711 0.149051 0.046041 -0.013 0.148324 0.0458163 -0.0168268 0.146253 0.0451766 -0.0200711 0.143718 0.0606719 -0.013 0.143017 0.0603759 -0.0168268 0.14102 0.0595328 -0.0200711 0.136953 0.0746983 -0.013 0.136285 0.0743338 -0.0168268 0.134382 0.0732958 -0.0200711 0.128823 0.0879802 -0.013 0.128195 0.087551 -0.0168268 0.126405 0.0863284 -0.0200711 0.11941 0.100386 -0.013 0.118827 0.0998957 -0.0168268 0.117168 0.0985008 -0.0200711 0.108807 0.111791 -0.013 0.108276 0.111245 -0.0168268 0.106764 0.109692 -0.0200711 0.0971191 0.122082 -0.013 0.0966452 0.121486 -0.0168268 0.0952957 0.119789 -0.0200711 0.0844637 0.131156 -0.013 0.0840516 0.130516 -0.0168268 0.0828779 0.128694 -0.0200711 0.0709667 0.138923 -0.013 0.0706204 0.138246 -0.0168268 0.0696343 0.136315 -0.0200711 0.0567625 0.145307 -0.013 0.0564855 0.144598 -0.0168268 0.0556968 0.142578 -0.0200711 0.0419927 0.150242 -0.013 0.0417878 0.149509 -0.0168268 0.0412043 0.147421 -0.0200711 0.0110499 0.159007 -0.035 0.0120128 0.148 -0.035 0.0110499 0.159007 -0.032 -0.005 0.161 -0.032 0.005 0.161 -0.032 0.005 0.170927 -0.032 0.0100263 0.170706 -0.032 -0.005 0.170927 -0.032 -0.005 0.170927 -0.031 -0.00485612 0.170931 -0.0298088 -0.00353282 0.170963 -0.0274619 0 0.171 -0.026 -0.002317 0.170984 -0.0265696 0 0.171 -0.023 0.0100263 0.170706 -0.023 0.005 0.170927 -0.031 0.00427221 0.170947 -0.0284021 0.00277019 0.170978 -0.0268377 0.00097668 0.170997 -0.0260965 -0.156 0 -0.013 -0.155249 -0.0152907 -0.013 -0.153003 -0.0304341 -0.013 -0.149283 -0.0452844 -0.013 -0.144125 -0.0596986 -0.013 -0.13758 -0.0735379 -0.013 -0.129709 -0.086669 -0.013 -0.12059 -0.0989654 -0.013 -0.110309 -0.110309 -0.013 -0.0989654 -0.12059 -0.013 -0.086669 -0.129709 -0.013 -0.0735379 -0.13758 -0.013 -0.0596986 -0.144125 -0.013 -0.0452844 -0.149283 -0.013 -0.0304341 -0.153003 -0.013 -0.0152907 -0.155249 -0.013 0 -0.156 -0.013 0.0152907 -0.155249 -0.013 0.0304341 -0.153003 -0.013 0.0452844 -0.149283 -0.013 0.0596986 -0.144125 -0.013 0.0735379 -0.13758 -0.013 0.086669 -0.129709 -0.013 0.0989654 -0.12059 -0.013 0.110309 -0.110309 -0.013 0.12059 -0.0989654 -0.013 0.129709 -0.086669 -0.013 0.13758 -0.0735379 -0.013 0.144125 -0.0596986 -0.013 0.149283 -0.0452844 -0.013 0.153003 -0.0304341 -0.013 0.155249 -0.0152907 -0.013 -0.0120128 0.128 -0.023 0.0120128 0.128 -0.023 -0.127655 -0.0708541 -0.023 -0.0597266 -0.0721971 -0.023 -0.050207 -0.0791135 -0.023 -0.0175576 0.0920403 -0.023 -0.0289549 0.089114 -0.023 -0.112173 0.0934511 -0.023 -0.00588347 0.0935151 -0.023 -0.102364 0.104104 -0.023 0.0683044 -0.0641421 -0.023 0.0758049 -0.0550755 -0.023 0.134168 -0.057576 -0.023 0.0289549 0.089114 -0.023 0.0175576 0.0920403 -0.023 0.00588347 0.0935151 -0.023 -0.110779 -0.0951004 -0.023 -0.119832 -0.0834052 -0.023 -0.00588347 -0.0935151 -0.023 -0.00739478 -0.145813 -0.023 -0.0221085 -0.144316 -0.023 -0.0365953 -0.141339 -0.023 -0.0507066 -0.136912 -0.023 -0.0642975 -0.131079 -0.023 -0.0772287 -0.123902 -0.023 -0.0893675 -0.115453 -0.023 -0.100589 -0.10582 -0.023 0.00588347 -0.0935151 -0.023 0.119832 -0.0834052 -0.023 0.110779 -0.0951004 -0.023 0.100589 -0.10582 -0.023 0.0893675 -0.115453 -0.023 0.0772287 -0.123902 -0.023 0.0642975 -0.131079 -0.023 0.0507066 -0.136912 -0.023 0.0365953 -0.141339 -0.023 0.0221085 -0.144316 -0.023 0.00739478 -0.145813 -0.023 -0.0398955 -0.0847823 -0.023 -0.0289549 -0.089114 -0.023 -0.0175576 -0.0920403 -0.023 -0.0120128 0.145505 -0.023 -0.0798299 0.122242 -0.023 -0.0673273 0.129549 -0.023 -0.0541622 0.135582 -0.023 -0.0404643 0.140281 -0.023 -0.0263682 0.143599 -0.023 0.0175576 -0.0920403 -0.023 0.0289549 -0.089114 -0.023 0.0398955 -0.0847823 -0.023 0.050207 -0.0791135 -0.023 0.127655 -0.0708541 -0.023 -0.0915472 0.113733 -0.023 -0.0683044 -0.0641421 -0.023 -0.134168 -0.057576 -0.023 -0.0758049 -0.0550755 -0.023 -0.0821099 -0.0451403 -0.023 -0.139304 -0.043707 -0.023 -0.0871201 -0.0344933 -0.023 -0.143011 -0.0293896 -0.023 -0.0907562 -0.0233022 -0.023 -0.145251 -0.0147706 -0.023 -0.0929611 -0.0117437 -0.023 -0.0937 0 -0.023 -0.146 0 -0.023 -0.0929611 0.0117437 -0.023 -0.145282 0.0144636 -0.023 -0.0907562 0.0233022 -0.023 -0.143134 0.0287848 -0.023 -0.0871201 0.0344933 -0.023 -0.139579 0.0428229 -0.023 -0.0821099 0.0451403 -0.023 -0.0758049 0.0550755 -0.023 -0.13465 0.0564397 -0.023 -0.0683044 0.0641421 -0.023 -0.128396 0.0695012 -0.023 -0.0597266 0.0721971 -0.023 -0.050207 0.0791135 -0.023 -0.120879 0.081879 -0.023 -0.0398955 0.0847823 -0.023 0.0597266 -0.0721971 -0.023 0.139304 -0.043707 -0.023 0.0821099 -0.0451403 -0.023 0.143011 -0.0293896 -0.023 0.0871201 -0.0344933 -0.023 0.145251 -0.0147706 -0.023 0.0907562 -0.0233022 -0.023 0.0929611 -0.0117437 -0.023 0.0937 0 -0.023 0.0929611 0.0117437 -0.023 0.0907562 0.0233022 -0.023 0.0871201 0.0344933 -0.023 0.0821099 0.0451403 -0.023 0.0758049 0.0550755 -0.023 0.0683044 0.0641421 -0.023 0.0597266 0.0721971 -0.023 0.050207 0.0791135 -0.023 0.0398955 0.0847823 -0.023 -0.040331 0.144296 -0.0222388 -0.0545163 0.139557 -0.0222388 -0.0681584 0.133426 -0.0222388 -0.0811214 0.125966 -0.0222388 -0.0932759 0.117251 -0.0222388 -0.104501 0.107367 -0.0222388 -0.114685 0.0964131 -0.0222388 -0.123726 0.0844987 -0.0222388 -0.131534 0.0717423 -0.0222388 -0.138031 0.058271 -0.0222388 -0.143153 0.0442191 -0.0222388 -0.146848 0.0297265 -0.0222388 -0.14908 0.0149377 -0.0222388 -0.149827 0 -0.0222388 -0.0266737 0.15293 -0.0168268 -0.0263012 0.150795 -0.0200711 -0.0257438 0.147599 -0.0222388 -0.155223 0.0155531 -0.013 -0.155239 0 -0.0168268 -0.154465 0.0154772 -0.0168268 -0.153071 0 -0.0200711 -0.152308 0.0152611 -0.0200711 -0.0268045 0.15368 -0.013 -0.0419927 0.150242 -0.013 -0.0417878 0.149509 -0.0168268 -0.0412043 0.147421 -0.0200711 -0.0567625 0.145307 -0.013 -0.0564855 0.144598 -0.0168268 -0.0556968 0.142578 -0.0200711 -0.0709667 0.138923 -0.013 -0.0706204 0.138246 -0.0168268 -0.0696343 0.136315 -0.0200711 -0.0844637 0.131156 -0.013 -0.0840516 0.130516 -0.0168268 -0.0828779 0.128694 -0.0200711 -0.0971191 0.122082 -0.013 -0.0966452 0.121486 -0.0168268 -0.0952957 0.119789 -0.0200711 -0.108807 0.111791 -0.013 -0.108276 0.111245 -0.0168268 -0.106764 0.109692 -0.0200711 -0.11941 0.100386 -0.013 -0.118827 0.0998957 -0.0168268 -0.117168 0.0985008 -0.0200711 -0.128823 0.0879802 -0.013 -0.128195 0.087551 -0.0168268 -0.126405 0.0863284 -0.0200711 -0.136953 0.0746983 -0.013 -0.136285 0.0743338 -0.0168268 -0.134382 0.0732958 -0.0200711 -0.143718 0.0606719 -0.013 -0.143017 0.0603759 -0.0168268 -0.14102 0.0595328 -0.0200711 -0.149051 0.046041 -0.013 -0.148324 0.0458163 -0.0168268 -0.146253 0.0451766 -0.0200711 -0.152899 0.0309513 -0.013 -0.152153 0.0308002 -0.0168268 -0.150028 0.0303701 -0.0200711 0.0224113 0.146293 -0.015 0.0370966 0.143275 -0.015 0.0514012 0.138787 -0.015 0.0651783 0.132875 -0.015 0.0782867 0.125599 -0.015 0.0905917 0.117035 -0.015 0.101967 0.107269 -0.015 0.112296 0.0964031 -0.015 0.121473 0.0845477 -0.015 0.129403 0.0718247 -0.015 0.136006 0.0583647 -0.015 0.141213 0.0443057 -0.015 0.14497 0.0297922 -0.015 0.147241 0.0149729 -0.015 0.148 0 -0.015 0.00749608 0.14781 -0.015 -0.00749608 0.14781 -0.015 -0.0224113 0.146293 -0.015 -0.0370966 0.143275 -0.015 -0.0514012 0.138787 -0.015 -0.0651783 0.132875 -0.015 -0.0782867 0.125599 -0.015 -0.0905917 0.117035 -0.015 -0.101967 0.107269 -0.015 -0.112296 0.0964031 -0.015 -0.121473 0.0845477 -0.015 -0.129403 0.0718247 -0.015 -0.136006 0.0583647 -0.015 -0.141213 0.0443057 -0.015 -0.14497 0.0297922 -0.015 -0.147241 0.0149729 -0.015 -0.148 0 -0.015 -0.0224113 -0.146293 -0.015 -0.0370966 -0.143275 -0.015 -0.0514012 -0.138787 -0.015 -0.0651783 -0.132875 -0.015 -0.0782867 -0.125599 -0.015 -0.0905917 -0.117035 -0.015 -0.101967 -0.107269 -0.015 -0.112296 -0.0964031 -0.015 -0.121473 -0.0845477 -0.015 -0.129403 -0.0718247 -0.015 -0.136006 -0.0583647 -0.015 -0.141213 -0.0443057 -0.015 -0.14497 -0.0297922 -0.015 -0.147241 -0.0149729 -0.015 -0.00749608 -0.14781 -0.015 0.00749608 -0.14781 -0.015 0.0224113 -0.146293 -0.015 0.0370966 -0.143275 -0.015 0.0514012 -0.138787 -0.015 0.0651783 -0.132875 -0.015 0.0782867 -0.125599 -0.015 0.0905917 -0.117035 -0.015 0.101967 -0.107269 -0.015 0.112296 -0.0964031 -0.015 0.121473 -0.0845477 -0.015 0.129403 -0.0718247 -0.015 0.136006 -0.0583647 -0.015 0.141213 -0.0443057 -0.015 0.14497 -0.0297922 -0.015 0.147241 -0.0149729 -0.015 -0.005 0.161 -0.031 -0.00433013 0.161 -0.0285 -0.0025 0.161 -0.0266699 0 0.161 -0.026 0.0025 0.161 -0.0266699 0.00433013 0.161 -0.0285 0.005 0.161 -0.031 0.0165 0.0743921 -0.233589 0.0108444 0.0754244 -0.220212 0.021468 0.0731134 -0.220212 0.00876248 0.0756945 -0.233589 0.0165 0.0743921 -0.206836 0.00876248 0.0756945 -0.206836 -0.0085274 0.0757214 -0.273503 -0.0108444 0.0754244 -0.261634 -0.0085274 0.0757214 -0.249723 -0.015 0.074709 -0.277144 0.0002713 0.0761995 -0.418274 0.00562648 0.075992 -0.418122 0 0.0762 -0.52958 -0.00648294 0.0759237 -0.238596 -0.00025774 0.0761996 -0.238752 -0.00452505 0.0760655 -0.246289 0.00792412 0.0757869 -0.299388 0.0108444 0.0754244 -0.310181 0 0.0762 -0.310181 0.00792422 0.0757869 -0.321021 -0.00075432 0.0761963 -0.315561 0.00861745 0.0757112 -0.38194 0.00893438 0.0756744 -0.378097 0.00954033 0.0756004 -0.377995 0.00807745 0.0757707 -0.417903 -0.00634868 0.0759351 -0.417958 -0.0108444 0.0754244 -0.52958 -0.00936071 0.0756229 -0.417416 -0.0117308 0.0752916 -0.41637 0.00528082 0.0760168 -0.381839 0.00431533 0.0760777 -0.378513 0.00665688 0.0759087 -0.378365 0.00731931 0.0758477 -0.378303 -0.015 0.074709 -0.246103 -0.021468 0.0731134 -0.261634 -0.015 0.074709 -0.240473 0.0165 0.0743921 -0.201658 0.00875913 0.0756949 -0.201658 0.0108444 0.0754244 -0.0750079 0.021468 0.0731134 -0.0750079 0.0165 0.0743921 -0.238767 0.0165 0.0743921 -0.257962 0.0060517 0.0759593 -0.252161 0.00876248 0.0756945 -0.238767 0.0165 0.0743921 -0.294081 0.0165 0.0743921 -0.284938 0.021468 0.0731134 -0.261634 0.021468 0.0731134 -0.310181 0.0165 0.0743921 -0.326417 0.0165 0.0743921 -0.335425 -0.00378082 0.0761062 -0.386666 0 0.0762 -0.399851 -0.0103276 0.0754969 -0.409469 -0.0106849 0.0754472 -0.399584 -0.0104927 0.0754741 -0.392679 -0.0103343 0.075496 -0.390381 -0.0101047 0.075527 -0.389112 -0.00966383 0.0755847 -0.387924 -0.00854762 0.0757191 -0.387044 -0.00587702 0.075973 -0.386741 -0.002539 0.0761577 -0.378534 0.00086462 0.0761951 -0.378575 0.00259093 0.0761559 -0.378562 0.00528082 0.0760168 -0.386889 0.00682481 0.0758938 -0.386922 0.00934987 0.0756242 -0.387126 0.0105877 0.0754609 -0.387755 0.0108444 0.0754244 -0.399851 0.0108904 0.0754178 -0.411714 0.00951249 0.0756039 -0.4124 0.00693606 0.0758837 -0.412875 0.00422351 0.0760829 -0.41306 0.00191642 0.0761759 -0.413096 -0.00415752 0.0760865 -0.412883 -0.00459969 0.0760611 -0.412855 -0.00711152 0.0758674 -0.412637 -0.00879206 0.0756911 -0.412193 -0.00982234 0.0755643 -0.41128 -0.0102149 0.0755122 -0.410217 0.0762 0 -0.0750079 0.0762 0 -0.52958 0.0754244 0.0108444 -0.52958 0.0754244 0.0108444 -0.399851 0.0754244 0.0108444 -0.358942 0.0754244 0.0108444 -0.310181 0.0754244 0.0108444 -0.261634 0.0754244 0.0108444 -0.220212 0.0754244 0.0108444 -0.0750079 -0.00669349 0.0759054 -0.206991 0.00093204 0.0761943 -0.206836 0 0.0762 -0.220212 -0.0106849 0.0754472 -0.221352 -0.0101927 0.0755152 -0.210099 -0.00996765 0.0755453 -0.209099 -0.00963502 0.0755884 -0.208305 -0.00824663 0.0757525 -0.207246 0.00093204 0.0761943 -0.233589 -0.00550245 0.0760011 -0.23354 -0.00710477 0.0758681 -0.233468 -0.00887623 0.0756813 -0.233034 -0.00979086 0.0755684 -0.232195 -0.0102886 0.0755022 -0.230555 -0.0103074 0.0754997 -0.23044 -0.0106362 0.075454 -0.225219 -0.0762 0 -0.0750079 -0.0754244 0.0108444 -0.0750079 -0.0754244 0.0108444 -0.220212 -0.0754244 0.0108444 -0.261634 -0.0754244 0.0108444 -0.310181 -0.0754244 0.0108444 -0.358942 -0.0754244 0.0108444 -0.399851 -0.0762 0 -0.52958 -0.021468 0.0731134 -0.220212 -0.015 0.074709 -0.220388 -0.014346 0.0748374 -0.232962 -0.013678 0.0749624 -0.234842 -0.0121359 0.0752274 -0.236748 -0.0107524 0.0754376 -0.237661 -0.015 0.074709 -0.282794 -0.015 0.074709 -0.284938 -0.015 0.074709 -0.290116 -0.015 0.074709 -0.307983 -0.021468 0.0731134 -0.310181 -0.021468 0.0731134 -0.358942 -0.015 0.074709 -0.312171 -0.015 0.074709 -0.330247 -0.015 0.074709 -0.335425 -0.015 0.074709 -0.356906 -0.0147866 0.0747516 -0.367754 -0.0149262 0.0747238 -0.393332 -0.0149798 0.0747131 -0.395476 -0.015 0.074709 -0.398263 -0.021468 0.0731134 -0.399851 0.00604859 0.0759596 -0.335425 0.0139177 0.0749182 -0.342039 0.0119166 0.0752624 -0.340567 0.0097942 0.075568 -0.339932 0.00795751 0.0757834 -0.339652 0.00063538 0.0761974 -0.339308 -0.00445589 0.0760696 -0.339455 -0.00451917 0.0760659 -0.335425 0.021468 0.0731134 -0.358942 0.0165 0.0743921 -0.358268 0.0163204 0.0744318 -0.350644 0.0159382 0.0745145 -0.346833 0.0157235 0.0745601 -0.34575 0.0147649 0.0747559 -0.343173 -0.00795375 0.0757838 -0.339855 -0.0108546 0.0754229 -0.340801 -0.0123975 0.0751847 -0.341884 -0.0139536 0.0749115 -0.344557 -0.0141677 0.0748713 -0.345271 -0.0146339 0.0747816 -0.347966 -0.0147484 0.0747591 -0.349113 -0.014982 0.0747126 -0.354352 -0.0147621 0.0747564 -0.368376 -0.0146629 0.0747759 -0.370013 -0.0144881 0.07481 -0.371375 -0.0143797 0.0748309 -0.387145 0.0108444 0.0754244 -0.52958 0.0109781 0.075405 -0.41737 0.0131398 0.0750585 -0.416384 0.0147839 0.0747521 -0.414641 0.0157088 0.0745632 -0.412232 0.015846 0.0745342 -0.411512 0.0164671 0.0743994 -0.402401 0.021468 0.0731134 -0.52958 -0.021468 0.0731134 -0.52958 -0.0148856 0.0747319 -0.40542 -0.0147011 0.0747684 -0.4087 -0.0145375 0.0748004 -0.41043 -0.0142786 0.0748503 -0.412152 -0.0134259 0.0750079 -0.414503 -0.00363136 0.0761134 -0.378497 -0.00378082 0.0761062 -0.381427 -0.00760763 0.0758193 -0.378175 -0.00873055 0.0756982 -0.381757 -0.00930574 0.0756297 -0.377802 0.016407 0.0744127 -0.364358 0.0165 0.0743921 -0.398883 0.0158662 0.0745299 -0.371725 0.0162026 0.0744575 -0.390836 0.0158236 0.0745389 -0.371958 0.0156909 0.074567 -0.387388 0.0149702 0.074715 -0.374556 0.0147364 0.0747615 -0.384982 0.0134343 0.0750064 -0.376426 0.0135074 0.0749933 -0.383489 0.0113152 0.0753552 -0.377557 0.0112478 0.0753653 -0.382237 0.0107711 0.0754349 -0.377714 0.0731134 0.021468 -0.399851 0.0731134 0.021468 -0.52958 0.069314 0.0316546 -0.399851 0.069314 0.0316546 -0.52958 0.0641035 0.0411968 -0.399851 0.0641035 0.0411968 -0.52958 0.0575881 0.0499004 -0.399851 0.0575881 0.0499004 -0.52958 0.0499004 0.0575881 -0.399851 0.0499004 0.0575881 -0.52958 0.0411968 0.0641035 -0.399851 0.0411968 0.0641035 -0.52958 0.0316546 0.069314 -0.399851 0.0316546 0.069314 -0.52958 0.021468 0.0731134 -0.399851 0.0121849 0.0752195 -0.3992 0.012038 0.0752431 -0.405931 0.0121514 0.0752249 -0.396295 0.0112478 0.0753653 -0.388763 -0.00941064 0.0756167 -0.310114 -0.00075455 0.0761963 -0.304758 0.0165 0.0743921 -0.265325 0.0316546 0.069314 -0.261634 0.0316546 0.069314 -0.220212 0.0411968 0.0641035 -0.261634 0.0411968 0.0641035 -0.220212 0.0499004 0.0575881 -0.261634 0.0499004 0.0575881 -0.220212 0.0575881 0.0499004 -0.261634 0.0575881 0.0499004 -0.220212 0.0641035 0.0411968 -0.261634 0.0641035 0.0411968 -0.220212 0.069314 0.0316546 -0.261634 0.069314 0.0316546 -0.220212 0.0731134 0.021468 -0.261634 0.0731134 0.021468 -0.220212 -0.0147029 0.0747681 -0.211347 -0.021468 0.0731134 -0.0750079 -0.0316546 0.069314 -0.0750079 -0.0316546 0.069314 -0.220212 -0.0411968 0.0641035 -0.0750079 -0.0411968 0.0641035 -0.220212 -0.0499004 0.0575881 -0.0750079 -0.0499004 0.0575881 -0.220212 -0.0575881 0.0499004 -0.0750079 -0.0575881 0.0499004 -0.220212 -0.0641035 0.0411968 -0.0750079 -0.0641035 0.0411968 -0.220212 -0.069314 0.0316546 -0.0750079 -0.069314 0.0316546 -0.220212 -0.0731134 0.021468 -0.0750079 -0.0731134 0.021468 -0.220212 0.0731134 0.021468 -0.0750079 0.069314 0.0316546 -0.0750079 0.0641035 0.0411968 -0.0750079 0.0575881 0.0499004 -0.0750079 0.0499004 0.0575881 -0.0750079 0.0411968 0.0641035 -0.0750079 0.0316546 0.069314 -0.0750079 0 0.0762 -0.0750079 0.0009253 0.0761944 -0.201658 -0.00752954 0.0758271 -0.201887 -0.0108444 0.0754244 -0.0750079 -0.0102255 0.0755108 -0.202542 -0.0115847 0.0753143 -0.203309 -0.0133279 0.0750254 -0.205211 0.00093204 0.0761943 -0.238767 -0.0316546 0.069314 -0.261634 -0.0411968 0.0641035 -0.261634 -0.0499004 0.0575881 -0.261634 -0.0575881 0.0499004 -0.261634 -0.0641035 0.0411968 -0.261634 -0.069314 0.0316546 -0.261634 -0.0731134 0.021468 -0.261634 -0.0316546 0.069314 -0.310181 -0.0411968 0.0641035 -0.310181 -0.0499004 0.0575881 -0.310181 -0.0575881 0.0499004 -0.310181 -0.0641035 0.0411968 -0.310181 -0.069314 0.0316546 -0.310181 -0.0731134 0.021468 -0.310181 0.0121849 0.0752195 -0.290116 0.0121849 0.0752195 -0.290791 0.00312457 0.0761359 -0.290116 0.00312999 0.0761357 -0.296517 -0.00598042 0.075965 -0.290116 -0.00597963 0.075965 -0.302279 0.0731134 0.021468 -0.310181 0.069314 0.0316546 -0.310181 0.0641035 0.0411968 -0.310181 0.0575881 0.0499004 -0.310181 0.0499004 0.0575881 -0.310181 0.0411968 0.0641035 -0.310181 0.0316546 0.069314 -0.310181 -0.00451917 0.0760659 -0.284938 -0.0045257 0.0760655 -0.276985 0.00604859 0.0759596 -0.284938 0.00605107 0.0759594 -0.27112 0.0121849 0.0752195 -0.329539 0.0121849 0.0752195 -0.330247 0.00312952 0.0761357 -0.323753 0.00312457 0.0761359 -0.330247 -0.00598 0.075965 -0.317933 -0.00598042 0.075965 -0.330247 -0.0316546 0.069314 -0.358942 -0.0411968 0.0641035 -0.358942 -0.0499004 0.0575881 -0.358942 -0.0575881 0.0499004 -0.358942 -0.0641035 0.0411968 -0.358942 -0.069314 0.0316546 -0.358942 -0.0731134 0.021468 -0.358942 0.0731134 0.021468 -0.358942 0.069314 0.0316546 -0.358942 0.0641035 0.0411968 -0.358942 0.0575881 0.0499004 -0.358942 0.0499004 0.0575881 -0.358942 0.0411968 0.0641035 -0.358942 0.0316546 0.069314 -0.358942 0.011575 0.0753157 -0.409952 -0.0121952 0.0752178 -0.376195 -0.00993654 0.0755494 -0.381947 -0.0119253 0.0752611 -0.382817 -0.012813 0.075115 -0.375538 -0.0134516 0.0750033 -0.384544 -0.014021 0.0748989 -0.373371 -0.0316546 0.069314 -0.399851 -0.0411968 0.0641035 -0.399851 -0.0499004 0.0575881 -0.399851 -0.0575881 0.0499004 -0.399851 -0.0641035 0.0411968 -0.399851 -0.069314 0.0316546 -0.399851 -0.0731134 0.021468 -0.399851 -0.00407832 0.0760908 -0.418156 -0.0316546 0.069314 -0.52958 -0.0411968 0.0641035 -0.52958 -0.0499004 0.0575881 -0.52958 -0.0575881 0.0499004 -0.52958 -0.0641035 0.0411968 -0.52958 -0.069314 0.0316546 -0.52958 -0.0731134 0.021468 -0.52958 -0.0754244 0.0108444 -0.52958 0.0165 -0.0743921 -0.388068 0.0108444 -0.0754244 -0.401445 0.021468 -0.0731134 -0.401445 0.00876248 -0.0756945 -0.388068 -0.0115847 -0.0753143 -0.418348 -0.0133279 -0.0750254 -0.416447 -0.0108444 -0.0754244 -0.52958 -0.014346 -0.0748374 -0.388696 -0.013678 -0.0749624 -0.386815 -0.015 -0.074709 -0.381185 -0.00407832 -0.0760908 -0.203501 0 -0.0762 -0.0750079 -0.00634868 -0.0759351 -0.203699 0.0002713 -0.0761995 -0.203384 0.0109781 -0.075405 -0.204287 0.0108444 -0.0754244 -0.0750079 0.00807745 -0.0757707 -0.203755 -0.0085274 -0.0757214 -0.348154 -0.0108444 -0.0754244 -0.360024 -0.0085274 -0.0757214 -0.371934 -0.015 -0.074709 -0.344513 -0.021468 -0.0731134 -0.360024 -0.015 -0.074709 -0.40127 -0.021468 -0.0731134 -0.401445 -0.0147029 -0.0747681 -0.410311 -0.0106849 -0.0754472 -0.400306 -0.0103074 -0.0754997 -0.391217 -0.0106362 -0.075454 -0.396439 0.00731931 -0.0758477 -0.243354 0.00893439 -0.0756744 -0.24356 0.00861745 -0.0757112 -0.239717 -0.0123975 -0.0751847 -0.279774 -0.00451917 -0.0760659 -0.286233 -0.0108546 -0.0754229 -0.280856 -0.00795375 -0.0757838 -0.281802 0.00063538 -0.0761974 -0.282349 0.00604859 -0.0759596 -0.286233 0.00795751 -0.0757834 -0.282005 0.00792422 -0.0757869 -0.300636 -0.00075432 -0.0761963 -0.306097 0 -0.0762 -0.311476 0.0108444 -0.0754244 -0.311476 0.00792412 -0.0757869 -0.32227 0.00093204 -0.0761943 -0.38289 0.00876248 -0.0756945 -0.38289 0.0060517 -0.0759593 -0.369496 0.0165 -0.0743921 -0.356333 0.0165 -0.0743921 -0.363695 0.021468 -0.0731134 -0.360024 0.021468 -0.0731134 -0.311476 0.0165 -0.0743921 -0.336719 0.00604859 -0.0759596 -0.336719 0.00605107 -0.0759594 -0.350538 -0.015 -0.074709 -0.375555 0.00528082 -0.0760168 -0.234769 0.0108444 -0.0754244 -0.221807 0 -0.0762 -0.221807 0.00086462 -0.0761951 -0.243082 0.00259093 -0.0761559 -0.243096 0.00431533 -0.0760777 -0.243144 0.00528082 -0.0760168 -0.239819 0.0112478 -0.0753653 -0.239421 0.00954033 -0.0756004 -0.243663 0.0107711 -0.0754349 -0.243943 0.0113152 -0.0753552 -0.2441 0.0134343 -0.0750064 -0.245231 0.0135074 -0.0749933 -0.238168 0.0165 -0.0743921 -0.327577 0.0165 -0.0743921 -0.295241 0.0165 -0.0743921 -0.286233 0.0165 -0.0743921 -0.42 0.00875913 -0.0756949 -0.42 0.0108444 -0.0754244 -0.52958 0.021468 -0.0731134 -0.52958 0.0165 -0.0743921 -0.414822 0.00876248 -0.0756945 -0.414822 0.0165 -0.0743921 -0.38289 -0.0754244 -0.0108444 -0.52958 -0.0754244 -0.0108444 -0.401445 -0.0754244 -0.0108444 -0.360024 -0.0754244 -0.0108444 -0.311476 -0.0754244 -0.0108444 -0.262716 -0.0754244 -0.0108444 -0.221807 -0.0754244 -0.0108444 -0.0750079 -0.021468 -0.0731134 -0.221807 -0.021468 -0.0731134 -0.262716 -0.015 -0.074709 -0.264752 -0.0147866 -0.0747516 -0.253904 -0.0149262 -0.0747238 -0.228325 -0.0149798 -0.0747131 -0.226182 -0.015 -0.074709 -0.223395 -0.0148856 -0.0747319 -0.216238 -0.021468 -0.0731134 -0.0750079 0.0754244 -0.0108444 -0.0750079 0.0754244 -0.0108444 -0.221807 0.0754244 -0.0108444 -0.262716 0.0754244 -0.0108444 -0.311476 0.0754244 -0.0108444 -0.360024 0.0754244 -0.0108444 -0.401445 0.00191642 -0.0761759 -0.208562 -0.00415752 -0.0760865 -0.208775 -0.00459969 -0.0760611 -0.208802 -0.00711152 -0.0758674 -0.20902 -0.00879209 -0.0756911 -0.209465 -0.00982234 -0.0755643 -0.210378 -0.0102149 -0.0755122 -0.21144 -0.0103276 -0.0754969 -0.212189 -0.0106849 -0.0754472 -0.222073 -0.0104927 -0.0754741 -0.228979 -0.0103343 -0.075496 -0.231276 -0.0101047 -0.075527 -0.232545 -0.00966383 -0.0755847 -0.233733 -0.00854762 -0.0757191 -0.234614 -0.00587702 -0.075973 -0.234916 -0.00378082 -0.0761062 -0.234991 -0.00378082 -0.0761062 -0.24023 -0.00363136 -0.0761134 -0.24316 -0.002539 -0.0761577 -0.243124 0.0108904 -0.0754178 -0.209944 0.00951249 -0.0756039 -0.209257 0.00693606 -0.0758837 -0.208782 0.00422351 -0.0760829 -0.208598 -0.0108444 -0.0754244 -0.0750079 -0.0147011 -0.0747684 -0.212958 -0.0145375 -0.0748004 -0.211227 -0.0142786 -0.0748503 -0.209506 -0.0134259 -0.0750079 -0.207154 -0.0117308 -0.0752916 -0.205288 -0.00936071 -0.0756229 -0.204242 0.021468 -0.0731134 -0.0750079 0.0131398 -0.0750585 -0.205273 0.0147839 -0.0747521 -0.207016 0.0157088 -0.0745632 -0.209426 0.015846 -0.0745342 -0.210146 0.0164671 -0.0743994 -0.219257 0.0165 -0.0743921 -0.222774 0.021468 -0.0731134 -0.221807 0.00682481 -0.0758938 -0.234735 0.00934987 -0.0756242 -0.234531 0.0105877 -0.0754609 -0.233902 0.0112478 -0.0753653 -0.232895 -0.0143797 -0.0748309 -0.234513 -0.0147621 -0.0747564 -0.253281 -0.0146629 -0.0747759 -0.251645 -0.0144881 -0.07481 -0.250282 -0.014021 -0.0748989 -0.248286 -0.012813 -0.075115 -0.24612 -0.0134516 -0.0750033 -0.237114 -0.021468 -0.0731134 -0.311476 -0.015 -0.074709 -0.313674 -0.015 -0.074709 -0.309487 -0.015 -0.074709 -0.291411 -0.015 -0.074709 -0.286233 -0.0139536 -0.0749115 -0.277101 -0.0141677 -0.0748713 -0.276387 -0.0146339 -0.0747816 -0.273692 -0.0147484 -0.0747591 -0.272544 -0.014982 -0.0747126 -0.267305 0.021468 -0.0731134 -0.262716 0.0165 -0.0743921 -0.26339 0.0163204 -0.0744318 -0.271013 0.0159382 -0.0745145 -0.274824 0.0157235 -0.0745601 -0.275907 0.0147649 -0.0747559 -0.278484 0.0139177 -0.0749182 -0.279619 0.0119166 -0.0752624 -0.281091 0.0097942 -0.075568 -0.281725 -0.015 -0.074709 -0.338863 -0.015 -0.074709 -0.336719 -0.015 -0.074709 -0.331541 -0.00452505 -0.0760655 -0.375369 -0.0121359 -0.0752274 -0.38491 -0.0107524 -0.0754376 -0.383996 -0.00648294 -0.0759237 -0.383061 -0.00025774 -0.0761996 -0.382905 0 -0.0762 -0.401445 -0.00550245 -0.0760011 -0.388117 -0.00710477 -0.0758681 -0.38819 -0.00887623 -0.0756813 -0.388624 -0.00979086 -0.0755684 -0.389462 -0.0102886 -0.0755022 -0.391102 -0.0101927 -0.0755152 -0.411559 -0.00996765 -0.0755453 -0.412559 -0.00963502 -0.0755884 -0.413353 -0.00824663 -0.0757525 -0.414411 -0.00669349 -0.0759054 -0.414667 0.00093204 -0.0761943 -0.414822 0.00093204 -0.0761943 -0.388068 -0.00941064 -0.0756167 -0.311543 -0.00075455 -0.0761963 -0.3169 0.0121514 -0.0752249 -0.225362 0.0121849 -0.0752195 -0.222457 0.012038 -0.0752431 -0.215726 0.011575 -0.0753157 -0.211706 0.016407 -0.0744127 -0.2573 0.0162026 -0.0744575 -0.230822 -0.0731134 -0.021468 -0.0750079 -0.0731134 -0.021468 -0.221807 -0.069314 -0.0316546 -0.0750079 -0.069314 -0.0316546 -0.221807 -0.0641035 -0.0411968 -0.0750079 -0.0641035 -0.0411968 -0.221807 -0.0575881 -0.0499004 -0.0750079 -0.0575881 -0.0499004 -0.221807 -0.0499004 -0.0575881 -0.0750079 -0.0499004 -0.0575881 -0.221807 -0.0411968 -0.0641035 -0.0750079 -0.0411968 -0.0641035 -0.221807 -0.0316546 -0.069314 -0.0750079 -0.0316546 -0.069314 -0.221807 0.00562648 -0.075992 -0.203535 0.0316546 -0.069314 -0.0750079 0.0316546 -0.069314 -0.221807 0.0411968 -0.0641035 -0.0750079 0.0411968 -0.0641035 -0.221807 0.0499004 -0.0575881 -0.0750079 0.0499004 -0.0575881 -0.221807 0.0575881 -0.0499004 -0.0750079 0.0575881 -0.0499004 -0.221807 0.0641035 -0.0411968 -0.0750079 0.0641035 -0.0411968 -0.221807 0.069314 -0.0316546 -0.0750079 0.069314 -0.0316546 -0.221807 0.0731134 -0.021468 -0.0750079 0.0731134 -0.021468 -0.221807 0.00665688 -0.0759087 -0.243292 0.0147364 -0.0747615 -0.236676 0.0149702 -0.074715 -0.247102 0.0156909 -0.074567 -0.23427 0.0158236 -0.0745389 -0.2497 0.0158662 -0.0745299 -0.249932 0.0731134 -0.021468 -0.262716 0.069314 -0.0316546 -0.262716 0.0641035 -0.0411968 -0.262716 0.0575881 -0.0499004 -0.262716 0.0499004 -0.0575881 -0.262716 0.0411968 -0.0641035 -0.262716 0.0316546 -0.069314 -0.262716 -0.0731134 -0.021468 -0.262716 -0.069314 -0.0316546 -0.262716 -0.0641035 -0.0411968 -0.262716 -0.0575881 -0.0499004 -0.262716 -0.0499004 -0.0575881 -0.262716 -0.0411968 -0.0641035 -0.262716 -0.0316546 -0.069314 -0.262716 -0.0119253 -0.0752611 -0.23884 -0.0121952 -0.0752178 -0.245462 -0.00993654 -0.0755494 -0.239711 -0.00930574 -0.0756297 -0.243855 -0.00873054 -0.0756982 -0.2399 -0.00760763 -0.0758193 -0.243482 -0.00598042 -0.075965 -0.291411 -0.00598 -0.075965 -0.303724 0.00312457 -0.0761359 -0.291411 0.00312952 -0.0761357 -0.297904 0.0121849 -0.0752195 -0.291411 0.0121849 -0.0752195 -0.292119 -0.0731134 -0.021468 -0.311476 -0.069314 -0.0316546 -0.311476 -0.0641035 -0.0411968 -0.311476 -0.0575881 -0.0499004 -0.311476 -0.0499004 -0.0575881 -0.311476 -0.0411968 -0.0641035 -0.311476 -0.0316546 -0.069314 -0.311476 -0.00445589 -0.0760696 -0.282202 0.0316546 -0.069314 -0.311476 0.0411968 -0.0641035 -0.311476 0.0499004 -0.0575881 -0.311476 0.0575881 -0.0499004 -0.311476 0.0641035 -0.0411968 -0.311476 0.069314 -0.0316546 -0.311476 0.0731134 -0.021468 -0.311476 0.0316546 -0.069314 -0.360024 0.0411968 -0.0641035 -0.360024 0.0499004 -0.0575881 -0.360024 0.0575881 -0.0499004 -0.360024 0.0641035 -0.0411968 -0.360024 0.069314 -0.0316546 -0.360024 0.0731134 -0.021468 -0.360024 -0.0731134 -0.021468 -0.360024 -0.069314 -0.0316546 -0.360024 -0.0641035 -0.0411968 -0.360024 -0.0575881 -0.0499004 -0.360024 -0.0499004 -0.0575881 -0.360024 -0.0411968 -0.0641035 -0.360024 -0.0316546 -0.069314 -0.360024 -0.00451917 -0.0760659 -0.336719 -0.0045257 -0.0760655 -0.344672 -0.00597963 -0.075965 -0.319379 -0.00598042 -0.075965 -0.331541 0.00312999 -0.0761357 -0.32514 0.00312457 -0.0761359 -0.331541 0.0121849 -0.0752195 -0.330867 0.0121849 -0.0752195 -0.331541 -0.0731134 -0.021468 -0.401445 -0.069314 -0.0316546 -0.401445 -0.0641035 -0.0411968 -0.401445 -0.0575881 -0.0499004 -0.401445 -0.0499004 -0.0575881 -0.401445 -0.0411968 -0.0641035 -0.401445 -0.0316546 -0.069314 -0.401445 0.0316546 -0.069314 -0.401445 0.0411968 -0.0641035 -0.401445 0.0499004 -0.0575881 -0.401445 0.0575881 -0.0499004 -0.401445 0.0641035 -0.0411968 -0.401445 0.069314 -0.0316546 -0.401445 0.0731134 -0.021468 -0.401445 -0.0731134 -0.021468 -0.52958 -0.069314 -0.0316546 -0.52958 -0.0641035 -0.0411968 -0.52958 -0.0575881 -0.0499004 -0.52958 -0.0499004 -0.0575881 -0.52958 -0.0411968 -0.0641035 -0.52958 -0.0316546 -0.069314 -0.52958 -0.021468 -0.0731134 -0.52958 0 -0.0762 -0.52958 -0.00752954 -0.0758271 -0.419771 -0.0102255 -0.0755108 -0.419116 0.0009253 -0.0761944 -0.42 0.0316546 -0.069314 -0.52958 0.0411968 -0.0641035 -0.52958 0.0499004 -0.0575881 -0.52958 0.0575881 -0.0499004 -0.52958 0.0641035 -0.0411968 -0.52958 0.069314 -0.0316546 -0.52958 0.0731134 -0.021468 -0.52958 0.0754244 -0.0108444 -0.52958 -0.0412849 0.117985 -0.015 -0.0278151 0.121866 -0.015 -0.0139956 0.124214 -0.015 0 0.125 -0.015 0 -0.125 -0.015 -0.0139956 -0.124214 -0.015 0.0139956 -0.124214 -0.015 0.0139956 0.124214 -0.015 0.0278151 0.121866 -0.015 0.0412849 0.117985 -0.015 -0.0412849 -0.117985 -0.015 -0.0278151 -0.121866 -0.015 -0.066504 -0.10584 -0.015 -0.0542355 -0.112621 -0.015 -0.10584 -0.066504 -0.015 -0.0977289 -0.0779362 -0.015 -0.0883884 -0.0883884 -0.015 -0.0779362 -0.0977289 -0.015 -0.0883884 0.0883884 -0.015 -0.0977289 0.0779362 -0.015 -0.10584 0.066504 -0.015 -0.112621 0.0542355 -0.015 -0.117985 0.0412849 -0.015 -0.121866 0.0278151 -0.015 -0.124214 0.0139956 -0.015 -0.125 0 -0.015 -0.124214 -0.0139956 -0.015 -0.121866 -0.0278151 -0.015 -0.117985 -0.0412849 -0.015 -0.112621 -0.0542355 -0.015 -0.0542355 0.112621 -0.015 -0.066504 0.10584 -0.015 -0.0779362 0.0977289 -0.015 0.0412849 -0.117985 -0.015 0.0278151 -0.121866 -0.015 0.066504 -0.10584 -0.015 0.0542355 -0.112621 -0.015 0.10584 -0.066504 -0.015 0.0977289 -0.0779362 -0.015 0.0883884 -0.0883884 -0.015 0.0779362 -0.0977289 -0.015 0.0883884 0.0883884 -0.015 0.0977289 0.0779362 -0.015 0.10584 0.066504 -0.015 0.112621 0.0542355 -0.015 0.117985 0.0412849 -0.015 0.121866 0.0278151 -0.015 0.124214 0.0139956 -0.015 0.125 0 -0.015 0.124214 -0.0139956 -0.015 0.121866 -0.0278151 -0.015 0.117985 -0.0412849 -0.015 0.112621 -0.0542355 -0.015 0.0542355 0.112621 -0.015 0.066504 0.10584 -0.015 0.0779362 0.0977289 -0.015 0.0768133 0 -0.534239 0.076294 0.00891748 -0.534239 -0.076294 0.00891748 -0.534239 -0.0768133 0 -0.534239 -0.0889358 0.0103951 -0.546967 -0.0934572 0.0118064 -0.54758 -0.0942 0 -0.54758 0.0934572 0.0118064 -0.54758 0.0889358 0.0103951 -0.546967 0.0942 0 -0.54758 -0.0871277 0.0206496 -0.546967 -0.0912405 0.0234266 -0.54758 -0.0747428 0.0177144 -0.534239 -0.0841413 0.0306249 -0.546967 -0.087585 0.0346773 -0.54758 -0.0721809 0.0262717 -0.534239 -0.080017 0.040186 -0.546967 -0.0825481 0.0453812 -0.54758 -0.0686429 0.0344738 -0.534239 -0.0748106 0.0492037 -0.546967 -0.0762094 0.0553694 -0.54758 -0.0685926 0.057556 -0.546967 -0.0686688 0.0644843 -0.54758 -0.0588424 0.0493747 -0.534239 -0.0641766 0.0422096 -0.534239 -0.0614469 0.06513 -0.546967 -0.0600453 0.0725823 -0.54758 -0.0527125 0.055872 -0.534239 -0.0534703 0.0718231 -0.546967 -0.0504749 0.0795357 -0.54758 -0.0458697 0.0616138 -0.534239 -0.0447706 0.077545 -0.546967 -0.0401084 0.0852347 -0.54758 -0.0384067 0.0665223 -0.534239 -0.0354655 0.0822182 -0.546967 -0.0291094 0.0895895 -0.54758 -0.0256807 0.0857796 -0.546967 -0.0176513 0.0925315 -0.54758 -0.0220303 0.0735864 -0.534239 -0.0304242 0.0705312 -0.534239 -0.0155487 0.0881809 -0.546967 -0.00591487 0.0940141 -0.54758 -0.0133385 0.0756464 -0.534239 -0.0044663 0.0766834 -0.534239 0.00520636 0.0893898 -0.546967 0.00591487 0.0940141 -0.54758 0.0044663 0.0766834 -0.534239 0.0155487 0.0881809 -0.546967 0.0176513 0.0925315 -0.54758 0.0133385 0.0756464 -0.534239 0.0256807 0.0857796 -0.546967 0.0291094 0.0895895 -0.54758 0.0354655 0.0822182 -0.546967 0.0401084 0.0852347 -0.54758 0.0304242 0.0705312 -0.534239 0.0220303 0.0735864 -0.534239 0.0447706 0.077545 -0.546967 0.0504749 0.0795357 -0.54758 0.0384067 0.0665223 -0.534239 0.0534703 0.0718231 -0.546967 0.0600453 0.0725823 -0.54758 0.0458697 0.0616138 -0.534239 0.0614469 0.06513 -0.546967 0.0686688 0.0644843 -0.54758 0.0527125 0.055872 -0.534239 0.0685926 0.057556 -0.546967 0.0762094 0.0553694 -0.54758 0.0748106 0.0492037 -0.546967 0.0825481 0.0453812 -0.54758 0.0641766 0.0422096 -0.534239 0.0588424 0.0493747 -0.534239 0.080017 0.040186 -0.546967 0.087585 0.0346773 -0.54758 0.0686429 0.0344738 -0.534239 0.0841413 0.0306249 -0.546967 0.0912405 0.0234266 -0.54758 0.0721809 0.0262717 -0.534239 0.0871277 0.0206496 -0.546967 0.0747428 0.0177144 -0.534239 0.0895413 0 -0.546967 0.0846239 0.00989112 -0.545169 0.0852 0 -0.545169 0.0809212 0.00945833 -0.542308 0.0814721 0 -0.542308 0.07808 0.00912624 -0.53858 0.0786116 0 -0.53858 -0.0895413 0 -0.546967 -0.0852 0 -0.545169 -0.0846239 0.00989112 -0.545169 -0.0814721 0 -0.542308 -0.0809212 0.00945833 -0.542308 -0.0786116 0 -0.53858 -0.07808 0.00912624 -0.53858 -0.0829034 0.0196485 -0.545169 -0.079276 0.0187887 -0.542308 -0.0764926 0.0181291 -0.53858 -0.0800618 0.0291401 -0.545169 -0.0765587 0.0278651 -0.542308 -0.0738707 0.0268867 -0.53858 -0.0761375 0.0382377 -0.545169 -0.0728061 0.0365646 -0.542308 -0.0702498 0.0352808 -0.53858 -0.0711836 0.0468182 -0.545169 -0.0680689 0.0447696 -0.542308 -0.065679 0.0431978 -0.53858 -0.065267 0.0547655 -0.545169 -0.0624112 0.0523692 -0.542308 -0.0602199 0.0505305 -0.53858 -0.0584678 0.0619722 -0.545169 -0.0559095 0.0592606 -0.542308 -0.0539465 0.05718 -0.53858 -0.0508779 0.0683409 -0.545169 -0.0486518 0.0653507 -0.542308 -0.0469436 0.0630561 -0.53858 -0.0426 0.0737854 -0.545169 -0.040736 0.0705569 -0.542308 -0.0393058 0.0680796 -0.53858 -0.033746 0.078232 -0.545169 -0.0322694 0.074809 -0.542308 -0.0311364 0.0721824 -0.53858 -0.0244356 0.0816207 -0.545169 -0.0233665 0.0780494 -0.542308 -0.022546 0.075309 -0.53858 -0.0147948 0.0839056 -0.545169 -0.0141475 0.0802343 -0.542308 -0.0136507 0.0774173 -0.53858 -0.00520636 0.0893898 -0.546967 -0.00495394 0.0850559 -0.545169 -0.00473718 0.0813342 -0.542308 -0.00457086 0.0784786 -0.53858 0.00495394 0.0850559 -0.545169 0.00473718 0.0813342 -0.542308 0.00457086 0.0784786 -0.53858 0.0147948 0.0839056 -0.545169 0.0141475 0.0802343 -0.542308 0.0136507 0.0774173 -0.53858 0.0244356 0.0816207 -0.545169 0.0233665 0.0780494 -0.542308 0.022546 0.075309 -0.53858 0.033746 0.078232 -0.545169 0.0322694 0.074809 -0.542308 0.0311364 0.0721824 -0.53858 0.0426 0.0737854 -0.545169 0.040736 0.0705569 -0.542308 0.0393058 0.0680796 -0.53858 0.0508779 0.0683409 -0.545169 0.0486518 0.0653507 -0.542308 0.0469436 0.0630561 -0.53858 0.0584678 0.0619722 -0.545169 0.0559095 0.0592606 -0.542308 0.0539465 0.05718 -0.53858 0.065267 0.0547655 -0.545169 0.0624112 0.0523692 -0.542308 0.0602199 0.0505305 -0.53858 0.0711836 0.0468182 -0.545169 0.0680689 0.0447696 -0.542308 0.065679 0.0431978 -0.53858 0.0761375 0.0382377 -0.545169 0.0728061 0.0365646 -0.542308 0.0702498 0.0352808 -0.53858 0.0800618 0.0291401 -0.545169 0.0765587 0.0278651 -0.542308 0.0738707 0.0268867 -0.53858 0.0829034 0.0196485 -0.545169 0.079276 0.0187887 -0.542308 0.0764926 0.0181291 -0.53858 -0.015 0.074811 -0.330247 -0.015 0.074811 -0.335425 0.0165 0.0744946 -0.335425 0.00604846 0.0760599 -0.335425 -0.00451912 0.0761661 -0.335425 0.0165 0.0744946 -0.326417 -0.00941064 0.0757174 -0.310114 -0.00075463 0.0762963 -0.31556 0.00792399 0.0758874 -0.321021 0.0165 0.0744946 -0.294081 0.00792421 0.0758874 -0.299388 -0.00075454 0.0762963 -0.304758 0.0165 0.0744946 -0.284938 0.00604846 0.0760599 -0.284938 -0.00451912 0.0761661 -0.284938 -0.015 0.074811 -0.284938 -0.015 0.074811 -0.290116 -0.00598031 0.0760653 -0.290116 0.00312456 0.076236 -0.290116 0.0121849 0.0753208 -0.290116 0.0121849 0.0753208 -0.290791 -0.015 0.074811 -0.307983 -0.00597988 0.0760653 -0.302279 0.00312988 0.0762358 -0.296517 -0.015 0.074811 -0.312171 -0.00597979 0.0760653 -0.317933 0.00312988 0.0762358 -0.323754 0.0121849 0.0753208 -0.329539 0.0121849 0.0753208 -0.330247 -0.00598031 0.0760653 -0.330247 0.00312456 0.076236 -0.330247 0.00093204 0.0762943 -0.238767 -0.0107524 0.0755386 -0.237661 -0.00646073 0.076026 -0.238598 -0.00572456 0.0760849 -0.238633 0.0165 0.0744946 -0.238767 0.00876235 0.0757952 -0.238767 0.0165 0.0744946 -0.233589 0.00876235 0.0757952 -0.233589 0.00093204 0.0762943 -0.233589 -0.00710477 0.0759685 -0.233468 -0.0103074 0.0756006 -0.23044 -0.00979651 0.0756684 -0.232185 -0.00840432 0.0758357 -0.233217 -0.0106849 0.0755481 -0.221352 -0.0101927 0.0756161 -0.210099 -0.00669349 0.0760058 -0.206991 -0.00854258 0.0758203 -0.207354 -0.00975937 0.0756732 -0.208551 0.00093204 0.0762943 -0.206836 0.0165 0.0744946 -0.206836 0.00876235 0.0757952 -0.206836 0.0165 0.0744946 -0.201658 0.008759 0.0757956 -0.201658 0.0009253 0.0762944 -0.201658 -0.00752954 0.0759276 -0.201887 -0.0133279 0.0751269 -0.205211 -0.0117107 0.075396 -0.203403 -0.00943486 0.0757144 -0.202255 -0.015 0.074811 -0.220388 -0.0146993 0.0748707 -0.211284 -0.014346 0.0749392 -0.232962 -0.0127547 0.0752264 -0.236149 -0.0137571 0.0750495 -0.234686 0.00605143 0.0760596 -0.252161 -0.0045255 0.0761657 -0.246289 -0.015 0.074811 -0.240473 0.0165 0.0744946 -0.257962 -0.015 0.074811 -0.246103 -0.0085274 0.075822 -0.249723 -0.0085274 0.075822 -0.273503 -0.015 0.074811 -0.277144 -0.015 0.074811 -0.282794 0.0165 0.0744946 -0.265325 0.00605144 0.0760596 -0.27112 -0.0045255 0.0761657 -0.276985 -0.00854762 0.0758197 -0.387044 -0.0097868 0.0756697 -0.388148 -0.0100752 0.0756319 -0.388994 -0.0103343 0.0755969 -0.390381 -0.00378082 0.0762063 -0.386666 -0.00378082 0.0762063 -0.381427 -0.00993654 0.0756502 -0.381947 -0.0143797 0.0749327 -0.387145 -0.0135145 0.0750936 -0.384656 -0.0121033 0.075334 -0.38295 -0.015 0.074811 -0.398263 -0.0149798 0.0748151 -0.395475 -0.0142786 0.0749521 -0.412152 -0.0145373 0.0749023 -0.410432 -0.0147013 0.0748703 -0.4087 -0.0149863 0.0748135 -0.400746 -0.00773846 0.0759065 -0.417762 -0.0101638 0.07562 -0.417166 -0.0122338 0.0753128 -0.415976 0.0002713 0.0762995 -0.418274 -0.0040771 0.076191 -0.418156 -0.0136427 0.0750704 -0.414095 0.00812906 0.0758657 -0.417896 0.0109781 0.0755061 -0.41737 0.0136605 0.0750672 -0.415974 0.0151322 0.0747844 -0.413994 0.0115681 0.0754179 -0.417178 0.015846 0.0746364 -0.411512 0.0165 0.0744946 -0.398883 0.0156909 0.0746692 -0.387388 0.0112478 0.0754664 -0.382237 0.013523 0.0750921 -0.383504 0.0143665 0.0749353 -0.384438 0.0153106 0.0747481 -0.386132 0.00528082 0.076117 -0.381839 0.00528082 0.076117 -0.386889 0.00682481 0.0759942 -0.386922 0.0112478 0.0754664 -0.388763 0.0103956 0.0755885 -0.387585 0.00999779 0.0756422 -0.387336 0.00866102 0.0758068 -0.38701 0.0121849 0.0753208 -0.3992 0.0120814 0.0753374 -0.394446 0.0108904 0.0755188 -0.411714 0.0119237 0.0753626 -0.407539 0.0121613 0.0753246 -0.40225 0.00191642 0.0762759 -0.413096 0.00422523 0.0761829 -0.41306 0.00858541 0.0758154 -0.412622 -0.00461564 0.0761603 -0.412855 -0.00711152 0.0759679 -0.412637 -0.0103276 0.0755978 -0.409469 -0.00987855 0.0756578 -0.411177 -0.00891217 0.0757777 -0.412135 -0.0106849 0.0755481 -0.399584 -0.0104922 0.0755751 -0.392678 0.0137329 0.075054 -0.376169 0.0151718 0.0747764 -0.374155 0.0158662 0.0746321 -0.371725 0.0113152 0.0754563 -0.377557 0.0118384 0.075376 -0.377358 0.0165 0.0744946 -0.358268 0.0164985 0.0744949 -0.357278 0.0162474 0.0745501 -0.349571 0.0139177 0.0750199 -0.342039 0.0157016 0.0746669 -0.345661 0.0157249 0.074662 -0.345757 0.00795751 0.0758839 -0.339652 0.0106015 0.0755599 -0.340111 0.0138591 0.0750308 -0.341981 0.00063538 0.0762974 -0.339308 -0.00589404 0.076072 -0.339571 -0.0092088 0.0757422 -0.340153 -0.0123975 0.0752861 -0.341884 -0.00110978 0.0762919 -0.339321 -0.015 0.074811 -0.356906 -0.0148165 0.0748476 -0.350025 -0.0147499 0.0748608 -0.349126 -0.0143437 0.0749395 -0.346043 -0.0141712 0.0749725 -0.345284 -0.0132484 0.0751411 -0.342963 -0.0146629 0.0748778 -0.370013 -0.014762 0.0748583 -0.368377 -0.0149172 0.0748275 -0.36346 -0.0143013 0.0749475 -0.372347 -0.0133725 0.075119 -0.374764 -0.0121952 0.0753191 -0.376195 0.00086462 0.0762951 -0.378575 -0.00254178 0.0762577 -0.378534 -0.00626417 0.0760424 -0.378332 -0.00762262 0.0759183 -0.378173 -0.00987112 0.0756588 -0.377612 0.0103125 0.0755999 -0.377833 0.00944648 0.075713 -0.378011 0.00837002 0.0758395 -0.378179 0.0067141 0.076004 -0.37836 0.00562176 0.0760926 -0.378444 0.00374664 0.076208 -0.378534 0.00186758 0.0762771 -0.378571 0.076294 -0.00891748 -0.534239 0.0889358 -0.0103951 -0.546967 0.0934572 -0.0118064 -0.54758 -0.0934572 -0.0118064 -0.54758 -0.0889358 -0.0103951 -0.546967 -0.076294 -0.00891748 -0.534239 0.0871277 -0.0206496 -0.546967 0.0912405 -0.0234266 -0.54758 0.0747428 -0.0177144 -0.534239 0.0841413 -0.0306249 -0.546967 0.087585 -0.0346773 -0.54758 0.0721809 -0.0262717 -0.534239 0.080017 -0.040186 -0.546967 0.0825481 -0.0453812 -0.54758 0.0686429 -0.0344738 -0.534239 0.0748106 -0.0492037 -0.546967 0.0762094 -0.0553694 -0.54758 0.0685926 -0.057556 -0.546967 0.0686688 -0.0644843 -0.54758 0.0588424 -0.0493747 -0.534239 0.0641766 -0.0422096 -0.534239 0.0614469 -0.06513 -0.546967 0.0600453 -0.0725823 -0.54758 0.0527125 -0.055872 -0.534239 0.0534703 -0.0718231 -0.546967 0.0504749 -0.0795357 -0.54758 0.0458697 -0.0616138 -0.534239 0.0447706 -0.077545 -0.546967 0.0401084 -0.0852347 -0.54758 0.0384067 -0.0665223 -0.534239 0.0354655 -0.0822182 -0.546967 0.0291094 -0.0895895 -0.54758 0.0256807 -0.0857796 -0.546967 0.0176513 -0.0925315 -0.54758 0.0220303 -0.0735864 -0.534239 0.0304242 -0.0705312 -0.534239 0.0155487 -0.0881809 -0.546967 0.00591487 -0.0940141 -0.54758 0.0133385 -0.0756464 -0.534239 0.0044663 -0.0766834 -0.534239 -0.00520636 -0.0893898 -0.546967 -0.00591487 -0.0940141 -0.54758 -0.0044663 -0.0766834 -0.534239 -0.0155487 -0.0881809 -0.546967 -0.0176513 -0.0925315 -0.54758 -0.0133385 -0.0756464 -0.534239 -0.0256807 -0.0857796 -0.546967 -0.0291094 -0.0895895 -0.54758 -0.0354655 -0.0822182 -0.546967 -0.0401084 -0.0852347 -0.54758 -0.0304242 -0.0705312 -0.534239 -0.0220303 -0.0735864 -0.534239 -0.0447706 -0.077545 -0.546967 -0.0504749 -0.0795357 -0.54758 -0.0384067 -0.0665223 -0.534239 -0.0534703 -0.0718231 -0.546967 -0.0600453 -0.0725823 -0.54758 -0.0458697 -0.0616138 -0.534239 -0.0614469 -0.06513 -0.546967 -0.0686688 -0.0644843 -0.54758 -0.0527125 -0.055872 -0.534239 -0.0685926 -0.057556 -0.546967 -0.0762094 -0.0553694 -0.54758 -0.0748106 -0.0492037 -0.546967 -0.0825481 -0.0453812 -0.54758 -0.0641766 -0.0422096 -0.534239 -0.0588424 -0.0493747 -0.534239 -0.080017 -0.040186 -0.546967 -0.087585 -0.0346773 -0.54758 -0.0686429 -0.0344738 -0.534239 -0.0841413 -0.0306249 -0.546967 -0.0912405 -0.0234266 -0.54758 -0.0721809 -0.0262717 -0.534239 -0.0871277 -0.0206496 -0.546967 -0.0747428 -0.0177144 -0.534239 -0.0846239 -0.00989112 -0.545169 -0.0809212 -0.00945833 -0.542308 -0.07808 -0.00912624 -0.53858 0.0846239 -0.00989112 -0.545169 0.0809212 -0.00945833 -0.542308 0.07808 -0.00912624 -0.53858 0.0829034 -0.0196485 -0.545169 0.079276 -0.0187887 -0.542308 0.0764926 -0.0181291 -0.53858 0.0800618 -0.0291401 -0.545169 0.0765587 -0.0278651 -0.542308 0.0738707 -0.0268867 -0.53858 0.0761375 -0.0382377 -0.545169 0.0728061 -0.0365646 -0.542308 0.0702498 -0.0352808 -0.53858 0.0711836 -0.0468182 -0.545169 0.0680689 -0.0447696 -0.542308 0.065679 -0.0431978 -0.53858 0.065267 -0.0547655 -0.545169 0.0624112 -0.0523692 -0.542308 0.0602199 -0.0505305 -0.53858 0.0584678 -0.0619722 -0.545169 0.0559095 -0.0592606 -0.542308 0.0539465 -0.05718 -0.53858 0.0508779 -0.0683409 -0.545169 0.0486518 -0.0653507 -0.542308 0.0469436 -0.0630561 -0.53858 0.0426 -0.0737854 -0.545169 0.040736 -0.0705569 -0.542308 0.0393058 -0.0680796 -0.53858 0.033746 -0.078232 -0.545169 0.0322694 -0.074809 -0.542308 0.0311364 -0.0721824 -0.53858 0.0244356 -0.0816207 -0.545169 0.0233665 -0.0780494 -0.542308 0.022546 -0.075309 -0.53858 0.0147948 -0.0839056 -0.545169 0.0141475 -0.0802343 -0.542308 0.0136507 -0.0774173 -0.53858 0.00520636 -0.0893898 -0.546967 0.00495394 -0.0850559 -0.545169 0.00473718 -0.0813342 -0.542308 0.00457086 -0.0784786 -0.53858 -0.00495394 -0.0850559 -0.545169 -0.00473718 -0.0813342 -0.542308 -0.00457086 -0.0784786 -0.53858 -0.0147948 -0.0839056 -0.545169 -0.0141475 -0.0802343 -0.542308 -0.0136507 -0.0774173 -0.53858 -0.0244356 -0.0816207 -0.545169 -0.0233665 -0.0780494 -0.542308 -0.022546 -0.075309 -0.53858 -0.033746 -0.078232 -0.545169 -0.0322694 -0.074809 -0.542308 -0.0311364 -0.0721824 -0.53858 -0.0426 -0.0737854 -0.545169 -0.040736 -0.0705569 -0.542308 -0.0393058 -0.0680796 -0.53858 -0.0508779 -0.0683409 -0.545169 -0.0486518 -0.0653507 -0.542308 -0.0469436 -0.0630561 -0.53858 -0.0584678 -0.0619722 -0.545169 -0.0559095 -0.0592606 -0.542308 -0.0539465 -0.05718 -0.53858 -0.065267 -0.0547655 -0.545169 -0.0624112 -0.0523692 -0.542308 -0.0602199 -0.0505305 -0.53858 -0.0711836 -0.0468182 -0.545169 -0.0680689 -0.0447696 -0.542308 -0.065679 -0.0431978 -0.53858 -0.0761375 -0.0382377 -0.545169 -0.0728061 -0.0365646 -0.542308 -0.0702498 -0.0352808 -0.53858 -0.0800618 -0.0291401 -0.545169 -0.0765587 -0.0278651 -0.542308 -0.0738707 -0.0268867 -0.53858 -0.0829034 -0.0196485 -0.545169 -0.079276 -0.0187887 -0.542308 -0.0764926 -0.0181291 -0.53858 0.00093204 -0.0762943 -0.38289 -0.0107524 -0.0755386 -0.383996 -0.00646073 -0.076026 -0.38306 -0.00572456 -0.0760849 -0.383025 0.00876235 -0.0757952 -0.38289 0.0165 -0.0744946 -0.38289 0.0165 -0.0744946 -0.388068 0.00093204 -0.0762943 -0.388068 0.00876235 -0.0757952 -0.388068 -0.00710477 -0.0759685 -0.38819 -0.0103074 -0.0756006 -0.391217 -0.00979651 -0.0756684 -0.389473 -0.00840432 -0.0758357 -0.38844 -0.0106849 -0.0755481 -0.400306 -0.0101927 -0.0756161 -0.411559 -0.00669349 -0.0760058 -0.414667 -0.00854258 -0.0758203 -0.414304 -0.00975937 -0.0756732 -0.413107 0.00093204 -0.0762943 -0.414822 0.00876235 -0.0757952 -0.414822 0.0165 -0.0744946 -0.414822 0.0165 -0.0744946 -0.42 0.0009253 -0.0762944 -0.42 0.008759 -0.0757956 -0.42 -0.00752954 -0.0759276 -0.419771 -0.0133279 -0.0751269 -0.416447 -0.0117107 -0.075396 -0.418254 -0.00943486 -0.0757144 -0.419402 -0.015 -0.074811 -0.40127 -0.0146993 -0.0748707 -0.410373 -0.014346 -0.0749392 -0.388696 -0.0127547 -0.0752264 -0.385508 -0.0137571 -0.0750495 -0.386972 -0.015 -0.074811 -0.286233 -0.015 -0.074811 -0.291411 0.0165 -0.0744946 -0.286233 0.00604846 -0.0760599 -0.286233 -0.00451912 -0.0761661 -0.286233 0.0165 -0.0744946 -0.295241 0.00792399 -0.0758874 -0.300637 -0.00075463 -0.0762963 -0.306097 -0.00941064 -0.0757174 -0.311543 -0.00075454 -0.0762963 -0.3169 0.00792421 -0.0758874 -0.32227 0.0165 -0.0744946 -0.327577 0.0165 -0.0744946 -0.336719 -0.015 -0.074811 -0.336719 -0.00451912 -0.0761661 -0.336719 0.00604846 -0.0760599 -0.336719 -0.015 -0.074811 -0.331541 0.0121849 -0.0753208 -0.331541 0.00312456 -0.076236 -0.331541 -0.00598031 -0.0760653 -0.331541 0.0121849 -0.0753208 -0.330867 -0.015 -0.074811 -0.313674 -0.00597988 -0.0760653 -0.319379 0.00312988 -0.0762358 -0.32514 -0.015 -0.074811 -0.309487 0.0121849 -0.0753208 -0.292119 0.00312988 -0.0762358 -0.297904 -0.00597979 -0.0760653 -0.303724 0.0121849 -0.0753208 -0.291411 -0.00598031 -0.0760653 -0.291411 0.00312456 -0.076236 -0.291411 0.0137329 -0.075054 -0.245489 0.0151718 -0.0747764 -0.247503 0.0158662 -0.0746321 -0.249932 0.0113152 -0.0754563 -0.2441 0.0118384 -0.075376 -0.2443 0.0165 -0.0744946 -0.26339 0.0164985 -0.0744949 -0.26438 0.0162474 -0.0745501 -0.272087 0.0139177 -0.0750199 -0.279619 0.0157016 -0.0746669 -0.275997 0.0157249 -0.074662 -0.275901 0.00795751 -0.0758839 -0.282005 0.0106015 -0.0755599 -0.281546 0.0138591 -0.0750308 -0.279676 0.00063538 -0.0762974 -0.282349 -0.00589404 -0.076072 -0.282087 -0.0092088 -0.0757422 -0.281504 -0.0123975 -0.0752861 -0.279774 -0.00110978 -0.0762919 -0.282336 -0.015 -0.074811 -0.264752 -0.0148165 -0.0748476 -0.271633 -0.0147499 -0.0748608 -0.272531 -0.0143437 -0.0749395 -0.275615 -0.0141712 -0.0749725 -0.276374 -0.0132484 -0.0751411 -0.278694 -0.0146629 -0.0748778 -0.251645 -0.014762 -0.0748583 -0.253281 -0.0149172 -0.0748275 -0.258198 -0.0143013 -0.0749475 -0.24931 -0.0133725 -0.075119 -0.246894 -0.0121952 -0.0753191 -0.245462 0.00086462 -0.0762951 -0.243082 -0.00254178 -0.0762577 -0.243124 -0.00626417 -0.0760424 -0.243326 -0.00762262 -0.0759183 -0.243485 -0.00987112 -0.0756588 -0.244045 0.0103125 -0.0755999 -0.243825 0.00944648 -0.075713 -0.243647 0.00837002 -0.0758395 -0.243478 0.0067141 -0.076004 -0.243298 0.00562175 -0.0760926 -0.243214 0.00374664 -0.076208 -0.243124 0.00186758 -0.0762771 -0.243087 -0.00854762 -0.0758197 -0.234614 -0.0097868 -0.0756697 -0.233509 -0.0100752 -0.0756319 -0.232664 -0.0103343 -0.0755969 -0.231276 -0.00378082 -0.0762063 -0.234991 -0.00378082 -0.0762063 -0.24023 -0.00993654 -0.0756502 -0.239711 -0.0143797 -0.0749327 -0.234513 -0.0135145 -0.0750936 -0.237001 -0.0121033 -0.075334 -0.238708 -0.015 -0.074811 -0.223395 -0.0149798 -0.0748151 -0.226183 -0.0142786 -0.0749521 -0.209506 -0.0145373 -0.0749023 -0.211226 -0.0147013 -0.0748703 -0.212958 -0.0149863 -0.0748135 -0.220912 -0.00773846 -0.0759065 -0.203895 -0.0101638 -0.07562 -0.204492 -0.0122338 -0.0753128 -0.205682 0.0002713 -0.0762995 -0.203384 -0.0040771 -0.076191 -0.203501 -0.0136427 -0.0750704 -0.207563 0.00812906 -0.0758657 -0.203761 0.0109781 -0.0755061 -0.204287 0.0136605 -0.0750672 -0.205683 0.0151322 -0.0747844 -0.207663 0.0115681 -0.0754179 -0.20448 0.015846 -0.0746364 -0.210146 0.0165 -0.0744946 -0.222774 0.0156909 -0.0746692 -0.23427 0.0112478 -0.0754664 -0.239421 0.013523 -0.0750921 -0.238154 0.0143665 -0.0749353 -0.237219 0.0153106 -0.0747481 -0.235526 0.00528082 -0.076117 -0.239819 0.00528082 -0.076117 -0.234769 0.00682481 -0.0759942 -0.234735 0.0112478 -0.0754664 -0.232895 0.0103956 -0.0755885 -0.234072 0.00999779 -0.0756422 -0.234322 0.00866102 -0.0758068 -0.234647 0.0121849 -0.0753208 -0.222457 0.0120814 -0.0753374 -0.227212 0.0108904 -0.0755188 -0.209944 0.0119237 -0.0753626 -0.214119 0.0121613 -0.0753246 -0.219407 0.00191642 -0.0762759 -0.208562 0.00422523 -0.0761829 -0.208598 0.00858541 -0.0758154 -0.209036 -0.00461564 -0.0761603 -0.208803 -0.00711152 -0.0759679 -0.20902 -0.0103276 -0.0755978 -0.212189 -0.00987855 -0.0756578 -0.210481 -0.00891217 -0.0757777 -0.209523 -0.0106849 -0.0755481 -0.222073 -0.0104922 -0.0755751 -0.228979 -0.015 -0.074811 -0.381185 -0.0045255 -0.0761657 -0.375369 0.00605143 -0.0760596 -0.369496 0.0165 -0.0744946 -0.363695 -0.015 -0.074811 -0.375555 -0.0085274 -0.075822 -0.371934 -0.0085274 -0.075822 -0.348154 -0.015 -0.074811 -0.344513 -0.015 -0.074811 -0.338863 0.0165 -0.0744946 -0.356333 0.00605144 -0.0760596 -0.350538 -0.0045255 -0.0761657 -0.344672 0.125 0 -0.008 0.124214 0.0139956 -0.008 0.121866 0.0278151 -0.008 0.117985 0.0412849 -0.008 0.112621 0.0542355 -0.008 0.10584 0.066504 -0.008 0.0977289 0.0779362 -0.008 0.0883884 0.0883884 -0.008 0.0779362 0.0977289 -0.008 0.066504 0.10584 -0.008 0.0542355 0.112621 -0.008 0.0412849 0.117985 -0.008 0.0278151 0.121866 -0.008 0.0139956 0.124214 -0.008 0 0.125 -0.008 -0.0139956 0.124214 -0.008 -0.0278151 0.121866 -0.008 -0.0412849 0.117985 -0.008 -0.0542355 0.112621 -0.008 -0.066504 0.10584 -0.008 -0.0779362 0.0977289 -0.008 -0.0883884 0.0883884 -0.008 -0.0977289 0.0779362 -0.008 -0.10584 0.066504 -0.008 -0.112621 0.0542355 -0.008 -0.117985 0.0412849 -0.008 -0.121866 0.0278151 -0.008 -0.124214 0.0139956 -0.008 -0.125 0 -0.008 -0.124214 -0.0139956 -0.008 -0.121866 -0.0278151 -0.008 -0.117985 -0.0412849 -0.008 -0.112621 -0.0542355 -0.008 -0.10584 -0.066504 -0.008 -0.0977289 -0.0779362 -0.008 -0.0883884 -0.0883884 -0.008 -0.0779362 -0.0977289 -0.008 -0.066504 -0.10584 -0.008 -0.0542355 -0.112621 -0.008 -0.0412849 -0.117985 -0.008 -0.0278151 -0.121866 -0.008 -0.0139956 -0.124214 -0.008 0 -0.125 -0.008 0.0139956 -0.124214 -0.008 0.0278151 -0.121866 -0.008 0.0412849 -0.117985 -0.008 0.0542355 -0.112621 -0.008 0.066504 -0.10584 -0.008 0.0779362 -0.0977289 -0.008 0.0883884 -0.0883884 -0.008 0.0977289 -0.0779362 -0.008 0.10584 -0.066504 -0.008 0.112621 -0.0542355 -0.008 0.117985 -0.0412849 -0.008 0.121866 -0.0278151 -0.008 0.124214 -0.0139956 -0.008 0.0773351 0.0818496 -0.54758 0.0797409 0.080691 -0.56058 0.0797409 0.080691 -0.54758 0.0814058 0.0786033 -0.56058 0.0814058 0.0786033 -0.54758 0.082 0.076 -0.56058 0.082 0.076 -0.54758 0.0773351 0.0818496 -0.56058 0.0746649 0.0818496 -0.54758 0.0746649 0.0818496 -0.56058 0.0722591 0.080691 -0.54758 0.0722591 0.080691 -0.56058 0.0705942 0.0786033 -0.54758 0.0705942 0.0786033 -0.56058 0.07 0.076 -0.54758 0.07 0.076 -0.56058 0.0746649 0.0701504 -0.54758 0.0722591 0.071309 -0.56058 0.0722591 0.071309 -0.54758 0.0705942 0.0733967 -0.56058 0.0705942 0.0733967 -0.54758 0.0746649 0.0701504 -0.56058 0.0773351 0.0701504 -0.54758 0.0773351 0.0701504 -0.56058 0.0797409 0.071309 -0.54758 0.0797409 0.071309 -0.56058 0.0814058 0.0733967 -0.54758 0.0814058 0.0733967 -0.56058 -0.00421233 0.0761836 -0.271292 -0.00421233 0.0761836 -0.25184 -0.00421233 0.0760835 -0.271292 -0.00421233 0.0760835 -0.25184 0.0121849 0.0752195 -0.261913 0.0121849 0.0753208 -0.261913 0.00400678 0.0760946 -0.266591 0.00400673 0.0761947 -0.266591 0.0121849 0.0753208 -0.261165 0.0121849 0.0752195 -0.261165 0.00400675 0.0761947 -0.256514 0.00400681 0.0760946 -0.256514 0.0117332 0.0752913 -0.348026 0.0117332 0.0753925 -0.348026 0.0121849 0.0752195 -0.360398 0.0121849 0.0753208 -0.360398 0.0111069 0.0754873 -0.346245 0.0112849 0.0753597 -0.346561 0.0105209 0.0754702 -0.34558 0.00906325 0.0756591 -0.344931 0.00906325 0.0757598 -0.344931 0.00990367 0.0756545 -0.345186 0.00054773 0.076198 -0.344486 0.00054773 0.076298 -0.344486 -0.00338014 0.0762251 -0.344586 -0.00337873 0.0761251 -0.344586 -0.00727333 0.0759526 -0.344999 -0.00727333 0.0758521 -0.344999 -0.00889483 0.0757798 -0.345662 -0.00809487 0.0757688 -0.345222 -0.00941232 0.0756164 -0.346165 -0.0100849 0.0755297 -0.347763 -0.0100849 0.0756306 -0.347763 -0.00967849 0.0756837 -0.34657 -0.0106849 0.0754472 -0.358362 -0.0106849 0.0755481 -0.358362 -0.010422 0.0754839 -0.367363 -0.010422 0.0755849 -0.367363 -0.0102398 0.0756098 -0.369305 -0.0103225 0.0754976 -0.36858 -0.00915443 0.0757489 -0.3719 -0.00915443 0.0756481 -0.3719 0.00118151 0.0762909 -0.372966 -0.0051852 0.0760234 -0.372796 0.00118151 0.0761908 -0.372966 -0.00689652 0.0759877 -0.372609 -0.00811247 0.0757669 -0.372371 -0.00858584 0.0758154 -0.37222 -0.00859012 0.0757143 -0.372218 0.0086722 0.0757049 -0.37248 0.0086722 0.0758056 -0.37248 0.0103268 0.0755979 -0.371956 0.00976367 0.0755719 -0.372196 0.0107657 0.0755367 -0.371652 0.0107671 0.0754355 -0.371651 0.0113462 0.0754517 -0.370768 0.0113413 0.0753513 -0.370779 0.0116658 0.0754029 -0.369601 0.0116658 0.0753017 -0.369601 0.012095 0.0753353 -0.365011 0.012095 0.075234 -0.365012 0.0117332 -0.0752913 -0.273632 0.0117332 -0.0753925 -0.273632 0.0121849 -0.0752195 -0.261259 0.0121849 -0.0753208 -0.261259 0.0111069 -0.0754873 -0.275412 0.0112849 -0.0753597 -0.275097 0.0105209 -0.0754702 -0.276077 0.00906325 -0.0756591 -0.276726 0.00906325 -0.0757598 -0.276726 0.00990367 -0.0756545 -0.276472 0.00054773 -0.076198 -0.277171 0.00054773 -0.076298 -0.277171 -0.00338014 -0.0762251 -0.277072 -0.00337873 -0.0761251 -0.277072 -0.00727333 -0.0759526 -0.276659 -0.00727333 -0.0758521 -0.276659 -0.00889483 -0.0757798 -0.275995 -0.00809487 -0.0757688 -0.276436 -0.00941232 -0.0756164 -0.275492 -0.0100849 -0.0755297 -0.273894 -0.0100849 -0.0756306 -0.273894 -0.00967849 -0.0756837 -0.275087 -0.0106849 -0.0754472 -0.263296 -0.0106849 -0.0755481 -0.263296 -0.010422 -0.0754839 -0.254295 -0.010422 -0.0755849 -0.254295 -0.0102398 -0.0756098 -0.252353 -0.0103225 -0.0754976 -0.253077 -0.00915443 -0.0757489 -0.249757 -0.00915443 -0.0756481 -0.249757 0.00118151 -0.0762909 -0.248692 -0.0051852 -0.0760234 -0.248861 0.00118151 -0.0761908 -0.248692 -0.00689652 -0.0759877 -0.249049 -0.00811247 -0.0757669 -0.249287 -0.00858584 -0.0758154 -0.249438 -0.00859012 -0.0757143 -0.24944 0.0086722 -0.0757049 -0.249177 0.0086722 -0.0758056 -0.249177 0.0103268 -0.0755979 -0.249701 0.00976367 -0.0755719 -0.249461 0.0107657 -0.0755367 -0.250005 0.0107671 -0.0754355 -0.250006 0.0113462 -0.0754517 -0.25089 0.0113413 -0.0753513 -0.250879 0.0116658 -0.0754029 -0.252056 0.0116658 -0.0753017 -0.252056 0.012095 -0.0753353 -0.256646 0.012095 -0.075234 -0.256645 -0.00421233 -0.0760835 -0.369817 -0.00421233 -0.0760835 -0.350366 -0.00421233 -0.0761836 -0.369817 -0.00421233 -0.0761836 -0.350366 0.00400673 -0.0761947 -0.355067 0.00400678 -0.0760946 -0.355067 0.0121849 -0.0753208 -0.359744 0.0121849 -0.0752195 -0.359744 0.0121849 -0.0752195 -0.360492 0.0121849 -0.0753208 -0.360492 0.00400681 -0.0760946 -0.365143 0.00400675 -0.0761947 -0.365143 -0.0408748 -0.0868634 -0.008 -0.0296656 -0.0913014 -0.008 0.0296656 -0.0913014 -0.008 0.0179886 -0.0942996 -0.008 0.0408748 -0.0868634 -0.008 0.00602789 -0.0958106 -0.008 -0.00602789 0.0958106 -0.008 0.00602789 0.0958106 -0.008 -0.0408748 0.0868634 -0.008 -0.0296656 0.0913014 -0.008 -0.0179886 0.0942996 -0.008 0.0179886 0.0942996 -0.008 0.0296656 0.0913014 -0.008 0.0408748 0.0868634 -0.008 -0.00602789 -0.0958106 -0.008 -0.0179886 -0.0942996 -0.008 -0.069981 -0.0657165 -0.008 -0.0611927 -0.0739693 -0.008 -0.0514394 -0.0810555 -0.008 -0.092984 -0.0238742 -0.008 -0.0892586 -0.03534 -0.008 -0.0841254 -0.0462484 -0.008 -0.0776656 -0.0564274 -0.008 -0.0841254 0.0462484 -0.008 -0.0892586 0.03534 -0.008 -0.092984 0.0238742 -0.008 -0.095243 0.012032 -0.008 -0.096 0 -0.008 -0.095243 -0.012032 -0.008 -0.0514394 0.0810555 -0.008 -0.0611927 0.0739693 -0.008 -0.069981 0.0657165 -0.008 -0.0776656 0.0564274 -0.008 0.069981 -0.0657165 -0.008 0.0611927 -0.0739693 -0.008 0.0514394 -0.0810555 -0.008 0.092984 -0.0238742 -0.008 0.0892586 -0.03534 -0.008 0.0841254 -0.0462484 -0.008 0.0776656 -0.0564274 -0.008 0.0841254 0.0462484 -0.008 0.0892586 0.03534 -0.008 0.092984 0.0238742 -0.008 0.095243 0.012032 -0.008 0.096 0 -0.008 0.095243 -0.012032 -0.008 0.0514394 0.0810555 -0.008 0.0611927 0.0739693 -0.008 0.069981 0.0657165 -0.008 0.0776656 0.0564274 -0.008 0.096 0 0 0.095243 0.012032 0 0.092984 0.0238742 0 0.0892586 0.03534 0 0.0841254 0.0462484 0 0.0776656 0.0564274 0 0.069981 0.0657165 0 0.0611927 0.0739693 0 0.0514394 0.0810555 0 0.0408748 0.0868634 0 0.0296656 0.0913014 0 0.0179886 0.0942996 0 0.00602789 0.0958106 0 -0.00602789 0.0958106 0 -0.0179886 0.0942996 0 -0.0296656 0.0913014 0 -0.0408748 0.0868634 0 -0.0514394 0.0810555 0 -0.0611927 0.0739693 0 -0.069981 0.0657165 0 -0.0776656 0.0564274 0 -0.0841254 0.0462484 0 -0.0892586 0.03534 0 -0.092984 0.0238742 0 -0.095243 0.012032 0 -0.096 0 0 -0.095243 -0.012032 0 -0.092984 -0.0238742 0 -0.0892586 -0.03534 0 -0.0841254 -0.0462484 0 -0.0776656 -0.0564274 0 -0.069981 -0.0657165 0 -0.0611927 -0.0739693 0 -0.0514394 -0.0810555 0 -0.0408748 -0.0868634 0 -0.0296656 -0.0913014 0 -0.0179886 -0.0942996 0 -0.00602789 -0.0958106 0 0.00602789 -0.0958106 0 0.0179886 -0.0942996 0 0.0296656 -0.0913014 0 0.0408748 -0.0868634 0 0.0514394 -0.0810555 0 0.0611927 -0.0739693 0 0.069981 -0.0657165 0 0.0776656 -0.0564274 0 0.0841254 -0.0462484 0 0.0892586 -0.03534 0 0.092984 -0.0238742 0 0.095243 -0.012032 0 -0.00451912 -0.0761661 -0.360091 -0.00451912 0.0761661 -0.261566 0 -0.0875 -0.56558 -0.011421 -0.0867514 -0.56558 0.011421 -0.0867514 -0.56558 -0.0226467 -0.0845185 -0.56558 0.0226467 -0.0845185 -0.56558 -0.0334848 -0.0808395 -0.56558 0.0334848 -0.0808395 -0.56558 -0.04375 -0.0757772 -0.56558 0.04375 -0.0757772 -0.56558 -0.0532666 -0.0694184 -0.56558 0.0532666 -0.0694184 -0.56558 -0.0618718 -0.0618718 -0.56558 0.0618718 -0.0618718 -0.56558 -0.0694184 -0.0532666 -0.56558 0.0694184 -0.0532666 -0.56558 -0.0757772 -0.04375 -0.56558 0.0757772 -0.04375 -0.56558 -0.0808395 -0.0334848 -0.56558 0.0808395 -0.0334848 -0.56558 -0.0845185 -0.0226467 -0.56558 0.0845185 -0.0226467 -0.56558 -0.0867514 -0.011421 -0.56558 0.0867514 -0.011421 -0.56558 -0.0875 0 -0.56558 0.0875 0 -0.56558 -0.0868932 0.0102869 -0.56558 0.0870227 0.00912679 -0.56558 -0.0850812 0.0204312 -0.56558 0.085596 0.018154 -0.56558 -0.0820892 0.0302922 -0.56558 0.0832356 0.0269832 -0.56558 -0.0779586 0.0397329 -0.56558 0.0794861 0.0365816 -0.56558 -0.0727468 0.0486225 -0.56558 0.0746341 0.0456727 -0.56558 -0.066526 0.0568378 -0.56558 0.0687469 0.0541304 -0.56558 -0.0593824 0.0642649 -0.56558 0.0619064 0.0618373 -0.56558 -0.0514154 0.0708005 -0.56558 0.0542072 0.0686864 -0.56558 -0.0427352 0.0763541 -0.56558 0.0457561 0.074583 -0.56558 -0.0334622 0.0808488 -0.56558 0.0366704 0.0794451 -0.56558 -0.0237251 0.0842221 -0.56558 0.0270762 0.0832054 -0.56558 -0.013659 0.0864273 -0.56558 0.0171064 0.0858115 -0.56558 -0.00340354 0.0874338 -0.56558 0.00689928 0.0872276 -0.56558 -0.0875 0 -0.56058 -0.0867514 -0.011421 -0.56058 -0.0845185 -0.0226467 -0.56058 -0.0808395 -0.0334848 -0.56058 -0.0757772 -0.04375 -0.56058 -0.0694184 -0.0532666 -0.56058 -0.0618718 -0.0618718 -0.56058 -0.0532666 -0.0694184 -0.56058 -0.04375 -0.0757772 -0.56058 -0.0334848 -0.0808395 -0.56058 -0.0226467 -0.0845185 -0.56058 -0.011421 -0.0867514 -0.56058 0 -0.0875 -0.56058 0.011421 -0.0867514 -0.56058 0.0226467 -0.0845185 -0.56058 0.0334848 -0.0808395 -0.56058 0.04375 -0.0757772 -0.56058 0.0532666 -0.0694184 -0.56058 0.0618718 -0.0618718 -0.56058 0.0694184 -0.0532666 -0.56058 0.0757772 -0.04375 -0.56058 0.0808395 -0.0334848 -0.56058 0.0845185 -0.0226467 -0.56058 0.0867514 -0.011421 -0.56058 0.0875 0 -0.56058 0.0870227 0.00912679 -0.56058 0.085596 0.018154 -0.56058 0.0832356 0.0269832 -0.56058 0.0794861 0.0365816 -0.56058 0.0746341 0.0456727 -0.56058 0.0687469 0.0541304 -0.56058 0.0619064 0.0618373 -0.56058 0.0542072 0.0686864 -0.56058 0.0457561 0.074583 -0.56058 0.0366704 0.0794451 -0.56058 0.0270762 0.0832054 -0.56058 0.0171064 0.0858115 -0.56058 0.00689928 0.0872276 -0.56058 -0.00340354 0.0874338 -0.56058 -0.013659 0.0864273 -0.56058 -0.0237251 0.0842221 -0.56058 -0.0334622 0.0808488 -0.56058 -0.0427352 0.0763541 -0.56058 -0.0514154 0.0708005 -0.56058 -0.0593824 0.0642649 -0.56058 -0.066526 0.0568378 -0.56058 -0.0727468 0.0486225 -0.56058 -0.0779586 0.0397329 -0.56058 -0.0820892 0.0302922 -0.56058 -0.0850812 0.0204312 -0.56058 -0.0868932 0.0102869 -0.56058 0.105 -0.0650173 -0.56058 0.0832019 0.0912671 -0.56058 0.0985539 0.074427 -0.56058 -0.0912671 0.0832019 -0.56058 -0.105 -0.0650173 -0.56058 -0.105 0.0650173 -0.56058 -0.0985539 -0.074427 -0.56058 0.074427 0.0985539 -0.56058 -0.0832019 0.0912671 -0.56058 -0.074427 0.0985539 -0.56058 -0.0650173 0.105 -0.56058 0.0650173 0.105 -0.56058 0.074427 -0.0985539 -0.56058 0.0650173 -0.105 -0.56058 -0.0650173 -0.105 -0.56058 -0.074427 -0.0985539 -0.56058 -0.0832019 -0.0912671 -0.56058 0.0832019 -0.0912671 -0.56058 0.105 0.0650173 -0.56058 0.0912671 0.0832019 -0.56058 -0.0985539 0.074427 -0.56058 0.0985539 -0.074427 -0.56058 0.0912671 -0.0832019 -0.56058 -0.0912671 -0.0832019 -0.56058 0.105 0.0650173 -0.54758 0.105 -0.0650173 -0.54758 0.0985539 0.074427 -0.54758 0.0912671 0.0832019 -0.54758 0.0832019 0.0912671 -0.54758 0.074427 0.0985539 -0.54758 0.0650173 0.105 -0.54758 -0.0650173 0.105 -0.54758 -0.074427 0.0985539 -0.54758 -0.0832019 0.0912671 -0.54758 -0.0912671 0.0832019 -0.54758 -0.0985539 0.074427 -0.54758 -0.105 0.0650173 -0.54758 -0.105 -0.0650173 -0.54758 -0.0985539 -0.074427 -0.54758 -0.0912671 -0.0832019 -0.54758 -0.0832019 -0.0912671 -0.54758 -0.074427 -0.0985539 -0.54758 -0.0650173 -0.105 -0.54758 0.0650173 -0.105 -0.54758 0.074427 -0.0985539 -0.54758 0.0832019 -0.0912671 -0.54758 0.0912671 -0.0832019 -0.54758 0.0985539 -0.074427 -0.54758 -0.077795 -0.00421792 -0.0606758 -0.0779092 0 -0.0606758 -0.0805272 0 -0.0464816 -0.0797772 -0.0109651 -0.0464816 0.0774525 -0.00842347 -0.0606758 0.0768829 -0.0126043 -0.0606758 0.0750694 -0.0208429 -0.0606758 0.0738309 -0.0248765 -0.0606758 0.0760878 -0.0167482 -0.0606758 0.0723759 -0.0288372 -0.0606758 0.0707085 -0.0327132 -0.0606758 0.0775411 -0.021726 -0.0464816 0.0667571 -0.0401664 -0.0606758 0.0644846 -0.0437216 -0.0606758 0.0688338 -0.0364933 -0.0606758 0.068804 -0.0418407 -0.0464816 0.062023 -0.0471487 -0.0606758 0.0593795 -0.0504374 -0.0606758 0.0565617 -0.0535781 -0.0606758 0.0535781 -0.0565617 -0.0606758 0.0504374 -0.0593795 -0.0606758 0.0549641 -0.0588522 -0.0464816 0.0471487 -0.062023 -0.0606758 0.0437216 -0.0644846 -0.0606758 0.0401664 -0.0667571 -0.0606758 0.0327132 -0.0707085 -0.0606758 0.0288372 -0.0723759 -0.0606758 0.0364933 -0.0688338 -0.0606758 0.0370478 -0.0714989 -0.0464816 0.0248765 -0.0738309 -0.0606758 0.0208429 -0.0750694 -0.0606758 0.0126043 -0.0768829 -0.0606758 0.00842347 -0.0774525 -0.0606758 0.0167482 -0.0760878 -0.0606758 0.0163838 -0.0788429 -0.0464816 0.00421792 -0.077795 -0.0606758 0 -0.0779092 -0.0606758 -0.00842347 -0.0774525 -0.0606758 -0.0126043 -0.0768829 -0.0606758 -0.00421792 -0.077795 -0.0606758 -0.00549537 -0.0803395 -0.0464816 -0.0208429 -0.0750694 -0.0606758 -0.0248765 -0.0738309 -0.0606758 -0.0167482 -0.0760878 -0.0606758 -0.0288372 -0.0723759 -0.0606758 -0.0327132 -0.0707085 -0.0606758 -0.0269669 -0.0758777 -0.0464816 -0.0401664 -0.0667571 -0.0606758 -0.0437216 -0.0644846 -0.0606758 -0.0364933 -0.0688338 -0.0606758 -0.0504374 -0.0593795 -0.0606758 -0.0535781 -0.0565617 -0.0606758 -0.0471487 -0.062023 -0.0606758 -0.0464385 -0.0657883 -0.0464816 -0.0565617 -0.0535781 -0.0606758 -0.0593795 -0.0504374 -0.0606758 -0.0644846 -0.0437216 -0.0606758 -0.0667571 -0.0401664 -0.0606758 -0.062023 -0.0471487 -0.0606758 -0.0624659 -0.0508198 -0.0464816 -0.0707085 -0.0327132 -0.0606758 -0.0723759 -0.0288372 -0.0606758 -0.0688338 -0.0364933 -0.0606758 -0.0738309 -0.0248765 -0.0606758 -0.0750694 -0.0208429 -0.0606758 -0.0738605 -0.0320821 -0.0464816 -0.0768829 -0.0126043 -0.0606758 -0.0774525 -0.00842347 -0.0606758 -0.0760878 -0.0167482 -0.0606758 0.0779092 0 -0.0606758 0.077795 -0.00421792 -0.0606758 0.0805272 0 -0.0464816 0.0797772 -0.0109651 -0.0464816 0.0738605 -0.0320821 -0.0464816 0.0624659 -0.0508198 -0.0464816 0.0464385 -0.0657883 -0.0464816 0.0269669 -0.0758777 -0.0464816 0.00549537 -0.0803395 -0.0464816 -0.0163838 -0.0788429 -0.0464816 -0.0370478 -0.0714989 -0.0464816 -0.0549641 -0.0588522 -0.0464816 -0.068804 -0.0418407 -0.0464816 -0.0775411 -0.021726 -0.0464816 0.077795 0.00421792 -0.0606758 0.0797772 0.0109651 -0.0464816 -0.0774525 0.00842347 -0.0606758 -0.0768829 0.0126043 -0.0606758 -0.0750694 0.0208429 -0.0606758 -0.0738309 0.0248765 -0.0606758 -0.0760878 0.0167482 -0.0606758 -0.0723759 0.0288372 -0.0606758 -0.0707085 0.0327132 -0.0606758 -0.0775411 0.021726 -0.0464816 -0.0667571 0.0401664 -0.0606758 -0.0644846 0.0437216 -0.0606758 -0.0688338 0.0364933 -0.0606758 -0.068804 0.0418407 -0.0464816 -0.062023 0.0471487 -0.0606758 -0.0593795 0.0504374 -0.0606758 -0.0565617 0.0535781 -0.0606758 -0.0535781 0.0565617 -0.0606758 -0.0504374 0.0593795 -0.0606758 -0.0549641 0.0588522 -0.0464816 -0.0471487 0.062023 -0.0606758 -0.0437216 0.0644846 -0.0606758 -0.0401664 0.0667571 -0.0606758 -0.0327132 0.0707085 -0.0606758 -0.0288372 0.0723759 -0.0606758 -0.0364933 0.0688338 -0.0606758 -0.0370478 0.0714989 -0.0464816 -0.0248765 0.0738309 -0.0606758 -0.0208429 0.0750694 -0.0606758 -0.0126043 0.0768829 -0.0606758 -0.00842347 0.0774525 -0.0606758 -0.0167482 0.0760878 -0.0606758 -0.0163838 0.0788429 -0.0464816 -0.00421792 0.077795 -0.0606758 0 0.0779092 -0.0606758 0.00842347 0.0774525 -0.0606758 0.0126043 0.0768829 -0.0606758 0.00421792 0.077795 -0.0606758 0.00549537 0.0803395 -0.0464816 0.0208429 0.0750694 -0.0606758 0.0248765 0.0738309 -0.0606758 0.0167482 0.0760878 -0.0606758 0.0288372 0.0723759 -0.0606758 0.0327132 0.0707085 -0.0606758 0.0269669 0.0758777 -0.0464816 0.0401664 0.0667571 -0.0606758 0.0437216 0.0644846 -0.0606758 0.0364933 0.0688338 -0.0606758 0.0504374 0.0593795 -0.0606758 0.0535781 0.0565617 -0.0606758 0.0471487 0.062023 -0.0606758 0.0464385 0.0657883 -0.0464816 0.0565617 0.0535781 -0.0606758 0.0593795 0.0504374 -0.0606758 0.0644846 0.0437216 -0.0606758 0.0667571 0.0401664 -0.0606758 0.062023 0.0471487 -0.0606758 0.0624659 0.0508198 -0.0464816 0.0707085 0.0327132 -0.0606758 0.0723759 0.0288372 -0.0606758 0.0688338 0.0364933 -0.0606758 0.0738309 0.0248765 -0.0606758 0.0750694 0.0208429 -0.0606758 0.0738605 0.0320821 -0.0464816 0.0768829 0.0126043 -0.0606758 0.0774525 0.00842347 -0.0606758 0.0760878 0.0167482 -0.0606758 -0.077795 0.00421792 -0.0606758 -0.0797772 0.0109651 -0.0464816 -0.0738605 0.0320821 -0.0464816 -0.0624659 0.0508198 -0.0464816 -0.0464385 0.0657883 -0.0464816 -0.0269669 0.0758777 -0.0464816 -0.00549537 0.0803395 -0.0464816 0.0163838 0.0788429 -0.0464816 0.0370478 0.0714989 -0.0464816 0.0549641 0.0588522 -0.0464816 0.068804 0.0418407 -0.0464816 0.0775411 0.021726 -0.0464816 0.088725 -0.00847221 -0.0280674 0.0891286 0 -0.0280674 0.0820955 -0.00783917 -0.0399389 -0.0820955 -0.00783917 -0.0399389 -0.0891286 0 -0.0280674 -0.088725 -0.00847221 -0.0280674 0.0809786 -0.0156073 -0.0399389 0.0875179 -0.0168677 -0.0280674 0.0855182 -0.0251104 -0.0280674 0.0765615 -0.0306506 -0.0399389 0.0733013 -0.0377894 -0.0399389 0.0792206 -0.0408411 -0.0280674 0.0827441 -0.0331257 -0.0280674 0.0749797 -0.0481865 -0.0280674 0.0648249 -0.0509789 -0.0399389 0.0700598 -0.0550956 -0.0280674 0.0596855 -0.05691 -0.0399389 0.0583668 -0.0673589 -0.0280674 0.0645054 -0.0615057 -0.0280674 0.0478366 -0.0671772 -0.0399389 0.0516996 -0.072602 -0.0280674 0.0412344 -0.0714201 -0.0399389 0.0445643 -0.0771876 -0.0280674 0.0342588 -0.0750163 -0.0399389 0.0291511 -0.0842266 -0.0280674 0.0370253 -0.0810742 -0.0280674 0.0194428 -0.0801442 -0.0399389 0.0210129 -0.0866162 -0.0280674 0.0117365 -0.0816295 -0.0399389 0.0126843 -0.0882214 -0.0280674 -0.00392403 -0.0823755 -0.0399389 -0.00424091 -0.0890276 -0.0280674 0.00424091 -0.0890276 -0.0280674 -0.0117365 -0.0816295 -0.0399389 -0.0126843 -0.0882214 -0.0280674 -0.0210129 -0.0866162 -0.0280674 -0.0269729 -0.0779332 -0.0399389 -0.0342588 -0.0750163 -0.0399389 -0.0370253 -0.0810742 -0.0280674 -0.0291511 -0.0842266 -0.0280674 -0.0412344 -0.0714201 -0.0399389 -0.0445643 -0.0771876 -0.0280674 -0.0516996 -0.072602 -0.0280674 -0.0540056 -0.0623258 -0.0399389 -0.0596855 -0.05691 -0.0399389 -0.0645054 -0.0615057 -0.0280674 -0.0583668 -0.0673589 -0.0280674 -0.0700598 -0.0550956 -0.0280674 -0.0693772 -0.044586 -0.0399389 -0.0749797 -0.0481865 -0.0280674 -0.0733013 -0.0377894 -0.0399389 -0.0827441 -0.0331257 -0.0280674 -0.0792206 -0.0408411 -0.0280674 -0.0791283 -0.0232342 -0.0399389 -0.0855182 -0.0251104 -0.0280674 -0.0809786 -0.0156073 -0.0399389 -0.0875179 -0.0168677 -0.0280674 -0.0824689 0 -0.0399389 -0.0849707 -0.00811372 -0.0337555 -0.0853572 0 -0.0337555 0.0824689 0 -0.0399389 0.0853572 0 -0.0337555 0.0849707 -0.00811372 -0.0337555 0.0838147 -0.016154 -0.0337555 0.0791283 -0.0232342 -0.0399389 0.0818996 -0.0240479 -0.0337555 0.0792429 -0.0317241 -0.0337555 0.0758685 -0.0391129 -0.0337555 0.0693772 -0.044586 -0.0399389 0.071807 -0.0461476 -0.0337555 0.0670953 -0.0527643 -0.0337555 0.0617759 -0.0589032 -0.0337555 0.0540056 -0.0623258 -0.0399389 0.0558971 -0.0645086 -0.0337555 0.049512 -0.0695299 -0.0337555 0.0426786 -0.0739215 -0.0337555 0.0354587 -0.0776436 -0.0337555 0.0269729 -0.0779332 -0.0399389 0.0279176 -0.0806626 -0.0337555 0.0201237 -0.0829511 -0.0337555 0.0121476 -0.0844884 -0.0337555 0.00392403 -0.0823755 -0.0399389 0.00406146 -0.0852605 -0.0337555 -0.00406146 -0.0852605 -0.0337555 -0.0121476 -0.0844884 -0.0337555 -0.0194428 -0.0801442 -0.0399389 -0.0201237 -0.0829511 -0.0337555 -0.0279176 -0.0806626 -0.0337555 -0.0354587 -0.0776436 -0.0337555 -0.0426786 -0.0739215 -0.0337555 -0.0478366 -0.0671772 -0.0399389 -0.049512 -0.0695299 -0.0337555 -0.0558971 -0.0645086 -0.0337555 -0.0617759 -0.0589032 -0.0337555 -0.0648249 -0.0509789 -0.0399389 -0.0670953 -0.0527643 -0.0337555 -0.071807 -0.0461476 -0.0337555 -0.0758685 -0.0391129 -0.0337555 -0.0765615 -0.0306506 -0.0399389 -0.0792429 -0.0317241 -0.0337555 -0.0818996 -0.0240479 -0.0337555 -0.0838147 -0.016154 -0.0337555 0.088725 0.00847221 -0.0280674 -0.088725 0.00847221 -0.0280674 -0.0820955 0.00783917 -0.0399389 0.0820955 0.00783917 -0.0399389 -0.0809786 0.0156073 -0.0399389 -0.0875179 0.0168677 -0.0280674 -0.0855182 0.0251104 -0.0280674 -0.0765615 0.0306506 -0.0399389 -0.0733013 0.0377894 -0.0399389 -0.0792206 0.0408411 -0.0280674 -0.0827441 0.0331257 -0.0280674 -0.0749797 0.0481865 -0.0280674 -0.0648249 0.0509789 -0.0399389 -0.0700598 0.0550956 -0.0280674 -0.0596855 0.05691 -0.0399389 -0.0583668 0.0673589 -0.0280674 -0.0645054 0.0615057 -0.0280674 -0.0478366 0.0671772 -0.0399389 -0.0516996 0.072602 -0.0280674 -0.0412344 0.0714201 -0.0399389 -0.0445643 0.0771876 -0.0280674 -0.0342588 0.0750163 -0.0399389 -0.0291511 0.0842266 -0.0280674 -0.0370253 0.0810742 -0.0280674 -0.0194428 0.0801442 -0.0399389 -0.0210129 0.0866162 -0.0280674 -0.0117365 0.0816295 -0.0399389 -0.0126843 0.0882214 -0.0280674 0.00392403 0.0823755 -0.0399389 0.00424091 0.0890276 -0.0280674 -0.00424091 0.0890276 -0.0280674 0.0117365 0.0816295 -0.0399389 0.0126843 0.0882214 -0.0280674 0.0210129 0.0866162 -0.0280674 0.0269729 0.0779332 -0.0399389 0.0342588 0.0750163 -0.0399389 0.0370253 0.0810742 -0.0280674 0.0291511 0.0842266 -0.0280674 0.0412344 0.0714201 -0.0399389 0.0445643 0.0771876 -0.0280674 0.0516996 0.072602 -0.0280674 0.0540056 0.0623258 -0.0399389 0.0596855 0.05691 -0.0399389 0.0645054 0.0615057 -0.0280674 0.0583668 0.0673589 -0.0280674 0.0700598 0.0550956 -0.0280674 0.0693772 0.044586 -0.0399389 0.0749797 0.0481865 -0.0280674 0.0733013 0.0377894 -0.0399389 0.0827441 0.0331257 -0.0280674 0.0792206 0.0408411 -0.0280674 0.0791283 0.0232342 -0.0399389 0.0855182 0.0251104 -0.0280674 0.0809786 0.0156073 -0.0399389 0.0875179 0.0168677 -0.0280674 0.0849707 0.00811372 -0.0337555 -0.0849707 0.00811372 -0.0337555 -0.0838147 0.016154 -0.0337555 -0.0791283 0.0232342 -0.0399389 -0.0818996 0.0240479 -0.0337555 -0.0792429 0.0317241 -0.0337555 -0.0758685 0.0391129 -0.0337555 -0.0693772 0.044586 -0.0399389 -0.071807 0.0461476 -0.0337555 -0.0670953 0.0527643 -0.0337555 -0.0617759 0.0589032 -0.0337555 -0.0540056 0.0623258 -0.0399389 -0.0558971 0.0645086 -0.0337555 -0.049512 0.0695299 -0.0337555 -0.0426786 0.0739215 -0.0337555 -0.0354587 0.0776436 -0.0337555 -0.0269729 0.0779332 -0.0399389 -0.0279176 0.0806626 -0.0337555 -0.0201237 0.0829511 -0.0337555 -0.0121476 0.0844884 -0.0337555 -0.00392403 0.0823755 -0.0399389 -0.00406146 0.0852605 -0.0337555 0.00406146 0.0852605 -0.0337555 0.0121476 0.0844884 -0.0337555 0.0194428 0.0801442 -0.0399389 0.0201237 0.0829511 -0.0337555 0.0279176 0.0806626 -0.0337555 0.0354587 0.0776436 -0.0337555 0.0426786 0.0739215 -0.0337555 0.0478366 0.0671772 -0.0399389 0.049512 0.0695299 -0.0337555 0.0558971 0.0645086 -0.0337555 0.0617759 0.0589032 -0.0337555 0.0648249 0.0509789 -0.0399389 0.0670953 0.0527643 -0.0337555 0.071807 0.0461476 -0.0337555 0.0758685 0.0391129 -0.0337555 0.0765615 0.0306506 -0.0399389 0.0792429 0.0317241 -0.0337555 0.0818996 0.0240479 -0.0337555 0.0838147 0.016154 -0.0337555 0.149105 -0.0146856 -0.0222388 -0.149105 -0.0146856 -0.0222388 -0.146948 -0.0292298 -0.0222388 -0.143375 -0.0434924 -0.0222388 -0.138422 -0.0573362 -0.0222388 -0.132135 -0.0706279 -0.0222388 -0.124577 -0.0832393 -0.0222388 -0.115818 -0.0950491 -0.0222388 -0.105944 -0.105944 -0.0222388 -0.0950491 -0.115818 -0.0222388 -0.0832393 -0.124577 -0.0222388 -0.0706279 -0.132135 -0.0222388 -0.0573362 -0.138422 -0.0222388 -0.0434924 -0.143375 -0.0222388 -0.0292298 -0.146948 -0.0222388 -0.0146856 -0.149105 -0.0222388 0 -0.149827 -0.0222388 0.0146856 -0.149105 -0.0222388 0.0292298 -0.146948 -0.0222388 0.0434924 -0.143375 -0.0222388 0.0573362 -0.138422 -0.0222388 0.0706279 -0.132135 -0.0222388 0.0832393 -0.124577 -0.0222388 0.0950491 -0.115818 -0.0222388 0.105944 -0.105944 -0.0222388 0.115818 -0.0950491 -0.0222388 0.124577 -0.0832393 -0.0222388 0.132135 -0.0706279 -0.0222388 0.138422 -0.0573362 -0.0222388 0.143375 -0.0434924 -0.0222388 0.146948 -0.0292298 -0.0222388 0.154491 -0.0152161 -0.0168268 0.152334 -0.0150036 -0.0200711 -0.154491 -0.0152161 -0.0168268 -0.152334 -0.0150036 -0.0200711 -0.152256 -0.0302856 -0.0168268 -0.15013 -0.0298627 -0.0200711 -0.148554 -0.0450634 -0.0168268 -0.14648 -0.0444342 -0.0200711 -0.143422 -0.0594073 -0.0168268 -0.141419 -0.0585778 -0.0200711 -0.136908 -0.0731791 -0.0168268 -0.134997 -0.0721572 -0.0200711 -0.129076 -0.0862461 -0.0168268 -0.127274 -0.0850417 -0.0200711 -0.120001 -0.0984825 -0.0168268 -0.118326 -0.0971073 -0.0200711 -0.10977 -0.10977 -0.0168268 -0.108238 -0.108238 -0.0200711 -0.0984825 -0.120001 -0.0168268 -0.0971073 -0.118326 -0.0200711 -0.0862461 -0.129076 -0.0168268 -0.0850417 -0.127274 -0.0200711 -0.0731791 -0.136908 -0.0168268 -0.0721572 -0.134997 -0.0200711 -0.0594073 -0.143422 -0.0168268 -0.0585778 -0.141419 -0.0200711 -0.0450634 -0.148554 -0.0168268 -0.0444342 -0.14648 -0.0200711 -0.0302856 -0.152256 -0.0168268 -0.0298627 -0.15013 -0.0200711 -0.0152161 -0.154491 -0.0168268 -0.0150036 -0.152334 -0.0200711 0 -0.155239 -0.0168268 0 -0.153071 -0.0200711 0.0152161 -0.154491 -0.0168268 0.0150036 -0.152334 -0.0200711 0.0302856 -0.152256 -0.0168268 0.0298627 -0.15013 -0.0200711 0.0450634 -0.148554 -0.0168268 0.0444342 -0.14648 -0.0200711 0.0594073 -0.143422 -0.0168268 0.0585778 -0.141419 -0.0200711 0.0731791 -0.136908 -0.0168268 0.0721572 -0.134997 -0.0200711 0.0862461 -0.129076 -0.0168268 0.0850417 -0.127274 -0.0200711 0.0984825 -0.120001 -0.0168268 0.0971073 -0.118326 -0.0200711 0.10977 -0.10977 -0.0168268 0.108238 -0.108238 -0.0200711 0.120001 -0.0984825 -0.0168268 0.118326 -0.0971073 -0.0200711 0.129076 -0.0862461 -0.0168268 0.127274 -0.0850417 -0.0200711 0.136908 -0.0731791 -0.0168268 0.134997 -0.0721572 -0.0200711 0.143422 -0.0594073 -0.0168268 0.141419 -0.0585778 -0.0200711 0.148554 -0.0450634 -0.0168268 0.14648 -0.0444342 -0.0200711 0.152256 -0.0302856 -0.0168268 0.15013 -0.0298627 -0.0200711</float_array>
                    <technique_common>
                        <accessor count="2823" source="#shape0-lib-positions-array" stride="3">
                            <param name="X" type="float"/>
                            <param name="Y" type="float"/>
                            <param name="Z" type="float"/>
                        </accessor>
                    </technique_common>
                </source>
                <source id="shape0-lib-normals" name="normal">
                    <float_array id="shape0-lib-normals-array" count="16938">0.965926 0 -0.258818 0.707107 0 -0.707107 0.707107 0 -0.707107 0.258818 0 -0.965926 0.258818 0 -0.965926 0.965926 0 -0.258818 0.965926 0 0.258818 0.965926 0 0.258818 0.707107 0 0.707107 0.707107 0 0.707107 0.258818 0 0.965926 0.258818 0 0.965926 -0.136708 0.849119 -0.510204 -0.373495 0.849119 -0.373495 -0.510204 0.849119 -0.136708 -0.510204 0.849119 0.136708 -0.373495 0.849119 0.373495 -0.136708 0.849119 0.510204 0 1 0 0 1 0 0 1 0 0 1 0 0 1 0 0 1 0 0 1 0 0 1 0 0 1 0 0 1 0 0 1 0 0 1 0 0 1 0 0 1 0 0 1 0 0 1 0 -0.996195 0.0871569 0 -0.996195 0.0871565 -4.11537e-06 -0.996195 0.0871533 5.29778e-05 -0.996195 0.0871559 1.34479e-05 -0.996195 0.0871468 -1.57451e-05 -0.996195 0.0871559 0 -0.996195 0.0871559 0 -0.996195 0.0871565 -4.17325e-06 -0.996195 0.0871555 0 -0.996195 0.0871554 -7.67626e-07 -0.996195 0.0871559 3.82479e-07 -0.996195 0.0871556 0 -0.996195 0.0871556 0 0 0 1 0 0 1 0 0 1 0 0 1 0 0 1 0 0 1 0 0 1 0 0 1 0 0 1 0 0 1 0 0 1 0 0 1 0 0 1 0 0 1 0 0 1 0 0 1 0 0 1 0 0 1 0 0 1 0 0 1 0 0 1 0 0 1 0 0 1 0 0 1 0 0 1 0 0 1 0 0 1 0 0 1 0 0 1 0 0 1 0 0 1 0 0 1 0 0 1 0 0 1 0 0 1 0 0 1 0 0 1 0 0 1 0 0 1 0 0 1 0 0 1 0 0 1 0 0 1 0 0 1 0 0 1 0 0 1 0 0 1 0 0 1 0 0 1 0 0 1 0 0 1 0 0 1 0 0 1 0 0 1 0 0 1 0 0 1 0 0 1 0 0 1 0 0 1 0 0 1 0 0 1 0 0 1 0 0 1 0 0 1 0 0 1 0 0 1 0 0 1 0 0 1 0 0 1 0 0 1 0 0 1 0 0 1 0 0 1 0 0 1 0 0 1 0 0 1 0 0 1 0 0 1 0 0 1 0 0 1 0 0 1 0 0 1 0 0 1 0 0 1 0 0 1 0 0 1 0 0 1 0 0 1 0 0 1 0 0 1 0 0 1 0 0 1 0 0 1 0 0 1 0 0 1 0 0 1 0 0 1 0 0 1 0 0 1 0 0 1 0 0 1 0 0 1 0 0 1 0 0 1 0 0 1 0 0 1 0 0 1 0 0 1 0 0 1 0 0 1 0 0 1 0 0 1 0 0 1 0 0 1 0 0 1 0 0 1 0 0 1 0 0 1 0 0 1 0 0 1 0 0 1 0 0 1 0 0 1 0 0 1 0 0 1 0 0 1 0 0 1 0 1 0 0 1 0 0.113656 0.823828 -0.555328 0.175357 0.0839576 -0.980918 0.16599 0.100803 -0.980962 0.155016 0.11662 -0.981005 0.142546 0.131263 -0.981046 0.128704 0.144584 -0.981087 0.113628 0.156458 -0.981127 0.0974684 0.166772 -0.981166 0.080386 0.175431 -0.981204 0.0625487 0.182345 -0.981243 0.044134 0.187463 -0.98128 0.0757864 0.675441 -0.733509 0.0825595 0.549508 -0.8314 0.0415472 0.40285 -0.914323 0.195082 0.00974777 -0.980739 0.195311 0.0096982 -0.980693 0.192906 0.0291154 -0.980785 0.193625 0.0290346 -0.980646 0.188818 0.048146 -0.980831 0.190037 0.048133 -0.980596 0.18302 0.0662482 -0.980875 0.016581 0.124896 -0.992031 0.0375551 0.192496 -0.980579 0.0437764 0.193385 -0.980146 0.120792 0.979123 -0.163487 0.126851 0.972586 -0.1949 0.102897 0.874671 -0.47367 0.979605 0.0489515 -0.194878 0.97961 0.0489579 -0.194854 0.830757 0.0415187 -0.555085 0.830756 0.0415185 -0.555086 0.555364 0.0277553 -0.831144 0.555348 0.0277494 -0.831155 0.96985 0.146384 -0.194838 0.969844 0.146372 -0.194879 0.822468 0.12413 -0.555102 0.822478 0.124136 -0.555085 0.549827 0.0829851 -0.831146 0.549829 0.0829862 -0.831144 0.950422 0.24234 -0.194856 0.950424 0.242345 -0.194839 0.805996 0.205518 -0.555096 0.805994 0.205516 -0.555102 0.538811 0.137388 -0.831148 0.538814 0.13739 -0.831146 0.921524 0.335891 -0.19486 0.921524 0.335892 -0.194856 0.7815 0.284854 -0.555081 0.781493 0.284846 -0.555096 0.522421 0.190417 -0.831155 0.522428 0.190423 -0.831148 0.184355 0.0671966 -0.98056 0.883444 0.426091 -0.194866 0.883445 0.426093 -0.19486 0.749208 0.361349 -0.55508 0.749207 0.361348 -0.555082 0.500833 0.241555 -0.831155 0.500833 0.241555 -0.831154 0.176931 0.0853352 -0.980517 0.83656 0.512053 -0.194857 0.83656 0.51205 -0.194866 0.709441 0.434242 -0.555093 0.709446 0.434249 -0.555081 0.474265 0.290295 -0.831145 0.474255 0.290284 -0.831154 0.167723 0.10266 -0.980474 0.781343 0.592901 -0.194861 0.781343 0.592903 -0.194856 0.662621 0.502814 -0.555078 0.662616 0.502804 -0.555093 0.442957 0.336123 -0.83115 0.442962 0.336129 -0.831145 0.156823 0.119001 -0.980431 0.718338 0.667843 -0.194874 0.718337 0.667848 -0.19486 0.609187 0.566369 -0.555084 0.609188 0.566372 -0.555079 0.407238 0.378616 -0.831148 0.407237 0.378614 -0.83115 0.144331 0.134186 -0.980389 0.648174 0.736139 -0.194859 0.648175 0.736134 -0.194873 0.549684 0.624278 -0.55509 0.549685 0.624282 -0.555084 0.367459 0.417326 -0.831152 0.367461 0.417332 -0.831148 0.13037 0.148063 -0.980348 0.571551 0.797099 -0.194841 0.571553 0.797093 -0.194859 0.484704 0.675973 -0.555088 0.484704 0.675972 -0.55509 0.32402 0.451881 -0.831152 0.32402 0.451882 -0.831152 0.115078 0.160488 -0.980306 0.489239 0.850103 -0.19486 0.489236 0.850109 -0.19484 0.414895 0.720932 -0.555085 0.414895 0.72093 -0.555088 0.27735 0.48193 -0.831156 0.277352 0.481936 -0.831152 0.0986055 0.17134 -0.980265 0.402039 0.894649 -0.194851 0.402041 0.894647 -0.194861 0.340951 0.758705 -0.555085 0.340951 0.758705 -0.555084 0.227922 0.507186 -0.831152 0.227921 0.50718 -0.831156 0.081113 0.180496 -0.980225 0.310846 0.930268 -0.194877 0.310842 0.930275 -0.19485 0.263608 0.788916 -0.555088 0.263608 0.788918 -0.555085 0.17622 0.527385 -0.831151 0.17622 0.527383 -0.831152 0.0627763 0.187874 -0.980185 0.216543 0.956633 -0.19484 0.216551 0.956623 -0.194878 0.183646 0.811263 -0.555092 0.183645 0.811266 -0.555088 0.122766 0.542326 -0.83115 0.122766 0.542326 -0.831151 0 0 -1 0 0 -1 0 0 -1 0 0 -1 0 0 -1 0 0 -1 0 0 -1 0 0 -1 -0.0443273 0.999015 0.00191748 -0.0439466 0.999034 0 -0.0494572 0.998677 0.0140565 -0.00677836 0.999977 0 0.0439466 0.999034 0 0.0439466 0.999034 0 0.0387415 0.999244 0.00327614 0.0317789 0.999438 0.0107011 0.0225496 0.99935 0.0281453 0.00942093 0.997751 0.0663641 0.029331 0.99957 0 -0.0396547 0.999213 0 -0.0293277 0.999457 0.0150433 -0.0264961 0.999567 0.0128004 -0.998795 -0.0490686 0 -0.998795 -0.0490686 0 -0.989177 -0.14673 0 -0.989177 -0.14673 0 -0.970031 -0.24298 0 -0.970031 -0.24298 0 -0.941544 -0.336891 0 -0.941544 -0.336891 0 -0.903989 -0.427556 0 -0.903989 -0.427556 0 -0.857731 -0.514099 0 -0.857731 -0.514099 0 -0.803205 -0.595702 0 -0.803205 -0.595702 0 -0.740954 -0.671555 0 -0.740954 -0.671555 0 -0.671555 -0.740954 0 -0.671555 -0.740954 0 -0.595702 -0.803205 0 -0.595702 -0.803205 0 -0.514099 -0.857731 0 -0.514099 -0.857731 0 -0.427556 -0.903989 0 -0.427556 -0.903989 0 -0.336891 -0.941544 0 -0.336891 -0.941544 0 -0.24298 -0.970031 0 -0.24298 -0.970031 0 -0.14673 -0.989177 0 -0.14673 -0.989177 0 -0.0490686 -0.998795 0 -0.0490686 -0.998795 0 0.0490686 -0.998795 0 0.0490686 -0.998795 0 0.14673 -0.989177 0 0.14673 -0.989177 0 0.24298 -0.970031 0 0.24298 -0.970031 0 0.336891 -0.941544 0 0.336891 -0.941544 0 0.427556 -0.903989 0 0.427556 -0.903989 0 0.514099 -0.857731 0 0.514099 -0.857731 0 0.595702 -0.803205 0 0.595702 -0.803205 0 0.671555 -0.740954 0 0.671555 -0.740954 0 0.740954 -0.671555 0 0.740954 -0.671555 0 0.803205 -0.595702 0 0.803205 -0.595702 0 0.857731 -0.514099 0 0.857731 -0.514099 0 0.903989 -0.427556 0 0.903989 -0.427556 0 0.941544 -0.336891 0 0.941544 -0.336891 0 0.970031 -0.24298 0 0.970031 -0.24298 0 0.989177 -0.14673 0 0.989177 -0.14673 0 0.998795 -0.0490686 0 0.998795 -0.0490686 0 0 -0.514496 -0.857493 0 -0.514496 -0.857493 0 0 -1 0 0 -1 0 0 -1 0 0 -1 0 0 -1 0 0 -1 0 0 -1 0 0 -1 0 0 -1 0 0 -1 0 0 -1 0 0 -1 0 0 -1 0 0 -1 0 0 -1 0 0 -1 0 0 -1 0 0 -1 0 0 -1 0 0 -1 0 0 -1 0 0 -1 0 0 -1 0 0 -1 0 0 -1 0 0 -1 0 0 -1 0 0 -1 0 0 -1 0 0 -1 0 0 -1 0 0 -1 0 0 -1 0 0 -1 0 0 -1 0 0 -1 0 0 -1 0 0 -1 0 0 -1 0 0 -1 0 0 -1 0 0 -1 0 0 -1 0 0 -1 0 0 -1 0 0 -1 0 0 -1 0 0 -1 0 0 -1 0 0 -1 0 0 -1 0 0 -1 0 0 -1 0 0 -1 0 0 -1 0 0 -1 0 0 -1 0 0 -1 0 0 -1 0 0 -1 0 0 -1 0 0 -1 0 0 -1 0 0 -1 0 0 -1 0 0 -1 0 0 -1 0 0 -1 0 0 -1 0 0 -1 0 0 -1 0 0 -1 0 0 -1 0 0 -1 0 0 -1 0 0 -1 0 0 -1 0 0 -1 0 0 -1 0 0 -1 0 0 -1 0 0 -1 0 0 -1 0 0 -1 0 0 -1 0 0 -1 0 0 -1 0 0 -1 0 0 -1 0 0 -1 0 0 -1 0 0 -1 0 0 -1 0 0 -1 0 0 -1 0 0 -1 0 0 -1 0 0 -1 0 0 -1 0 0 -1 0 0 -1 0 0 -1 0 0 -1 0 0 -1 0 0 -1 0 0 -1 0 0 -1 0 0 -1 0 0 -1 0 0 -1 0 0 -1 0 0 -1 0 0 -1 0 0 -1 -1 0 0 -1 0 0 -0.044134 0.187463 -0.98128 -0.0625487 0.182345 -0.981243 -0.080386 0.175431 -0.981204 -0.0974684 0.166772 -0.981166 -0.113628 0.156458 -0.981127 -0.128704 0.144584 -0.981086 -0.142546 0.131263 -0.981046 -0.155016 0.11662 -0.981005 -0.16599 0.100803 -0.980962 -0.175357 0.0839576 -0.980918 -0.18302 0.0662482 -0.980875 -0.188895 0.0478437 -0.980831 -0.192929 0.0289302 -0.980786 -0.195082 0.00968683 -0.980739 -0.115098 0.823612 -0.555352 -0.0415438 0.40262 -0.914424 -0.0825595 0.549508 -0.8314 -0.0743715 0.695251 -0.714909 -0.0359335 0.124833 -0.991527 -0.0253205 0.190726 -0.981317 -0.0437764 0.193385 -0.980146 -0.97961 0.0489517 -0.194854 -0.979605 0.0489576 -0.194879 -0.830756 0.0415186 -0.555086 -0.830757 0.0415185 -0.555085 -0.555348 0.0277545 -0.831155 -0.555364 0.0277502 -0.831144 -0.195303 0.00975885 -0.980694 -0.120093 0.973455 -0.194839 -0.143128 0.983612 -0.109646 -0.100901 0.910614 -0.400752 -0.216542 0.956626 -0.194878 -0.216553 0.956631 -0.19484 -0.183646 0.811265 -0.555088 -0.183644 0.811263 -0.555092 -0.122765 0.542326 -0.831151 -0.122766 0.542326 -0.83115 -0.310848 0.930272 -0.194851 -0.31084 0.93027 -0.194877 -0.263609 0.788918 -0.555085 -0.263607 0.788916 -0.555088 -0.176219 0.527383 -0.831152 -0.17622 0.527385 -0.831151 -0.0627763 0.187874 -0.980185 -0.402039 0.894648 -0.194861 -0.402042 0.894648 -0.194851 -0.340951 0.758705 -0.555084 -0.34095 0.758705 -0.555085 -0.227919 0.50718 -0.831156 -0.227923 0.507185 -0.831152 -0.081113 0.180496 -0.980225 -0.489241 0.850106 -0.19484 -0.489234 0.850106 -0.19486 -0.414894 0.720931 -0.555088 -0.414896 0.720932 -0.555085 -0.277353 0.481935 -0.831152 -0.277349 0.481931 -0.831156 -0.0986056 0.17134 -0.980265 -0.571549 0.797096 -0.194859 -0.571555 0.797096 -0.194841 -0.484703 0.675972 -0.55509 -0.484705 0.675973 -0.555088 -0.32402 0.451882 -0.831152 -0.32402 0.451882 -0.831152 -0.115078 0.160488 -0.980306 -0.648172 0.736137 -0.194873 -0.648177 0.736136 -0.194859 -0.549687 0.624281 -0.555084 -0.549683 0.624279 -0.55509 -0.367463 0.41733 -0.831148 -0.367457 0.417327 -0.831152 -0.13037 0.148063 -0.980348 -0.71834 0.667845 -0.19486 -0.718335 0.667846 -0.194874 -0.609189 0.566371 -0.555079 -0.609186 0.56637 -0.555084 -0.407236 0.378614 -0.83115 -0.407239 0.378615 -0.831148 -0.144331 0.134186 -0.980389 -0.781344 0.592902 -0.194856 -0.781343 0.592902 -0.194861 -0.662613 0.502808 -0.555093 -0.662624 0.50281 -0.555078 -0.442963 0.336128 -0.831145 -0.442956 0.336125 -0.83115 -0.156823 0.119001 -0.980431 -0.836559 0.512052 -0.194866 -0.836561 0.512051 -0.194857 -0.709448 0.434246 -0.555081 -0.709439 0.434245 -0.555093 -0.474253 0.290288 -0.831154 -0.474267 0.290292 -0.831145 -0.167723 0.10266 -0.980474 -0.883446 0.426091 -0.19486 -0.883444 0.426092 -0.194866 -0.749207 0.361349 -0.555082 -0.749208 0.361349 -0.55508 -0.500833 0.241555 -0.831154 -0.500833 0.241555 -0.831155 -0.176931 0.0853351 -0.980517 -0.921525 0.335891 -0.194857 -0.921524 0.335892 -0.19486 -0.781491 0.284851 -0.555096 -0.781502 0.28485 -0.555081 -0.522429 0.19042 -0.831148 -0.52242 0.19042 -0.831155 -0.184355 0.0671966 -0.98056 -0.950426 0.242341 -0.194839 -0.950421 0.242344 -0.194856 -0.805993 0.205517 -0.555101 -0.805997 0.205517 -0.555096 -0.538814 0.137389 -0.831146 -0.53881 0.137389 -0.831148 -0.189923 0.0484278 -0.980604 -0.969843 0.146382 -0.194878 -0.969852 0.146373 -0.194838 -0.822479 0.124131 -0.555086 -0.822467 0.124135 -0.555102 -0.54983 0.0829855 -0.831144 -0.549827 0.0829859 -0.831146 -0.19358 0.0292172 -0.980649 -0.101173 -0.994869 0 -0.201299 -0.97953 0 -0.201299 -0.97953 0 -0.299363 -0.954139 0 -0.299363 -0.954139 0 -0.394353 -0.918959 0 -0.394353 -0.918959 0 -0.485301 -0.874347 0 -0.485301 -0.874347 0 -0.571271 -0.820761 0 -0.571271 -0.820761 0 -0.651373 -0.758757 0 -0.651373 -0.758757 0 -0.724791 -0.688968 0 -0.724791 -0.688968 0 -0.790775 -0.612107 0 -0.790775 -0.612107 0 -0.848645 -0.528963 0 -0.848645 -0.528963 0 -0.897803 -0.440397 0 -0.897803 -0.440397 0 -0.937753 -0.347302 0 -0.937753 -0.347302 0 -0.968077 -0.250651 0 -0.968077 -0.250651 0 -0.988468 -0.151432 0 -0.988468 -0.151432 0 -0.998717 -0.0506467 0 -0.998717 -0.0506467 0 -0.101173 -0.994869 0 0 -1 0 0 -1 0 0.101173 -0.994869 0 0.101173 -0.994869 0 0.201299 -0.97953 0 0.201299 -0.97953 0 0.299363 -0.954139 0 0.299363 -0.954139 0 0.394353 -0.918959 0 0.394353 -0.918959 0 0.485301 -0.874347 0 0.485301 -0.874347 0 0.571271 -0.820761 0 0.571271 -0.820761 0 0.651373 -0.758757 0 0.651373 -0.758757 0 0.724791 -0.688968 0 0.724791 -0.688968 0 0.790775 -0.612107 0 0.790775 -0.612107 0 0.848645 -0.528963 0 0.848645 -0.528963 0 0.897803 -0.440397 0 0.897803 -0.440397 0 0.937753 -0.347302 0 0.937753 -0.347302 0 0.968077 -0.250651 0 0.968077 -0.250651 0 0.988468 -0.151432 0 0.988468 -0.151432 0 0.998717 -0.0506467 0 0.998717 -0.0506467 0 0.101173 0.994869 0 0.201299 0.97953 0 0.201299 0.97953 0 0.299363 0.954139 0 0.299363 0.954139 0 0.394353 0.918959 0 0.394353 0.918959 0 0.485301 0.874347 0 0.485301 0.874347 0 0.571271 0.820761 0 0.571271 0.820761 0 0.651373 0.758757 0 0.651373 0.758757 0 0.724791 0.688968 0 0.724791 0.688968 0 0.790775 0.612107 0 0.790775 0.612107 0 0.848645 0.528963 0 0.848645 0.528963 0 0.897803 0.440397 0 0.897803 0.440397 0 0.937753 0.347302 0 0.937753 0.347302 0 0.968077 0.250651 0 0.968077 0.250651 0 0.988468 0.151432 0 0.988468 0.151432 0 0.998717 0.0506467 0 0.998717 0.0506467 0 0.101173 0.994869 0 0 1 0 0 1 0 -0.101173 0.994869 0 -0.101173 0.994869 0 -0.201299 0.97953 0 -0.201299 0.97953 0 -0.299363 0.954139 0 -0.299363 0.954139 0 -0.394353 0.918959 0 -0.394353 0.918959 0 -0.485301 0.874347 0 -0.485301 0.874347 0 -0.571271 0.820761 0 -0.571271 0.820761 0 -0.651373 0.758757 0 -0.651373 0.758757 0 -0.724791 0.688968 0 -0.724791 0.688968 0 -0.790775 0.612107 0 -0.790775 0.612107 0 -0.848645 0.528963 0 -0.848645 0.528963 0 -0.897803 0.440397 0 -0.897803 0.440397 0 -0.937753 0.347302 0 -0.937753 0.347302 0 -0.968077 0.250651 0 -0.968077 0.250651 0 -0.988468 0.151432 0 -0.988468 0.151432 0 -0.998717 0.0506467 0 -0.998717 0.0506467 0 0 1 0 0 1 0 0 1 0 0 1 0 0 1 0 0 1 0 0 1 0 0.212544 0.977045 0.0144651 0.165982 0.986111 -0.00592051 0.165982 0.986111 0.00592056 0.212544 0.977045 -0.0144652 -0.127122 0.991887 0 -0.151823 0.988396 -0.00490895 0.0387236 0.99925 -9.00379e-05 -0.0440851 0.999002 0.00719448 0.0713313 0.997352 -0.0141921 0.0713313 0.997353 0.0141324 0.0429091 0.999056 -0.00671047 0.121306 0.992615 -0.000514767 0.0901718 0.995923 -0.00269339 -0.103174 0.994663 -0.000395104 -0.138374 0.99038 7.80774e-05 0.0718345 0.997413 0.00258762 0.092232 0.995722 -0.00554661 0.10854 0.993979 -0.0150329 0.0912788 0.995823 0.00199239 -0.151845 0.988392 0.00489661 -0.212551 0.977078 -0.0118678 -0.239521 0.970891 0 0.165962 0.986132 -0.000626387 0.212566 0.977146 0.00152797 0.249275 0.968433 0 0.249275 0.968433 0 0.249275 0.968433 0 0.249275 0.968433 0 0.148334 0.988937 0 0.165968 0.98603 -0.0140958 0.249276 0.968433 0 0.249275 0.968433 0 0.212551 0.977076 -0.0120184 0.1552 0.987844 0.00881743 0.155144 0.987853 -0.00876421 0.212551 0.977077 0.0119185 0.249276 0.968433 0 -0.0588577 0.998219 -0.00977276 -0.0977511 0.99521 0.00147422 -0.092582 0.995704 -0.00131356 -0.0909093 0.995854 -0.00319662 -0.0879341 0.99609 -0.00848384 -0.08468 0.996264 -0.0169383 -0.0764911 0.995556 -0.0549277 -0.0452326 0.925023 -0.377208 -0.0306049 0.99953 -0.00166166 -0.0109799 0.99994 0.000676637 0.022684 0.999742 -0.000691499 0.0454172 0.998962 -0.0034598 0.0487614 0.998802 -0.00413706 0.0346712 0.999399 0 0.0790312 0.996708 -0.0181105 0.103605 0.994131 -0.0311439 0.112044 0.992999 -0.0373964 0.0713384 0.997451 -0.00149333 0.0713384 0.997452 -0.000282053 0.114399 0.992647 0.0395654 0.10236 0.994284 0.0303619 0.0722638 0.997284 0.0142618 0.0402304 0.999182 0.00400262 -0.0148559 0.999882 -0.00396898 -0.0568389 0.998339 0.00943771 -0.0754673 0.997019 0.0160406 -0.0969744 0.994891 0.0280575 -0.0973401 0.994848 0.0283198 -0.0848174 0.996243 0.0174799 -0.0762063 0.997052 0.00894124 0.997452 0.0713384 0 0.997452 0.0713384 0 0.997452 0.0713384 0 0.997452 0.0713385 0 0.997452 0.0713385 0 0.997452 0.0713384 0 0.997452 0.0713384 0 -0.0379145 0.999276 0.00306753 -0.0689335 0.997541 -0.0126746 -0.109769 0.993956 -0.00121056 -0.105442 0.994407 -0.00613947 -0.102184 0.994702 -0.0112482 -0.0926467 0.995162 -0.032712 0.0636958 0.997961 -0.00401287 0.0713355 0.997411 -0.00903811 0.0713355 0.997411 0.00903804 0.0636958 0.997961 0.00401284 -0.0300348 0.999546 -0.00251859 -0.0818632 0.996464 0.0189247 -0.0981236 0.994789 0.027682 -0.0976799 0.994841 0.0273728 -0.0827465 0.996456 0.015086 -0.0772393 0.996967 0.00957371 -0.0719241 0.997401 0.00418731 -0.0703782 0.99752 0.000885306 -0.997452 0.0713384 0 -0.997452 0.0713384 0 -0.997452 0.0713385 0 -0.997452 0.0713385 0 -0.997452 0.0713384 0 -0.997452 0.0713384 0 -0.239521 0.970891 0 -0.239521 0.970891 0 -0.19255 0.981287 0 -0.185616 0.982622 -0.000626571 -0.173625 0.984806 -0.00354011 -0.15962 0.98707 -0.0146219 -0.126891 0.989799 -0.0647766 -0.137551 0.990353 -0.0167536 -0.212551 0.977078 0.0118832 -0.239521 0.970891 0 -0.239521 0.970891 0 -0.239521 0.970891 0 -0.239521 0.970891 0 -0.239521 0.970891 0 -0.239521 0.970891 0 -0.239521 0.970891 0 -0.239521 0.970891 0 -0.239521 0.970891 0 -0.239521 0.970891 0 -0.239254 0.970957 -0.000900267 -0.237831 0.971307 0.000243831 -0.234107 0.97221 0.000994515 -0.237737 0.97133 0.000311364 -0.239521 0.970891 0 0.388271 0.861865 0.326244 0.154927 0.98699 0.0429913 0.11828 0.992908 0.0120239 0.0556728 0.998313 -0.0164721 -0.0278409 0.994627 0.0997116 0.0100603 0.999949 0.00108212 0.249276 0.968433 0 0.249275 0.968433 0 0.215389 0.976528 0 0.212055 0.977258 4.12475e-05 0.208748 0.977969 0.000211705 0.201981 0.979389 0.000743727 0.192137 0.981363 0.00304072 0.148282 0.988728 0.0207481 -0.128388 0.991723 -0.00109905 -0.0918057 0.991288 0.0944505 -0.132756 0.990719 0.0291874 -0.158601 0.987304 0.00880731 -0.175737 0.984436 0.00169151 -0.186038 0.982542 0.000469193 -0.189792 0.981824 0.000140017 -0.193101 0.981179 3.96968e-05 -0.19511 0.980781 1.31313e-06 -0.196438 0.980516 0 -0.194336 0.980935 -4.00085e-06 -0.193109 0.981177 -1.23857e-05 -0.191547 0.981483 -3.06965e-05 -0.192085 0.981378 -1.95581e-05 0.0713384 0.997451 -0.00132533 0.125062 0.992149 2.21698e-05 0.158275 0.987395 -1.82163e-05 0.1838 0.982964 -0.000550135 0.203175 0.979142 -0.00123654 0.215969 0.976399 -0.00178704 0.270481 0.962716 -0.00419943 0.212566 0.977146 -0.00152264 -0.239521 0.970891 0 -0.229001 0.973426 -0.000548976 -0.215946 0.976405 -0.00127992 -0.209029 0.977908 -0.00168772 -0.202471 0.979286 -0.00208867 -0.189572 0.981862 -0.00291652 -0.169746 0.985478 -0.00436162 -0.212566 0.977147 -0.000518338 -0.0404931 0.99918 -0.000149489 -0.0486458 0.998816 0 -0.0736713 0.997282 0.00128038 -0.081602 0.996632 -0.00810921 -0.11074 0.993849 0.00111953 0.249208 0.96845 -0.000533946 0.248579 0.968612 9.24005e-05 0.211902 0.977291 -1.15572e-05 0.21835 0.975871 0.000146126 0.208237 0.978078 -4.02019e-05 0.209149 0.977884 -2.10671e-05 0.201948 0.979396 4.36147e-05 0.199403 0.979918 -0.00010538 0.186148 0.982522 0.000203451 0.185439 0.982656 9.17604e-05 0.162489 0.98671 -0.000153302 0.162338 0.986735 -0.000210463 0.144919 0.989444 4.64083e-05 0.130199 0.991487 -0.00153647 0.134082 0.990964 -0.00354931 0.977147 0.212566 0 0.977147 0.212566 0 0.93695 0.349464 0 0.93695 0.349464 0 0.877679 0.479249 0 0.877679 0.479249 0 0.800541 0.599278 0 0.800541 0.599278 0 0.707107 0.707107 0 0.707107 0.707107 0 0.599278 0.800541 0 0.599278 0.800541 0 0.479249 0.877679 0 0.479249 0.877679 0 0.349464 0.93695 0 0.349464 0.93695 0 0.249275 0.968433 0 0.242845 0.970065 -0.000260424 0.15936 0.987221 -7.55095e-06 0.150637 0.988589 9.76852e-05 0.151546 0.98845 -0.000243934 0.143387 0.989667 5.93593e-05 -0.0618084 0.998056 0.0079749 -0.0619219 0.99805 -0.00792776 0.0430021 0.999053 0.00667008 0.249275 0.968433 0 0.249275 0.968433 0 0.349464 0.93695 0 0.349464 0.93695 0 0.479249 0.877679 0 0.479249 0.877679 0 0.599278 0.800541 0 0.599278 0.800541 0 0.707107 0.707107 0 0.707107 0.707107 0 0.800541 0.599278 0 0.800541 0.599278 0 0.877679 0.479249 0 0.877679 0.479249 0 0.93695 0.349464 0 0.93695 0.349464 0 0.977147 0.212566 0 0.977147 0.212566 0 -0.220727 0.975335 0.000884919 -0.239521 0.970891 0 -0.349464 0.93695 0 -0.349464 0.93695 0 -0.479249 0.877679 0 -0.479249 0.877679 0 -0.599278 0.800541 0 -0.599278 0.800541 0 -0.707107 0.707107 0 -0.707107 0.707107 0 -0.800541 0.599278 0 -0.800541 0.599278 0 -0.877679 0.479249 0 -0.877679 0.479249 0 -0.93695 0.349464 0 -0.93695 0.349464 0 -0.977147 0.212566 0 -0.977147 0.212566 0 0.977147 0.212566 0 0.977147 0.212566 0 0.93695 0.349464 0 0.93695 0.349464 0 0.877679 0.479249 0 0.877679 0.479249 0 0.800541 0.599278 0 0.800541 0.599278 0 0.707107 0.707107 0 0.707107 0.707107 0 0.599278 0.800541 0 0.599278 0.800541 0 0.479249 0.877679 0 0.479249 0.877679 0 0.349464 0.93695 0 0.349464 0.93695 0 0.0713384 0.997452 0.000955746 0.063631 0.997973 0.000420621 -0.0433926 0.999058 -0.00036134 -0.0713384 0.997451 0.00130181 -0.116548 0.993185 0.00010711 -0.143091 0.98971 -2.40401e-05 -0.212566 0.977147 0.000387623 -0.167719 0.985827 0.00399119 -0.193802 0.981038 0.00229016 0.000127886 0.999841 -0.017854 0.00422728 0.999864 -0.0159255 0.0636948 0.997946 0.00683838 -0.349464 0.93695 0 -0.349464 0.93695 0 -0.479249 0.877679 0 -0.479249 0.877679 0 -0.599278 0.800541 0 -0.599278 0.800541 0 -0.707107 0.707107 0 -0.707107 0.707107 0 -0.800541 0.599278 0 -0.800541 0.599278 0 -0.877679 0.479249 0 -0.877679 0.479249 0 -0.93695 0.349464 0 -0.93695 0.349464 0 -0.977147 0.212566 0 -0.977147 0.212566 0 -0.349464 0.93695 0 -0.349464 0.93695 0 -0.479249 0.877679 0 -0.479249 0.877679 0 -0.599278 0.800541 0 -0.599278 0.800541 0 -0.707107 0.707107 0 -0.707107 0.707107 0 -0.800541 0.599278 0 -0.800541 0.599278 0 -0.877679 0.479249 0 -0.877679 0.479249 0 -0.93695 0.349464 0 -0.93695 0.349464 0 -0.977147 0.212566 0 -0.977147 0.212566 0 0.100636 0.994923 0 0.10064 0.994923 5.04751e-05 -0.0187725 0.999824 -5.08086e-05 -0.0187342 0.999825 3.6834e-06 -0.137913 0.990444 -4.10144e-06 -0.137907 0.990445 0 0.977147 0.212566 0 0.977147 0.212566 0 0.93695 0.349464 0 0.93695 0.349464 0 0.877679 0.479249 0 0.877679 0.479249 0 0.800541 0.599278 0 0.800541 0.599278 0 0.707107 0.707107 0 0.707107 0.707107 0 0.599278 0.800541 0 0.599278 0.800541 0 0.479249 0.877679 0 0.479249 0.877679 0 0.349464 0.93695 0 0.349464 0.93695 0 -0.128388 0.991724 0 -0.128399 0.991723 -5.61846e-05 0.0100603 0.999949 5.79102e-05 0.0100263 0.99995 1.27574e-05 0.148314 0.98894 -1.22222e-05 0.14833 0.988938 0 0.249275 0.968433 0 0.100669 0.99492 0 0.100636 0.994923 -4.70347e-05 -0.0187105 0.999825 4.40906e-05 -0.0187725 0.999824 -1.77955e-06 -0.137908 0.990445 2.30705e-06 -0.137913 0.990444 0 -0.349464 0.93695 0 -0.349464 0.93695 0 -0.479249 0.877679 0 -0.479249 0.877679 0 -0.599278 0.800541 0 -0.599278 0.800541 0 -0.707107 0.707107 0 -0.707107 0.707107 0 -0.800541 0.599278 0 -0.800541 0.599278 0 -0.877679 0.479249 0 -0.877679 0.479249 0 -0.93695 0.349464 0 -0.93695 0.349464 0 -0.977147 0.212566 0 -0.977147 0.212566 0 0.977147 0.212566 0 0.977147 0.212566 0 0.93695 0.349464 0 0.93695 0.349464 0 0.877679 0.479249 0 0.877679 0.479249 0 0.800541 0.599278 0 0.800541 0.599278 0 0.707107 0.707107 0 0.707107 0.707107 0 0.599278 0.800541 0 0.599278 0.800541 0 0.479249 0.877679 0 0.479249 0.877679 0 0.349464 0.93695 0 0.349464 0.93695 0 0.144233 0.989543 0.00125979 0.150296 0.988641 2.91886e-05 0.977147 0.212566 0 0.977147 0.212566 0 0.93695 0.349464 0 0.93695 0.349464 0 0.877679 0.479249 0 0.877679 0.479249 0 0.800541 0.599278 0 0.800541 0.599278 0 0.707107 0.707107 0 0.707107 0.707107 0 0.599278 0.800541 0 0.599278 0.800541 0 0.479249 0.877679 0 0.479249 0.877679 0 0.349464 0.93695 0 0.349464 0.93695 0 0.249275 0.968433 0 -0.143103 0.989701 -0.00365957 -0.123811 0.992269 0.00858035 -0.143722 0.989618 0.000607745 -0.164353 0.986402 -0.000254326 -0.166011 0.986124 -0.000462137 -0.175663 0.98445 0.000243007 -0.182765 0.983157 4.68502e-05 -0.188952 0.981986 -0.000457267 -0.349464 0.93695 0 -0.349464 0.93695 0 -0.479249 0.877679 0 -0.479249 0.877679 0 -0.599278 0.800541 0 -0.599278 0.800541 0 -0.707107 0.707107 0 -0.707107 0.707107 0 -0.800541 0.599278 0 -0.800541 0.599278 0 -0.877679 0.479249 0 -0.877679 0.479249 0 -0.93695 0.349464 0 -0.93695 0.349464 0 -0.977147 0.212566 0 -0.977147 0.212566 0 -0.0713383 0.997451 -0.0016901 -0.0685558 0.997646 -0.00153137 -0.0249889 0.999688 6.5258e-05 -0.349464 0.93695 0 -0.349464 0.93695 0 -0.479249 0.877679 0 -0.479249 0.877679 0 -0.599278 0.800541 0 -0.599278 0.800541 0 -0.707107 0.707107 0 -0.707107 0.707107 0 -0.800541 0.599278 0 -0.800541 0.599278 0 -0.877679 0.479249 0 -0.877679 0.479249 0 -0.93695 0.349464 0 -0.93695 0.349464 0 -0.977147 0.212566 0 -0.977147 0.212566 0 -0.997452 0.0713384 0 0.212544 -0.977045 -0.0144652 0.165982 -0.986111 0.00592055 -0.163603 -0.986526 -0.000111945 -0.185616 -0.982622 0.000626575 -0.0685381 -0.997648 0.00132738 -0.0249891 -0.999688 -5.65815e-05 0.125062 -0.992149 -1.92421e-05 -0.127122 -0.991887 0 -0.151823 -0.988396 0.00490896 -0.212551 -0.977078 -0.0118832 -0.239482 -0.9709 -0.00153023 -0.136912 -0.990583 -3.47764e-05 0.106567 -0.994305 -0.000716704 -0.35746 -0.878802 -0.316116 -0.137241 -0.989588 -0.0433762 0.055673 -0.998313 0.016472 0.042909 -0.999056 0.00671051 0.0713313 -0.997353 -0.0141324 0.0713313 -0.997352 0.0141921 0.0636948 -0.997946 -0.00683837 0.249275 -0.968433 0 0.249275 -0.968433 0 0.249276 -0.968433 0 0.249276 -0.968433 0 0.148314 -0.98894 0 0.148336 -0.988937 1.22229e-05 -0.151845 -0.988392 -0.00489657 -0.212551 -0.977078 0.0118677 -0.239521 -0.970891 0 0.0713305 -0.997341 0.0149644 0.0378805 -0.999281 0.00130919 0.0227518 -0.999697 0.00935482 0.0453774 -0.998968 0.00203384 0.0629604 -0.998016 0 0.13023 -0.991483 0.00126186 0.122195 -0.992489 0.00582756 0.133552 -0.991041 0.0011763 0.144919 -0.989444 -4.64087e-05 0.16252 -0.986705 0.000213145 0.162369 -0.98673 0.000154585 0.249276 -0.968433 0 0.212551 -0.977076 0.0120184 0.1552 -0.987844 -0.00881741 0.155144 -0.987853 0.00876425 0.212551 -0.977077 -0.0119186 0.249276 -0.968433 0 0.165962 -0.986132 0.00072396 0.212566 -0.977145 -0.00176599 0.249275 -0.968433 0 0.249275 -0.968433 0 0.212544 -0.977045 0.0144651 0.165982 -0.986111 -0.00592051 0.249275 -0.968433 0 0.249275 -0.968433 0 0.148334 -0.988937 0 0.165968 -0.98603 0.0140958 -0.997452 -0.0713384 0 -0.997452 -0.0713384 0 -0.997452 -0.0713385 0 -0.997452 -0.0713385 0 -0.997452 -0.0713384 0 -0.997452 -0.0713385 0 -0.997452 -0.0713385 0 -0.239521 -0.970891 0 -0.234498 -0.972116 0.000802144 -0.239276 -0.970951 -0.000252106 -0.240122 -0.970742 -0.00115241 -0.239597 -0.970873 -0.000325504 -0.239354 -0.970932 0.000722203 -0.238778 -0.971074 0 0.997452 -0.0713385 0 0.997452 -0.0713385 0 0.997452 -0.0713384 0 0.997452 -0.0713385 0 0.997452 -0.0713385 0 0.997452 -0.0713384 0 -0.0148559 -0.999882 0.00396898 -0.0568414 -0.998339 -0.00943852 -0.0754672 -0.997019 -0.0160405 -0.096973 -0.994892 -0.0280565 -0.0973421 -0.994848 -0.0283212 -0.0848173 -0.996243 -0.0174797 -0.0762054 -0.997052 -0.00894031 -0.0702225 -0.997528 -0.00248111 -0.0703322 -0.997522 0.00194007 -0.0720791 -0.997389 0.00450923 -0.0774482 -0.996942 0.0104018 -0.0844434 -0.996283 0.0170255 -0.0977454 -0.994821 0.0278796 -0.091946 -0.995475 0.0239844 -0.0629862 -0.997954 0.0109586 -0.0248144 -0.999692 0 -0.0295632 -0.999562 0.000975223 -0.0405831 -0.999172 0.00285084 -0.0109799 -0.99994 -0.000676637 0.133903 -0.990994 3.57229e-05 0.107433 -0.994208 -0.00281957 0.0723184 -0.997291 -0.0134652 0.0398104 -0.998762 -0.0298326 0.0713359 -0.997416 -0.00850642 -0.212566 -0.977146 0.00129129 -0.219778 -0.975549 0.00150551 -0.201918 -0.979402 0.000987852 -0.194008 -0.981 0.000766061 -0.183077 -0.983098 0.000478006 -0.165204 -0.986259 0.0001189 -0.138378 -0.99038 -6.78167e-05 -0.103165 -0.994664 0.000343026 -0.0713384 -0.997451 0.00146593 0.212566 -0.977147 7.348e-05 0.160264 -0.987064 0.00449315 0.186079 -0.982531 0.00277506 0.204566 -0.978851 0.00179331 0.213888 -0.976857 0.00137234 0.22463 -0.974444 0.000900105 0.242185 -0.97023 0.000253917 0.249275 -0.968433 0 0.0791809 -0.996793 0.0115698 0.105891 -0.994373 0.00317726 0.130719 -0.991419 0.000214803 0.143387 -0.989667 -5.93592e-05 -0.192117 -0.981372 1.65853e-05 -0.197547 -0.980293 0.000134925 -0.193792 -0.981043 5.54288e-05 -0.191428 -0.981507 1.4877e-05 -0.186998 -0.98236 -1.67073e-05 -0.176546 -0.984292 0.000265025 -0.185184 -0.982704 -0.000939771 -0.239521 -0.970891 0 -0.239521 -0.970891 0 -0.239521 -0.970891 0 -0.239521 -0.970891 0 -0.239521 -0.970891 0 -0.128359 -0.991499 -0.0213016 -0.175737 -0.984436 -0.00169151 -0.186038 -0.982542 -0.000469172 -0.189792 -0.981824 -0.000140016 -0.193101 -0.981179 -3.96974e-05 -0.19511 -0.980781 -1.31314e-06 -0.196438 -0.980516 0 0.249276 -0.968433 0 0.249275 -0.968433 0 0.215388 -0.976528 0 0.212055 -0.977258 -4.12471e-05 0.208748 -0.977969 -0.000211702 0.201981 -0.979389 -0.000743742 0.192137 -0.981363 -0.00304065 0.176282 -0.984294 -0.0094638 0.151754 -0.987902 -0.0319383 0.126668 -0.989495 -0.069675 0.148265 -0.988613 -0.0257429 -0.239521 -0.970891 0 -0.239521 -0.970891 0 -0.239521 -0.970891 0 -0.239521 -0.970891 0 -0.239521 -0.970891 0 -0.135392 -0.99071 0.0127819 -0.777036 -0.175943 0.604367 -0.19421 -0.978533 0.0689581 -0.115528 -0.993242 0.0110952 -0.0440851 -0.999002 -0.00719449 0.0041726 -0.999788 0.0201433 0.000382777 -0.999849 0.0173947 -0.0818631 -0.996464 -0.0189248 -0.0981249 -0.994789 -0.027683 -0.097678 -0.994842 -0.0273715 -0.0827472 -0.996456 -0.0150868 -0.0772393 -0.996967 -0.00957371 -0.0705843 -0.997502 -0.00283017 -0.0699685 -0.997545 0.00297312 -0.0790306 -0.996798 0.0121568 -0.0857396 -0.996151 0.0182124 -0.0968015 -0.994931 0.0272255 -0.0938685 -0.995262 0.0253487 -0.0379145 -0.999276 -0.00306751 0.0636958 -0.997961 0.00401284 0.0713355 -0.997411 0.00903804 0.0713355 -0.997411 -0.0090381 0.0636958 -0.997961 -0.00401287 -0.0300348 -0.999546 0.00251861 -0.0618083 -0.998056 -0.00797493 -0.061922 -0.99805 0.00792777 0.0430021 -0.999053 -0.00667007 0.151546 -0.98845 0.000243933 0.151175 -0.988507 0.000104389 0.15111 -0.988517 -3.24134e-05 0.149377 -0.98878 -0.000215794 0.144233 -0.989543 -0.00125976 0.249208 -0.96845 0.000533938 0.248579 -0.968612 -9.24007e-05 0.214469 -0.976731 4.30828e-06 -0.977147 -0.212566 0 -0.977147 -0.212566 0 -0.93695 -0.349464 0 -0.93695 -0.349464 0 -0.877679 -0.479249 0 -0.877679 -0.479249 0 -0.800541 -0.599278 0 -0.800541 -0.599278 0 -0.707107 -0.707107 0 -0.707107 -0.707107 0 -0.599278 -0.800541 0 -0.599278 -0.800541 0 -0.479249 -0.877679 0 -0.479249 -0.877679 0 -0.349464 -0.93695 0 -0.349464 -0.93695 0 0.0713384 -0.997452 0.000146999 0.0388011 -0.999243 0.0028376 0.0899989 -0.995942 0.000744512 0.349464 -0.93695 0 0.349464 -0.93695 0 0.479249 -0.877679 0 0.479249 -0.877679 0 0.599278 -0.800541 0 0.599278 -0.800541 0 0.707107 -0.707107 0 0.707107 -0.707107 0 0.800541 -0.599278 0 0.800541 -0.599278 0 0.877679 -0.479249 0 0.877679 -0.479249 0 0.93695 -0.349464 0 0.93695 -0.349464 0 0.977147 -0.212566 0 0.977147 -0.212566 0 0.0914668 -0.995773 -0.00831757 0.0729366 -0.997222 0.0150996 0.0921346 -0.995736 0.00448822 0.185439 -0.982656 -9.17606e-05 0.186148 -0.982522 -0.000203451 0.199403 -0.979918 0.00010538 0.201948 -0.979396 -4.36143e-05 0.209149 -0.977884 2.10669e-05 0.208237 -0.978078 4.02009e-05 0.211494 -0.977379 -1.97604e-05 0.977147 -0.212566 0 0.977147 -0.212566 0 0.93695 -0.349464 0 0.93695 -0.349464 0 0.877679 -0.479249 0 0.877679 -0.479249 0 0.800541 -0.599278 0 0.800541 -0.599278 0 0.707107 -0.707107 0 0.707107 -0.707107 0 0.599278 -0.800541 0 0.599278 -0.800541 0 0.479249 -0.877679 0 0.479249 -0.877679 0 0.349464 -0.93695 0 0.349464 -0.93695 0 0.249275 -0.968433 0 -0.977147 -0.212566 0 -0.977147 -0.212566 0 -0.93695 -0.349464 0 -0.93695 -0.349464 0 -0.877679 -0.479249 0 -0.877679 -0.479249 0 -0.800541 -0.599278 0 -0.800541 -0.599278 0 -0.707107 -0.707107 0 -0.707107 -0.707107 0 -0.599278 -0.800541 0 -0.599278 -0.800541 0 -0.479249 -0.877679 0 -0.479249 -0.877679 0 -0.349464 -0.93695 0 -0.349464 -0.93695 0 -0.166011 -0.986124 0.000462132 -0.164353 -0.986402 0.000254331 -0.143722 -0.989618 -0.000607751 -0.139954 -0.990156 -0.00211846 -0.122394 -0.992481 0.000599609 -0.0824895 -0.996578 -0.00527558 -0.123296 -0.990691 0.0576934 -0.0736713 -0.997282 -0.00128032 -0.137913 -0.990444 0 -0.137908 -0.990445 -2.30706e-06 -0.0187725 -0.999824 1.77955e-06 -0.0187105 -0.999825 -4.40912e-05 0.100636 -0.994923 4.70353e-05 0.100669 -0.99492 0 -0.977147 -0.212566 0 -0.977147 -0.212566 0 -0.93695 -0.349464 0 -0.93695 -0.349464 0 -0.877679 -0.479249 0 -0.877679 -0.479249 0 -0.800541 -0.599278 0 -0.800541 -0.599278 0 -0.707107 -0.707107 0 -0.707107 -0.707107 0 -0.599278 -0.800541 0 -0.599278 -0.800541 0 -0.479249 -0.877679 0 -0.479249 -0.877679 0 -0.349464 -0.93695 0 -0.349464 -0.93695 0 0.0100491 -0.998837 -0.0471536 -0.0251004 -0.999685 -0.000529877 -0.0814069 -0.996681 0.000356891 0.349464 -0.93695 0 0.349464 -0.93695 0 0.479249 -0.877679 0 0.479249 -0.877679 0 0.599278 -0.800541 0 0.599278 -0.800541 0 0.707107 -0.707107 0 0.707107 -0.707107 0 0.800541 -0.599278 0 0.800541 -0.599278 0 0.877679 -0.479249 0 0.877679 -0.479249 0 0.93695 -0.349464 0 0.93695 -0.349464 0 0.977147 -0.212566 0 0.977147 -0.212566 0 0.349464 -0.93695 0 0.349464 -0.93695 0 0.479249 -0.877679 0 0.479249 -0.877679 0 0.599278 -0.800541 0 0.599278 -0.800541 0 0.707107 -0.707107 0 0.707107 -0.707107 0 0.800541 -0.599278 0 0.800541 -0.599278 0 0.877679 -0.479249 0 0.877679 -0.479249 0 0.93695 -0.349464 0 0.93695 -0.349464 0 0.977147 -0.212566 0 0.977147 -0.212566 0 -0.977147 -0.212566 0 -0.977147 -0.212566 0 -0.93695 -0.349464 0 -0.93695 -0.349464 0 -0.877679 -0.479249 0 -0.877679 -0.479249 0 -0.800541 -0.599278 0 -0.800541 -0.599278 0 -0.707107 -0.707107 0 -0.707107 -0.707107 0 -0.599278 -0.800541 0 -0.599278 -0.800541 0 -0.479249 -0.877679 0 -0.479249 -0.877679 0 -0.349464 -0.93695 0 -0.349464 -0.93695 0 -0.128388 -0.991724 0 -0.128399 -0.991723 5.61844e-05 0.0100603 -0.999949 -5.791e-05 0.0100263 -0.99995 -1.27574e-05 -0.137907 -0.990445 0 -0.137913 -0.990444 4.10148e-06 -0.0187342 -0.999825 -3.68344e-06 -0.0187725 -0.999824 5.08096e-05 0.10064 -0.994923 -5.04761e-05 0.100636 -0.994923 0 -0.977147 -0.212566 0 -0.977147 -0.212566 0 -0.93695 -0.349464 0 -0.93695 -0.349464 0 -0.877679 -0.479249 0 -0.877679 -0.479249 0 -0.800541 -0.599278 0 -0.800541 -0.599278 0 -0.707107 -0.707107 0 -0.707107 -0.707107 0 -0.599278 -0.800541 0 -0.599278 -0.800541 0 -0.479249 -0.877679 0 -0.479249 -0.877679 0 -0.349464 -0.93695 0 -0.349464 -0.93695 0 -0.239521 -0.970891 0 -0.239521 -0.970891 0 -0.19255 -0.981287 0 0.349464 -0.93695 0 0.349464 -0.93695 0 0.479249 -0.877679 0 0.479249 -0.877679 0 0.599278 -0.800541 0 0.599278 -0.800541 0 0.707107 -0.707107 0 0.707107 -0.707107 0 0.800541 -0.599278 0 0.800541 -0.599278 0 0.877679 -0.479249 0 0.877679 -0.479249 0 0.93695 -0.349464 0 0.93695 -0.349464 0 0.977147 -0.212566 0 0.977147 -0.212566 0 -0.977147 -0.212566 0 -0.977147 -0.212566 0 -0.93695 -0.349464 0 -0.93695 -0.349464 0 -0.877679 -0.479249 0 -0.877679 -0.479249 0 -0.800541 -0.599278 0 -0.800541 -0.599278 0 -0.707107 -0.707107 0 -0.707107 -0.707107 0 -0.599278 -0.800541 0 -0.599278 -0.800541 0 -0.479249 -0.877679 0 -0.479249 -0.877679 0 -0.349464 -0.93695 0 -0.349464 -0.93695 0 -0.23759 -0.971365 0 -0.212566 -0.977146 -0.00149964 -0.186664 -0.982424 -0.00063266 -0.0713384 -0.997451 -0.00150417 -0.116552 -0.993185 -0.000123638 -0.143089 -0.98971 2.77433e-05 0.0713384 -0.997452 -0.00110462 0.063631 -0.997973 -0.000486141 -0.0433911 -0.999058 0.000417614 0.349464 -0.93695 0 0.349464 -0.93695 0 0.479249 -0.877679 0 0.479249 -0.877679 0 0.599278 -0.800541 0 0.599278 -0.800541 0 0.707107 -0.707107 0 0.707107 -0.707107 0 0.800541 -0.599278 0 0.800541 -0.599278 0 0.877679 -0.479249 0 0.877679 -0.479249 0 0.93695 -0.349464 0 0.93695 -0.349464 0 0.977147 -0.212566 0 0.977147 -0.212566 0 0.997452 -0.0713385 0 0 0 1 0 0 1 0 0 1 0 0 1 0 0 1 0 0 1 0 0 1 0 0 1 0 0 1 0 0 1 0 0 1 0 0 1 0 0 1 0 0 1 0 0 1 0 0 1 0 0 1 0 0 1 0 0 1 0 0 1 0 0 1 0 0 1 0 0 1 0 0 1 0 0 1 0 0 1 0 0 1 0 0 1 0 0 1 0 0 1 0 0 1 0 0 1 0 0 1 0 0 1 0 0 1 0 0 1 0 0 1 0 0 1 0 0 1 0 0 1 0 0 1 0 0 1 0 0 1 0 0 1 0 0 1 0 0 1 0 0 1 0 0 1 0 0 1 0 0 1 0 0 1 0 0 1 0 0 1 0 0 1 0 0 1 0 0 1 0 0 1 0 0 1 0 0 1 0 0 1 0 0 1 0 0 1 0 0 1 0 0 1 0 0 1 0 0 1 0 0 1 0 0 1 0 0 1 0 0 1 0 0 1 0 0 1 0 0 1 0 0 1 0 0 1 0 0 1 0 0 1 0 0 1 0 0 1 0 0 1 0 0 1 0 0 1 0 0 1 0 0 1 0 0 1 0 0 1 0 0 1 0 0 1 0 0 1 0 0 1 0 0 1 0 0 1 0 0 1 0 0 1 0 0 1 0 0 1 0 0 1 0 0 1 0 0 1 0 0 1 0 0 1 0 0 1 0 0 1 0 0 1 0 0 1 0 0 1 0 0 1 0 0 1 0 0 1 0 0 1 0 0 1 0 0 1 0 0 1 0 0 1 0 0 1 0 0 1 0 0 1 0 0 1 0.989796 0.0576478 0.13031 0.985431 0.0704787 0.154782 -0.985431 0.0704787 0.154782 -0.989796 0.0576478 0.13031 -0.131897 0.00829824 0.991229 0.131897 0.00829823 0.991229 -0.130956 0.0249812 0.991073 -0.963246 0.209542 0.168076 -0.978689 0.172571 0.111297 -0.127699 0.0414917 0.990945 -0.923265 0.34436 0.170286 -0.952852 0.285264 0.103429 -0.122159 0.0574838 0.990844 -0.866166 0.472962 0.161441 -0.912964 0.393814 0.106805 -0.114427 0.0726175 0.990774 -0.104645 0.0865702 0.990735 -0.791925 0.592828 0.146319 -0.794111 0.591195 0.140983 -0.859622 0.496303 0.121382 -0.0930097 0.0990453 0.990727 -0.697521 0.697521 0.164098 -0.722329 0.681481 0.117576 -0.0797607 0.109781 0.99075 -0.590479 0.788788 0.170728 -0.639219 0.761791 0.10523 -0.0651787 0.11856 0.990805 -0.472575 0.865456 0.16631 -0.546523 0.830948 0.104105 -0.0495741 0.12521 0.990891 -0.0332796 0.129616 0.991006 -0.346216 0.92824 0.136032 -0.337973 0.928576 0.153369 -0.445863 0.887784 0.114215 -0.0166397 0.131716 0.991148 -0.209884 0.964821 0.158335 -0.22879 0.965336 0.125625 -0.0703074 0.983036 0.169403 -0.115404 0.987339 0.108826 0 0.131505 0.991316 0.0703074 0.983036 0.169403 0 0.99466 0.103206 0.0166397 0.131716 0.991148 0.209884 0.964821 0.158335 0.115404 0.987339 0.108826 0.0332796 0.129616 0.991006 0.0495741 0.12521 0.990891 0.345469 0.926238 0.150778 0.338868 0.931036 0.135429 0.22879 0.965336 0.125625 0.0651787 0.118559 0.990805 0.472575 0.865456 0.16631 0.445863 0.887784 0.114215 0.0797607 0.109781 0.99075 0.590479 0.788788 0.170728 0.546523 0.830948 0.104105 0.0930097 0.0990453 0.990727 0.697521 0.697521 0.164098 0.639219 0.761791 0.10523 0.104645 0.0865702 0.990735 0.114427 0.0726175 0.990774 0.792497 0.593256 0.141406 0.793413 0.590675 0.146962 0.722329 0.681481 0.117576 0.122159 0.0574838 0.990844 0.866166 0.472962 0.161441 0.859622 0.496303 0.121382 0.127699 0.0414917 0.990945 0.923265 0.34436 0.170286 0.912964 0.393814 0.106805 0.130956 0.0249812 0.991073 0.963246 0.209542 0.168076 0.952852 0.285264 0.103429 0.978689 0.172571 0.111297 0.130547 0.00760351 0.991413 0.382579 0.0222828 0.923654 0.382578 0.0222824 0.923654 0.608381 0.0354338 0.792853 0.608381 0.0354334 0.792854 0.792503 0.0461571 0.608119 0.792504 0.0461578 0.608118 0.922546 0.0537318 0.382128 0.922545 0.053731 0.382129 -0.130547 0.00760351 0.991413 -0.382578 0.0222828 0.923654 -0.382579 0.0222825 0.923654 -0.608381 0.0354338 0.792854 -0.608381 0.0354335 0.792853 -0.792504 0.0461571 0.608118 -0.792503 0.0461577 0.608119 -0.922545 0.0537318 0.382129 -0.922546 0.053731 0.382128 -0.127517 0.0224846 0.991581 -0.377405 0.0665465 0.923654 -0.377404 0.0665467 0.923654 -0.600154 0.105824 0.792853 -0.600153 0.105824 0.792854 -0.781785 0.137851 0.608119 -0.781785 0.137851 0.608119 -0.91007 0.160471 0.382128 -0.91007 0.160471 0.382129 -0.123046 0.0368377 0.991717 -0.367127 0.109911 0.923654 -0.367128 0.10991 0.923654 -0.58381 0.17478 0.792854 -0.583809 0.174781 0.792855 -0.760496 0.227678 0.608119 -0.760498 0.227677 0.608117 -0.885287 0.265036 0.382129 -0.885287 0.265037 0.382129 -0.117193 0.0505521 0.991822 -0.351886 0.151789 0.923654 -0.351886 0.151789 0.923654 -0.55957 0.241375 0.792855 -0.559571 0.241375 0.792855 -0.728923 0.314426 0.608117 -0.728921 0.314427 0.60812 -0.848531 0.366022 0.382129 -0.848533 0.366021 0.382126 -0.110022 0.0635213 0.991897 -0.331885 0.191614 0.923654 -0.331884 0.191614 0.923654 -0.527765 0.304705 0.792855 -0.527766 0.304705 0.792854 -0.687491 0.396922 0.60812 -0.68749 0.396922 0.60812 -0.800303 0.462055 0.382126 -0.800303 0.462055 0.382127 -0.101606 0.0756427 0.991945 -0.307395 0.228847 0.923654 -0.307394 0.228847 0.923655 -0.488823 0.363916 0.792854 -0.488823 0.363916 0.792854 -0.636761 0.474052 0.60812 -0.636763 0.474052 0.608118 -0.74125 0.55184 0.382127 -0.741249 0.55184 0.382128 -0.0920218 0.0868181 0.991965 -0.278749 0.262986 0.923655 -0.278749 0.262986 0.923654 -0.44327 0.418203 0.792854 -0.44327 0.418203 0.792854 -0.577423 0.54477 0.608118 -0.577423 0.54477 0.608118 -0.672173 0.634162 0.382128 -0.672173 0.634162 0.382128 -0.0813546 0.0969547 0.991958 -0.246333 0.293569 0.923654 -0.246334 0.293569 0.923654 -0.391722 0.466836 0.792854 -0.391723 0.466837 0.792854 -0.510275 0.608121 0.608118 -0.510273 0.608121 0.60812 -0.594006 0.70791 0.382128 -0.594007 0.707909 0.382126 -0.0696943 0.105965 0.991924 -0.210587 0.320181 0.923654 -0.210586 0.320181 0.923655 -0.334877 0.509157 0.792854 -0.334877 0.509157 0.792854 -0.436224 0.663248 0.608121 -0.436225 0.663248 0.60812 -0.507807 0.772083 0.382126 -0.507806 0.772083 0.382126 -0.0571364 0.113768 0.991863 -0.171991 0.342463 0.923655 -0.171992 0.342464 0.923654 -0.273504 0.54459 0.792854 -0.273504 0.54459 0.792854 -0.356278 0.709406 0.60812 -0.356277 0.709406 0.60812 -0.41474 0.825815 0.382126 -0.41474 0.825815 0.382126 -0.0437815 0.120289 0.991773 -0.131071 0.360115 0.923654 -0.131071 0.360115 0.923654 -0.208431 0.57266 0.792854 -0.208431 0.57266 0.792854 -0.271511 0.74597 0.60812 -0.271512 0.745971 0.608119 -0.316065 0.868379 0.382126 -0.316063 0.868379 0.382129 -0.0297342 0.125458 0.991653 -0.0883781 0.372897 0.923654 -0.0883782 0.372897 0.923654 -0.14054 0.592985 0.792854 -0.14054 0.592985 0.792854 -0.183074 0.772447 0.608119 -0.183073 0.772447 0.60812 -0.213114 0.8992 0.382129 -0.213115 0.8992 0.382127 -0.0151031 0.129215 0.991502 -0.0444898 0.380635 0.923654 -0.0444899 0.380636 0.923654 -0.0707485 0.605292 0.792854 -0.0707485 0.605292 0.792854 -0.0921598 0.788477 0.60812 -0.0921601 0.788478 0.60812 -0.107283 0.917861 0.382127 -0.107283 0.917861 0.382127 0 0.131505 0.991316 0 0.383227 0.923654 0 0.383227 0.923654 0 0.609412 0.792854 0 0.609412 0.792854 0 0.793845 0.60812 0 0.793845 0.60812 0 0.92411 0.382127 0 0.92411 0.382127 0.0151031 0.129215 0.991502 0.0444898 0.380636 0.923654 0.0444899 0.380635 0.923654 0.0707485 0.605292 0.792854 0.0707485 0.605292 0.792854 0.0921599 0.788478 0.60812 0.0921601 0.788477 0.60812 0.107283 0.917861 0.382127 0.107283 0.917861 0.382127 0.0297342 0.125458 0.991653 0.0883781 0.372897 0.923654 0.0883781 0.372897 0.923654 0.14054 0.592985 0.792854 0.14054 0.592985 0.792854 0.183074 0.772447 0.60812 0.183073 0.772447 0.608119 0.213114 0.8992 0.382127 0.213115 0.8992 0.382129 0.0437815 0.120289 0.991773 0.131071 0.360115 0.923654 0.131071 0.360115 0.923654 0.208431 0.57266 0.792854 0.208431 0.57266 0.792854 0.271511 0.745971 0.608119 0.271511 0.74597 0.60812 0.316064 0.868378 0.382129 0.316063 0.86838 0.382126 0.0571364 0.113768 0.991863 0.171992 0.342464 0.923654 0.171992 0.342463 0.923655 0.273504 0.54459 0.792854 0.273504 0.54459 0.792854 0.356278 0.709406 0.60812 0.356277 0.709406 0.60812 0.41474 0.825815 0.382126 0.41474 0.825815 0.382126 0.0696943 0.105965 0.991924 0.210586 0.320181 0.923655 0.210586 0.320182 0.923654 0.334877 0.509157 0.792854 0.334877 0.509157 0.792853 0.436224 0.663249 0.60812 0.436225 0.663248 0.608121 0.507807 0.772083 0.382126 0.507806 0.772083 0.382126 0.0813546 0.0969547 0.991958 0.246333 0.293569 0.923654 0.246333 0.293568 0.923654 0.391723 0.466837 0.792854 0.391723 0.466836 0.792854 0.510274 0.60812 0.60812 0.510274 0.608122 0.608118 0.594006 0.70791 0.382126 0.594006 0.707909 0.382127 0.0920218 0.0868181 0.991965 0.278749 0.262986 0.923654 0.278749 0.262986 0.923655 0.44327 0.418203 0.792854 0.44327 0.418204 0.792854 0.577423 0.544771 0.608118 0.577423 0.54477 0.608118 0.672173 0.634162 0.382128 0.672173 0.634162 0.382128 0.101606 0.0756427 0.991945 0.307395 0.228847 0.923655 0.307395 0.228848 0.923654 0.488823 0.363916 0.792854 0.488823 0.363916 0.792854 0.636762 0.474053 0.608118 0.636762 0.474051 0.60812 0.74125 0.55184 0.382128 0.74125 0.551841 0.382127 0.110022 0.0635213 0.991897 0.331885 0.191613 0.923654 0.331885 0.191614 0.923654 0.527766 0.304706 0.792854 0.527765 0.304705 0.792855 0.68749 0.396922 0.60812 0.68749 0.396922 0.60812 0.800303 0.462055 0.382127 0.800303 0.462055 0.382126 0.117193 0.0505521 0.991822 0.351886 0.151789 0.923654 0.351886 0.151789 0.923654 0.559571 0.241375 0.792855 0.55957 0.241375 0.792855 0.728922 0.314426 0.60812 0.728923 0.314428 0.608117 0.848532 0.366022 0.382126 0.848532 0.366021 0.382129 0.123046 0.0368377 0.991717 0.367128 0.109911 0.923654 0.367127 0.10991 0.923654 0.583809 0.17478 0.792855 0.58381 0.174781 0.792854 0.760497 0.227678 0.608117 0.760496 0.227677 0.608119 0.885287 0.265036 0.382129 0.885287 0.265037 0.382129 0.127517 0.0224846 0.991581 0.377405 0.0665464 0.923654 0.377405 0.0665469 0.923654 0.600153 0.105823 0.792854 0.600154 0.105824 0.792853 0.781785 0.137851 0.608119 0.781785 0.137851 0.608119 0.91007 0.160471 0.382129 0.91007 0.160471 0.382128 -1 0 0 -1 0 0 0 0 -1 0 0 -1 0 0 -1 0 0 -1 0 0 -1 0 0 -1 1 0 0 1 0 0 0.53255 0 0.846399 0.532556 -0.000114717 0.846395 0.532549 -0.000114747 0.846399 0.532558 0.000214861 0.846394 0.532577 0.000214919 0.846382 0.532553 0 0.846396 0.526195 0 -0.850364 0.526136 -0.000472758 -0.8504 0.526178 -0.000472796 -0.850375 0.526196 -5.26803e-05 -0.850364 0.526197 -5.26805e-05 -0.850363 0.526195 0 -0.850364 1 0 0 1 0 0 0 0 1 0 0 1 0 0 1 0 0 1 0 0 1 0 0 1 -1 0 0 -1 0 0 0 0 -1 0 0 -1 0 0 -1 0 0 -1 0 0 -1 0 0 -1 -1 0 0 -1 0 0 -0.534514 0 0.845159 -0.534452 -0.000579092 0.845199 -0.534506 -0.000579257 0.845165 -0.534512 0 0.845161 -0.534502 0.000166821 0.845167 -0.53451 0.000166807 0.845162 -1 0 0 -1 0 0 -0.538387 0.000125697 -0.842697 -0.538384 -0.00057306 -0.8427 -0.538431 -0.0005728 -0.84267 -0.538385 0 -0.842699 -0.538389 0 -0.842697 -0.538402 0.000121989 -0.842688 -1 0 0 -1 0 0 0 0 1 0 0 1 0 0 1 0 0 1 0 0 1 0 0 1 -0.0125233 0 -0.999922 -0.213908 0 -0.976854 -0.216766 0.0347121 -0.975606 -0.0247107 -0.00730636 -0.999668 -0.011483 -0.404233 -0.914584 -0.0248278 0.156496 -0.987366 0 0 -1 0 0 -1 0 0 -1 0 0 -1 1 0 0 1 0 0 0 0 1 0 0 1 0 0 1 0 0 1 0.00758411 0 0.999971 0.0420571 -0.830411 0.555561 0.0452619 0 0.998975 0.959707 0 0.281003 0.496564 -0.865809 0.0616346 0.956319 0.0245895 0.291288 0.598487 -0.0469504 0.799756 0.406463 -0.852582 0.328469 0.0784886 0.65314 0.753159 0.237802 0 0.971314 0.999138 0 0.0415074 0.462648 -0.886532 0.00425381 0.998023 0 0.0628556 0.999045 0 -0.0436972 0.999045 0 -0.0436972 0.192586 0 -0.98128 0.188412 -0.507265 -0.840942 0.353082 0.815295 -0.458942 0.459161 -0.742782 -0.487285 0.901008 0.194353 -0.387829 0.975587 0 -0.219614 0.867916 -0.441961 -0.226697 0.0203362 0 -0.999793 0.0203362 0 -0.999793 0 0 -1 0 0 -1 0 0 -1 0 0 -1 1 0 0 1 0 0 0 0 1 0 0 1 0 0 1 0 0 1 -0.0271105 0 0.999632 -0.0271105 0 0.999632 -0.745256 0 0.666778 -0.684772 -0.284401 0.670972 -0.463581 0.259594 0.847174 -0.372297 0.810817 0.45163 -0.0418254 -0.755895 0.653356 -0.236017 0 0.971749 -0.999455 0 0.0330169 -0.999349 0.0151531 0.0327443 -0.969394 -0.102267 0.223198 -0.975803 0 0.218653 -0.99865 0 -0.0519402 -0.99865 0 -0.0519402 -0.602628 0 -0.798022 -0.393077 0.825395 -0.405233 -0.305994 -0.897324 -0.318084 -0.756291 0.327122 -0.566583 -0.913013 -0.24334 -0.327405 -0.942286 0 -0.334808 0.485413 -0.000511232 0.874285 0.485413 -0.000421471 0.874285 0.485467 -0.000421143 0.874255 0.485422 0 0.87428 0.485423 0 0.874279 0.48536 -0.000513035 0.874314 -1 0 0 -1 0 0 -0.488188 0 -0.872739 -0.488188 0 -0.872738 -1 0 0 -1 0 0 -0.49027 0 0.871571 -0.49027 0 0.871571 -1 0 0 -1 0 0 0.484992 0 -0.874518 0.484996 3.10964e-05 -0.874516 0.484993 3.1112e-05 -0.874518 0.484989 0 -0.874521 0.485006 -0.000188934 -0.874511 0.484993 -0.000188901 -0.874518 1 0 0 1 0 0 0.665406 0 -0.746481 0.503478 -0.678831 -0.534507 0.853601 0.418701 -0.309929 0.92681 0.134492 -0.350622 0.980792 -0.071714 -0.181393 0.984025 0 -0.17803 0.112559 0 -0.993645 0.111113 -0.815897 -0.567421 0.0358047 0 -0.999359 1 0 0 1 0 0 -0.066487 0 0.997787 -0.121411 0.81495 0.566671 -0.155143 0 0.987892 -0.944548 0 0.328373 -0.915635 -0.213192 0.340825 -0.76696 0.217795 0.603604 -0.645514 -0.425405 0.634304 -0.432083 0.40619 0.80518 -0.401137 0 0.916018 -0.999974 0 0.00723432 -0.999974 -0.000142763 0.00723975 -0.997414 -0.000520201 0.0718634 -0.41374 0.910377 0.0058016 -0.996123 0 0.0879727 -0.988881 0 -0.148706 -0.988879 0.000446187 -0.14872 -0.995548 0.00126032 -0.0942498 -0.995557 -0.00127198 -0.0941484 -0.999357 -0.00139698 -0.0358159 -0.635698 0.77146 -0.0271598 -0.755083 -0.655611 -0.00482926 -0.999872 0 -0.0159892 -0.262708 0.476829 -0.83882 -0.217283 -0.674078 -0.70598 -0.445292 0.660889 -0.604104 -0.422472 -0.756869 -0.498664 -0.0270345 0 -0.999635 -0.0270317 -0.00145452 -0.999634 -0.106953 -0.000471996 -0.994264 -0.108624 0.740638 -0.663065 -0.117797 -0.424107 -0.897918 -0.940083 0 -0.340945 -0.697818 -0.663905 -0.268852 -0.703496 0.544551 -0.456681 0.0283152 0 -0.999599 0.0601199 0.991943 -0.111507 0.181492 0 -0.983392 0.176909 -0.0288132 -0.983805 0.0908585 0.018724 -0.995688 0.635137 0.674863 -0.375713 0.435235 -0.722285 -0.537471 0.449855 0.674494 -0.585395 0.961066 0 -0.276319 0.527658 0.846861 -0.0663583 0.611057 -0.735657 -0.292264 0.310136 0 -0.950692 0.268006 -0.55974 -0.784132 0.998662 0 -0.0517191 0.376931 0.92624 -0.00160456 0.997684 0 -0.0680162 0.997532 0 0.0702075 0.310246 0.950524 0.0158468 0.999318 0 0.0369379 0.486572 0 0.873641 0.4905 0.0494132 0.870039 0.740554 -0.0189144 0.671731 0.610691 -0.533069 0.585571 0.793924 0.465485 0.391164 0.957085 0 0.289808 0.537032 -0.796608 0.27751 0.11195 0 0.993714 0.123932 0.937233 0.325936 0.0304346 0 0.999537 -1 0 0 -1 0 0 -0.0218255 0 -0.999762 -0.0218255 0 -0.999762 -0.810188 0 -0.58617 -0.731466 -0.530239 -0.428724 -0.451352 0.389176 -0.803009 -0.22595 0.737422 -0.636519 -0.263051 -0.450266 -0.853267 -0.0479218 0 -0.998851 -0.0190806 0.483755 -0.874995 -0.999763 0 -0.0217792 -0.913009 -0.407823 -0.00977095 -0.329908 0.941432 -0.0697637 -0.99288 0 -0.119116 -0.970711 0 0.240249 -0.301477 -0.951452 0.0620524 -0.783506 0.613072 0.101299 -0.999762 0 0.0218193 -0.671682 0.740815 0.00611346 -0.931016 -0.362866 0.0392191 -0.0156685 0 0.999877 -0.0156639 -0.00151773 0.999876 -0.0999374 -6.05435e-05 0.994994 -0.0922001 -0.932732 0.348583 -0.121732 0.412654 0.902717 -0.283425 -0.902539 0.324181 -0.366551 0 0.930398 0.0350263 0 0.999386 0.0388965 -0.134463 0.990155 0.086849 0 0.996221 0.08559 0.010768 0.996272 0.062157 0.00699518 0.998042 0.967139 0 0.254247 0.547142 -0.834494 0.0652383 0.921711 0.169449 0.348908 0.688602 -0.309216 0.655906 0.598257 0.345222 0.723125 0.284116 -0.229243 0.930981 0.255818 0 0.966725 0.999347 0 0.0361291 0.999347 0 0.0361291 0.997647 0 -0.0685539 0.997625 -0.00470993 -0.0687146 0.999599 -0.00491278 -0.0278803 0.999613 0 -0.0278281 0.724116 0.527207 -0.444644 0.583174 -0.579677 -0.569108 0.961485 0 -0.274857 0.519199 0.852408 -0.0619149 0.752188 -0.593018 -0.287303 0.470883 0 -0.882196 -0.00578047 -0.932846 -0.360229 0.520615 0.495633 -0.695204 0.998893 0 -0.0470418 0.413535 0.910482 -0.00323876 0.997317 0 -0.0732068 0.975618 -0.218147 0.0241234 0.999999 0 0.00150561 0.945489 0.324406 0.0284799 0.897098 0 0.441833 0.277822 0.958052 0.07036 0.116363 -0.990042 0.0792246 0.937417 0.00851153 0.348106 0.990713 -0.00532537 0.135863 0.541309 0.837733 0.0720282 0.934495 -0.34131 0.101127 0.171157 0 0.985244 0.188305 0.534706 0.823791 0.184399 -0.489407 0.852337 0.592594 0 0.805502 0.0664961 -0.966079 0.249539 0.297058 0.919533 0.257326 0.046914 0 0.998899 0.046914 0 0.998899 -0.192767 0.668003 0.718758 -0.0746897 -0.377414 0.923028 -0.476987 0 0.87891 -0.235849 0.963837 0.124073 -0.14569 -0.689297 0.709679 -0.0288989 0 0.999582 -0.00531335 -0.456302 0.889809 -0.0680978 0.50708 0.859205 -0.999645 0 0.0266553 -0.690585 0.723241 0.00384686 -0.41735 -0.907667 0.0442719 -0.998969 -0.00844268 0.0446147 -0.991443 0.00263896 0.130515 -0.772298 0.631961 0.0646609 -0.447538 -0.883226 0.140075 -0.985228 -0.0119065 0.170834 -0.92947 0.0152313 0.368584 -0.52098 0.846633 0.108596 -0.0280052 -0.987567 0.154682 -0.864221 0 0.503113 -0.998169 0 -0.0604945 -0.998166 0.000852067 -0.0605372 -0.999502 0.000912721 -0.0315441 -0.944681 0.32617 -0.0345199 -0.750245 -0.661066 -0.0111385 -0.999807 0 -0.0196713 -0.894215 -0.386123 -0.226469 -0.711829 0.664864 -0.226396 -0.500018 -0.788783 -0.357495 -0.707515 0.48485 -0.514143 -0.728879 0 -0.684642 -0.872356 0.478548 -0.0999374 -0.988218 0 -0.153053 -0.0121863 0 -0.999926 -0.012209 -0.00123394 -0.999925 -0.0541039 -0.00239788 -0.998532 -0.0507092 0.907496 -0.41699 -0.0308984 -0.641657 -0.766369 -0.0814631 0.00986627 -0.996628 -0.240398 -0.0147786 -0.970562 -0.23651 0.566741 -0.78922 -0.232793 -0.787476 -0.570691 -0.486086 0 -0.873911 0.264659 0 -0.964342 0.29239 0.133148 -0.946985 0.169597 -0.218225 -0.961049 0.227986 0.0477103 -0.972495 0.166748 -0.00533639 -0.985985 0.161367 0.0636065 -0.984843 0.115981 -0.0935144 -0.98884 0.117399 0.0966769 -0.988368 0.0938963 0.0030874 -0.995577 0.0777939 0.0128307 -0.996887 0.0540308 -0.118583 -0.991473 0.0521485 0.0685648 -0.996283 0.0161362 -0.0885955 -0.995937 0.033576 0.126773 -0.991363 0.0037625 -0.0517052 -0.998655 0.007941 0 -0.999968 0.985431 -0.0704787 0.154782 0.989796 -0.0576478 0.13031 0.131897 -0.00829824 0.991229 -0.131897 -0.00829823 0.991229 -0.989796 -0.0576478 0.13031 -0.985431 -0.0704787 0.154782 0.130956 -0.0249812 0.991073 0.963246 -0.209542 0.168076 0.978689 -0.172571 0.111297 0.127699 -0.0414917 0.990945 0.923265 -0.34436 0.170286 0.952852 -0.285264 0.103429 0.122159 -0.0574838 0.990844 0.866166 -0.472962 0.161441 0.912964 -0.393814 0.106805 0.114427 -0.0726175 0.990774 0.104645 -0.0865702 0.990735 0.791925 -0.592828 0.146319 0.794111 -0.591195 0.140983 0.859622 -0.496303 0.121382 0.0930097 -0.0990453 0.990727 0.697521 -0.697521 0.164098 0.722329 -0.681481 0.117576 0.0797607 -0.109781 0.99075 0.590479 -0.788788 0.170728 0.639219 -0.761791 0.10523 0.0651787 -0.11856 0.990805 0.472575 -0.865456 0.16631 0.546523 -0.830948 0.104105 0.0495741 -0.12521 0.990891 0.0332796 -0.129616 0.991006 0.346216 -0.92824 0.136032 0.337973 -0.928576 0.153369 0.445863 -0.887784 0.114215 0.0166397 -0.131716 0.991148 0.209884 -0.964821 0.158335 0.22879 -0.965336 0.125625 0.0703074 -0.983036 0.169403 0.115404 -0.987339 0.108826 0 -0.131505 0.991316 -0.0703074 -0.983036 0.169403 0 -0.99466 0.103206 -0.0166397 -0.131716 0.991148 -0.209884 -0.964821 0.158335 -0.115404 -0.987339 0.108826 -0.0332796 -0.129616 0.991006 -0.0495741 -0.12521 0.990891 -0.345469 -0.926238 0.150778 -0.338868 -0.931036 0.135429 -0.22879 -0.965336 0.125625 -0.0651787 -0.118559 0.990805 -0.472575 -0.865456 0.16631 -0.445863 -0.887784 0.114215 -0.0797607 -0.109781 0.99075 -0.590479 -0.788788 0.170728 -0.546523 -0.830948 0.104105 -0.0930097 -0.0990453 0.990727 -0.697521 -0.697521 0.164098 -0.639219 -0.761791 0.10523 -0.104645 -0.0865702 0.990735 -0.114427 -0.0726175 0.990774 -0.792497 -0.593256 0.141406 -0.793413 -0.590675 0.146962 -0.722329 -0.681481 0.117576 -0.122159 -0.0574838 0.990844 -0.866166 -0.472962 0.161441 -0.859622 -0.496303 0.121382 -0.127699 -0.0414917 0.990945 -0.923265 -0.34436 0.170286 -0.912964 -0.393814 0.106805 -0.130956 -0.0249812 0.991073 -0.963246 -0.209542 0.168076 -0.952852 -0.285264 0.103429 -0.978689 -0.172571 0.111297 -0.130547 -0.00760351 0.991413 -0.382579 -0.0222828 0.923654 -0.382578 -0.0222824 0.923654 -0.608381 -0.0354338 0.792853 -0.608381 -0.0354334 0.792854 -0.792503 -0.0461571 0.608119 -0.792504 -0.0461578 0.608118 -0.922546 -0.0537318 0.382128 -0.922545 -0.053731 0.382129 0.130547 -0.00760351 0.991413 0.382578 -0.0222828 0.923654 0.382579 -0.0222825 0.923654 0.608381 -0.0354338 0.792854 0.608381 -0.0354335 0.792853 0.792504 -0.0461571 0.608118 0.792503 -0.0461577 0.608119 0.922545 -0.0537318 0.382129 0.922546 -0.053731 0.382128 0.127517 -0.0224846 0.991581 0.377405 -0.0665465 0.923654 0.377404 -0.0665467 0.923654 0.600154 -0.105824 0.792853 0.600153 -0.105824 0.792854 0.781785 -0.137851 0.608119 0.781785 -0.137851 0.608119 0.91007 -0.160471 0.382128 0.91007 -0.160471 0.382129 0.123046 -0.0368377 0.991717 0.367127 -0.109911 0.923654 0.367128 -0.10991 0.923654 0.58381 -0.17478 0.792854 0.583809 -0.174781 0.792855 0.760496 -0.227678 0.608119 0.760498 -0.227677 0.608117 0.885287 -0.265036 0.382129 0.885287 -0.265037 0.382129 0.117193 -0.0505521 0.991822 0.351886 -0.151789 0.923654 0.351886 -0.151789 0.923654 0.55957 -0.241375 0.792855 0.559571 -0.241375 0.792855 0.728923 -0.314426 0.608117 0.728921 -0.314427 0.60812 0.848531 -0.366022 0.382129 0.848533 -0.366021 0.382126 0.110022 -0.0635213 0.991897 0.331885 -0.191614 0.923654 0.331884 -0.191614 0.923654 0.527765 -0.304705 0.792855 0.527766 -0.304705 0.792854 0.687491 -0.396922 0.60812 0.68749 -0.396922 0.60812 0.800303 -0.462055 0.382126 0.800303 -0.462055 0.382127 0.101606 -0.0756427 0.991945 0.307395 -0.228847 0.923654 0.307394 -0.228847 0.923655 0.488823 -0.363916 0.792854 0.488823 -0.363916 0.792854 0.636761 -0.474052 0.60812 0.636763 -0.474052 0.608118 0.74125 -0.55184 0.382127 0.741249 -0.55184 0.382128 0.0920218 -0.0868181 0.991965 0.278749 -0.262986 0.923655 0.278749 -0.262986 0.923654 0.44327 -0.418203 0.792854 0.44327 -0.418203 0.792854 0.577423 -0.54477 0.608118 0.577423 -0.54477 0.608118 0.672173 -0.634162 0.382128 0.672173 -0.634162 0.382128 0.0813546 -0.0969547 0.991958 0.246333 -0.293569 0.923654 0.246334 -0.293569 0.923654 0.391722 -0.466836 0.792854 0.391723 -0.466837 0.792854 0.510275 -0.608121 0.608118 0.510273 -0.608121 0.60812 0.594006 -0.70791 0.382128 0.594007 -0.707909 0.382126 0.0696943 -0.105965 0.991924 0.210587 -0.320181 0.923654 0.210586 -0.320181 0.923655 0.334877 -0.509157 0.792854 0.334877 -0.509157 0.792854 0.436224 -0.663248 0.608121 0.436225 -0.663248 0.60812 0.507807 -0.772083 0.382126 0.507806 -0.772083 0.382126 0.0571364 -0.113768 0.991863 0.171991 -0.342463 0.923655 0.171992 -0.342464 0.923654 0.273504 -0.54459 0.792854 0.273504 -0.54459 0.792854 0.356278 -0.709406 0.60812 0.356277 -0.709406 0.60812 0.41474 -0.825815 0.382126 0.41474 -0.825815 0.382126 0.0437815 -0.120289 0.991773 0.131071 -0.360115 0.923654 0.131071 -0.360115 0.923654 0.208431 -0.57266 0.792854 0.208431 -0.57266 0.792854 0.271511 -0.74597 0.60812 0.271512 -0.745971 0.608119 0.316065 -0.868379 0.382126 0.316063 -0.868379 0.382129 0.0297342 -0.125458 0.991653 0.0883781 -0.372897 0.923654 0.0883782 -0.372897 0.923654 0.14054 -0.592985 0.792854 0.14054 -0.592985 0.792854 0.183074 -0.772447 0.608119 0.183073 -0.772447 0.60812 0.213114 -0.8992 0.382129 0.213115 -0.8992 0.382127 0.0151031 -0.129215 0.991502 0.0444898 -0.380635 0.923654 0.0444899 -0.380636 0.923654 0.0707485 -0.605292 0.792854 0.0707485 -0.605292 0.792854 0.0921598 -0.788477 0.60812 0.0921601 -0.788478 0.60812 0.107283 -0.917861 0.382127 0.107283 -0.917861 0.382127 0 -0.131505 0.991316 0 -0.383227 0.923654 0 -0.383227 0.923654 0 -0.609412 0.792854 0 -0.609412 0.792854 0 -0.793845 0.60812 0 -0.793845 0.60812 0 -0.92411 0.382127 0 -0.92411 0.382127 -0.0151031 -0.129215 0.991502 -0.0444898 -0.380636 0.923654 -0.0444899 -0.380635 0.923654 -0.0707485 -0.605292 0.792854 -0.0707485 -0.605292 0.792854 -0.0921599 -0.788478 0.60812 -0.0921601 -0.788477 0.60812 -0.107283 -0.917861 0.382127 -0.107283 -0.917861 0.382127 -0.0297342 -0.125458 0.991653 -0.0883781 -0.372897 0.923654 -0.0883781 -0.372897 0.923654 -0.14054 -0.592985 0.792854 -0.14054 -0.592985 0.792854 -0.183074 -0.772447 0.60812 -0.183073 -0.772447 0.608119 -0.213114 -0.8992 0.382127 -0.213115 -0.8992 0.382129 -0.0437815 -0.120289 0.991773 -0.131071 -0.360115 0.923654 -0.131071 -0.360115 0.923654 -0.208431 -0.57266 0.792854 -0.208431 -0.57266 0.792854 -0.271511 -0.745971 0.608119 -0.271511 -0.74597 0.60812 -0.316064 -0.868378 0.382129 -0.316063 -0.86838 0.382126 -0.0571364 -0.113768 0.991863 -0.171992 -0.342464 0.923654 -0.171992 -0.342463 0.923655 -0.273504 -0.54459 0.792854 -0.273504 -0.54459 0.792854 -0.356278 -0.709406 0.60812 -0.356277 -0.709406 0.60812 -0.41474 -0.825815 0.382126 -0.41474 -0.825815 0.382126 -0.0696943 -0.105965 0.991924 -0.210586 -0.320181 0.923655 -0.210586 -0.320182 0.923654 -0.334877 -0.509157 0.792854 -0.334877 -0.509157 0.792853 -0.436224 -0.663249 0.60812 -0.436225 -0.663248 0.608121 -0.507807 -0.772083 0.382126 -0.507806 -0.772083 0.382126 -0.0813546 -0.0969547 0.991958 -0.246333 -0.293569 0.923654 -0.246333 -0.293568 0.923654 -0.391723 -0.466837 0.792854 -0.391723 -0.466836 0.792854 -0.510274 -0.60812 0.60812 -0.510274 -0.608122 0.608118 -0.594006 -0.70791 0.382126 -0.594006 -0.707909 0.382127 -0.0920218 -0.0868181 0.991965 -0.278749 -0.262986 0.923654 -0.278749 -0.262986 0.923655 -0.44327 -0.418203 0.792854 -0.44327 -0.418204 0.792854 -0.577423 -0.544771 0.608118 -0.577423 -0.54477 0.608118 -0.672173 -0.634162 0.382128 -0.672173 -0.634162 0.382128 -0.101606 -0.0756427 0.991945 -0.307395 -0.228847 0.923655 -0.307395 -0.228848 0.923654 -0.488823 -0.363916 0.792854 -0.488823 -0.363916 0.792854 -0.636762 -0.474053 0.608118 -0.636762 -0.474051 0.60812 -0.74125 -0.55184 0.382128 -0.74125 -0.551841 0.382127 -0.110022 -0.0635213 0.991897 -0.331885 -0.191613 0.923654 -0.331885 -0.191614 0.923654 -0.527766 -0.304706 0.792854 -0.527765 -0.304705 0.792855 -0.68749 -0.396922 0.60812 -0.68749 -0.396922 0.60812 -0.800303 -0.462055 0.382127 -0.800303 -0.462055 0.382126 -0.117193 -0.0505521 0.991822 -0.351886 -0.151789 0.923654 -0.351886 -0.151789 0.923654 -0.559571 -0.241375 0.792855 -0.55957 -0.241375 0.792855 -0.728922 -0.314426 0.60812 -0.728923 -0.314428 0.608117 -0.848532 -0.366022 0.382126 -0.848532 -0.366021 0.382129 -0.123046 -0.0368377 0.991717 -0.367128 -0.109911 0.923654 -0.367127 -0.10991 0.923654 -0.583809 -0.17478 0.792855 -0.58381 -0.174781 0.792854 -0.760497 -0.227678 0.608117 -0.760496 -0.227677 0.608119 -0.885287 -0.265036 0.382129 -0.885287 -0.265037 0.382129 -0.127517 -0.0224846 0.991581 -0.377405 -0.0665464 0.923654 -0.377405 -0.0665469 0.923654 -0.600153 -0.105823 0.792854 -0.600154 -0.105824 0.792853 -0.781785 -0.137851 0.608119 -0.781785 -0.137851 0.608119 -0.91007 -0.160471 0.382129 -0.91007 -0.160471 0.382128 -0.0125984 0 0.999921 -0.213908 0 0.976854 -0.216686 -0.0336989 0.97566 -0.0246649 0.0083359 0.999661 -0.0115392 0.402397 0.915393 -0.0248062 -0.155262 0.987562 0 0 1 0 0 1 0 0 1 0 0 1 1 0 0 1 0 0 0 0 -1 0 0 -1 0 0 -1 0 0 -1 0.00758643 0 -0.999971 0.0420578 0.830395 -0.555585 0.0452619 0 -0.998975 0.959702 0 -0.281018 0.496542 0.865822 -0.0616308 0.956314 -0.0245875 -0.291305 0.598493 0.0469497 -0.799751 0.406375 0.852682 -0.328319 0.0785711 -0.652795 -0.753449 0.237748 0 -0.971327 0.999138 0 -0.0415069 0.462646 0.886533 -0.00425367 0.998023 0 -0.0628556 0.999045 0 0.0436973 0.999045 0 0.0436972 0.192632 0 0.981271 0.188419 0.50772 0.840666 0.35322 -0.815147 0.459098 0.459155 0.742786 0.487284 0.901007 -0.194372 0.387822 0.975586 0 0.219617 0.867928 0.441936 0.226701 0.0203381 0 0.999793 0.0203381 0 0.999793 0 0 1 0 0 1 0 0 1 0 0 1 1 0 0 1 0 0 0 0 -1 0 0 -1 0 0 -1 0 0 -1 -0.0270964 0 -0.999633 -0.0270964 0 -0.999633 -0.745254 0 -0.666781 -0.6848 0.284308 -0.670983 -0.463615 -0.259654 -0.847137 -0.372289 -0.810865 -0.451552 -0.0418133 0.755931 -0.653314 -0.236022 0 -0.971748 -0.999455 0 -0.0330166 -0.999349 -0.0151485 -0.0327441 -0.969389 0.102302 -0.223202 -0.975802 0 -0.218656 -0.99865 0 0.0519402 -0.99865 0 0.0519402 -0.602606 0 0.798039 -0.392999 -0.825477 0.405142 -0.305961 0.89735 0.318042 -0.756298 -0.327158 0.566552 -0.913027 0.243261 0.327424 -0.942281 0 0.334822 -1 0 0 -1 0 0 0 0 1 0 0 1 0 0 1 0 0 1 0 0 1 0 0 1 1 0 0 1 0 0 0.532547 0 -0.8464 0.532516 0.000286883 -0.84642 0.532541 0.0002868 -0.846404 0.532551 -0.000137505 -0.846398 0.532548 -0.000137491 -0.8464 0.532556 0 -0.846395 0.526188 0 0.850368 0.52615 -0.000961053 0.850391 0.526232 -0.000960984 0.850341 0.526171 0.00047279 0.850379 0.526136 0.000472758 0.850401 0.526195 0 0.850364 1 0 0 1 0 0 0 0 -1 0 0 -1 0 0 -1 0 0 -1 0 0 -1 0 0 -1 -1 0 0 -1 0 0 0 0 1 0 0 1 0 0 1 0 0 1 0 0 1 0 0 1 -1 0 0 -1 0 0 -0.534514 0 -0.845159 -0.53456 -0.000425116 -0.845131 -0.534519 -0.000425271 -0.845156 -0.534512 0 -0.845161 -0.534485 -0.000418464 -0.845178 -0.534519 -0.000418401 -0.845156 -1 0 0 -1 0 0 -0.538391 0 0.842695 -0.538377 -0.000179765 0.842704 -0.538393 -0.000179848 0.842694 -0.538395 -0.000376035 0.842693 -0.538392 0 0.842695 -0.538426 -0.000376118 0.842673 -1 0 0 -1 0 0 0 0 -1 0 0 -1 0 0 -1 0 0 -1 0 0 -1 0 0 -1 0.724102 -0.527242 0.444626 0.583174 0.579677 0.569108 0.961485 0 0.274859 0.519196 -0.85241 0.0619143 0.75221 0.592988 0.287308 0.470878 0 0.882198 -0.00602623 0.932997 0.359834 0.520652 -0.495553 0.695233 0.998893 0 0.0470417 0.413534 -0.910483 0.00323869 0.997317 0 0.0732076 0.975623 0.218122 -0.0241238 0.999999 0 -0.0015058 0.945497 -0.324383 -0.0284799 0.897098 0 -0.441833 0.277842 -0.958046 -0.0703703 0.116341 0.990045 -0.0792196 0.937414 -0.00881703 -0.348106 0.990714 0.00520637 -0.135859 0.541358 -0.837701 -0.0720333 0.934466 0.341391 -0.101123 0.171146 0 -0.985246 0.188294 -0.534794 -0.823736 0.18439 0.489475 -0.8523 0.592586 0 -0.805507 0.0668494 0.965935 -0.250001 0.297067 -0.919526 -0.257339 0.0469018 0 -0.9989 0.0469018 0 -0.9989 -0.192783 -0.667639 -0.719092 -0.0747073 0.37746 -0.923008 -0.476987 0 -0.87891 -0.235849 -0.963837 -0.124073 -0.145599 0.689468 -0.709532 -0.0288755 0 -0.999583 -0.00524729 0.457062 -0.889419 -0.068106 -0.507274 -0.85909 -0.999645 0 -0.0266549 -0.690583 -0.723243 -0.00384671 -0.417215 0.907729 -0.0442687 -0.998969 0.00839045 -0.0446143 -0.991444 -0.00279079 -0.130506 -0.772361 -0.631883 -0.0646737 -0.447471 0.883262 -0.140061 -0.985224 0.0121067 -0.170842 -0.929465 -0.0148008 -0.368613 -0.52089 -0.846694 -0.108548 -0.0280052 0.987567 -0.154682 -0.864221 0 -0.503113 -0.998169 0 0.0604945 -0.998166 -0.000798968 0.0605346 -0.999502 -0.000885047 0.0315445 -0.944692 -0.326137 0.0345207 -0.750236 0.661076 0.0111384 -0.999807 0 0.0196715 -0.894126 0.386334 0.226461 -0.711886 -0.66479 0.226435 -0.500018 0.788783 0.357495 -0.707604 -0.484652 0.514206 -0.728933 0 0.684585 -0.872404 -0.478458 0.0999502 -0.988218 0 0.153051 -0.012182 0 0.999926 -0.0122074 0.00138296 0.999925 -0.0540953 0.00254649 0.998533 -0.0507102 -0.907465 0.417056 -0.030891 0.641697 0.766336 -0.0814595 -0.00986684 0.996628 -0.240368 0.014774 0.970569 -0.236529 -0.566317 0.789518 -0.232673 0.787624 0.570536 -0.486066 0 0.873922 0.264673 0 0.964338 0.292767 -0.135075 0.946595 0.169948 0.216824 0.961304 0.227751 -0.046467 0.97261 0.166664 0.00645171 0.985993 0.161235 -0.0632294 0.984889 0.115982 0.0934162 0.988849 0.117399 -0.0966769 0.988368 0.0941375 -0.0040304 0.995551 0.077876 -0.013871 0.996867 0.0540176 0.118116 0.99153 0.0521383 -0.0685195 0.996286 0.0162025 0.0883101 0.995961 0.033528 -0.125621 0.991512 0.00362866 0.053357 0.998569 0.007941 0 0.999968 0.665406 0 0.746481 0.503506 0.678784 0.53454 0.853579 -0.418752 0.309918 0.926773 -0.134819 0.350593 0.980806 0.0715451 0.181386 0.984025 0 0.17803 0.112515 0 0.99365 0.111104 0.815744 0.567642 0.0358047 0 0.999359 1 0 0 1 0 0 -0.0664632 0 -0.997789 -0.121398 -0.815015 -0.56658 -0.155141 0 -0.987892 -0.944552 0 -0.328362 -0.915556 0.213535 -0.340822 -0.767023 -0.217214 -0.603733 -0.645443 0.425609 -0.634239 -0.432096 -0.405993 -0.805271 -0.401148 0 -0.916013 -0.999974 0 -0.00723428 -0.999974 0.00015017 -0.00723999 -0.997414 0.000593716 -0.0718653 -0.413735 -0.910379 -0.00580118 -0.996123 0 -0.0879742 -0.988881 0 0.148706 -0.988879 -0.000424451 0.148719 -0.995548 -0.00124653 0.09425 -0.995557 0.00118938 0.0941525 -0.999357 0.00136555 0.0358162 -0.635665 -0.771487 0.0271588 -0.755116 0.655574 0.0048292 -0.999872 0 0.0159879 -0.262702 -0.476864 0.838802 -0.217254 0.674184 0.705887 -0.445382 -0.660632 0.604319 -0.422311 0.757039 0.498544 -0.0270345 0 0.999635 -0.0270331 0.000711338 0.999634 -0.10699 -0.000267631 0.99426 -0.108624 -0.740638 0.663065 -0.1178 0.424064 0.897938 -0.940084 0 0.340943 -0.697839 0.663879 0.268857 -0.703509 -0.544544 0.456671 0.028318 0 0.999599 0.0601217 -0.991936 0.111576 0.181487 0 0.983393 0.176767 0.0296614 0.983806 0.0907801 -0.0178316 0.995711 0.635182 -0.674809 0.375735 0.434988 0.72257 0.537288 0.449913 -0.674267 0.585613 0.961066 0 0.276319 0.527658 -0.846861 0.0663583 0.611057 0.735657 0.292264 0.310309 0 0.950636 0.268235 0.559284 0.784379 0.998662 0 0.0517192 0.376931 -0.92624 0.00160456 0.997684 0 0.0680164 0.997532 0 -0.0702079 0.310243 -0.950525 -0.0158467 0.999318 0 -0.0369379 0.486602 0 -0.873623 0.49059 -0.0503026 -0.869937 0.740621 0.0182239 -0.671676 0.61093 0.532655 -0.585698 0.793852 -0.465635 -0.391132 0.95709 0 -0.28979 0.536956 0.796671 -0.277476 0.111905 0 -0.993719 0.12393 -0.937178 -0.326097 0.0304346 0 -0.999537 -1 0 0 -1 0 0 -0.0218159 0 0.999762 -0.0218159 0 0.999762 -0.810184 0 0.586175 -0.731599 0.529925 0.428886 -0.451152 -0.389791 0.802823 -0.22589 -0.737574 0.636364 -0.262987 0.450517 0.853154 -0.0479299 0 0.998851 -0.0191191 -0.48333 0.875229 -0.999763 0 0.0217788 -0.913012 0.407817 0.00977099 -0.329883 -0.941441 0.0697599 -0.992881 0 0.119114 -0.970713 0 -0.240244 -0.301474 0.951453 -0.06205 -0.783517 -0.613058 -0.101298 -0.999762 0 -0.0218196 -0.671686 -0.740811 -0.00611369 -0.931018 0.362861 -0.0392192 -0.0156298 0 -0.999878 -0.0156279 0.000624873 -0.999878 -0.09986 -0.000827233 -0.995001 -0.0922132 0.932627 -0.348861 -0.121636 -0.412948 -0.902595 -0.283425 0.902539 -0.324181 -0.366551 0 -0.930398 0.0350287 0 -0.999386 0.0388681 0.133299 -0.990313 0.086849 0 -0.996221 0.0856072 -0.0106211 -0.996272 0.0619 -0.0068039 -0.998059 0.967139 0 -0.254249 0.54709 0.834529 -0.065222 0.921784 -0.169045 -0.34891 0.688487 0.309899 -0.655704 0.598522 -0.344395 -0.723301 0.284197 0.230177 -0.930726 0.255814 0 -0.966726 0.999347 0 -0.0361291 0.999347 0 -0.0361291 0.997647 0 0.0685574 0.997625 0.00469977 0.0687178 0.999599 0.00490866 0.0278803 0.999613 0 0.0278281 0.485415 0 -0.874284 0.48546 0.000421184 -0.874259 0.485421 0.000421424 -0.874281 0.485421 0.000511203 -0.874281 0.485417 0 -0.874283 0.485362 0.000511428 -0.874313 -1 0 0 -1 0 0 -0.488186 0 0.872739 -0.488186 0 0.87274 -1 0 0 -1 0 0 -0.490258 0 -0.871578 -0.490258 0 -0.871578 -1 0 0 -1 0 0 0.484988 0 0.874521 0.484961 0.000228643 0.874536 0.484991 0.000228785 0.874519 0.484996 0 0.874516 0.485013 0.000188953 0.874507 0.484991 0.000188896 0.874519 1 0 0 1 0 0 0.998427 0.0560722 0 0.998427 0.0560722 0 0.985872 0.167503 0 0.985872 0.167503 0 0.960917 0.276838 0 0.960917 0.276838 0 0.92388 0.382683 0 0.92388 0.382683 0 0.875223 0.48372 0 0.875223 0.48372 0 0.815562 0.57867 0 0.815562 0.57867 0 0.745642 0.666346 0 0.745642 0.666346 0 0.666346 0.745642 0 0.666346 0.745642 0 0.57867 0.815562 0 0.57867 0.815562 0 0.48372 0.875223 0 0.48372 0.875223 0 0.382683 0.92388 0 0.382683 0.92388 0 0.276838 0.960917 0 0.276838 0.960917 0 0.167503 0.985872 0 0.167503 0.985872 0 0.0560722 0.998427 0 0.0560722 0.998427 0 -0.0560722 0.998427 0 -0.0560722 0.998427 0 -0.167503 0.985872 0 -0.167503 0.985872 0 -0.276838 0.960917 0 -0.276838 0.960917 0 -0.382683 0.92388 0 -0.382683 0.92388 0 -0.48372 0.875223 0 -0.48372 0.875223 0 -0.57867 0.815562 0 -0.57867 0.815562 0 -0.666346 0.745642 0 -0.666346 0.745642 0 -0.745642 0.666346 0 -0.745642 0.666346 0 -0.815562 0.57867 0 -0.815562 0.57867 0 -0.875223 0.48372 0 -0.875223 0.48372 0 -0.92388 0.382683 0 -0.92388 0.382683 0 -0.960917 0.276838 0 -0.960917 0.276838 0 -0.985872 0.167503 0 -0.985872 0.167503 0 -0.998427 0.0560722 0 -0.998427 0.0560722 0 -0.998427 -0.0560722 0 -0.998427 -0.0560722 0 -0.985872 -0.167503 0 -0.985872 -0.167503 0 -0.960917 -0.276838 0 -0.960917 -0.276838 0 -0.92388 -0.382683 0 -0.92388 -0.382683 0 -0.875223 -0.48372 0 -0.875223 -0.48372 0 -0.815562 -0.57867 0 -0.815562 -0.57867 0 -0.745642 -0.666346 0 -0.745642 -0.666346 0 -0.666346 -0.745642 0 -0.666346 -0.745642 0 -0.57867 -0.815562 0 -0.57867 -0.815562 0 -0.48372 -0.875223 0 -0.48372 -0.875223 0 -0.382683 -0.92388 0 -0.382683 -0.92388 0 -0.276838 -0.960917 0 -0.276838 -0.960917 0 -0.167503 -0.985872 0 -0.167503 -0.985872 0 -0.0560722 -0.998427 0 -0.0560722 -0.998427 0 0.0560722 -0.998427 0 0.0560722 -0.998427 0 0.167503 -0.985872 0 0.167503 -0.985872 0 0.276838 -0.960917 0 0.276838 -0.960917 0 0.382683 -0.92388 0 0.382683 -0.92388 0 0.48372 -0.875223 0 0.48372 -0.875223 0 0.57867 -0.815562 0 0.57867 -0.815562 0 0.666346 -0.745642 0 0.666346 -0.745642 0 0.745642 -0.666346 0 0.745642 -0.666346 0 0.815562 -0.57867 0 0.815562 -0.57867 0 0.875223 -0.48372 0 0.875223 -0.48372 0 0.92388 -0.382683 0 0.92388 -0.382683 0 0.960917 -0.276838 0 0.960917 -0.276838 0 0.985872 -0.167503 0 0.985872 -0.167503 0 0.998427 -0.0560722 0 0.998427 -0.0560722 0 -0.433889 -0.900967 0 -0.781832 -0.62349 0 -0.781832 -0.62349 0 -0.974928 -0.222521 0 -0.974928 -0.222521 0 -0.433889 -0.900967 0 0 -1 0 0 -1 0 0.433889 -0.900967 0 0.433889 -0.900967 0 0.781832 -0.62349 0 0.781832 -0.62349 0 0.974927 -0.222524 0 0.974927 -0.222524 0 0.433889 0.900967 0 0.781832 0.62349 0 0.781832 0.62349 0 0.974927 0.222523 0 0.974927 0.222523 0 0.433889 0.900967 0 0 1 0 0 1 0 -0.433889 0.900967 0 -0.433889 0.900967 0 -0.781832 0.62349 0 -0.781832 0.62349 0 -0.974928 0.22252 0 -0.974928 0.22252 0 1 0 0 1 0 0 -0.496491 0 0.868042 -0.496508 -0.000249325 0.868032 -0.496485 -0.000249314 0.868045 -0.496488 0 0.868044 -1 0 0 -1 0 0 -0.494339 0 -0.869269 -0.494296 0.000479561 -0.869293 -0.494327 0.000479527 -0.869276 -0.494331 0 -0.869274 -0.999334 0 -0.0364876 -0.999334 0 -0.0364876 -0.943341 0 -0.331824 -0.791332 -0.572204 -0.215352 -0.661691 0.486371 -0.570621 -0.406849 0 -0.913496 -0.0272494 0.888718 -0.457644 -0.515772 -0.714399 -0.472878 -0.0521873 0 -0.998637 -0.0521873 0 -0.998637 0.0252959 0 -0.99968 0.0252922 -0.000537029 -0.99968 0.10545 0.000597633 -0.994424 0.105476 0 -0.994422 0.378807 0 -0.925476 0.193184 -0.907452 -0.373111 0.33067 0.743156 -0.581701 0.921685 0 -0.387938 0.539994 0.812383 -0.220094 0.67613 -0.512419 -0.52941 0.998401 0 -0.0565248 0.998401 0 -0.0565248 0.999574 0 0.0292013 0.999574 0 0.0292013 0.995631 0 0.09338 0.972683 -0.218983 0.0770378 0.310632 0.933348 0.179914 0.943327 0 0.331865 0.0266018 0 0.999646 0.0472218 -0.968087 0.246125 0.086658 0.469598 0.878617 0.48954 0 0.871981 0.490904 -0.00613993 0.871192 0.30399 0.00313917 0.95267 0.244108 -0.385702 0.889744 -0.0646794 0 0.997906 -0.0646794 0 0.997906 -0.302016 0 0.953303 -0.261371 -0.67863 0.686402 -0.271174 0.789413 0.550719 -0.476923 0.00389692 0.878937 -0.836331 -0.00486365 0.548203 -0.835981 -0.0225229 0.548297 -0.964135 0.016125 0.264923 -0.964079 0 0.265615 -0.995656 0 0.0931124 -0.995655 -0.000610836 0.0931168 -0.99981 0.000257984 0.0194826 -0.99981 0 0.0194875 -0.999334 0 0.0364876 -0.999334 0 0.0364876 -0.943347 0 0.331809 -0.791438 0.572041 0.215397 -0.661506 -0.486796 0.570473 -0.406802 0 0.913516 -0.0271588 -0.888779 0.457531 -0.515783 0.714371 0.472908 -0.0522012 0 0.998637 -0.0522012 0 0.998637 0.0252731 0 0.999681 0.0252756 -0.000356306 0.99968 0.105441 -0.00148638 0.994425 0.105506 0 0.994419 0.378764 0 0.925493 0.193086 0.907555 0.37291 0.330657 -0.743212 0.581637 0.92168 0 0.387951 0.540061 -0.812328 0.220131 0.676164 0.512396 0.529389 0.998401 0 0.0565248 0.998401 0 0.0565248 0.999574 0 -0.029201 0.999574 0 -0.029201 0.99563 0 -0.0933857 0.972671 0.219034 -0.0770382 0.310699 -0.933321 -0.17994 0.943325 0 -0.331872 0.0265972 0 -0.999646 0.0472196 0.968103 -0.246064 0.0867078 -0.469157 -0.878848 0.489523 0 -0.871991 0.490887 0.00613903 -0.871202 0.304179 -0.00313012 -0.95261 0.24411 0.386509 -0.889394 -0.0646655 0 -0.997907 -0.0646655 0 -0.997907 -0.30207 0 -0.953286 -0.261438 0.678502 -0.686502 -0.271201 -0.789381 -0.550752 -0.476933 -0.00389671 -0.878931 -0.836323 0.00486339 -0.548216 -0.835976 0.0223618 -0.54831 -0.964134 -0.016204 -0.26492 -0.964079 0 -0.265615 -0.995655 0 -0.0931148 -0.995655 0.000501239 -0.0931184 -0.99981 -0.000280919 -0.0194826 -0.99981 0 -0.0194878 1 0 0 1 0 0 -0.496481 0 -0.868048 -0.496486 -0.00052561 -0.868045 -0.496443 -0.000525653 -0.868069 -0.496481 0 -0.868048 -1 0 0 -1 0 0 -0.494324 0 0.869278 -0.494326 0.000296496 0.869276 -0.494359 0.000296516 0.869258 -0.494332 0 0.869273 0 0 1 0 0 1 0 0 1 0 0 1 0 0 1 0 0 1 0 0 1 0 0 1 0 0 1 0 0 1 0 0 1 0 0 1 0 0 1 0 0 1 0 0 1 0 0 1 0 0 1 0 0 1 0 0 1 0 0 1 0 0 1 0 0 1 0 0 1 0 0 1 0 0 1 0 0 1 0 0 1 0 0 1 0 0 1 0 0 1 0 0 1 0 0 1 0 0 1 0 0 1 0 0 1 0 0 1 0 0 1 0 0 1 0 0 1 0 0 1 0 0 1 0 0 1 0 0 1 0 0 1 0 0 1 0 0 1 0 0 1 0 0 1 0 0 1 0 0 1 0 0 1 0 0 1 0 0 1 0 0 1 0 0 1 0 0 1 0 0 1 0 0 1 0 0 1 0 0 1 0 0 1 0 0 1 0 0 1 0 0 1 0 0 1 0 0 1 0 0 1 0 0 1 0 0 1 0 0 1 0 0 1 0 0 1 0 0 1 0 0 1 0 0 1 0 0 1 0 0 1 0 0 1 0 0 1 0 0 1 0 0 1 0 0 1 0 0 1 0 0 1 0 0 1 0 0 1 0 0 1 0 0 1 0 0 1 0 0 1 0 0 1 0 0 1 0 0 1 0 0 1 0 0 1 0 0 1 0 0 1 0 0 1 0 0 1 0 0 1 0 0 1 0 0 1 0 0 1 0 0 1 0 0 1 0 0 1 0.998027 0.062791 0 0.998027 0.062791 0 0.982287 0.18738 0 0.982287 0.18738 0 0.951057 0.309017 0 0.951057 0.309017 0 0.904827 0.42578 0 0.904827 0.42578 0 0.844328 0.535827 0 0.844328 0.535827 0 0.770513 0.637424 0 0.770513 0.637424 0 0.684547 0.728969 0 0.684547 0.728969 0 0.587785 0.809017 0 0.587785 0.809017 0 0.481754 0.876306 0 0.481754 0.876306 0 0.368124 0.929777 0 0.368124 0.929777 0 0.24869 0.968583 0 0.24869 0.968583 0 0.125333 0.992115 0 0.125333 0.992115 0 0 1 0 0 1 0 -0.125333 0.992115 0 -0.125333 0.992115 0 -0.24869 0.968583 0 -0.24869 0.968583 0 -0.368124 0.929777 0 -0.368124 0.929777 0 -0.481754 0.876306 0 -0.481754 0.876306 0 -0.587785 0.809017 0 -0.587785 0.809017 0 -0.684547 0.728969 0 -0.684547 0.728969 0 -0.770513 0.637424 0 -0.770513 0.637424 0 -0.844328 0.535827 0 -0.844328 0.535827 0 -0.904827 0.42578 0 -0.904827 0.42578 0 -0.951057 0.309017 0 -0.951057 0.309017 0 -0.982287 0.18738 0 -0.982287 0.18738 0 -0.998027 0.062791 0 -0.998027 0.062791 0 -0.998027 -0.062791 0 -0.998027 -0.062791 0 -0.982287 -0.18738 0 -0.982287 -0.18738 0 -0.951057 -0.309017 0 -0.951057 -0.309017 0 -0.904827 -0.42578 0 -0.904827 -0.42578 0 -0.844328 -0.535827 0 -0.844328 -0.535827 0 -0.770513 -0.637424 0 -0.770513 -0.637424 0 -0.684547 -0.728969 0 -0.684547 -0.728969 0 -0.587785 -0.809017 0 -0.587785 -0.809017 0 -0.481754 -0.876306 0 -0.481754 -0.876306 0 -0.368124 -0.929777 0 -0.368124 -0.929777 0 -0.24869 -0.968583 0 -0.24869 -0.968583 0 -0.125333 -0.992115 0 -0.125333 -0.992115 0 0 -1 0 0 -1 0 0.125333 -0.992115 0 0.125333 -0.992115 0 0.24869 -0.968583 0 0.24869 -0.968583 0 0.368124 -0.929777 0 0.368124 -0.929777 0 0.481754 -0.876306 0 0.481754 -0.876306 0 0.587785 -0.809017 0 0.587785 -0.809017 0 0.684547 -0.728969 0 0.684547 -0.728969 0 0.770513 -0.637424 0 0.770513 -0.637424 0 0.844328 -0.535827 0 0.844328 -0.535827 0 0.904827 -0.42578 0 0.904827 -0.42578 0 0.951057 -0.309017 0 0.951057 -0.309017 0 0.982287 -0.18738 0 0.982287 -0.18738 0 0.998027 -0.062791 0 0.998027 -0.062791 0 0 0 1 0 0 1 0 0 1 0 0 1 0 0 1 0 0 1 0 0 1 0 0 1 0 0 1 0 0 1 0 0 1 0 0 1 0 0 1 0 0 1 0 0 1 0 0 1 0 0 1 0 0 1 0 0 1 0 0 1 0 0 1 0 0 1 0 0 1 0 0 1 0 0 1 0 0 1 0 0 1 0 0 1 0 0 1 0 0 1 0 0 1 0 0 1 0 0 1 0 0 1 0 0 1 0 0 1 0 0 1 0 0 1 0 0 1 0 0 1 0 0 1 0 0 1 0 0 1 0 0 1 0 0 1 0 0 1 0 0 1 0 0 1 -0.00135068 -0.999999 0 -0.00135067 -0.999999 -3.9947e-09 0.1064 -0.994323 3.14686e-07 0.1064 -0.994323 0 -0.0700145 -0.997546 -0.000887717 -0.100424 -0.994944 0.00141264 -0.0872772 -0.996184 1.39535e-05 -0.109539 -0.993982 -6.34459e-07 -0.1164 -0.993202 -0.000128066 -0.114957 -0.993371 -6.99961e-05 -0.134829 -0.990869 -0.000108003 -0.136871 -0.990589 -3.42092e-05 -0.127997 -0.991775 6.89047e-05 -0.127781 -0.991802 6.04481e-05 -0.0263441 -0.999651 0.00191629 -0.0185625 -0.999828 0.0006655 0.0646571 -0.997907 -0.00118694 0.0632022 -0.998 -0.000763064 0.12099 -0.992654 6.61104e-05 0.128565 -0.991701 -0.000131537 0.134738 -0.990881 4.72231e-05 0.145046 -0.989425 -5.20741e-05 0.143115 -0.989706 1.21016e-05 0.150883 -0.988552 -6.38331e-06 0.150987 -0.988536 -8.14951e-06 0.155909 -0.987771 7.60215e-06 0.157946 -0.987448 -3.68661e-05 0.157946 0.987448 3.68656e-05 0.155909 0.987771 -7.60211e-06 0.150987 0.988536 8.14952e-06 0.150883 0.988552 6.38328e-06 0.143115 0.989706 -1.21015e-05 0.145046 0.989425 5.2074e-05 0.12846 0.991715 -0.000107634 0.13456 0.990905 0.000288078 0.12099 0.992654 -6.61103e-05 0.0632022 0.998 0.000763064 0.0646571 0.997907 0.00118694 -0.0185625 0.999828 -0.000665499 -0.0263441 0.999651 -0.00191629 -0.0700145 0.997546 0.000887716 -0.087336 0.996179 -0.000421877 -0.100802 0.994907 -5.09523e-06 -0.11491 0.993376 4.15925e-06 -0.109452 0.993992 0.000278457 -0.11644 0.993198 5.49157e-05 -0.127781 0.991802 -6.04479e-05 -0.127997 0.991775 -6.89048e-05 -0.136871 0.990589 3.42093e-05 -0.134829 0.990869 0.000108006 0.1064 0.994323 0 0.1064 0.994323 -3.14686e-07 -0.00135067 0.999999 3.9947e-09 -0.00135068 0.999999 0 0.0980071 -0.995079 -0.014567 0.164616 -0.985885 0.0305484 -0.057232 -0.998361 -1.90421e-06 0.0122022 -0.999918 -0.00392356 0.0128565 -0.999605 -0.0249824 0.0977835 -0.995094 0.0150475 0.165237 -0.985745 -0.0316691 0.188055 -0.982159 0 0.188055 -0.982159 0 0.0124823 -0.99963 0.0241847 0.0121438 -0.999919 0.00382284 -0.0572315 -0.998361 1.88696e-06 -0.0571718 -0.998364 0 -0.15432 -0.988021 0 -0.111509 -0.993294 -0.0305318 -0.0855644 -0.996333 0 -0.0854972 -0.996338 9.952e-06 -0.0855558 -0.996333 -9.88503e-06 -0.127382 -0.990661 0.048623 -0.128259 -0.991741 0 -0.133914 -0.990993 -5.22492e-05 -0.145965 -0.98929 -0.000631365 -0.0808255 -0.996728 0 0.194484 -0.980906 -3.19116e-05 -0.144685 -0.989478 -0.000563798 -0.14664 -0.98919 -0.000232953 -0.149776 -0.98872 4.05237e-05 -0.169523 -0.985526 -3.95431e-05 -0.167854 -0.985812 4.53504e-05 0.165574 -0.986197 0.000452249 0.166012 -0.986124 0.000359372 0.168497 -0.985702 8.00376e-05 0.168939 -0.985627 4.00542e-05 0.182778 -0.983154 -2.04586e-05 0.188838 -0.982008 0.000119988 0.141853 -0.989888 0 0.13437 -0.99093 -0.00121603 0.12323 -0.99237 -0.00399639 0.102211 -0.994641 -0.0155472 0.0800773 -0.996116 -0.0366052 0.108398 -0.994108 0 0.16649 -0.986043 -0.000174781 0.159959 -0.987123 -0.00105939 0.162344 -0.986734 0 -0.188936 -0.981989 4.54694e-06 -0.191231 -0.981545 -1.15602e-05 -0.192896 -0.981219 -3.73405e-05 -0.197042 -0.980395 5.34235e-05 -0.188026 -0.982164 6.49511e-05 -0.182857 -0.983139 -2.21031e-05 -0.182906 -0.98313 -2.07218e-05 -0.0906637 -0.995846 -0.00841085 -0.120347 -0.992732 -0.000218926 -0.130183 -0.99149 2.24563e-05 -0.146956 -0.989143 0.000313072 -0.14284 -0.989746 0.0001886 -0.132167 -0.991227 -4.27956e-05 -0.117489 -0.993074 0.000667946 -0.126865 -0.991913 0.00375882 -0.104751 -0.994498 -0.000912499 -0.0777189 -0.996972 0.0024239 -0.0770347 -0.997026 0.00204552 -0.0248595 -0.999686 -0.00327017 -0.0173337 -0.999799 -0.0100601 0.055747 -0.998358 0.0131647 0.0407441 -0.998637 0.0326047 0.0837623 -0.996483 -0.0022584 0.125485 -0.992095 0.00139332 0.127726 -0.991809 0.000245594 0.147808 -0.989016 -7.18381e-05 0.148705 -0.988882 -0.000185472 0.203115 -0.979155 2.56526e-05 0.203224 -0.979132 2.32511e-05 0.211378 -0.977404 -3.15089e-05 0.188656 -0.982043 0.000884037 0.144929 -0.989442 -1.96941e-05 -0.155085 -0.987845 -0.0105103 -0.167615 -0.985847 -0.00345928 -0.172946 -0.984931 -0.00126608 -0.174765 -0.98461 -0.000650012 -0.163484 -0.986541 -0.00313567 -0.14414 -0.989557 0.000838733 -0.144991 -0.989433 0.000591954 0.0643005 -0.997916 -0.00542717 0.0179086 -0.99984 0.000256055 -0.0109756 -0.999939 -0.00137571 -0.055993 -0.997935 -0.03149 -0.0372658 -0.999291 -0.00544154 0.124309 -0.992243 -0.000789293 0.116818 -0.993153 0.000274697 0.0987709 -0.99511 -0.000693922 0.0803307 -0.996744 -0.00689052 0.0605698 -0.998018 -0.0170599 0.0360345 -0.998663 -0.0370658 -0.166851 -0.985982 0.000850691 -0.168267 -0.985741 -0.000358429 -0.16863 -0.985679 0.000747323 -0.170669 -0.985327 0.0017876 -0.172155 -0.985067 0.00246123 -0.174385 -0.984673 0.00314278 -0.173028 -0.984913 0.00277048 -0.166011 -0.986123 0.00157043 -0.145935 -0.989294 -0.000566482 0.188089 -0.982152 7.17176e-05 0.187477 -0.982268 -0.00121145 0.18991 -0.981799 -0.00203049 0.179966 -0.983648 -0.00698019 0.192578 -0.981279 0.00241 0.179534 -0.983751 -0.000854846 0.183178 -0.983063 0.00577505 0.170708 -0.985249 0.0119477 0.18305 -0.983088 0.00555381 0.161566 -0.986859 -0.00222771 0.152014 -0.988378 -0.000829657 0.137321 -0.990527 0.000406373 -0.114441 -0.99343 -0.000787636 -0.151012 -0.98848 0.0101778 -0.117249 -0.993101 0.00180761 -0.101842 -0.994799 0.0017364 -0.0907006 -0.995875 -0.00253574 0.138413 -0.990374 0.000599244 0.14175 -0.989902 -1.51113e-06 0.129431 -0.991588 -3.21855e-05 0.151673 -0.988431 1.17622e-05 0.150964 -0.988539 6.59299e-05 0.167414 -0.985887 -0.000309291 0.163987 -0.986462 0.000800041 0.168127 -0.985765 0.000174686 -0.139067 -0.990277 -0.00332559 -0.142346 -0.989816 -0.00138364 -0.121556 -0.992585 0.000163363 -0.106247 -0.99434 -0.000721092 -0.0995894 -0.995023 -0.00341001 -0.0693747 -0.997581 0.00432407 -0.0462995 -0.998901 -0.0072838 -0.0184508 -0.999819 0.00473853 -0.00310941 -0.999995 -0.000185012 0.0630312 -0.998011 0.000934843 0.0558195 -0.998371 0.0117781 0.125156 -0.992133 -0.00289102 0.121946 -0.992535 -0.00174534 0.100475 -0.994676 -0.0229083 0.148031 -0.988386 0.0343466 0.0861258 -0.99602 -0.022963 0.172755 -0.984747 0.0207145 -0.0332496 -0.999182 -0.0230068 0.0599801 -0.99798 0.02095 0.0100423 -0.999548 -0.0283217 0.0100423 -0.999548 0.0283215 -0.033583 -0.999164 0.0232979 0.0603943 -0.997948 -0.0212682 -0.0536143 -0.998343 -0.0208914 -0.151898 -0.988136 0.0226862 -0.160077 -0.987105 0 -0.151661 -0.988176 -0.022534 -0.0539474 -0.998329 0.0207022 0.100475 -0.994676 0.0229085 0.148031 -0.988386 -0.0343468 0.188055 -0.982159 0 0.188055 -0.982159 0 0.0857088 -0.996046 0.0233882 0.17323 -0.984654 -0.021152 0.188055 -0.982159 0 0.188055 -0.982159 0 -0.137732 -0.99047 0 -0.128201 -0.991605 -0.0168766 -0.0187439 -0.999724 0.0141689 -0.128219 -0.991746 0 -0.137706 -0.99028 0.0195842 -0.0187439 -0.999724 -0.0141688 -0.131594 -0.991304 -0.000293128 -0.137833 -0.990455 1.07355e-05 -0.132781 -0.991145 0.000328001 -0.12104 -0.992645 0.00241287 -0.114159 -0.993444 0.00610166 -0.139084 -0.99028 -0.00102964 -0.142448 -0.989802 -0.000251118 -0.14632 -0.989237 -2.50602e-05 -0.154208 -0.988038 0.00020062 -0.173147 -0.984896 -0.000419429 -0.163875 -0.986481 0.000204658 -0.193201 -0.981159 4.74011e-05 -0.184136 -0.982901 -0.000105838 -0.183872 -0.98295 -9.58223e-05 -0.119676 -0.992813 0.000331058 -0.111404 -0.993775 -0.00113668 -0.0996495 -0.995022 0.00106598 -0.0379859 -0.999237 -0.00909949 -0.0433424 -0.99906 7.22303e-05 0.0636113 -0.997975 -6.70047e-05 0.0635461 -0.997979 3.21235e-05 0.165767 -0.986165 -3.48768e-05 0.165744 -0.986169 0 -0.0403269 -0.999117 -0.0117498 -0.0797748 -0.996812 -0.00115686 -0.101974 -0.994786 0.00165287 0.165767 -0.986165 0 0.165767 -0.986165 0 0.0636113 -0.997975 0 0.0636113 -0.997975 0 -0.0314361 -0.999506 0 0.137999 0.990432 1.08574e-05 -0.0575535 0.998337 0.00319086 0.124542 0.992214 4.4346e-05 0.129139 0.991625 0.00147572 0.116818 0.993153 -0.000274694 0.0644883 0.997915 0.00252845 -0.0693749 0.997581 -0.00432408 -0.0462994 0.998901 0.00728365 -0.00302162 0.999931 -0.0113941 -0.0185821 0.999827 0.000446892 -0.13848 0.990365 -0.000297443 -0.14503 0.989427 -0.000656238 -0.163755 0.986496 0.00319138 -0.168583 0.985674 0.00516775 -0.166643 0.986011 0.00361478 -0.1655 0.986208 0.00173263 -0.165324 0.986239 0.000958215 -0.166851 0.985982 -0.0008507 -0.140927 0.990019 -0.00128483 -0.130984 0.991351 0.00810601 -0.139067 0.990277 0.00332546 -0.145935 0.989294 0.000566484 -0.166009 0.986123 -0.0015702 -0.180666 0.983545 0.000196341 -0.176627 0.984278 -0.000526626 -0.173133 0.984897 -0.00159834 -0.169461 0.985533 -0.00282808 -0.163514 0.986525 -0.0056936 -0.155819 0.987737 -0.00982058 0.0940455 0.994614 0.0435694 0.0787076 0.996512 0.0277364 0.0607612 0.998066 0.0131338 0.0367428 0.999323 0.00205061 0.0179087 0.99984 -0.000256057 -0.0109756 0.999939 0.00137571 -0.0366801 0.999155 0.0185686 0.179966 0.983648 0.00698008 0.18991 0.981799 0.00203048 0.187478 0.982268 0.00121145 0.187505 0.982263 0.00115449 0.184951 0.982748 -7.66489e-05 0.183082 0.983097 -0.00107318 0.182147 0.983264 -0.00389706 0.183058 0.983087 -0.00555648 0.182095 0.983262 -0.00604956 0.170697 0.985251 -0.011954 0.161566 0.986859 0.00222774 0.152013 0.988378 0.000829644 0.121349 0.992608 -0.001747 0.146859 0.9891 0.0106496 0.125157 0.992133 0.00289113 0.0630312 0.998011 -0.000934821 0.0558193 0.998371 -0.0117784 -0.10823 0.99411 0.00562585 -0.0991929 0.995068 0.00112808 0.141825 0.989892 -0.00027526 0.144929 0.989442 1.96936e-05 0.151673 0.988431 -1.17621e-05 0.150964 0.988539 -6.59308e-05 0.167414 0.985887 0.000309295 0.163987 0.986462 -0.000800026 0.168127 0.985765 -0.000174687 -0.101842 0.994799 -0.0017364 -0.0907006 0.995875 0.00253574 -0.117249 0.993101 -0.00180763 -0.114939 0.993372 -0.00123617 -0.126541 0.991961 0.000241895 0.169484 0.985533 -8.78696e-05 0.16649 0.986043 0.000174785 -0.188026 0.982164 -6.49528e-05 0.211378 0.977404 3.15088e-05 -0.0899634 0.995945 0 -0.0816773 0.996599 0.0108846 -0.120347 0.992732 0.000218926 -0.130183 0.99149 -2.24563e-05 -0.14455 0.989497 0.000265425 0.162716 0.986673 0.000686075 0.15291 0.98824 0 0.141853 0.989888 0 0.10875 0.994055 0.00536908 -0.141152 0.989987 0.00142969 -0.144778 0.989464 0.000548117 -0.14664 0.98919 0.000232953 -0.149776 0.98872 -4.05238e-05 -0.169523 0.985526 3.95432e-05 -0.167854 0.985812 -4.53504e-05 0.171724 0.983166 0.0624204 0.128039 0.991473 0.0242169 0.101809 0.99478 0.00687516 0.0793367 0.996848 0 -0.182857 0.983139 2.21031e-05 -0.182906 0.98313 2.07218e-05 -0.192156 0.981364 -1.80494e-05 -0.187806 0.982206 0.000171786 -0.195211 0.980761 -5.57679e-05 -0.188751 0.982025 0.000255273 0.203224 0.979132 -2.32508e-05 0.203115 0.979155 -2.56526e-05 0.194484 0.980906 3.19112e-05 0.188838 0.982008 -0.000119988 0.182778 0.983154 2.04587e-05 0.168849 0.985642 -4.04446e-05 0.165551 0.986201 -0.000411244 0.179208 0.983811 -0.00096893 0.148705 0.988882 0.000185471 0.147808 0.989016 7.18384e-05 0.127726 0.991809 -0.000245594 0.125485 0.992095 -0.00139332 0.0837622 0.996483 0.0022584 0.0560778 0.998222 -0.020201 0.0403849 0.99915 -0.00828045 -0.0173335 0.999799 0.0100601 -0.0248595 0.999686 0.00327012 -0.0770347 0.997026 -0.0020455 -0.0777189 0.996972 -0.00242389 -0.104751 0.994498 0.000912505 -0.117772 0.993039 -0.00183662 -0.123562 0.992337 -0.000374026 -0.146956 0.989143 -0.000313074 -0.14284 0.989746 -0.000188606 -0.132167 0.991227 4.27963e-05 0.148136 0.988967 0 0.287647 0.950767 -0.115334 0.188055 0.982159 0 0.165237 0.985745 0.0316685 -0.0855559 0.996333 -9.97666e-06 -0.057232 0.998361 1.90422e-06 -0.0571106 0.998368 -1.93713e-06 -0.0572657 0.998359 0 0.0121438 0.999919 -0.00382284 0.0124824 0.99963 -0.0241844 0.0980071 0.995079 0.0145668 -0.128259 0.991741 0 -0.127382 0.990661 -0.0486214 -0.0855558 0.996333 9.88477e-06 -0.0855266 0.996336 0 0.00050549 0.999995 0.00326408 0.0216075 0.999549 0.0208702 0.0977834 0.995094 -0.0150474 -0.15432 0.988021 0 -0.111509 0.993294 0.0305316 -0.193201 0.981159 -4.74014e-05 -0.138909 0.990305 0.000676732 -0.136376 0.990656 0.00165585 -0.142448 0.989802 0.000251117 -0.14632 0.989237 2.50602e-05 -0.154208 0.988038 -0.000200619 -0.164236 0.986421 0.000127444 -0.137833 0.990455 -1.07355e-05 -0.132781 0.991145 -0.000327995 -0.12104 0.992645 -0.00241288 -0.103868 0.994523 -0.0116109 -0.113517 0.993531 -0.00311616 0.165744 0.986169 0 0.165767 0.986165 3.4876e-05 0.0635461 0.997979 -3.21227e-05 0.0636113 0.997975 6.70031e-05 -0.0433424 0.99906 -7.22286e-05 -0.0379859 0.999237 0.00909952 -0.110636 0.993857 -0.00288344 -0.100454 0.994937 0.00307727 -0.119676 0.992813 -0.000331059 -0.183829 0.982958 0.000111021 -0.184108 0.982906 9.93789e-05 -0.173819 0.984778 -5.53723e-05 0.165767 0.986165 0 0.165767 0.986165 0 0.0636113 0.997975 0 0.0636113 0.997975 0 -0.0405069 0.999179 0 -0.0311468 0.999414 0.0142095 -0.0797746 0.996812 0.00115691 0.173231 0.984654 0.0211522 0.0857089 0.996046 -0.0233883 0.0100423 0.999548 -0.0283217 0.0599804 0.99798 -0.02095 -0.0332492 0.999182 0.0230065 0.0603943 0.997948 0.0212679 -0.0335827 0.999164 -0.0232974 0.0100423 0.999548 0.0283222 -0.0536147 0.998343 0.0208912 -0.151897 0.988136 -0.0226861 -0.160077 0.987105 0 -0.151661 0.988176 0.0225337 -0.0539477 0.998329 -0.0207018 0.100475 0.994676 -0.0229089 0.148031 0.988386 0.0343474 0.188055 0.982159 0 0.188055 0.982159 0 0.172755 0.984747 -0.0207148 0.0861257 0.99602 0.0229633 0.188055 0.982159 0 0.188055 0.982159 0 0.148031 0.988386 -0.0343468 0.100475 0.994676 0.0229085 -0.128219 0.991746 0 -0.137706 0.99028 -0.0195844 -0.0187439 0.999724 0.0141689 -0.137732 0.99047 0 -0.128201 0.991605 0.0168769 -0.0187439 0.999724 -0.0141691 0 0 -1 0 0 -1 0 0 -1 0 0 -1 0 0 -1 0 0 -1 0 0 -1 0 0 -1 0 0 -1 0 0 -1 0 0 -1 0 0 -1 0 0 -1 0 0 -1 0 0 -1 0 0 -1 0 0 -1 0 0 -1 0 0 -1 0 0 -1 0 0 -1 0 0 -1 0 0 -1 0 0 -1 0 0 -1 0 0 -1 0 0 -1 0 0 -1 0 0 -1 0 0 -1 0 0 -1 0 0 -1 0 0 -1 0 0 -1 0 0 -1 0 0 -1 0 0 -1 0 0 -1 0 0 -1 0 0 -1 0 0 -1 0 0 -1 0 0 -1 0 0 -1 0 0 -1 0 0 -1 0 0 -1 0 0 -1 0 0 -1 -0.997859 -0.0654038 0 -0.997859 -0.0654038 0 -0.980785 -0.195091 0 -0.980785 -0.195091 0 -0.94693 -0.321439 0 -0.94693 -0.321439 0 -0.896873 -0.442288 0 -0.896873 -0.442288 0 -0.83147 -0.55557 0 -0.83147 -0.55557 0 -0.75184 -0.659346 0 -0.75184 -0.659346 0 -0.659346 -0.75184 0 -0.659346 -0.75184 0 -0.55557 -0.83147 0 -0.55557 -0.83147 0 -0.442288 -0.896873 0 -0.442288 -0.896873 0 -0.321439 -0.94693 0 -0.321439 -0.94693 0 -0.195091 -0.980785 0 -0.195091 -0.980785 0 -0.0654038 -0.997859 0 -0.0654038 -0.997859 0 0.0654038 -0.997859 0 0.0654038 -0.997859 0 0.195091 -0.980785 0 0.195091 -0.980785 0 0.321439 -0.94693 0 0.321439 -0.94693 0 0.442288 -0.896873 0 0.442288 -0.896873 0 0.55557 -0.83147 0 0.55557 -0.83147 0 0.659346 -0.75184 0 0.659346 -0.75184 0 0.75184 -0.659346 0 0.75184 -0.659346 0 0.83147 -0.55557 0 0.83147 -0.55557 0 0.896873 -0.442288 0 0.896873 -0.442288 0 0.94693 -0.321439 0 0.94693 -0.321439 0 0.980785 -0.195091 0 0.980785 -0.195091 0 0.997859 -0.0654038 0 0.997859 -0.0654038 0 0.998635 0.0522259 0 0.998635 0.0522259 0 0.987741 0.156104 0 0.987741 0.156104 0 0.966071 0.258278 0 0.966071 0.258278 0 0.931453 0.363861 0 0.931453 0.363861 0 0.882217 0.470844 0 0.882217 0.470844 0 0.820745 0.571294 0 0.820745 0.571294 0 0.74789 0.663823 0 0.74789 0.663823 0 0.664659 0.747147 0 0.664659 0.747147 0 0.57221 0.820107 0 0.57221 0.820107 0 0.471829 0.88169 0 0.471829 0.88169 0 0.364901 0.931046 0 0.364901 0.931046 0 0.25291 0.96749 0 0.25291 0.96749 0 0.137412 0.990514 0 0.137412 0.990514 0 0.0200109 0.9998 0 0.0200109 0.9998 0 -0.0976674 0.995219 0 -0.0976674 0.995219 0 -0.213997 0.976834 0 -0.213997 0.976834 0 -0.327354 0.944902 0 -0.327354 0.944902 0 -0.436169 0.899865 0 -0.436169 0.899865 0 -0.538937 0.842346 0 -0.538937 0.842346 0 -0.634233 0.773142 0 -0.634233 0.773142 0 -0.720729 0.693217 0 -0.720729 0.693217 0 -0.797227 0.60368 0 -0.797227 0.60368 0 -0.86267 0.505768 0 -0.86267 0.505768 0 -0.916149 0.400837 0 -0.916149 0.400837 0 -0.956921 0.29035 0 -0.956921 0.29035 0 -0.984419 0.175839 0 -0.984419 0.175839 0 -0.998265 0.0588866 0 -0.998265 0.0588866 0 0 0 -1 0 0 -1 0 0 -1 0 0 -1 0 0 -1 0 0 -1 0 0 -1 0 0 -1 0 0 -1 0 0 -1 0 0 -1 0 0 -1 0 0 -1 0 0 -1 0 0 -1 0 0 -1 0 0 -1 0 0 -1 0 0 -1 0 0 -1 0 0 -1 0 0 -1 0 0 -1 0 0 -1 0 0 -1 0 0 -1 0 0 -1 0 0 -1 0 0 -1 0 0 -1 0 0 -1 0 0 -1 0 0 -1 0 0 -1 0 0 -1 0 0 -1 0 0 -1 0 0 -1 0 0 -1 0 0 -1 0 0 -1 0 0 -1 0 0 -1 0 0 -1 0 0 -1 0 0 -1 0 0 -1 0 0 -1 0 0 -1 0 0 -1 0 0 -1 0 0 -1 0 0 -1 0 0 -1 0 0 -1 0 0 -1 0 0 -1 0 0 -1 0 0 -1 0 0 -1 0 0 -1 0 0 -1 0 0 -1 0 0 -1 0 0 -1 0 0 -1 0 0 -1 0 0 -1 0 0 -1 0 0 -1 0 0 -1 0 0 -1 0 0 -1 0 0 -1 0 0 -1 0 0 -1 0 0 -1 0 0 -1 0 0 -1 0 0 -1 0 0 -1 0 0 -1 0 0 -1 0 0 -1 0 0 -1 0 0 -1 0 0 -1 0 0 -1 0 0 -1 0 0 -1 0 0 -1 1 0 0 1 0 0 0.824985 0.565155 0 0.824985 0.565155 0 0.769327 0.638856 0 0.769327 0.638856 0 0.707107 0.707107 0 0.707107 0.707107 0 0.638856 0.769327 0 0.638856 0.769327 0 0.565155 0.824985 0 0.565155 0.824985 0 0 1 0 0 1 0 -0.565155 0.824985 0 -0.565155 0.824985 0 -0.638856 0.769327 0 -0.638856 0.769327 0 -0.707107 0.707107 0 -0.707107 0.707107 0 -0.769327 0.638856 0 -0.769327 0.638856 0 -0.824985 0.565155 0 -0.824985 0.565155 0 -1 0 0 -1 0 0 -0.824985 -0.565155 0 -0.824985 -0.565155 0 -0.769327 -0.638856 0 -0.769327 -0.638856 0 -0.707107 -0.707107 0 -0.707107 -0.707107 0 -0.638856 -0.769327 0 -0.638856 -0.769327 0 -0.565155 -0.824985 0 -0.565155 -0.824985 0 0 -1 0 0 -1 0 0.565155 -0.824985 0 0.565155 -0.824985 0 0.638856 -0.769327 0 0.638856 -0.769327 0 0.707107 -0.707107 0 0.707107 -0.707107 0 0.769327 -0.638856 0 0.769327 -0.638856 0 0.824985 -0.565155 0 0.824985 -0.565155 0 0 0 1 0 0 1 0 0 1 0 0 1 0 0 1 0 0 1 0 0 1 0 0 1 0 0 1 0 0 1 0 0 1 0 0 1 0 0 1 0 0 1 0 0 1 0 0 1 0 0 1 0 0 1 0 0 1 0 0 1 0 0 1 0 0 1 0 0 1 0 0 1 0 0 1 0 0 1 0 0 1 0 0 1 0 0 1 0 0 1 0 0 1 0 0 1 0 0 1 0 0 1 0 0 1 0 0 1 0 0 1 0 0 1 0 0 1 0 0 1 0 0 1 0 0 1 0 0 1 0 0 1 0 0 1 0 0 1 0 0 1 0 0 1 0 0 1 0 0 1 0 0 1 0 0 1 0 0 1 0 0 1 0 0 1 0 0 1 0 0 1 0 0 1 0 0 1 0 0 1 0 0 1 0 0 1 0 0 1 0 0 1 0 0 1 0 0 1 0 0 1 0 0 1 0 0 1 0 0 1 0 0 1 0 0 1 0 0 1 0 0 1 0 0 1 0 0 1 0 0 1 0 0 1 0 0 1 0 0 1 0 0 1 0 0 1 0 0 1 0 0 1 0 0 1 0 0 1 0 0 1 0 0 1 0 0 1 0 0 1 -0.988875 -0.070725 -0.130863 -0.992605 -0.0268893 -0.118377 -0.983064 -0.0266309 -0.181317 -0.98327 -0.0672569 -0.169284 0.984086 -0.13408 -0.116609 0.949402 -0.291512 -0.116863 0.969709 -0.210948 -0.123148 0.960488 -0.238864 -0.142851 0.974729 -0.187031 -0.122159 0.912224 -0.392407 -0.117746 0.928956 -0.346483 -0.130349 0.930943 -0.342015 -0.127949 0.925563 -0.340039 -0.166451 0.940049 -0.28864 -0.181646 0.836845 -0.534903 -0.116483 0.870571 -0.475368 -0.127008 0.862448 -0.487608 -0.135726 0.889492 -0.441147 -0.119134 0.800723 -0.575156 -0.167447 0.828517 -0.52958 -0.181945 0.739217 -0.663184 -0.117241 0.7946 -0.59483 -0.121602 0.771122 -0.619846 -0.14547 0.805981 -0.578933 -0.123419 0.663184 -0.739217 -0.117241 0.701133 -0.701133 -0.129707 0.701133 -0.701133 -0.129707 0.617562 -0.768281 -0.16841 0.656609 -0.731889 -0.182214 0.534903 -0.836845 -0.116483 0.594513 -0.794176 -0.12585 0.577813 -0.804421 -0.137979 0.621982 -0.773779 -0.120017 0.392407 -0.912224 -0.117746 0.47579 -0.871344 -0.119927 0.439404 -0.885979 -0.148209 0.488314 -0.863697 -0.124805 0.389448 -0.905347 -0.169342 0.436853 -0.880835 -0.182453 0.291512 -0.949402 -0.116863 0.346547 -0.929129 -0.128936 0.341851 -0.930496 -0.131588 0.13408 -0.984086 -0.116609 0.21091 -0.969536 -0.124563 0.186577 -0.972363 -0.140355 0.239565 -0.963307 -0.121026 0.133031 -0.976381 -0.170246 0.185272 -0.965561 -0.182662 0.0268893 -0.992605 -0.118377 0.070725 -0.988875 -0.130863 0.0805079 -0.988718 -0.126314 -0.13408 -0.984086 -0.116609 -0.0707513 -0.989243 -0.128036 -0.0804305 -0.987767 -0.133596 -0.13301 -0.976231 -0.171118 -0.0797898 -0.979899 -0.182843 -0.291512 -0.949402 -0.116863 -0.210948 -0.969709 -0.123148 -0.238864 -0.960488 -0.142851 -0.187031 -0.974729 -0.122159 -0.392407 -0.912224 -0.117746 -0.346483 -0.928956 -0.130349 -0.342015 -0.930943 -0.127949 -0.389269 -0.90493 -0.171961 -0.339027 -0.922808 -0.182992 -0.534903 -0.836845 -0.116483 -0.475368 -0.870571 -0.127008 -0.487608 -0.862448 -0.135726 -0.441147 -0.889492 -0.119134 -0.663184 -0.739217 -0.117241 -0.59483 -0.7946 -0.121602 -0.619846 -0.771122 -0.14547 -0.578933 -0.805981 -0.123419 -0.617089 -0.767692 -0.172771 -0.573529 -0.798458 -0.183112 -0.739217 -0.663184 -0.117241 -0.701133 -0.701133 -0.129707 -0.701133 -0.701133 -0.129707 -0.836845 -0.534903 -0.116483 -0.794176 -0.594513 -0.12585 -0.804421 -0.577813 -0.137979 -0.773779 -0.621982 -0.120017 -0.799865 -0.57454 -0.173552 -0.766222 -0.615907 -0.183201 -0.912224 -0.392407 -0.117746 -0.871344 -0.47579 -0.119927 -0.885979 -0.439404 -0.148209 -0.863697 -0.488314 -0.124805 -0.949402 -0.291512 -0.116863 -0.929129 -0.346547 -0.128936 -0.930496 -0.341851 -0.131588 -0.924289 -0.339571 -0.174304 -0.903057 -0.388463 -0.183261 -0.984086 -0.13408 -0.116609 -0.969536 -0.21091 -0.124563 -0.972363 -0.186577 -0.140355 -0.963307 -0.239565 -0.121026 -0.988718 -0.0805079 -0.126314 -0.981316 -0.0799053 -0.175024 -0.974059 -0.132714 -0.183291 -0.0268893 -0.992605 -0.118377 0.992605 -0.0268893 -0.118377 0.987767 -0.0804305 -0.133596 0.989243 -0.0707513 -0.128036 0.982632 -0.0672132 -0.172966 0.982969 -0.0800398 -0.165427 0.983064 -0.0266309 -0.181317 0.963066 -0.200127 -0.180147 0.959146 -0.23853 -0.152123 0.966804 -0.18551 -0.175715 0.974059 -0.132714 -0.183291 0.873489 -0.452604 -0.179351 0.860189 -0.486331 -0.153487 0.881828 -0.437346 -0.176373 0.903057 -0.388463 -0.183261 0.928138 -0.329861 -0.172487 0.719087 -0.671581 -0.178583 0.698581 -0.698581 -0.154821 0.732598 -0.657245 -0.177003 0.766222 -0.615907 -0.183201 0.804789 -0.568083 -0.172035 0.511301 -0.840799 -0.177844 0.486127 -0.859829 -0.156123 0.530007 -0.829186 -0.177604 0.573529 -0.798458 -0.183112 0.621726 -0.764203 -0.171613 0.26553 -0.947691 -0.177133 0.238331 -0.958345 -0.157394 0.288826 -0.940656 -0.178172 0.339027 -0.922808 -0.182992 0.392518 -0.903666 -0.171222 0 -0.984309 -0.176453 -0.0267369 -0.986975 -0.158634 0.0266438 -0.983541 -0.178713 0.0797898 -0.979899 -0.182843 0.134165 -0.976119 -0.170857 -0.265595 -0.947921 -0.175799 -0.289749 -0.943661 -0.159843 -0.237431 -0.954728 -0.17922 -0.185272 -0.965561 -0.182662 -0.134173 -0.976176 -0.170522 -0.51155 -0.841208 -0.175175 -0.531542 -0.831586 -0.161021 -0.484151 -0.856333 -0.1797 -0.436853 -0.880835 -0.182453 -0.392587 -0.903826 -0.170216 -0.719612 -0.672071 -0.174579 -0.734498 -0.658949 -0.16217 -0.695538 -0.695538 -0.18015 -0.656609 -0.731889 -0.182214 -0.621909 -0.764428 -0.169939 -0.87434 -0.453045 -0.174012 -0.883849 -0.438348 -0.163285 -0.856194 -0.484072 -0.180569 -0.828517 -0.52958 -0.181945 -0.805121 -0.568317 -0.169692 -0.964239 -0.200371 -0.173476 -0.968727 -0.185879 -0.164371 -0.95442 -0.237355 -0.180958 -0.940049 -0.28864 -0.181646 -0.928631 -0.330036 -0.169473 0.983064 0.0266309 -0.181317 0.98327 0.0672569 -0.169284 0.988875 0.070725 -0.130863 0.992605 0.0268893 -0.118377 -0.984086 0.13408 -0.116609 -0.949402 0.291512 -0.116863 -0.969709 0.210948 -0.123148 -0.960488 0.238864 -0.142851 -0.974729 0.187031 -0.122159 -0.912224 0.392407 -0.117746 -0.928956 0.346483 -0.130349 -0.930943 0.342015 -0.127949 -0.925563 0.340039 -0.166451 -0.940049 0.28864 -0.181646 -0.836845 0.534903 -0.116483 -0.870571 0.475368 -0.127008 -0.862448 0.487608 -0.135726 -0.889492 0.441147 -0.119134 -0.800723 0.575156 -0.167447 -0.828517 0.52958 -0.181945 -0.739217 0.663184 -0.117241 -0.7946 0.59483 -0.121602 -0.771122 0.619846 -0.14547 -0.805981 0.578933 -0.123419 -0.663184 0.739217 -0.117241 -0.701133 0.701133 -0.129707 -0.701133 0.701133 -0.129707 -0.617562 0.768281 -0.16841 -0.656609 0.731889 -0.182214 -0.534903 0.836845 -0.116483 -0.594513 0.794176 -0.12585 -0.577813 0.804421 -0.137979 -0.621982 0.773779 -0.120017 -0.392407 0.912224 -0.117746 -0.47579 0.871344 -0.119927 -0.439404 0.885979 -0.148209 -0.488314 0.863697 -0.124805 -0.389448 0.905347 -0.169342 -0.436853 0.880835 -0.182453 -0.291512 0.949402 -0.116863 -0.346547 0.929129 -0.128936 -0.341851 0.930496 -0.131588 -0.13408 0.984086 -0.116609 -0.21091 0.969536 -0.124563 -0.186577 0.972363 -0.140355 -0.239565 0.963307 -0.121026 -0.133031 0.976381 -0.170246 -0.185272 0.965561 -0.182662 -0.0268893 0.992605 -0.118377 -0.070725 0.988875 -0.130863 -0.0805079 0.988718 -0.126314 0.13408 0.984086 -0.116609 0.0707513 0.989243 -0.128036 0.0804305 0.987767 -0.133596 0.13301 0.976231 -0.171118 0.0797898 0.979899 -0.182843 0.291512 0.949402 -0.116863 0.210948 0.969709 -0.123148 0.238864 0.960488 -0.142851 0.187031 0.974729 -0.122159 0.392407 0.912224 -0.117746 0.346483 0.928956 -0.130349 0.342015 0.930943 -0.127949 0.389269 0.90493 -0.171961 0.339027 0.922808 -0.182992 0.534903 0.836845 -0.116483 0.475368 0.870571 -0.127008 0.487608 0.862448 -0.135726 0.441147 0.889492 -0.119134 0.663184 0.739217 -0.117241 0.59483 0.7946 -0.121602 0.619846 0.771122 -0.14547 0.578933 0.805981 -0.123419 0.617089 0.767692 -0.172771 0.573529 0.798458 -0.183112 0.739217 0.663184 -0.117241 0.701133 0.701133 -0.129707 0.701133 0.701133 -0.129707 0.836845 0.534903 -0.116483 0.794176 0.594513 -0.12585 0.804421 0.577813 -0.137979 0.773779 0.621982 -0.120017 0.799865 0.57454 -0.173552 0.766222 0.615907 -0.183201 0.912224 0.392407 -0.117746 0.871344 0.47579 -0.119927 0.885979 0.439404 -0.148209 0.863697 0.488314 -0.124805 0.949402 0.291512 -0.116863 0.929129 0.346547 -0.128936 0.930496 0.341851 -0.131588 0.924289 0.339571 -0.174304 0.903057 0.388463 -0.183261 0.984086 0.13408 -0.116609 0.969536 0.21091 -0.124563 0.972363 0.186577 -0.140355 0.963307 0.239565 -0.121026 0.988718 0.0805079 -0.126314 0.981316 0.0799053 -0.175024 0.974059 0.132714 -0.183291 0.0268893 0.992605 -0.118377 -0.992605 0.0268893 -0.118377 -0.987767 0.0804305 -0.133596 -0.989243 0.0707513 -0.128036 -0.982632 0.0672132 -0.172966 -0.982969 0.0800398 -0.165427 -0.983064 0.0266309 -0.181317 -0.963066 0.200127 -0.180147 -0.959146 0.23853 -0.152123 -0.966804 0.18551 -0.175715 -0.974059 0.132714 -0.183291 -0.873489 0.452604 -0.179351 -0.860189 0.486331 -0.153487 -0.881828 0.437346 -0.176373 -0.903057 0.388463 -0.183261 -0.928138 0.329861 -0.172487 -0.719087 0.671581 -0.178583 -0.698581 0.698581 -0.154821 -0.732598 0.657245 -0.177003 -0.766222 0.615907 -0.183201 -0.804789 0.568083 -0.172035 -0.511301 0.840799 -0.177844 -0.486127 0.859829 -0.156123 -0.530007 0.829186 -0.177604 -0.573529 0.798458 -0.183112 -0.621726 0.764203 -0.171613 -0.26553 0.947691 -0.177133 -0.238331 0.958345 -0.157394 -0.288826 0.940656 -0.178172 -0.339027 0.922808 -0.182992 -0.392518 0.903666 -0.171222 0 0.984309 -0.176453 0.0267369 0.986975 -0.158634 -0.0266438 0.983541 -0.178713 -0.0797898 0.979899 -0.182843 -0.134165 0.976119 -0.170857 0.265595 0.947921 -0.175799 0.289749 0.943661 -0.159843 0.237431 0.954728 -0.17922 0.185272 0.965561 -0.182662 0.134173 0.976176 -0.170522 0.51155 0.841208 -0.175175 0.531542 0.831586 -0.161021 0.484151 0.856333 -0.1797 0.436853 0.880835 -0.182453 0.392587 0.903826 -0.170216 0.719612 0.672071 -0.174579 0.734498 0.658949 -0.16217 0.695538 0.695538 -0.18015 0.656609 0.731889 -0.182214 0.621909 0.764428 -0.169939 0.87434 0.453045 -0.174012 0.883849 0.438348 -0.163285 0.856194 0.484072 -0.180569 0.828517 0.52958 -0.181945 0.805121 0.568317 -0.169692 0.964239 0.200371 -0.173476 0.968727 0.185879 -0.164371 0.95442 0.237355 -0.180958 0.940049 0.28864 -0.181646 0.928631 0.330036 -0.169473 0.751148 -0.0472582 -0.65844 0.742046 -0.0353482 -0.669416 0.949957 -0.0649782 -0.305549 -0.949957 -0.0649782 -0.305549 -0.742046 -0.0353482 -0.669416 -0.751148 -0.0472582 -0.65844 0.931379 -0.193543 -0.308341 0.742671 -0.141672 -0.654499 0.728684 -0.104769 -0.676789 0.716522 -0.232811 -0.657568 0.715044 -0.173467 -0.677216 0.898542 -0.319343 -0.301068 0.844302 -0.437481 -0.309457 0.680228 -0.320091 -0.659417 0.676926 -0.309142 -0.667984 0.700907 -0.242587 -0.670732 0.638285 -0.405068 -0.654609 0.637974 -0.368334 -0.676254 0.780645 -0.55104 -0.29487 0.581014 -0.480656 -0.656805 0.599111 -0.426626 -0.677537 0.695094 -0.649173 -0.308901 0.513977 -0.54733 -0.660498 0.514498 -0.539592 -0.666433 0.559719 -0.484998 -0.671932 0.604552 -0.743093 -0.286931 0.444235 -0.611437 -0.654829 0.455744 -0.579524 -0.67561 0.494548 -0.813251 -0.306668 0.363547 -0.661289 -0.656148 0.397529 -0.618568 -0.67775 0.379085 -0.872742 -0.307597 0.276014 -0.697131 -0.661683 0.277652 -0.693541 -0.664763 0.338916 -0.657405 -0.673019 0.257135 -0.917728 -0.30275 0.187883 -0.731756 -0.655159 0.207904 -0.708056 -0.674857 0.129492 -0.942116 -0.309271 0.0946403 -0.749155 -0.655599 0.139136 -0.721908 -0.677857 0 -0.954838 -0.297126 0 -0.748647 -0.662969 0 -0.748647 -0.662969 0.0702216 -0.735392 -0.673993 -0.129492 -0.942116 -0.309271 -0.0946403 -0.749155 -0.655599 -0.0702216 -0.735392 -0.673994 -0.187883 -0.731756 -0.655159 -0.139136 -0.721908 -0.677857 -0.258221 -0.921604 -0.289774 -0.379085 -0.872742 -0.307597 -0.275142 -0.694929 -0.664357 -0.278873 -0.696592 -0.661052 -0.207904 -0.708056 -0.674857 -0.494548 -0.813251 -0.306668 -0.363547 -0.661289 -0.656148 -0.338916 -0.657405 -0.673019 -0.444235 -0.611437 -0.654829 -0.397529 -0.618568 -0.67775 -0.601171 -0.738938 -0.304244 -0.695094 -0.649173 -0.308901 -0.510735 -0.543878 -0.665842 -0.519033 -0.544348 -0.659007 -0.455744 -0.579524 -0.67561 -0.581014 -0.480656 -0.656805 -0.559719 -0.484998 -0.671932 -0.779546 -0.550265 -0.299193 -0.638285 -0.405068 -0.654609 -0.599111 -0.426626 -0.677537 -0.844302 -0.437481 -0.309457 -0.673803 -0.317068 -0.667426 -0.685895 -0.313238 -0.656833 -0.637974 -0.368334 -0.676254 -0.901075 -0.320243 -0.292419 -0.716522 -0.232811 -0.657568 -0.700907 -0.242587 -0.670732 -0.931379 -0.193543 -0.308341 -0.742671 -0.141672 -0.654499 -0.715044 -0.173467 -0.677216 -0.728684 -0.104769 -0.676789 -0.957678 -0.0456186 -0.284204 -0.905188 -0.0431182 -0.422819 -0.905187 -0.0431188 -0.42282 -0.832788 -0.03967 -0.55217 -0.832787 -0.0396707 -0.55217 0.957678 -0.0456186 -0.284204 0.905188 -0.0431182 -0.42282 0.905188 -0.0431188 -0.422819 0.832787 -0.03967 -0.55217 0.832788 -0.0396707 -0.55217 0.952486 -0.136947 -0.27206 0.89699 -0.128968 -0.422819 0.89699 -0.128968 -0.422819 0.825246 -0.118652 -0.55217 0.825246 -0.118653 -0.552169 0.93333 -0.226423 -0.278617 0.880669 -0.213648 -0.422819 0.88067 -0.213649 -0.422818 0.81023 -0.196561 -0.552169 0.81023 -0.196558 -0.552171 0.903982 -0.31287 -0.291424 0.856374 -0.296393 -0.422818 0.856374 -0.296394 -0.422817 0.787876 -0.272686 -0.552171 0.787877 -0.272687 -0.55217 0.874884 -0.399547 -0.273753 0.824322 -0.376456 -0.422817 0.824322 -0.376455 -0.422818 0.758389 -0.346345 -0.55217 0.758389 -0.346345 -0.55217 0.832713 -0.480766 -0.274688 0.784805 -0.453107 -0.422818 0.784805 -0.453108 -0.422817 0.722033 -0.416866 -0.55217 0.722033 -0.416865 -0.552171 0.776994 -0.553296 -0.300241 0.738181 -0.525657 -0.422817 0.738181 -0.525656 -0.422819 0.679137 -0.483611 -0.552171 0.679137 -0.483613 -0.552169 0.726151 -0.629212 -0.277123 0.684872 -0.593444 -0.422819 0.684871 -0.593445 -0.422817 0.630092 -0.545978 -0.552169 0.630093 -0.545977 -0.552171 0.663975 -0.696358 -0.272438 0.625359 -0.655859 -0.422817 0.625359 -0.655859 -0.422818 0.57534 -0.6034 -0.552171 0.57534 -0.603401 -0.55217 0.587584 -0.747174 -0.310607 0.560185 -0.712333 -0.422818 0.560185 -0.712332 -0.422819 0.515379 -0.655357 -0.55217 0.515379 -0.655356 -0.55217 0.518674 -0.807071 -0.28216 0.489937 -0.762356 -0.422819 0.489936 -0.762357 -0.422818 0.450749 -0.70138 -0.55217 0.450749 -0.70138 -0.55217 0.440966 -0.855356 -0.271873 0.415251 -0.805476 -0.422818 0.415252 -0.805475 -0.422819 0.382038 -0.74105 -0.55217 0.382038 -0.74105 -0.55217 0.356765 -0.891152 -0.280297 0.336807 -0.8413 -0.42282 0.336805 -0.841301 -0.422818 0.309866 -0.77401 -0.55217 0.309867 -0.774009 -0.55217 0.269724 -0.918597 -0.28884 0.25531 -0.869507 -0.422818 0.25531 -0.869506 -0.422819 0.234889 -0.799959 -0.55217 0.23489 -0.799959 -0.552171 0.182063 -0.944629 -0.273001 0.171503 -0.889838 -0.422818 0.171502 -0.889838 -0.422818 0.157784 -0.818665 -0.552171 0.157784 -0.818665 -0.552171 0.0913681 -0.956859 -0.275811 0.0861403 -0.902111 -0.422818 0.0861413 -0.902111 -0.422819 0.0792514 -0.829956 -0.552171 0.0792514 -0.829956 -0.552171 0 -0.954838 -0.297126 0 -0.906214 -0.422819 0 -0.906214 -0.422819 0 -0.833731 -0.552171 0 -0.833731 -0.552171 -0.0913681 -0.956859 -0.275811 -0.0861403 -0.902111 -0.422819 -0.0861414 -0.902111 -0.422818 -0.0792514 -0.829956 -0.552171 -0.0792514 -0.829956 -0.552171 -0.182063 -0.944629 -0.273001 -0.171503 -0.889838 -0.422818 -0.171502 -0.889838 -0.422818 -0.157784 -0.818665 -0.552171 -0.157784 -0.818665 -0.552171 -0.268129 -0.913164 -0.306982 -0.25531 -0.869507 -0.422819 -0.25531 -0.869507 -0.422818 -0.234889 -0.799959 -0.55217 -0.23489 -0.799959 -0.55217 -0.356765 -0.891152 -0.280297 -0.336807 -0.8413 -0.422818 -0.336805 -0.8413 -0.42282 -0.309866 -0.77401 -0.55217 -0.309867 -0.77401 -0.55217 -0.440966 -0.855356 -0.271873 -0.41525 -0.805476 -0.422819 -0.415252 -0.805476 -0.422818 -0.382039 -0.74105 -0.55217 -0.382038 -0.74105 -0.55217 -0.518674 -0.807071 -0.28216 -0.489937 -0.762356 -0.422818 -0.489936 -0.762356 -0.422819 -0.450749 -0.70138 -0.55217 -0.450749 -0.70138 -0.55217 -0.592259 -0.753118 -0.286432 -0.560185 -0.712333 -0.422819 -0.560185 -0.712332 -0.422818 -0.515379 -0.655357 -0.55217 -0.51538 -0.655357 -0.55217 -0.663975 -0.696358 -0.272438 -0.625359 -0.655859 -0.422818 -0.62536 -0.655859 -0.422817 -0.57534 -0.6034 -0.55217 -0.575339 -0.603401 -0.552171 -0.726151 -0.629212 -0.277123 -0.684872 -0.593444 -0.422817 -0.684871 -0.593444 -0.422819 -0.630092 -0.545978 -0.552171 -0.630093 -0.545977 -0.55217 -0.778529 -0.554388 -0.294188 -0.73818 -0.525656 -0.422819 -0.738181 -0.525656 -0.422818 -0.679138 -0.483612 -0.552169 -0.679137 -0.483612 -0.552171 -0.832713 -0.480766 -0.274688 -0.784805 -0.453107 -0.422817 -0.784805 -0.453107 -0.422818 -0.722032 -0.416866 -0.552171 -0.722033 -0.416865 -0.55217 -0.874884 -0.399547 -0.273753 -0.824321 -0.376456 -0.422818 -0.824322 -0.376455 -0.422817 -0.758389 -0.346345 -0.55217 -0.758389 -0.346345 -0.55217 -0.900418 -0.311636 -0.303529 -0.856374 -0.296393 -0.422817 -0.856374 -0.296394 -0.422818 -0.787877 -0.272687 -0.55217 -0.787876 -0.272687 -0.552171 -0.93333 -0.226423 -0.278617 -0.88067 -0.213648 -0.422818 -0.880669 -0.213649 -0.422819 -0.810229 -0.19656 -0.552171 -0.810231 -0.196559 -0.552169 -0.952486 -0.136947 -0.27206 -0.89699 -0.128968 -0.422819 -0.89699 -0.128968 -0.422819 -0.825246 -0.118652 -0.552169 -0.825246 -0.118653 -0.55217 0.742046 0.0353482 -0.669416 0.751148 0.0472582 -0.65844 -0.751148 0.0472582 -0.65844 -0.742046 0.0353482 -0.669416 -0.949957 0.0649782 -0.305549 0.949957 0.0649782 -0.305549 -0.931379 0.193543 -0.308341 -0.742671 0.141672 -0.654499 -0.728684 0.104769 -0.676789 -0.716522 0.232811 -0.657568 -0.715044 0.173467 -0.677216 -0.898542 0.319343 -0.301068 -0.844302 0.437481 -0.309457 -0.680228 0.320091 -0.659417 -0.676926 0.309142 -0.667984 -0.700907 0.242587 -0.670732 -0.638285 0.405068 -0.654609 -0.637974 0.368334 -0.676254 -0.780645 0.55104 -0.29487 -0.581014 0.480656 -0.656805 -0.599111 0.426626 -0.677537 -0.695094 0.649173 -0.308901 -0.513977 0.54733 -0.660498 -0.514498 0.539592 -0.666433 -0.559719 0.484998 -0.671932 -0.604552 0.743093 -0.286931 -0.444235 0.611437 -0.654829 -0.455744 0.579524 -0.67561 -0.494548 0.813251 -0.306668 -0.363547 0.661289 -0.656148 -0.397529 0.618568 -0.67775 -0.379085 0.872742 -0.307597 -0.276014 0.697131 -0.661683 -0.277652 0.693541 -0.664763 -0.338916 0.657405 -0.673019 -0.257135 0.917728 -0.30275 -0.187883 0.731756 -0.655159 -0.207904 0.708056 -0.674857 -0.129492 0.942116 -0.309271 -0.0946403 0.749155 -0.655599 -0.139136 0.721908 -0.677857 0 0.954838 -0.297126 0 0.748647 -0.662969 0 0.748647 -0.662969 -0.0702216 0.735392 -0.673993 0.129492 0.942116 -0.309271 0.0946403 0.749155 -0.655599 0.0702216 0.735392 -0.673994 0.187883 0.731756 -0.655159 0.139136 0.721908 -0.677857 0.258221 0.921604 -0.289774 0.379085 0.872742 -0.307597 0.275142 0.694929 -0.664357 0.278873 0.696592 -0.661052 0.207904 0.708056 -0.674857 0.494548 0.813251 -0.306668 0.363547 0.661289 -0.656148 0.338916 0.657405 -0.673019 0.444235 0.611437 -0.654829 0.397529 0.618568 -0.67775 0.601171 0.738938 -0.304244 0.695094 0.649173 -0.308901 0.510735 0.543878 -0.665842 0.519033 0.544348 -0.659007 0.455744 0.579524 -0.67561 0.581014 0.480656 -0.656805 0.559719 0.484998 -0.671932 0.779546 0.550265 -0.299193 0.638285 0.405068 -0.654609 0.599111 0.426626 -0.677537 0.844302 0.437481 -0.309457 0.673803 0.317068 -0.667426 0.685895 0.313238 -0.656833 0.637974 0.368334 -0.676254 0.901075 0.320243 -0.292419 0.716522 0.232811 -0.657568 0.700907 0.242587 -0.670732 0.931379 0.193543 -0.308341 0.742671 0.141672 -0.654499 0.715044 0.173467 -0.677216 0.728684 0.104769 -0.676789 0.957678 0.0456186 -0.284204 0.905188 0.0431182 -0.422819 0.905187 0.0431188 -0.42282 0.832788 0.03967 -0.55217 0.832787 0.0396707 -0.55217 -0.957678 0.0456186 -0.284204 -0.905188 0.0431182 -0.42282 -0.905188 0.0431188 -0.422819 -0.832787 0.03967 -0.55217 -0.832788 0.0396707 -0.55217 -0.952486 0.136947 -0.27206 -0.89699 0.128968 -0.422819 -0.89699 0.128968 -0.422819 -0.825246 0.118652 -0.55217 -0.825246 0.118653 -0.552169 -0.93333 0.226423 -0.278617 -0.880669 0.213648 -0.422819 -0.88067 0.213649 -0.422818 -0.81023 0.196561 -0.552169 -0.81023 0.196558 -0.552171 -0.903982 0.31287 -0.291424 -0.856374 0.296393 -0.422818 -0.856374 0.296394 -0.422817 -0.787876 0.272686 -0.552171 -0.787877 0.272687 -0.55217 -0.874884 0.399547 -0.273753 -0.824322 0.376456 -0.422817 -0.824322 0.376455 -0.422818 -0.758389 0.346345 -0.55217 -0.758389 0.346345 -0.55217 -0.832713 0.480766 -0.274688 -0.784805 0.453107 -0.422818 -0.784805 0.453108 -0.422817 -0.722033 0.416866 -0.55217 -0.722033 0.416865 -0.552171 -0.776994 0.553296 -0.300241 -0.738181 0.525657 -0.422817 -0.738181 0.525656 -0.422819 -0.679137 0.483611 -0.552171 -0.679137 0.483613 -0.552169 -0.726151 0.629212 -0.277123 -0.684872 0.593444 -0.422819 -0.684871 0.593445 -0.422817 -0.630092 0.545978 -0.552169 -0.630093 0.545977 -0.552171 -0.663975 0.696358 -0.272438 -0.625359 0.655859 -0.422817 -0.625359 0.655859 -0.422818 -0.57534 0.6034 -0.552171 -0.57534 0.603401 -0.55217 -0.587584 0.747174 -0.310607 -0.560185 0.712333 -0.422818 -0.560185 0.712332 -0.422819 -0.515379 0.655357 -0.55217 -0.515379 0.655356 -0.55217 -0.518674 0.807071 -0.28216 -0.489937 0.762356 -0.422819 -0.489936 0.762357 -0.422818 -0.450749 0.70138 -0.55217 -0.450749 0.70138 -0.55217 -0.440966 0.855356 -0.271873 -0.415251 0.805476 -0.422818 -0.415252 0.805475 -0.422819 -0.382038 0.74105 -0.55217 -0.382038 0.74105 -0.55217 -0.356765 0.891152 -0.280297 -0.336807 0.8413 -0.42282 -0.336805 0.841301 -0.422818 -0.309866 0.77401 -0.55217 -0.309867 0.774009 -0.55217 -0.269724 0.918597 -0.28884 -0.25531 0.869507 -0.422818 -0.25531 0.869506 -0.422819 -0.234889 0.799959 -0.55217 -0.23489 0.799959 -0.552171 -0.182063 0.944629 -0.273001 -0.171503 0.889838 -0.422818 -0.171502 0.889838 -0.422818 -0.157784 0.818665 -0.552171 -0.157784 0.818665 -0.552171 -0.0913681 0.956859 -0.275811 -0.0861403 0.902111 -0.422818 -0.0861413 0.902111 -0.422819 -0.0792514 0.829956 -0.552171 -0.0792514 0.829956 -0.552171 0 0.954838 -0.297126 0 0.906214 -0.422819 0 0.906214 -0.422819 0 0.833731 -0.552171 0 0.833731 -0.552171 0.0913681 0.956859 -0.275811 0.0861403 0.902111 -0.422819 0.0861414 0.902111 -0.422818 0.0792514 0.829956 -0.552171 0.0792514 0.829956 -0.552171 0.182063 0.944629 -0.273001 0.171503 0.889838 -0.422818 0.171502 0.889838 -0.422818 0.157784 0.818665 -0.552171 0.157784 0.818665 -0.552171 0.268129 0.913164 -0.306982 0.25531 0.869507 -0.422819 0.25531 0.869507 -0.422818 0.234889 0.799959 -0.55217 0.23489 0.799959 -0.55217 0.356765 0.891152 -0.280297 0.336807 0.8413 -0.422818 0.336805 0.8413 -0.42282 0.309866 0.77401 -0.55217 0.309867 0.77401 -0.55217 0.440966 0.855356 -0.271873 0.41525 0.805476 -0.422819 0.415252 0.805476 -0.422818 0.382039 0.74105 -0.55217 0.382038 0.74105 -0.55217 0.518674 0.807071 -0.28216 0.489937 0.762356 -0.422818 0.489936 0.762356 -0.422819 0.450749 0.70138 -0.55217 0.450749 0.70138 -0.55217 0.592259 0.753118 -0.286432 0.560185 0.712333 -0.422819 0.560185 0.712332 -0.422818 0.515379 0.655357 -0.55217 0.51538 0.655357 -0.55217 0.663975 0.696358 -0.272438 0.625359 0.655859 -0.422818 0.62536 0.655859 -0.422817 0.57534 0.6034 -0.55217 0.575339 0.603401 -0.552171 0.726151 0.629212 -0.277123 0.684872 0.593444 -0.422817 0.684871 0.593444 -0.422819 0.630092 0.545978 -0.552171 0.630093 0.545977 -0.55217 0.778529 0.554388 -0.294188 0.73818 0.525656 -0.422819 0.738181 0.525656 -0.422818 0.679138 0.483612 -0.552169 0.679137 0.483612 -0.552171 0.832713 0.480766 -0.274688 0.784805 0.453107 -0.422817 0.784805 0.453107 -0.422818 0.722032 0.416866 -0.552171 0.722033 0.416865 -0.55217 0.874884 0.399547 -0.273753 0.824321 0.376456 -0.422818 0.824322 0.376455 -0.422817 0.758389 0.346345 -0.55217 0.758389 0.346345 -0.55217 0.900418 0.311636 -0.303529 0.856374 0.296393 -0.422817 0.856374 0.296394 -0.422818 0.787877 0.272687 -0.55217 0.787876 0.272687 -0.552171 0.93333 0.226423 -0.278617 0.88067 0.213648 -0.422818 0.880669 0.213649 -0.422819 0.810229 0.19656 -0.552171 0.810231 0.196559 -0.552169 0.952486 0.136947 -0.27206 0.89699 0.128968 -0.422819 0.89699 0.128968 -0.422819 0.825246 0.118652 -0.552169 0.825246 0.118653 -0.55217 0.871039 -0.0185585 -0.490864 0.965786 0.0170468 -0.25878 0.992784 0 -0.119918 -0.381972 -0.00519855 -0.924159 -0.258785 0.0159605 -0.965803 -0.0983553 4.07818e-06 -0.995151 0.258818 3.95819e-06 -0.965926 0.238705 0.00537712 -0.971077 0.707095 -0.005859 -0.707094 0.590846 0.0366933 -0.80595 -0.72124 0.0078823 -0.692641 -0.707104 0.00284501 -0.707104 -0.96293 -0.00295127 -0.269734 -0.965926 0 -0.258818 1 0 0 1 0 0 -1 0 0 -1 0 0 0.193941 -0.00983581 -0.980964 -0.193941 -0.00983581 -0.980964 -0.190912 -0.0292459 -0.981171 -0.186034 -0.0481685 -0.981362 -0.179372 -0.0664311 -0.981536 -0.171001 -0.0838809 -0.981694 -0.161015 -0.100361 -0.981836 -0.149514 -0.115733 -0.981963 -0.136613 -0.129859 -0.982076 -0.122439 -0.142625 -0.982175 -0.107127 -0.153914 -0.98226 -0.0908248 -0.163635 -0.982331 -0.0736824 -0.171702 -0.98239 -0.0558652 -0.178053 -0.982434 -0.03753 -0.182624 -0.982466 -0.0188511 -0.185383 -0.982486 0 -0.186307 -0.982492 0.0188511 -0.185383 -0.982486 0.03753 -0.182624 -0.982466 0.0558652 -0.178053 -0.982434 0.0736824 -0.171702 -0.98239 0.0908248 -0.163635 -0.982331 0.107127 -0.153914 -0.98226 0.122439 -0.142625 -0.982175 0.136613 -0.129859 -0.982076 0.149514 -0.115733 -0.981963 0.161015 -0.100361 -0.981836 0.171001 -0.0838809 -0.981694 0.179372 -0.0664311 -0.981536 0.186034 -0.0481685 -0.981362 0.190912 -0.0292459 -0.981171 0.979649 -0.048128 -0.194862 0.979651 -0.0481262 -0.194855 0.83078 -0.0408128 -0.555102 0.830776 -0.0408146 -0.555109 0.555355 -0.0272836 -0.831166 0.555365 -0.027281 -0.831159 0.195082 -0.00958294 -0.98074 -0.979651 -0.0481281 -0.194855 -0.979649 -0.0481261 -0.194862 -0.830776 -0.0408126 -0.555109 -0.83078 -0.0408148 -0.555102 -0.555365 -0.0272841 -0.831159 -0.555355 -0.0272805 -0.831166 -0.195082 -0.00958294 -0.98074 -0.970213 -0.143917 -0.194872 -0.970215 -0.143922 -0.194855 -0.822785 -0.122052 -0.555092 -0.822775 -0.122045 -0.555108 -0.550015 -0.0815857 -0.83116 -0.550016 -0.0815865 -0.831159 -0.194273 -0.0288174 -0.980524 -0.951437 -0.238322 -0.194858 -0.951436 -0.238318 -0.194871 -0.806852 -0.202103 -0.555107 -0.806861 -0.202109 -0.555092 -0.539363 -0.135104 -0.831164 -0.539368 -0.135108 -0.83116 -0.191507 -0.047971 -0.980318 -0.923497 -0.330433 -0.19485 -0.923496 -0.330431 -0.194858 -0.783149 -0.280214 -0.555119 -0.783156 -0.28022 -0.555107 -0.523538 -0.187327 -0.831154 -0.523525 -0.187317 -0.831164 -0.186787 -0.0668323 -0.980125 -0.886661 -0.41936 -0.194858 -0.886661 -0.419362 -0.194851 -0.751914 -0.355631 -0.555114 -0.751912 -0.355629 -0.555118 -0.502655 -0.237739 -0.831155 -0.502656 -0.237739 -0.831154 -0.180145 -0.0852027 -0.979943 -0.841285 -0.504243 -0.194882 -0.841286 -0.50425 -0.194858 -0.71344 -0.427622 -0.555107 -0.713437 -0.427617 -0.555114 -0.476933 -0.285863 -0.831154 -0.476932 -0.285862 -0.831155 -0.171634 -0.102873 -0.979775 -0.787809 -0.584283 -0.194861 -0.787808 -0.584277 -0.194881 -0.66809 -0.495488 -0.55511 -0.668091 -0.49549 -0.555107 -0.446613 -0.33123 -0.831158 -0.446616 -0.331235 -0.831155 -0.161334 -0.119654 -0.97962 -0.726748 -0.65868 -0.19488 -0.726748 -0.658686 -0.194861 -0.61631 -0.55859 -0.555103 -0.616308 -0.558586 -0.55511 -0.411997 -0.37341 -0.831158 -0.411997 -0.37341 -0.831158 -0.149338 -0.135351 -0.979479 -0.658682 -0.726751 -0.194861 -0.658683 -0.726745 -0.19488 -0.558587 -0.616306 -0.55511 -0.558589 -0.616311 -0.555103 -0.37341 -0.411997 -0.831158 -0.37341 -0.411997 -0.831158 -0.135765 -0.149794 -0.979352 -0.584281 -0.787805 -0.194881 -0.584279 -0.787812 -0.194861 -0.495489 -0.668092 -0.555107 -0.495489 -0.66809 -0.55511 -0.331233 -0.446617 -0.831155 -0.331232 -0.446612 -0.831158 -0.120751 -0.162813 -0.97924 -0.504245 -0.841289 -0.194858 -0.504248 -0.841282 -0.194882 -0.427619 -0.713436 -0.555114 -0.42762 -0.713441 -0.555107 -0.285862 -0.476932 -0.831155 -0.285862 -0.476933 -0.831154 -0.104449 -0.174263 -0.979144 -0.419361 -0.886662 -0.194851 -0.419362 -0.88666 -0.194858 -0.35563 -0.751912 -0.555118 -0.35563 -0.751915 -0.555114 -0.237739 -0.502656 -0.831154 -0.237739 -0.502655 -0.831155 -0.0870323 -0.184014 -0.979063 -0.330433 -0.923496 -0.194858 -0.330432 -0.923498 -0.19485 -0.280217 -0.783157 -0.555107 -0.280218 -0.783148 -0.555119 -0.187322 -0.523523 -0.831164 -0.187322 -0.523539 -0.831154 -0.0686802 -0.191951 -0.978998 -0.238322 -0.951435 -0.194871 -0.238319 -0.951438 -0.194858 -0.202105 -0.806862 -0.555092 -0.202107 -0.806851 -0.555107 -0.135106 -0.539369 -0.831161 -0.135106 -0.539363 -0.831164 -0.0495951 -0.19799 -0.978948 -0.143917 -0.970216 -0.194855 -0.143921 -0.970212 -0.194872 -0.12205 -0.822775 -0.555108 -0.122047 -0.822786 -0.555092 -0.081586 -0.550016 -0.831159 -0.0815862 -0.550014 -0.83116 -0.0299712 -0.202051 -0.978916 -0.048128 -0.979649 -0.194862 -0.0481262 -0.979651 -0.194855 -0.0408128 -0.83078 -0.555102 -0.0408146 -0.830776 -0.555109 -0.0272836 -0.555355 -0.831166 -0.027281 -0.555365 -0.831159 -0.0100257 -0.204095 -0.9789 0.0481281 -0.979651 -0.194855 0.0481261 -0.979649 -0.194862 0.0408126 -0.830776 -0.555109 0.0408148 -0.83078 -0.555102 0.0272841 -0.555365 -0.831159 0.0272805 -0.555355 -0.831166 0.0100257 -0.204095 -0.9789 0.143917 -0.970213 -0.194872 0.143922 -0.970215 -0.194855 0.122052 -0.822785 -0.555092 0.122045 -0.822775 -0.555108 0.0815857 -0.550015 -0.83116 0.0815865 -0.550016 -0.831159 0.0299712 -0.202051 -0.978916 0.238322 -0.951437 -0.194858 0.238318 -0.951436 -0.194871 0.202103 -0.806852 -0.555107 0.202109 -0.806861 -0.555092 0.135104 -0.539363 -0.831164 0.135108 -0.539368 -0.83116 0.0495951 -0.19799 -0.978948 0.330433 -0.923497 -0.19485 0.330431 -0.923496 -0.194858 0.280214 -0.783149 -0.555119 0.28022 -0.783156 -0.555107 0.187327 -0.523538 -0.831154 0.187317 -0.523525 -0.831164 0.0686802 -0.191951 -0.978998 0.41936 -0.886661 -0.194858 0.419362 -0.886661 -0.194851 0.355631 -0.751914 -0.555114 0.355629 -0.751912 -0.555118 0.237739 -0.502655 -0.831155 0.237739 -0.502656 -0.831154 0.0870323 -0.184014 -0.979063 0.504243 -0.841285 -0.194882 0.50425 -0.841286 -0.194858 0.427622 -0.71344 -0.555107 0.427617 -0.713437 -0.555114 0.285863 -0.476933 -0.831154 0.285862 -0.476932 -0.831155 0.104449 -0.174263 -0.979144 0.584283 -0.787809 -0.194861 0.584277 -0.787808 -0.194881 0.495488 -0.66809 -0.55511 0.49549 -0.668091 -0.555107 0.33123 -0.446613 -0.831158 0.331235 -0.446616 -0.831155 0.120751 -0.162813 -0.97924 0.65868 -0.726748 -0.19488 0.658686 -0.726748 -0.194861 0.55859 -0.61631 -0.555103 0.558586 -0.616308 -0.55511 0.37341 -0.411997 -0.831158 0.37341 -0.411997 -0.831158 0.135765 -0.149794 -0.979352 0.726751 -0.658682 -0.194861 0.726745 -0.658683 -0.19488 0.616306 -0.558587 -0.55511 0.616311 -0.558589 -0.555103 0.411997 -0.37341 -0.831158 0.411997 -0.37341 -0.831158 0.149338 -0.135351 -0.979479 0.787805 -0.584281 -0.194881 0.787812 -0.584279 -0.194861 0.668092 -0.495489 -0.555107 0.66809 -0.495489 -0.55511 0.446617 -0.331233 -0.831155 0.446612 -0.331232 -0.831158 0.161334 -0.119654 -0.97962 0.841289 -0.504245 -0.194858 0.841282 -0.504248 -0.194882 0.713436 -0.427619 -0.555114 0.713441 -0.42762 -0.555107 0.476932 -0.285862 -0.831155 0.476933 -0.285862 -0.831154 0.171634 -0.102873 -0.979775 0.886662 -0.419361 -0.194851 0.88666 -0.419362 -0.194858 0.751912 -0.35563 -0.555118 0.751915 -0.35563 -0.555114 0.502656 -0.237739 -0.831154 0.502655 -0.237739 -0.831155 0.180145 -0.0852027 -0.979943 0.923496 -0.330433 -0.194858 0.923498 -0.330432 -0.19485 0.783157 -0.280217 -0.555107 0.783148 -0.280218 -0.555119 0.523523 -0.187322 -0.831164 0.523539 -0.187322 -0.831154 0.186787 -0.0668323 -0.980125 0.951435 -0.238322 -0.194871 0.951438 -0.238319 -0.194858 0.806862 -0.202105 -0.555092 0.806851 -0.202107 -0.555107 0.539369 -0.135106 -0.831161 0.539363 -0.135106 -0.831164 0.191507 -0.047971 -0.980318 0.970216 -0.143917 -0.194855 0.970212 -0.143921 -0.194872 0.822775 -0.12205 -0.555108 0.822786 -0.122047 -0.555092 0.550016 -0.081586 -0.831159 0.550014 -0.0815862 -0.83116 0.194273 -0.0288174 -0.980524 -0.122439 0.992476 0 -0.122439 0.992476 0 -0.220774 0.975325 0 -0.220774 0.975325 0 -0.316922 0.948452 0 -0.316922 0.948452 0 -0.409896 0.912132 0 -0.409896 0.912132 0 -0.4988 0.866717 0 -0.4988 0.866717 0 -0.582719 0.812674 0 -0.582719 0.812674 0 -0.660842 0.750525 0 -0.660842 0.750525 0 -0.732379 0.680897 0 -0.732379 0.680897 0 -0.796614 0.604489 0 -0.796614 0.604489 0 -0.852909 0.52206 0 -0.852909 0.52206 0 -0.900711 0.434418 0 -0.900711 0.434418 0 -0.939534 0.342456 0 -0.939534 0.342456 0 -0.968996 0.247076 0 -0.968996 0.247076 0 -0.9888 0.149244 0 -0.9888 0.149244 0 -0.998754 0.0499084 0 -0.998754 0.0499084 0 0 0 1 0 0 1 0 0 1 0 1 0 0 1 0 1 0 0 1 0 0 0.998754 0.0499084 0 0.998754 0.0499084 0 0.9888 0.149244 0 0.9888 0.149244 0 0.968996 0.247076 0 0.968996 0.247076 0 0.939534 0.342456 0 0.939534 0.342456 0 0.900711 0.434418 0 0.900711 0.434418 0 0.852909 0.52206 0 0.852909 0.52206 0 0.796614 0.604489 0 0.796614 0.604489 0 0.732379 0.680897 0 0.732379 0.680897 0 0.660842 0.750525 0 0.660842 0.750525 0 0.582719 0.812674 0 0.582719 0.812674 0 0.4988 0.866717 0 0.4988 0.866717 0 0.409896 0.912132 0 0.409896 0.912132 0 0.316922 0.948452 0 0.316922 0.948452 0 0.220774 0.975325 0 0.220774 0.975325 0 0.122439 0.992476 0 0.122439 0.992476 0 0.996195 0.0871559 -9.08492e-07 0.996195 0.0871533 2.42472e-05 0.996195 0.0871555 -7.23241e-08 0.996195 0.0871555 -3.78214e-07 0.996195 0.0871555 0 0.996195 0.0871556 0 0.996195 0.0871556 0 0.996195 0.0871555 -1.54503e-07 0.996195 0.0871559 -5.14147e-07 0.996195 0.0871569 0 0.996195 0.0871559 0 0.996195 0.0871559 0 0.996195 0.0871562 6.29608e-07 0 0 1 0 0 1 -0.965926 0 0.258818 -0.707107 0 0.707107 -0.707107 0 0.707107 -0.258818 0 0.965926 -0.258818 0 0.965926 -0.965926 0 0.258818 -0.965926 0 -0.258818 -0.965926 0 -0.258818 -0.707107 0 -0.707107 -0.707107 0 -0.707107 -0.258818 0 -0.965926 -0.258818 0 -0.965926 0.136708 0.849119 0.510204 0.373495 0.849119 0.373495 0.510204 0.849119 0.136708 0.510204 0.849119 -0.136708 0.373495 0.849119 -0.373495 0.136708 0.849119 -0.510204</float_array>
                    <technique_common>
                        <accessor count="5646" source="#shape0-lib-normals-array" stride="3">
                            <param name="X" type="float"/>
                            <param name="Y" type="float"/>
                            <param name="Z" type="float"/>
                        </accessor>
                    </technique_common>
                </source>
                <vertices id="shape0-lib-vertices">
                    <input semantic="POSITION" source="#shape0-lib-positions"/>
                </vertices>
                <triangles count="5646">
                    <input offset="0" semantic="VERTEX" source="#shape0-lib-vertices"/>
                    <input offset="1" semantic="NORMAL" source="#shape0-lib-normals"/>
                    <p>0 0 1 0 2 0 2 1 1 1 3 1 2 2 3 2 4 2 4 3 3 3 5 3 4 4 5 4 6 4 1 5 0 5 7 5 7 6 0 6 8 6 7 7 8 7 9 7 9 8 8 8 10 8 9 9 10 9 11 9 11 10 10 10 12 10 11 11 12 11 13 11 14 12 6 12 15 12 14 13 15 13 16 13 14 14 16 14 17 14 14 15 17 15 18 15 14 16 18 16 19 16 14 17 19 17 12 17 20 18 21 18 22 18 20 19 22 19 23 19 20 20 23 20 24 20 20 21 24 21 25 21 25 22 24 22 5 22 25 23 5 23 3 23 25 24 3 24 1 24 25 25 1 25 7 25 25 26 7 26 26 26 26 27 7 27 9 27 26 28 9 28 11 28 26 29 11 29 13 29 26 30 13 30 27 30 21 31 26 31 27 31 21 32 27 32 28 32 21 33 28 33 22 33 29 34 30 34 31 34 32 35 33 35 34 35 26 36 34 36 33 36 26 37 33 37 35 37 26 38 35 38 36 38 26 39 36 39 37 39 26 40 37 40 25 40 38 41 32 41 34 41 38 42 34 42 30 42 38 43 30 43 29 43 38 44 29 44 39 44 38 45 39 45 40 45 38 46 40 46 41 46 42 47 43 47 44 47 42 48 44 48 45 48 42 49 45 49 37 49 42 50 37 50 46 50 47 51 48 51 49 51 49 52 48 52 50 52 49 53 50 53 51 53 51 54 50 54 52 54 51 55 52 55 53 55 20 56 25 56 53 56 53 57 25 57 51 57 25 58 37 58 51 58 51 59 37 59 45 59 54 60 55 60 56 60 56 61 55 61 57 61 56 62 57 62 58 62 58 63 57 63 59 63 58 64 59 64 60 64 60 65 59 65 61 65 60 66 61 66 62 66 63 67 64 67 65 67 65 68 64 68 56 68 65 69 56 69 58 69 66 70 67 70 68 70 68 71 67 71 69 71 68 72 69 72 70 72 70 73 69 73 71 73 70 74 71 74 72 74 72 75 71 75 64 75 72 76 64 76 63 76 73 77 74 77 75 77 75 78 74 78 76 78 75 79 76 79 77 79 77 80 76 80 78 80 77 81 78 81 79 81 79 82 78 82 80 82 79 83 80 83 81 83 81 84 80 84 82 84 81 85 82 85 83 85 83 86 82 86 84 86 83 87 84 87 85 87 85 88 84 88 86 88 85 89 86 89 87 89 87 90 86 90 88 90 87 91 88 91 89 91 89 92 88 92 90 92 89 93 90 93 91 93 91 94 90 94 92 94 91 95 92 95 93 95 93 96 92 96 94 96 93 97 94 97 95 97 95 98 94 98 96 98 95 99 96 99 97 99 97 100 96 100 98 100 97 101 98 101 99 101 99 102 98 102 100 102 99 103 100 103 101 103 101 104 100 104 102 104 101 105 102 105 103 105 103 106 102 106 104 106 103 107 104 107 105 107 105 108 104 108 106 108 105 109 106 109 107 109 107 110 106 110 108 110 107 111 108 111 109 111 109 112 108 112 67 112 109 113 67 113 66 113 44 114 43 114 110 114 110 115 43 115 111 115 110 116 111 116 112 116 112 117 111 117 113 117 112 118 113 118 114 118 114 119 113 119 74 119 114 120 74 120 73 120 115 121 116 121 117 121 117 122 116 122 60 122 117 123 60 123 62 123 118 124 119 124 120 124 120 125 119 125 121 125 120 126 121 126 122 126 122 127 121 127 123 127 122 128 123 128 124 128 124 129 123 129 115 129 124 130 115 130 117 130 125 131 126 131 127 131 127 132 126 132 128 132 127 133 128 133 129 133 129 134 128 134 130 134 129 135 130 135 131 135 131 136 130 136 132 136 131 137 132 137 133 137 133 138 132 138 134 138 133 139 134 139 135 139 135 140 134 140 136 140 135 141 136 141 137 141 137 142 136 142 138 142 137 143 138 143 139 143 139 144 138 144 140 144 139 145 140 145 141 145 141 146 140 146 142 146 141 147 142 147 143 147 143 148 142 148 144 148 143 149 144 149 145 149 145 150 144 150 146 150 145 151 146 151 147 151 147 152 146 152 148 152 147 153 148 153 149 153 149 154 148 154 150 154 149 155 150 155 151 155 151 156 150 156 152 156 151 157 152 157 153 157 153 158 152 158 154 158 153 159 154 159 155 159 155 160 154 160 156 160 155 161 156 161 157 161 157 162 156 162 158 162 157 163 158 163 159 163 159 164 158 164 160 164 159 165 160 165 161 165 161 166 160 166 118 166 161 167 118 167 120 167 162 168 125 168 127 168 125 169 162 169 163 169 163 170 162 170 164 170 163 171 164 171 165 171 165 172 164 172 48 172 165 173 48 173 47 173 34 174 166 174 30 174 30 175 166 175 167 175 168 176 169 176 170 176 171 177 172 177 173 177 174 178 175 178 171 178 176 179 177 179 174 179 178 180 179 180 176 180 180 181 181 181 178 181 182 182 183 182 180 182 184 183 185 183 182 183 186 184 187 184 184 184 188 185 189 185 186 185 190 186 191 186 188 186 192 187 168 187 170 187 192 188 170 188 193 188 192 189 193 189 194 189 195 190 196 190 197 190 197 191 196 191 198 191 197 192 198 192 199 192 199 193 198 193 200 193 199 194 200 194 201 194 201 195 200 195 202 195 201 196 202 196 173 196 203 197 194 197 190 197 190 198 194 198 193 198 190 199 193 199 191 199 204 200 205 200 206 200 206 201 205 201 169 201 206 202 169 202 168 202 207 203 208 203 209 203 209 204 208 204 210 204 209 205 210 205 211 205 211 206 210 206 212 206 211 207 212 207 197 207 197 208 212 208 195 208 213 209 207 209 214 209 214 210 207 210 209 210 214 211 209 211 215 211 215 212 209 212 211 212 215 213 211 213 199 213 199 214 211 214 197 214 216 215 213 215 217 215 217 216 213 216 214 216 217 217 214 217 218 217 218 218 214 218 215 218 218 219 215 219 201 219 201 220 215 220 199 220 219 221 216 221 220 221 220 222 216 222 217 222 220 223 217 223 221 223 221 224 217 224 218 224 221 225 218 225 172 225 172 226 218 226 201 226 172 227 201 227 173 227 222 228 219 228 223 228 223 229 219 229 220 229 223 230 220 230 224 230 224 231 220 231 221 231 224 232 221 232 175 232 175 233 221 233 172 233 175 234 172 234 171 234 225 235 222 235 226 235 226 236 222 236 223 236 226 237 223 237 227 237 227 238 223 238 224 238 227 239 224 239 177 239 177 240 224 240 175 240 177 241 175 241 174 241 228 242 225 242 229 242 229 243 225 243 226 243 229 244 226 244 230 244 230 245 226 245 227 245 230 246 227 246 179 246 179 247 227 247 177 247 179 248 177 248 176 248 231 249 228 249 232 249 232 250 228 250 229 250 232 251 229 251 233 251 233 252 229 252 230 252 233 253 230 253 181 253 181 254 230 254 179 254 181 255 179 255 178 255 234 256 231 256 235 256 235 257 231 257 232 257 235 258 232 258 236 258 236 259 232 259 233 259 236 260 233 260 183 260 183 261 233 261 181 261 183 262 181 262 180 262 237 263 234 263 238 263 238 264 234 264 235 264 238 265 235 265 239 265 239 266 235 266 236 266 239 267 236 267 185 267 185 268 236 268 183 268 185 269 183 269 182 269 240 270 237 270 241 270 241 271 237 271 238 271 241 272 238 272 242 272 242 273 238 273 239 273 242 274 239 274 187 274 187 275 239 275 185 275 187 276 185 276 184 276 243 277 240 277 244 277 244 278 240 278 241 278 244 279 241 279 245 279 245 280 241 280 242 280 245 281 242 281 189 281 189 282 242 282 187 282 189 283 187 283 186 283 246 284 243 284 247 284 247 285 243 285 244 285 247 286 244 286 248 286 248 287 244 287 245 287 248 288 245 288 191 288 191 289 245 289 189 289 191 290 189 290 188 290 205 291 246 291 169 291 169 292 246 292 247 292 169 293 247 293 170 293 170 294 247 294 248 294 170 295 248 295 193 295 193 296 248 296 191 296 249 297 250 297 40 297 40 298 250 298 41 298 251 299 39 299 252 299 251 300 252 300 253 300 251 301 253 301 254 301 251 302 254 302 255 302 39 303 29 303 252 303 252 304 29 304 256 304 257 305 29 305 258 305 257 306 256 306 29 306 29 307 259 307 258 307 260 308 261 308 262 308 263 309 255 309 254 309 263 310 254 310 264 310 263 311 264 311 265 311 263 312 265 312 266 312 263 313 266 313 267 313 263 314 267 314 260 314 263 315 260 315 262 315 29 316 31 316 259 316 259 317 31 317 262 317 259 318 262 318 261 318 92 319 268 319 94 319 94 320 268 320 269 320 94 321 269 321 96 321 96 322 269 322 270 322 96 323 270 323 98 323 98 324 270 324 271 324 98 325 271 325 100 325 100 326 271 326 272 326 100 327 272 327 102 327 102 328 272 328 273 328 102 329 273 329 104 329 104 330 273 330 274 330 104 331 274 331 106 331 106 332 274 332 275 332 106 333 275 333 108 333 108 334 275 334 276 334 108 335 276 335 67 335 67 336 276 336 277 336 67 337 277 337 69 337 69 338 277 338 278 338 69 339 278 339 71 339 71 340 278 340 279 340 71 341 279 341 64 341 64 342 279 342 280 342 64 343 280 343 56 343 56 344 280 344 281 344 56 345 281 345 54 345 54 346 281 346 282 346 54 347 282 347 55 347 55 348 282 348 283 348 55 349 283 349 57 349 57 350 283 350 284 350 57 351 284 351 59 351 59 352 284 352 285 352 59 353 285 353 61 353 61 354 285 354 286 354 61 355 286 355 62 355 62 356 286 356 287 356 62 357 287 357 117 357 117 358 287 358 288 358 117 359 288 359 124 359 124 360 288 360 289 360 124 361 289 361 122 361 122 362 289 362 290 362 122 363 290 363 120 363 120 364 290 364 291 364 120 365 291 365 161 365 161 366 291 366 292 366 161 367 292 367 159 367 159 368 292 368 293 368 159 369 293 369 157 369 157 370 293 370 294 370 157 371 294 371 155 371 155 372 294 372 295 372 155 373 295 373 153 373 153 374 295 374 296 374 153 375 296 375 151 375 151 376 296 376 297 376 151 377 297 377 149 377 149 378 297 378 298 378 149 379 298 379 147 379 147 380 298 380 299 380 147 381 299 381 145 381 145 382 299 382 208 382 41 383 250 383 300 383 300 384 250 384 301 384 302 385 303 385 304 385 305 386 306 386 307 386 305 387 307 387 308 387 308 388 307 388 309 388 310 389 311 389 312 389 176 390 313 390 314 390 301 391 184 391 182 391 315 392 301 392 182 392 315 393 182 393 180 393 315 394 180 394 178 394 315 395 178 395 176 395 315 396 176 396 314 396 316 397 317 397 318 397 316 398 318 398 319 398 316 399 319 399 320 399 316 400 320 400 321 400 316 401 321 401 322 401 316 402 322 402 323 402 316 403 323 403 324 403 316 404 324 404 325 404 316 405 325 405 326 405 327 406 328 406 329 406 327 407 329 407 330 407 327 408 330 408 331 408 327 409 331 409 332 409 327 410 332 410 333 410 327 411 333 411 334 411 327 412 334 412 335 412 327 413 335 413 336 413 327 414 336 414 337 414 327 415 337 415 319 415 327 416 319 416 318 416 317 417 302 417 304 417 317 418 304 418 338 418 317 419 338 419 339 419 317 420 339 420 340 420 317 421 340 421 318 421 341 422 300 422 342 422 341 423 342 423 343 423 341 424 343 424 344 424 341 425 344 425 345 425 341 426 345 426 346 426 328 427 327 427 347 427 328 428 347 428 348 428 328 429 348 429 349 429 328 430 349 430 350 430 328 431 350 431 351 431 203 432 190 432 188 432 203 433 188 433 186 433 203 434 186 434 184 434 203 435 184 435 301 435 301 436 315 436 300 436 300 437 315 437 308 437 300 438 308 438 342 438 342 439 308 439 309 439 342 440 309 440 352 440 303 441 302 441 353 441 353 442 302 442 354 442 353 443 354 443 355 443 355 444 354 444 356 444 356 445 354 445 357 445 356 446 357 446 358 446 358 447 357 447 359 447 358 448 359 448 360 448 360 449 359 449 361 449 360 450 361 450 362 450 362 451 361 451 363 451 363 452 361 452 364 452 363 453 364 453 365 453 365 454 364 454 366 454 365 455 366 455 367 455 367 456 366 456 368 456 367 457 368 457 369 457 369 458 368 458 370 458 369 459 370 459 371 459 371 460 370 460 372 460 372 461 370 461 373 461 372 462 373 462 374 462 374 463 373 463 375 463 374 464 375 464 376 464 376 465 375 465 377 465 377 466 375 466 378 466 377 467 378 467 379 467 379 468 378 468 307 468 379 469 307 469 306 469 310 470 312 470 380 470 380 471 312 471 351 471 380 472 351 472 350 472 312 473 311 473 381 473 381 474 311 474 382 474 381 475 382 475 383 475 383 476 382 476 384 476 383 477 384 477 385 477 385 478 384 478 386 478 385 479 386 479 387 479 385 480 387 480 196 480 196 481 387 481 388 481 196 482 388 482 198 482 198 483 388 483 389 483 198 484 389 484 200 484 200 485 389 485 390 485 200 486 390 486 202 486 202 487 390 487 391 487 202 488 391 488 392 488 202 489 392 489 173 489 173 490 392 490 393 490 173 491 393 491 171 491 171 492 393 492 394 492 171 493 394 493 395 493 171 494 395 494 174 494 174 495 395 495 396 495 174 496 396 496 176 496 176 497 396 497 397 497 176 498 397 498 313 498 38 499 41 499 341 499 41 500 300 500 341 500 345 501 398 501 346 501 344 502 399 502 345 502 343 503 400 503 344 503 342 504 401 504 343 504 352 505 402 505 342 505 309 506 403 506 352 506 307 507 404 507 309 507 378 508 405 508 307 508 375 509 406 509 378 509 373 510 407 510 375 510 370 511 408 511 373 511 368 512 409 512 370 512 366 513 410 513 368 513 364 514 411 514 366 514 412 515 33 515 413 515 32 516 38 516 414 516 32 517 414 517 413 517 32 518 413 518 33 518 38 519 341 519 414 519 414 520 341 520 346 520 414 521 346 521 398 521 268 522 415 522 416 522 416 523 415 523 417 523 416 524 417 524 418 524 418 525 417 525 419 525 418 526 419 526 411 526 411 527 419 527 410 527 411 528 410 528 366 528 420 529 36 529 412 529 412 530 36 530 35 530 412 531 35 531 33 531 421 532 420 532 422 532 422 533 420 533 412 533 422 534 412 534 423 534 423 535 412 535 413 535 423 536 413 536 398 536 398 537 413 537 414 537 424 538 421 538 425 538 425 539 421 539 422 539 425 540 422 540 426 540 426 541 422 541 423 541 426 542 423 542 399 542 399 543 423 543 398 543 399 544 398 544 345 544 427 545 424 545 428 545 428 546 424 546 425 546 428 547 425 547 429 547 429 548 425 548 426 548 429 549 426 549 400 549 400 550 426 550 399 550 400 551 399 551 344 551 430 552 427 552 431 552 431 553 427 553 428 553 431 554 428 554 432 554 432 555 428 555 429 555 432 556 429 556 401 556 401 557 429 557 400 557 401 558 400 558 343 558 433 559 430 559 434 559 434 560 430 560 431 560 434 561 431 561 435 561 435 562 431 562 432 562 435 563 432 563 402 563 402 564 432 564 401 564 402 565 401 565 342 565 436 566 433 566 437 566 437 567 433 567 434 567 437 568 434 568 438 568 438 569 434 569 435 569 438 570 435 570 403 570 403 571 435 571 402 571 403 572 402 572 352 572 439 573 436 573 440 573 440 574 436 574 437 574 440 575 437 575 441 575 441 576 437 576 438 576 441 577 438 577 404 577 404 578 438 578 403 578 404 579 403 579 309 579 442 580 439 580 443 580 443 581 439 581 440 581 443 582 440 582 444 582 444 583 440 583 441 583 444 584 441 584 405 584 405 585 441 585 404 585 405 586 404 586 307 586 445 587 442 587 446 587 446 588 442 588 443 588 446 589 443 589 447 589 447 590 443 590 444 590 447 591 444 591 406 591 406 592 444 592 405 592 406 593 405 593 378 593 448 594 445 594 449 594 449 595 445 595 446 595 449 596 446 596 450 596 450 597 446 597 447 597 450 598 447 598 407 598 407 599 447 599 406 599 407 600 406 600 375 600 451 601 448 601 452 601 452 602 448 602 449 602 452 603 449 603 453 603 453 604 449 604 450 604 453 605 450 605 408 605 408 606 450 606 407 606 408 607 407 607 373 607 454 608 451 608 455 608 455 609 451 609 452 609 455 610 452 610 456 610 456 611 452 611 453 611 456 612 453 612 409 612 409 613 453 613 408 613 409 614 408 614 370 614 415 615 454 615 417 615 417 616 454 616 455 616 417 617 455 617 419 617 419 618 455 618 456 618 419 619 456 619 410 619 410 620 456 620 409 620 410 621 409 621 368 621 51 622 457 622 49 622 49 623 457 623 458 623 49 624 458 624 47 624 47 625 458 625 459 625 47 626 459 626 165 626 165 627 459 627 460 627 165 628 460 628 163 628 163 629 460 629 461 629 163 630 461 630 125 630 125 631 461 631 462 631 125 632 462 632 126 632 126 633 462 633 463 633 126 634 463 634 128 634 128 635 463 635 464 635 128 636 464 636 130 636 130 637 464 637 465 637 130 638 465 638 132 638 132 639 465 639 466 639 132 640 466 640 134 640 134 641 466 641 467 641 134 642 467 642 136 642 136 643 467 643 468 643 136 644 468 644 138 644 138 645 468 645 469 645 138 646 469 646 140 646 140 647 469 647 470 647 140 648 470 648 142 648 142 649 470 649 471 649 142 650 471 650 144 650 457 651 51 651 472 651 472 652 51 652 45 652 472 653 45 653 473 653 473 654 45 654 44 654 473 655 44 655 474 655 474 656 44 656 110 656 474 657 110 657 475 657 475 658 110 658 112 658 475 659 112 659 476 659 476 660 112 660 114 660 476 661 114 661 477 661 477 662 114 662 73 662 477 663 73 663 478 663 478 664 73 664 75 664 478 665 75 665 479 665 479 666 75 666 77 666 479 667 77 667 480 667 480 668 77 668 79 668 480 669 79 669 481 669 481 670 79 670 81 670 481 671 81 671 482 671 482 672 81 672 83 672 482 673 83 673 483 673 483 674 83 674 85 674 483 675 85 675 484 675 484 676 85 676 87 676 484 677 87 677 485 677 485 678 87 678 89 678 485 679 89 679 486 679 486 680 89 680 91 680 486 681 91 681 487 681 487 682 91 682 93 682 487 683 93 683 488 683 58 684 489 684 65 684 65 685 489 685 490 685 65 686 490 686 63 686 63 687 490 687 491 687 63 688 491 688 72 688 72 689 491 689 492 689 72 690 492 690 70 690 70 691 492 691 493 691 70 692 493 692 68 692 68 693 493 693 494 693 68 694 494 694 66 694 66 695 494 695 495 695 66 696 495 696 109 696 109 697 495 697 496 697 109 698 496 698 107 698 107 699 496 699 497 699 107 700 497 700 105 700 105 701 497 701 498 701 105 702 498 702 103 702 103 703 498 703 499 703 103 704 499 704 101 704 101 705 499 705 500 705 101 706 500 706 99 706 99 707 500 707 501 707 99 708 501 708 97 708 97 709 501 709 502 709 97 710 502 710 95 710 95 711 502 711 488 711 95 712 488 712 93 712 489 713 58 713 503 713 503 714 58 714 60 714 503 715 60 715 504 715 504 716 60 716 116 716 504 717 116 717 505 717 505 718 116 718 115 718 505 719 115 719 506 719 506 720 115 720 123 720 506 721 123 721 507 721 507 722 123 722 121 722 507 723 121 723 508 723 508 724 121 724 119 724 508 725 119 725 509 725 509 726 119 726 118 726 509 727 118 727 510 727 510 728 118 728 160 728 510 729 160 729 511 729 511 730 160 730 158 730 511 731 158 731 512 731 512 732 158 732 156 732 512 733 156 733 513 733 513 734 156 734 154 734 513 735 154 735 514 735 514 736 154 736 152 736 514 737 152 737 515 737 515 738 152 738 150 738 515 739 150 739 516 739 516 740 150 740 148 740 516 741 148 741 517 741 517 742 148 742 146 742 517 743 146 743 518 743 518 744 146 744 144 744 518 745 144 745 471 745 252 746 519 746 520 746 252 747 520 747 521 747 252 748 521 748 522 748 252 749 522 749 523 749 252 750 523 750 524 750 252 751 524 751 525 751 252 752 525 752 253 752 526 753 527 753 528 753 526 754 529 754 527 754 530 755 527 755 531 755 530 756 528 756 527 756 532 757 533 757 534 757 532 758 535 758 533 758 536 759 537 759 538 759 539 760 540 760 541 760 542 761 543 761 544 761 544 762 543 762 545 762 545 763 546 763 544 763 547 764 548 764 549 764 550 765 538 765 537 765 551 766 552 766 553 766 553 767 552 767 554 767 555 768 556 768 557 768 555 769 557 769 558 769 555 770 558 770 548 770 555 771 548 771 547 771 559 772 534 772 533 772 559 773 533 773 560 773 559 774 560 774 561 774 562 775 563 775 564 775 562 776 564 776 565 776 562 777 565 777 528 777 562 778 528 778 530 778 566 779 526 779 528 779 566 780 528 780 567 780 566 781 567 781 568 781 566 782 568 782 569 782 570 783 571 783 572 783 570 784 572 784 573 784 570 785 573 785 543 785 570 786 543 786 542 786 574 787 545 787 543 787 574 788 543 788 573 788 574 789 573 789 575 789 576 790 577 790 578 790 576 791 578 791 579 791 576 792 579 792 580 792 576 793 580 793 581 793 576 794 581 794 582 794 576 795 582 795 583 795 576 796 583 796 584 796 576 797 584 797 585 797 577 798 576 798 586 798 577 799 586 799 587 799 577 800 587 800 588 800 577 801 588 801 556 801 577 802 556 802 555 802 577 803 555 803 589 803 577 804 589 804 590 804 577 805 590 805 591 805 577 806 591 806 592 806 577 807 592 807 593 807 577 808 593 808 594 808 577 809 594 809 595 809 577 810 595 810 596 810 577 811 596 811 597 811 577 812 597 812 598 812 577 813 598 813 599 813 577 814 599 814 600 814 577 815 600 815 601 815 577 816 601 816 602 816 577 817 602 817 603 817 577 818 603 818 604 818 577 819 604 819 578 819 605 820 606 820 607 820 605 821 607 821 608 821 605 822 608 822 609 822 605 823 609 823 610 823 605 824 610 824 611 824 605 825 611 825 612 825 605 826 612 826 613 826 614 827 615 827 616 827 614 828 616 828 617 828 614 829 617 829 618 829 614 830 618 830 619 830 614 831 619 831 620 831 614 832 620 832 621 832 616 833 615 833 531 833 616 834 531 834 527 834 616 835 527 835 529 835 616 836 529 836 622 836 616 837 622 837 623 837 616 838 623 838 624 838 616 839 624 839 625 839 616 840 625 840 626 840 616 841 626 841 627 841 616 842 627 842 628 842 616 843 628 843 629 843 616 844 629 844 617 844 630 845 631 845 632 845 630 846 632 846 633 846 630 847 633 847 634 847 630 848 634 848 635 848 630 849 635 849 636 849 630 850 636 850 637 850 561 851 560 851 638 851 561 852 638 852 639 852 561 853 639 853 640 853 561 854 640 854 641 854 561 855 641 855 642 855 561 856 642 856 643 856 561 857 643 857 539 857 561 858 539 858 541 858 560 859 533 859 535 859 560 860 535 860 644 860 560 861 644 861 645 861 560 862 645 862 646 862 560 863 646 863 647 863 560 864 647 864 648 864 649 865 648 865 647 865 649 866 647 866 650 866 649 867 650 867 651 867 649 868 651 868 652 868 649 869 652 869 653 869 649 870 653 870 654 870 649 871 654 871 655 871 649 872 655 872 656 872 649 873 656 873 657 873 649 874 657 874 658 874 659 875 660 875 661 875 659 876 661 876 662 876 659 877 662 877 663 877 659 878 663 878 664 878 659 879 664 879 665 879 659 880 665 880 666 880 575 881 573 881 667 881 575 882 667 882 668 882 575 883 668 883 669 883 575 884 669 884 670 884 575 885 670 885 671 885 575 886 671 886 672 886 575 887 672 887 660 887 575 888 660 888 659 888 652 889 666 889 665 889 652 890 665 890 673 890 652 891 673 891 674 891 652 892 674 892 675 892 652 893 675 893 676 893 652 894 676 894 677 894 652 895 677 895 678 895 652 896 678 896 679 896 652 897 679 897 680 897 652 898 680 898 653 898 655 899 654 899 681 899 655 900 681 900 682 900 655 901 682 901 683 901 655 902 683 902 684 902 685 903 538 903 550 903 685 904 550 904 686 904 685 905 686 905 687 905 685 906 687 906 688 906 685 907 688 907 689 907 685 908 689 908 690 908 685 909 690 909 691 909 685 910 691 910 692 910 693 911 658 911 657 911 693 912 657 912 694 912 693 913 694 913 695 913 693 914 695 914 696 914 693 915 696 915 697 915 693 916 697 916 698 916 693 917 698 917 554 917 693 918 554 918 552 918 586 919 576 919 699 919 699 920 576 920 700 920 699 921 700 921 701 921 701 922 700 922 702 922 701 923 702 923 703 923 668 924 667 924 704 924 704 925 667 925 705 925 704 926 705 926 706 926 706 927 705 927 707 927 706 928 707 928 708 928 708 929 707 929 709 929 708 930 709 930 710 930 710 931 709 931 711 931 710 932 711 932 712 932 712 933 711 933 713 933 712 934 713 934 714 934 714 935 713 935 715 935 714 936 715 936 716 936 716 937 715 937 547 937 716 938 547 938 549 938 608 939 607 939 717 939 717 940 607 940 718 940 717 941 718 941 719 941 719 942 718 942 720 942 719 943 720 943 721 943 721 944 720 944 722 944 721 945 722 945 723 945 723 946 722 946 724 946 723 947 724 947 725 947 725 948 724 948 726 948 725 949 726 949 727 949 727 950 726 950 728 950 727 951 728 951 729 951 729 952 728 952 730 952 729 953 730 953 731 953 731 954 730 954 692 954 731 955 692 955 705 955 705 956 692 956 691 956 732 957 733 957 734 957 734 958 733 958 593 958 734 959 593 959 735 959 735 960 593 960 592 960 546 961 736 961 544 961 544 962 736 962 737 962 544 963 737 963 542 963 738 964 567 964 572 964 572 965 567 965 528 965 572 966 528 966 739 966 739 967 528 967 740 967 739 968 740 968 741 968 741 969 740 969 742 969 741 970 742 970 743 970 743 971 742 971 744 971 743 972 744 972 745 972 745 973 744 973 746 973 745 974 746 974 747 974 747 975 746 975 748 975 747 976 748 976 749 976 749 977 748 977 750 977 749 978 750 978 751 978 751 979 750 979 752 979 751 980 752 980 611 980 611 981 752 981 612 981 753 982 639 982 754 982 754 983 639 983 638 983 754 984 638 984 755 984 755 985 638 985 756 985 755 986 756 986 757 986 757 987 756 987 758 987 757 988 758 988 759 988 759 989 758 989 760 989 759 990 760 990 761 990 761 991 760 991 762 991 761 992 762 992 763 992 763 993 762 993 764 993 763 994 764 994 765 994 765 995 764 995 766 995 765 996 766 996 767 996 767 997 766 997 768 997 767 998 768 998 631 998 631 999 768 999 632 999 613 1000 612 1000 769 1000 769 1001 612 1001 752 1001 769 1002 752 1002 770 1002 770 1003 752 1003 750 1003 770 1004 750 1004 771 1004 771 1005 750 1005 748 1005 771 1006 748 1006 772 1006 772 1007 748 1007 746 1007 772 1008 746 1008 773 1008 773 1009 746 1009 744 1009 773 1010 744 1010 774 1010 774 1011 744 1011 742 1011 774 1012 742 1012 775 1012 775 1013 742 1013 740 1013 775 1014 740 1014 565 1014 565 1015 740 1015 528 1015 564 1016 563 1016 776 1016 776 1017 563 1017 777 1017 776 1018 777 1018 778 1018 776 1019 778 1019 779 1019 779 1020 778 1020 780 1020 779 1021 780 1021 781 1021 779 1022 781 1022 754 1022 754 1023 781 1023 782 1023 754 1024 782 1024 753 1024 541 1025 540 1025 568 1025 568 1026 540 1026 783 1026 568 1027 783 1027 569 1027 638 1028 560 1028 756 1028 756 1029 560 1029 784 1029 756 1030 784 1030 758 1030 758 1031 784 1031 785 1031 758 1032 785 1032 760 1032 760 1033 785 1033 786 1033 760 1034 786 1034 762 1034 762 1035 786 1035 787 1035 762 1036 787 1036 764 1036 764 1037 787 1037 788 1037 764 1038 788 1038 766 1038 766 1039 788 1039 789 1039 766 1040 789 1040 768 1040 768 1041 789 1041 790 1041 768 1042 790 1042 632 1042 632 1043 790 1043 633 1043 560 1044 648 1044 784 1044 784 1045 648 1045 791 1045 784 1046 791 1046 785 1046 785 1047 791 1047 792 1047 785 1048 792 1048 786 1048 786 1049 792 1049 793 1049 786 1050 793 1050 787 1050 787 1051 793 1051 794 1051 787 1052 794 1052 788 1052 788 1053 794 1053 795 1053 788 1054 795 1054 789 1054 789 1055 795 1055 796 1055 789 1056 796 1056 790 1056 790 1057 796 1057 797 1057 790 1058 797 1058 633 1058 633 1059 797 1059 634 1059 798 1060 799 1060 800 1060 800 1061 799 1061 801 1061 800 1062 801 1062 802 1062 802 1063 801 1063 803 1063 802 1064 803 1064 646 1064 646 1065 803 1065 647 1065 611 1066 610 1066 751 1066 751 1067 610 1067 804 1067 751 1068 804 1068 749 1068 749 1069 804 1069 805 1069 749 1070 805 1070 747 1070 747 1071 805 1071 806 1071 747 1072 806 1072 745 1072 745 1073 806 1073 807 1073 745 1074 807 1074 743 1074 743 1075 807 1075 808 1075 743 1076 808 1076 741 1076 741 1077 808 1077 809 1077 741 1078 809 1078 739 1078 739 1079 809 1079 810 1079 739 1080 810 1080 572 1080 572 1081 810 1081 573 1081 645 1082 644 1082 811 1082 811 1083 644 1083 812 1083 811 1084 812 1084 813 1084 813 1085 812 1085 814 1085 813 1086 814 1086 571 1086 571 1087 814 1087 738 1087 571 1088 738 1088 572 1088 815 1089 816 1089 817 1089 817 1090 816 1090 818 1090 817 1091 818 1091 819 1091 819 1092 818 1092 820 1092 819 1093 820 1093 650 1093 650 1094 820 1094 651 1094 648 1095 649 1095 791 1095 791 1096 649 1096 821 1096 791 1097 821 1097 792 1097 792 1098 821 1098 822 1098 792 1099 822 1099 793 1099 793 1100 822 1100 823 1100 793 1101 823 1101 794 1101 794 1102 823 1102 824 1102 794 1103 824 1103 795 1103 795 1104 824 1104 825 1104 795 1105 825 1105 796 1105 796 1106 825 1106 826 1106 796 1107 826 1107 797 1107 797 1108 826 1108 827 1108 797 1109 827 1109 634 1109 634 1110 827 1110 635 1110 610 1111 609 1111 804 1111 804 1112 609 1112 828 1112 804 1113 828 1113 805 1113 805 1114 828 1114 829 1114 805 1115 829 1115 806 1115 806 1116 829 1116 830 1116 806 1117 830 1117 807 1117 807 1118 830 1118 831 1118 807 1119 831 1119 808 1119 808 1120 831 1120 832 1120 808 1121 832 1121 809 1121 809 1122 832 1122 833 1122 809 1123 833 1123 810 1123 810 1124 833 1124 834 1124 810 1125 834 1125 573 1125 573 1126 834 1126 667 1126 835 1127 594 1127 733 1127 733 1128 594 1128 593 1128 609 1129 608 1129 828 1129 828 1130 608 1130 717 1130 828 1131 717 1131 829 1131 829 1132 717 1132 719 1132 829 1133 719 1133 830 1133 830 1134 719 1134 721 1134 830 1135 721 1135 831 1135 831 1136 721 1136 723 1136 831 1137 723 1137 832 1137 832 1138 723 1138 725 1138 832 1139 725 1139 833 1139 833 1140 725 1140 727 1140 833 1141 727 1141 834 1141 834 1142 727 1142 729 1142 834 1143 729 1143 667 1143 667 1144 729 1144 731 1144 667 1145 731 1145 705 1145 703 1146 702 1146 836 1146 836 1147 702 1147 837 1147 836 1148 837 1148 838 1148 836 1149 838 1149 839 1149 839 1150 838 1150 840 1150 839 1151 840 1151 841 1151 684 1152 683 1152 840 1152 840 1153 683 1153 841 1153 649 1154 658 1154 821 1154 821 1155 658 1155 842 1155 821 1156 842 1156 822 1156 822 1157 842 1157 843 1157 822 1158 843 1158 823 1158 823 1159 843 1159 844 1159 823 1160 844 1160 824 1160 824 1161 844 1161 845 1161 824 1162 845 1162 825 1162 825 1163 845 1163 846 1163 825 1164 846 1164 826 1164 826 1165 846 1165 847 1165 826 1166 847 1166 827 1166 827 1167 847 1167 848 1167 827 1168 848 1168 635 1168 635 1169 848 1169 636 1169 552 1170 551 1170 538 1170 538 1171 551 1171 849 1171 538 1172 849 1172 536 1172 658 1173 693 1173 842 1173 842 1174 693 1174 850 1174 842 1175 850 1175 843 1175 843 1176 850 1176 851 1176 843 1177 851 1177 844 1177 844 1178 851 1178 852 1178 844 1179 852 1179 845 1179 845 1180 852 1180 853 1180 845 1181 853 1181 846 1181 846 1182 853 1182 854 1182 846 1183 854 1183 847 1183 847 1184 854 1184 855 1184 847 1185 855 1185 848 1185 848 1186 855 1186 856 1186 848 1187 856 1187 636 1187 636 1188 856 1188 857 1188 636 1189 857 1189 637 1189 858 1190 859 1190 860 1190 858 1191 861 1191 859 1191 862 1192 863 1192 864 1192 865 1193 866 1193 867 1193 868 1194 869 1194 870 1194 868 1195 871 1195 869 1195 872 1196 873 1196 874 1196 875 1197 876 1197 877 1197 875 1198 878 1198 876 1198 878 1199 879 1199 876 1199 880 1200 881 1200 882 1200 883 1201 884 1201 885 1201 886 1202 887 1202 888 1202 889 1203 890 1203 891 1203 892 1204 891 1204 890 1204 893 1205 894 1205 895 1205 896 1206 897 1206 898 1206 898 1207 899 1207 896 1207 898 1208 900 1208 899 1208 901 1209 902 1209 903 1209 904 1210 905 1210 860 1210 904 1211 860 1211 906 1211 904 1212 906 1212 907 1212 904 1213 907 1213 908 1213 904 1214 908 1214 909 1214 904 1215 909 1215 910 1215 911 1216 877 1216 876 1216 911 1217 876 1217 879 1217 911 1218 879 1218 867 1218 912 1219 913 1219 914 1219 912 1220 914 1220 915 1220 912 1221 915 1221 916 1221 912 1222 916 1222 917 1222 912 1223 917 1223 918 1223 919 1224 888 1224 887 1224 919 1225 887 1225 920 1225 919 1226 920 1226 921 1226 919 1227 921 1227 922 1227 919 1228 922 1228 923 1228 919 1229 923 1229 924 1229 925 1230 908 1230 907 1230 925 1231 907 1231 899 1231 925 1232 899 1232 900 1232 926 1233 896 1233 899 1233 926 1234 899 1234 907 1234 926 1235 907 1235 927 1235 928 1236 929 1236 930 1236 928 1237 930 1237 931 1237 928 1238 931 1238 860 1238 932 1239 928 1239 860 1239 932 1240 860 1240 859 1240 932 1241 859 1241 933 1241 934 1242 858 1242 860 1242 934 1243 860 1243 905 1243 934 1244 905 1244 903 1244 934 1245 903 1245 902 1245 630 1246 637 1246 935 1246 630 1247 935 1247 936 1247 630 1248 936 1248 937 1248 630 1249 937 1249 938 1249 630 1250 938 1250 939 1250 630 1251 939 1251 940 1251 630 1252 940 1252 941 1252 942 1253 943 1253 944 1253 942 1254 944 1254 945 1254 942 1255 945 1255 946 1255 942 1256 946 1256 947 1256 942 1257 947 1257 948 1257 942 1258 948 1258 949 1258 942 1259 949 1259 950 1259 605 1260 951 1260 952 1260 605 1261 952 1261 953 1261 605 1262 953 1262 954 1262 605 1263 954 1263 955 1263 605 1264 955 1264 956 1264 605 1265 956 1265 606 1265 914 1266 957 1266 958 1266 914 1267 958 1267 959 1267 914 1268 959 1268 960 1268 914 1269 960 1269 961 1269 914 1270 961 1270 962 1270 914 1271 962 1271 963 1271 914 1272 963 1272 964 1272 914 1273 964 1273 965 1273 914 1274 965 1274 966 1274 914 1275 966 1275 967 1275 914 1276 967 1276 968 1276 914 1277 968 1277 969 1277 914 1278 969 1278 970 1278 914 1279 970 1279 971 1279 914 1280 971 1280 972 1280 914 1281 972 1281 973 1281 914 1282 973 1282 974 1282 914 1283 974 1283 975 1283 914 1284 975 1284 915 1284 913 1285 976 1285 977 1285 913 1286 977 1286 978 1286 913 1287 978 1287 979 1287 913 1288 979 1288 957 1288 913 1289 957 1289 914 1289 980 1290 950 1290 949 1290 980 1291 949 1291 981 1291 980 1292 981 1292 982 1292 980 1293 982 1293 983 1293 980 1294 983 1294 984 1294 980 1295 984 1295 985 1295 980 1296 985 1296 986 1296 980 1297 986 1297 870 1297 980 1298 870 1298 869 1298 987 1299 873 1299 872 1299 987 1300 872 1300 988 1300 987 1301 988 1301 989 1301 987 1302 989 1302 990 1302 987 1303 990 1303 991 1303 987 1304 991 1304 992 1304 987 1305 992 1305 993 1305 987 1306 993 1306 994 1306 913 1307 912 1307 995 1307 913 1308 995 1308 996 1308 913 1309 996 1309 997 1309 913 1310 997 1310 998 1310 999 1311 946 1311 945 1311 999 1312 945 1312 1000 1312 999 1313 1000 1313 1001 1313 999 1314 1001 1314 1002 1314 999 1315 1002 1315 1003 1315 999 1316 1003 1316 1004 1316 999 1317 1004 1317 1005 1317 943 1318 1006 1318 1007 1318 943 1319 1007 1319 1008 1319 943 1320 1008 1320 1009 1320 943 1321 1009 1321 1010 1321 943 1322 1010 1322 944 1322 1010 1323 890 1323 889 1323 1010 1324 889 1324 1011 1324 1010 1325 1011 1325 1012 1325 1010 1326 1012 1326 1013 1326 1010 1327 1013 1327 1014 1327 1010 1328 1014 1328 1015 1328 1010 1329 1015 1329 944 1329 927 1330 907 1330 1016 1330 927 1331 1016 1331 1017 1331 927 1332 1017 1332 1018 1332 927 1333 1018 1333 1019 1333 927 1334 1019 1334 1020 1334 927 1335 1020 1335 1021 1335 927 1336 1021 1336 1022 1336 927 1337 1022 1337 1023 1337 927 1338 1023 1338 1024 1338 927 1339 1024 1339 895 1339 927 1340 895 1340 894 1340 1006 1341 879 1341 878 1341 1006 1342 878 1342 1025 1342 1006 1343 1025 1343 1026 1343 1006 1344 1026 1344 1027 1344 1006 1345 1027 1345 1007 1345 1028 1346 867 1346 866 1346 1028 1347 866 1347 1029 1347 1028 1348 1029 1348 1030 1348 1028 1349 1030 1349 1031 1349 1028 1350 1031 1350 1032 1350 1028 1351 1032 1351 901 1351 1028 1352 901 1352 903 1352 1033 1353 1034 1353 1035 1353 1033 1354 1035 1354 1036 1354 1033 1355 1036 1355 1037 1355 1033 1356 1037 1356 1038 1356 1033 1357 1038 1357 884 1357 1033 1358 884 1358 883 1358 1033 1359 883 1359 1039 1359 1033 1360 1039 1360 1040 1360 1033 1361 1040 1361 1041 1361 1033 1362 1041 1362 1042 1362 1033 1363 1042 1363 1043 1363 1033 1364 1043 1364 1044 1364 1033 1365 1044 1365 933 1365 1033 1366 933 1366 859 1366 1033 1367 859 1367 861 1367 1033 1368 861 1368 1045 1368 1033 1369 1045 1369 1034 1369 897 1370 1046 1370 898 1370 898 1371 1046 1371 1047 1371 898 1372 1047 1372 900 1372 998 1373 1048 1373 913 1373 913 1374 1048 1374 1049 1374 913 1375 1049 1375 976 1375 976 1376 1049 1376 1050 1376 976 1377 1050 1377 1051 1377 1017 1378 1016 1378 1052 1378 1052 1379 1016 1379 993 1379 1052 1380 993 1380 1053 1380 941 1381 940 1381 1054 1381 1054 1382 940 1382 1055 1382 1054 1383 1055 1383 1056 1383 1056 1384 1055 1384 1057 1384 1056 1385 1057 1385 1058 1385 1058 1386 1057 1386 1059 1386 1058 1387 1059 1387 1060 1387 1060 1388 1059 1388 1061 1388 1060 1389 1061 1389 1062 1389 1062 1390 1061 1390 1063 1390 1062 1391 1063 1391 1064 1391 1064 1392 1063 1392 1065 1392 1064 1393 1065 1393 1066 1393 1066 1394 1065 1394 1067 1394 1066 1395 1067 1395 950 1395 950 1396 1067 1396 942 1396 869 1397 871 1397 873 1397 873 1398 871 1398 1068 1398 873 1399 1068 1399 874 1399 987 1400 994 1400 1069 1400 1069 1401 994 1401 1070 1401 1069 1402 1070 1402 1071 1402 1071 1403 1070 1403 1072 1403 1071 1404 1072 1404 1073 1404 1073 1405 1072 1405 1074 1405 1073 1406 1074 1406 1075 1406 1075 1407 1074 1407 1076 1407 1075 1408 1076 1408 1077 1408 1077 1409 1076 1409 1078 1409 1077 1410 1078 1410 1079 1410 1079 1411 1078 1411 1080 1411 1079 1412 1080 1412 1081 1412 1081 1413 1080 1413 1082 1413 1081 1414 1082 1414 951 1414 951 1415 1082 1415 952 1415 918 1416 917 1416 888 1416 888 1417 917 1417 1083 1417 888 1418 1083 1418 886 1418 924 1419 923 1419 1084 1419 1084 1420 923 1420 1085 1420 1084 1421 1085 1421 1086 1421 1086 1422 1085 1422 1087 1422 1086 1423 1087 1423 1053 1423 1053 1424 1087 1424 1088 1424 1053 1425 1088 1425 1052 1425 953 1426 952 1426 1089 1426 1089 1427 952 1427 1082 1427 1089 1428 1082 1428 1090 1428 1090 1429 1082 1429 1080 1429 1090 1430 1080 1430 1091 1430 1091 1431 1080 1431 1078 1431 1091 1432 1078 1432 1092 1432 1092 1433 1078 1433 1076 1433 1092 1434 1076 1434 1093 1434 1093 1435 1076 1435 1074 1435 1093 1436 1074 1436 1094 1436 1094 1437 1074 1437 1072 1437 1094 1438 1072 1438 1095 1438 1095 1439 1072 1439 1070 1439 1095 1440 1070 1440 1016 1440 1016 1441 1070 1441 994 1441 1016 1442 994 1442 993 1442 940 1443 939 1443 1055 1443 1055 1444 939 1444 1096 1444 1055 1445 1096 1445 1057 1445 1057 1446 1096 1446 1097 1446 1057 1447 1097 1447 1059 1447 1059 1448 1097 1448 1098 1448 1059 1449 1098 1449 1061 1449 1061 1450 1098 1450 1099 1450 1061 1451 1099 1451 1063 1451 1063 1452 1099 1452 1100 1452 1063 1453 1100 1453 1065 1453 1065 1454 1100 1454 1101 1454 1065 1455 1101 1455 1067 1455 1067 1456 1101 1456 1102 1456 1067 1457 1102 1457 942 1457 942 1458 1102 1458 943 1458 1005 1459 1004 1459 1103 1459 1103 1460 1004 1460 1104 1460 1103 1461 1104 1461 1105 1461 1105 1462 1104 1462 1106 1462 1105 1463 1106 1463 1107 1463 1107 1464 1106 1464 973 1464 973 1465 1106 1465 1108 1465 973 1466 1108 1466 974 1466 1009 1467 1008 1467 1109 1467 1109 1468 1008 1468 1110 1468 1109 1469 1110 1469 1111 1469 1111 1470 1110 1470 1112 1470 1111 1471 1112 1471 1113 1471 1113 1472 1112 1472 1114 1472 939 1473 938 1473 1096 1473 1096 1474 938 1474 1115 1474 1096 1475 1115 1475 1097 1475 1097 1476 1115 1476 1116 1476 1097 1477 1116 1477 1098 1477 1098 1478 1116 1478 1117 1478 1098 1479 1117 1479 1099 1479 1099 1480 1117 1480 1118 1480 1099 1481 1118 1481 1100 1481 1100 1482 1118 1482 1119 1482 1100 1483 1119 1483 1101 1483 1101 1484 1119 1484 1120 1484 1101 1485 1120 1485 1102 1485 1102 1486 1120 1486 1121 1486 1102 1487 1121 1487 943 1487 943 1488 1121 1488 1006 1488 894 1489 893 1489 890 1489 890 1490 893 1490 1122 1490 890 1491 1122 1491 892 1491 1016 1492 907 1492 1095 1492 1095 1493 907 1493 1123 1493 1095 1494 1123 1494 1094 1494 1094 1495 1123 1495 1124 1495 1094 1496 1124 1496 1093 1496 1093 1497 1124 1497 1125 1497 1093 1498 1125 1498 1092 1498 1092 1499 1125 1499 1126 1499 1092 1500 1126 1500 1091 1500 1091 1501 1126 1501 1127 1501 1091 1502 1127 1502 1090 1502 1090 1503 1127 1503 1128 1503 1090 1504 1128 1504 1089 1504 1089 1505 1128 1505 1129 1505 1089 1506 1129 1506 953 1506 953 1507 1129 1507 954 1507 907 1508 906 1508 1123 1508 1123 1509 906 1509 1130 1509 1123 1510 1130 1510 1124 1510 1124 1511 1130 1511 1131 1511 1124 1512 1131 1512 1125 1512 1125 1513 1131 1513 1132 1513 1125 1514 1132 1514 1126 1514 1126 1515 1132 1515 1133 1515 1126 1516 1133 1516 1127 1516 1127 1517 1133 1517 1134 1517 1127 1518 1134 1518 1128 1518 1128 1519 1134 1519 1135 1519 1128 1520 1135 1520 1129 1520 1129 1521 1135 1521 1136 1521 1129 1522 1136 1522 954 1522 954 1523 1136 1523 955 1523 938 1524 937 1524 1115 1524 1115 1525 937 1525 1137 1525 1115 1526 1137 1526 1116 1526 1116 1527 1137 1527 1138 1527 1116 1528 1138 1528 1117 1528 1117 1529 1138 1529 1139 1529 1117 1530 1139 1530 1118 1530 1118 1531 1139 1531 1140 1531 1118 1532 1140 1532 1119 1532 1119 1533 1140 1533 1141 1533 1119 1534 1141 1534 1120 1534 1120 1535 1141 1535 1142 1535 1120 1536 1142 1536 1121 1536 1121 1537 1142 1537 1143 1537 1121 1538 1143 1538 1006 1538 1006 1539 1143 1539 879 1539 1026 1540 1025 1540 1144 1540 1144 1541 1025 1541 1145 1541 1144 1542 1145 1542 909 1542 909 1543 1145 1543 910 1543 1007 1544 1027 1544 1146 1544 1146 1545 1027 1545 1147 1545 1146 1546 1147 1546 1148 1546 1148 1547 1147 1547 1149 1547 1148 1548 1149 1548 1150 1548 1150 1549 1149 1549 1151 1549 937 1550 936 1550 1137 1550 1137 1551 936 1551 1152 1551 1137 1552 1152 1552 1138 1552 1138 1553 1152 1553 1153 1553 1138 1554 1153 1554 1139 1554 1139 1555 1153 1555 1154 1555 1139 1556 1154 1556 1140 1556 1140 1557 1154 1557 1155 1557 1140 1558 1155 1558 1141 1558 1141 1559 1155 1559 1156 1559 1141 1560 1156 1560 1142 1560 1142 1561 1156 1561 1157 1561 1142 1562 1157 1562 1143 1562 1143 1563 1157 1563 1158 1563 1143 1564 1158 1564 879 1564 879 1565 1158 1565 881 1565 879 1566 881 1566 867 1566 867 1567 881 1567 880 1567 867 1568 880 1568 865 1568 906 1569 860 1569 1130 1569 1130 1570 860 1570 1159 1570 1130 1571 1159 1571 1131 1571 1131 1572 1159 1572 1160 1572 1131 1573 1160 1573 1132 1573 1132 1574 1160 1574 1161 1574 1132 1575 1161 1575 1133 1575 1133 1576 1161 1576 1162 1576 1133 1577 1162 1577 1134 1577 1134 1578 1162 1578 1163 1578 1134 1579 1163 1579 1135 1579 1135 1580 1163 1580 1164 1580 1135 1581 1164 1581 1136 1581 1136 1582 1164 1582 1165 1582 1136 1583 1165 1583 955 1583 955 1584 1165 1584 956 1584 936 1585 935 1585 1152 1585 1152 1586 935 1586 1166 1586 1152 1587 1166 1587 1153 1587 1153 1588 1166 1588 1167 1588 1153 1589 1167 1589 1154 1589 1154 1590 1167 1590 1168 1590 1154 1591 1168 1591 1155 1591 1155 1592 1168 1592 1169 1592 1155 1593 1169 1593 1156 1593 1156 1594 1169 1594 1170 1594 1156 1595 1170 1595 1157 1595 1157 1596 1170 1596 1171 1596 1157 1597 1171 1597 1158 1597 1158 1598 1171 1598 1172 1598 1158 1599 1172 1599 881 1599 881 1600 1172 1600 1173 1600 881 1601 1173 1601 882 1601 882 1602 1173 1602 864 1602 882 1603 864 1603 863 1603 1174 1604 1175 1604 864 1604 864 1605 1175 1605 1176 1605 864 1606 1176 1606 862 1606 930 1607 929 1607 1174 1607 1174 1608 929 1608 1177 1608 1174 1609 1177 1609 1175 1609 860 1610 931 1610 1159 1610 1159 1611 931 1611 1178 1611 1159 1612 1178 1612 1160 1612 1160 1613 1178 1613 1179 1613 1160 1614 1179 1614 1161 1614 1161 1615 1179 1615 1180 1615 1161 1616 1180 1616 1162 1616 1162 1617 1180 1617 1181 1617 1162 1618 1181 1618 1163 1618 1163 1619 1181 1619 1182 1619 1163 1620 1182 1620 1164 1620 1164 1621 1182 1621 1183 1621 1164 1622 1183 1622 1165 1622 1165 1623 1183 1623 1184 1623 1165 1624 1184 1624 956 1624 956 1625 1184 1625 1185 1625 956 1626 1185 1626 606 1626 478 1627 479 1627 1186 1627 478 1628 1186 1628 1187 1628 478 1629 1187 1629 1188 1629 478 1630 1188 1630 1189 1630 478 1631 1189 1631 472 1631 478 1632 472 1632 473 1632 478 1633 473 1633 474 1633 478 1634 474 1634 475 1634 478 1635 475 1635 476 1635 478 1636 476 1636 477 1636 1189 1637 461 1637 460 1637 1189 1638 460 1638 459 1638 1189 1639 459 1639 458 1639 1189 1640 458 1640 457 1640 1189 1641 457 1641 472 1641 1190 1642 1191 1642 493 1642 1190 1643 493 1643 492 1643 1190 1644 492 1644 491 1644 1190 1645 491 1645 490 1645 1190 1646 490 1646 489 1646 1190 1647 489 1647 503 1647 1190 1648 503 1648 504 1648 1190 1649 504 1649 505 1649 1190 1650 505 1650 506 1650 1190 1651 506 1651 507 1651 1190 1652 507 1652 508 1652 1190 1653 508 1653 509 1653 1190 1654 509 1654 1192 1654 461 1655 1189 1655 1193 1655 461 1656 1193 1656 1194 1656 461 1657 1194 1657 1195 1657 461 1658 1195 1658 462 1658 1196 1659 494 1659 1197 1659 1197 1660 494 1660 493 1660 1197 1661 493 1661 1191 1661 1198 1662 495 1662 1199 1662 1199 1663 495 1663 494 1663 1199 1664 494 1664 1196 1664 1200 1665 498 1665 1201 1665 1201 1666 498 1666 497 1666 1201 1667 497 1667 1202 1667 1202 1668 497 1668 496 1668 1202 1669 496 1669 1203 1669 1203 1670 496 1670 495 1670 1203 1671 495 1671 1198 1671 1204 1672 482 1672 1205 1672 1205 1673 482 1673 483 1673 1205 1674 483 1674 1206 1674 1206 1675 483 1675 484 1675 1206 1676 484 1676 1207 1676 1207 1677 484 1677 485 1677 1207 1678 485 1678 1208 1678 1208 1679 485 1679 486 1679 1208 1680 486 1680 1209 1680 1209 1681 486 1681 487 1681 1209 1682 487 1682 1210 1682 1210 1683 487 1683 488 1683 1210 1684 488 1684 1211 1684 1211 1685 488 1685 502 1685 1211 1686 502 1686 1212 1686 1212 1687 502 1687 501 1687 1212 1688 501 1688 1213 1688 1213 1689 501 1689 500 1689 1213 1690 500 1690 1214 1690 1214 1691 500 1691 499 1691 1214 1692 499 1692 1215 1692 1215 1693 499 1693 498 1693 1215 1694 498 1694 1200 1694 1186 1695 479 1695 1216 1695 1216 1696 479 1696 480 1696 1216 1697 480 1697 1217 1697 1217 1698 480 1698 481 1698 1217 1699 481 1699 1218 1699 1218 1700 481 1700 482 1700 1218 1701 482 1701 1204 1701 1219 1702 1220 1702 510 1702 510 1703 1220 1703 1192 1703 510 1704 1192 1704 509 1704 1221 1705 1222 1705 511 1705 511 1706 1222 1706 1219 1706 511 1707 1219 1707 510 1707 1223 1708 1224 1708 514 1708 514 1709 1224 1709 1225 1709 514 1710 1225 1710 513 1710 513 1711 1225 1711 1226 1711 513 1712 1226 1712 512 1712 512 1713 1226 1713 1221 1713 512 1714 1221 1714 511 1714 1227 1715 1228 1715 465 1715 465 1716 1228 1716 1229 1716 465 1717 1229 1717 466 1717 466 1718 1229 1718 1230 1718 466 1719 1230 1719 467 1719 467 1720 1230 1720 1231 1720 467 1721 1231 1721 468 1721 468 1722 1231 1722 1232 1722 468 1723 1232 1723 469 1723 469 1724 1232 1724 1233 1724 469 1725 1233 1725 470 1725 470 1726 1233 1726 1234 1726 470 1727 1234 1727 471 1727 471 1728 1234 1728 1235 1728 471 1729 1235 1729 518 1729 518 1730 1235 1730 1236 1730 518 1731 1236 1731 517 1731 517 1732 1236 1732 1237 1732 517 1733 1237 1733 516 1733 516 1734 1237 1734 1238 1734 516 1735 1238 1735 515 1735 515 1736 1238 1736 1223 1736 515 1737 1223 1737 514 1737 1195 1738 1239 1738 462 1738 462 1739 1239 1739 1240 1739 462 1740 1240 1740 463 1740 463 1741 1240 1741 1241 1741 463 1742 1241 1742 464 1742 464 1743 1241 1743 1227 1743 464 1744 1227 1744 465 1744 1242 1745 1243 1745 606 1745 1243 1746 607 1746 606 1746 857 1747 1244 1747 637 1747 1244 1748 1245 1748 637 1748 1246 1749 1247 1749 1248 1749 1249 1750 1250 1750 1251 1750 1247 1751 1252 1751 1253 1751 857 1752 856 1752 1254 1752 1244 1753 857 1753 1254 1753 1253 1754 1255 1754 1256 1754 856 1755 855 1755 1257 1755 1254 1756 856 1756 1257 1756 1256 1757 1258 1757 1259 1757 855 1758 854 1758 1260 1758 1257 1759 855 1759 1260 1759 1259 1760 1261 1760 1262 1760 1262 1761 1263 1761 1264 1761 854 1762 853 1762 1265 1762 854 1763 1265 1763 1266 1763 1260 1764 854 1764 1266 1764 1264 1765 1267 1765 1268 1765 853 1766 852 1766 1269 1766 1265 1767 853 1767 1269 1767 1268 1768 1270 1768 1271 1768 852 1769 851 1769 1272 1769 1269 1770 852 1770 1272 1770 1271 1771 1273 1771 1274 1771 851 1772 850 1772 1275 1772 1272 1773 851 1773 1275 1773 1274 1774 1276 1774 1277 1774 1277 1775 1278 1775 1279 1775 850 1776 693 1776 1280 1776 850 1777 1280 1777 1281 1777 1275 1778 850 1778 1281 1778 1279 1779 1282 1779 1283 1779 693 1780 552 1780 1284 1780 1280 1781 693 1781 1284 1781 552 1782 538 1782 1285 1782 1284 1783 552 1783 1285 1783 1283 1784 1286 1784 1287 1784 538 1785 685 1785 1288 1785 1285 1786 538 1786 1288 1786 1287 1787 1289 1787 1290 1787 685 1788 692 1788 1291 1788 1288 1789 685 1789 1291 1789 1290 1790 1292 1790 1293 1790 1293 1791 1294 1791 1295 1791 692 1792 730 1792 1296 1792 692 1793 1296 1793 1297 1793 1291 1794 692 1794 1297 1794 1295 1795 1298 1795 1299 1795 730 1796 728 1796 1300 1796 1296 1797 730 1797 1300 1797 1299 1798 1301 1798 1302 1798 728 1799 726 1799 1303 1799 1300 1800 728 1800 1303 1800 1302 1801 1304 1801 1305 1801 726 1802 724 1802 1306 1802 1303 1803 726 1803 1306 1803 1305 1804 1307 1804 1308 1804 1308 1805 1309 1805 1310 1805 724 1806 722 1806 1311 1806 724 1807 1311 1807 1312 1807 1306 1808 724 1808 1312 1808 1310 1809 1313 1809 1314 1809 722 1810 720 1810 1315 1810 1311 1811 722 1811 1315 1811 1314 1812 1316 1812 1317 1812 720 1813 718 1813 1318 1813 1315 1814 720 1814 1318 1814 1317 1815 1319 1815 1249 1815 718 1816 607 1816 1320 1816 1318 1817 718 1817 1320 1817 1320 1818 607 1818 1243 1818 1251 1819 1250 1819 1321 1819 1321 1820 1250 1820 1322 1820 1321 1821 1322 1821 1323 1821 1323 1822 1322 1822 1324 1822 1323 1823 1324 1823 1325 1823 1325 1824 1324 1824 1326 1824 1325 1825 1326 1825 1327 1825 1327 1826 1326 1826 1243 1826 1327 1827 1243 1827 1242 1827 1248 1828 1328 1828 1246 1828 1246 1829 1328 1829 1329 1829 1246 1830 1329 1830 1330 1830 1330 1831 1329 1831 1331 1831 1330 1832 1331 1832 1332 1832 1332 1833 1331 1833 1333 1833 1332 1834 1333 1834 1334 1834 1334 1835 1333 1835 1245 1835 1334 1836 1245 1836 1244 1836 1247 1837 1246 1837 1252 1837 1252 1838 1246 1838 1330 1838 1252 1839 1330 1839 1335 1839 1335 1840 1330 1840 1332 1840 1335 1841 1332 1841 1336 1841 1336 1842 1332 1842 1334 1842 1336 1843 1334 1843 1337 1843 1337 1844 1334 1844 1244 1844 1337 1845 1244 1845 1254 1845 1253 1846 1252 1846 1255 1846 1255 1847 1252 1847 1335 1847 1255 1848 1335 1848 1338 1848 1338 1849 1335 1849 1336 1849 1338 1850 1336 1850 1339 1850 1339 1851 1336 1851 1337 1851 1339 1852 1337 1852 1340 1852 1340 1853 1337 1853 1254 1853 1340 1854 1254 1854 1257 1854 1256 1855 1255 1855 1258 1855 1258 1856 1255 1856 1338 1856 1258 1857 1338 1857 1341 1857 1341 1858 1338 1858 1339 1858 1341 1859 1339 1859 1342 1859 1342 1860 1339 1860 1340 1860 1342 1861 1340 1861 1343 1861 1343 1862 1340 1862 1257 1862 1343 1863 1257 1863 1260 1863 1259 1864 1258 1864 1261 1864 1261 1865 1258 1865 1341 1865 1261 1866 1341 1866 1344 1866 1344 1867 1341 1867 1342 1867 1344 1868 1342 1868 1345 1868 1345 1869 1342 1869 1343 1869 1345 1870 1343 1870 1346 1870 1346 1871 1343 1871 1260 1871 1346 1872 1260 1872 1266 1872 1262 1873 1261 1873 1263 1873 1263 1874 1261 1874 1344 1874 1263 1875 1344 1875 1347 1875 1347 1876 1344 1876 1345 1876 1347 1877 1345 1877 1348 1877 1348 1878 1345 1878 1346 1878 1348 1879 1346 1879 1349 1879 1349 1880 1346 1880 1266 1880 1349 1881 1266 1881 1265 1881 1264 1882 1263 1882 1267 1882 1267 1883 1263 1883 1347 1883 1267 1884 1347 1884 1350 1884 1350 1885 1347 1885 1348 1885 1350 1886 1348 1886 1351 1886 1351 1887 1348 1887 1349 1887 1351 1888 1349 1888 1352 1888 1352 1889 1349 1889 1265 1889 1352 1890 1265 1890 1269 1890 1268 1891 1267 1891 1270 1891 1270 1892 1267 1892 1350 1892 1270 1893 1350 1893 1353 1893 1353 1894 1350 1894 1351 1894 1353 1895 1351 1895 1354 1895 1354 1896 1351 1896 1352 1896 1354 1897 1352 1897 1355 1897 1355 1898 1352 1898 1269 1898 1355 1899 1269 1899 1272 1899 1271 1900 1270 1900 1273 1900 1273 1901 1270 1901 1353 1901 1273 1902 1353 1902 1356 1902 1356 1903 1353 1903 1354 1903 1356 1904 1354 1904 1357 1904 1357 1905 1354 1905 1355 1905 1357 1906 1355 1906 1358 1906 1358 1907 1355 1907 1272 1907 1358 1908 1272 1908 1275 1908 1274 1909 1273 1909 1276 1909 1276 1910 1273 1910 1356 1910 1276 1911 1356 1911 1359 1911 1359 1912 1356 1912 1357 1912 1359 1913 1357 1913 1360 1913 1360 1914 1357 1914 1358 1914 1360 1915 1358 1915 1361 1915 1361 1916 1358 1916 1275 1916 1361 1917 1275 1917 1281 1917 1277 1918 1276 1918 1278 1918 1278 1919 1276 1919 1359 1919 1278 1920 1359 1920 1362 1920 1362 1921 1359 1921 1360 1921 1362 1922 1360 1922 1363 1922 1363 1923 1360 1923 1361 1923 1363 1924 1361 1924 1364 1924 1364 1925 1361 1925 1281 1925 1364 1926 1281 1926 1280 1926 1279 1927 1278 1927 1282 1927 1282 1928 1278 1928 1362 1928 1282 1929 1362 1929 1365 1929 1365 1930 1362 1930 1363 1930 1365 1931 1363 1931 1366 1931 1366 1932 1363 1932 1364 1932 1366 1933 1364 1933 1367 1933 1367 1934 1364 1934 1280 1934 1367 1935 1280 1935 1284 1935 1283 1936 1282 1936 1368 1936 1368 1937 1282 1937 1365 1937 1368 1938 1365 1938 1369 1938 1369 1939 1365 1939 1366 1939 1369 1940 1366 1940 1370 1940 1370 1941 1366 1941 1367 1941 1370 1942 1367 1942 1371 1942 1371 1943 1367 1943 1284 1943 1371 1944 1284 1944 1285 1944 1283 1945 1368 1945 1286 1945 1286 1946 1368 1946 1369 1946 1286 1947 1369 1947 1372 1947 1372 1948 1369 1948 1370 1948 1372 1949 1370 1949 1373 1949 1373 1950 1370 1950 1371 1950 1373 1951 1371 1951 1374 1951 1374 1952 1371 1952 1285 1952 1374 1953 1285 1953 1288 1953 1287 1954 1286 1954 1289 1954 1289 1955 1286 1955 1372 1955 1289 1956 1372 1956 1375 1956 1375 1957 1372 1957 1373 1957 1375 1958 1373 1958 1376 1958 1376 1959 1373 1959 1374 1959 1376 1960 1374 1960 1377 1960 1377 1961 1374 1961 1288 1961 1377 1962 1288 1962 1291 1962 1290 1963 1289 1963 1292 1963 1292 1964 1289 1964 1375 1964 1292 1965 1375 1965 1378 1965 1378 1966 1375 1966 1376 1966 1378 1967 1376 1967 1379 1967 1379 1968 1376 1968 1377 1968 1379 1969 1377 1969 1380 1969 1380 1970 1377 1970 1291 1970 1380 1971 1291 1971 1297 1971 1293 1972 1292 1972 1294 1972 1294 1973 1292 1973 1378 1973 1294 1974 1378 1974 1381 1974 1381 1975 1378 1975 1379 1975 1381 1976 1379 1976 1382 1976 1382 1977 1379 1977 1380 1977 1382 1978 1380 1978 1383 1978 1383 1979 1380 1979 1297 1979 1383 1980 1297 1980 1296 1980 1295 1981 1294 1981 1298 1981 1298 1982 1294 1982 1381 1982 1298 1983 1381 1983 1384 1983 1384 1984 1381 1984 1382 1984 1384 1985 1382 1985 1385 1985 1385 1986 1382 1986 1383 1986 1385 1987 1383 1987 1386 1987 1386 1988 1383 1988 1296 1988 1386 1989 1296 1989 1300 1989 1299 1990 1298 1990 1301 1990 1301 1991 1298 1991 1384 1991 1301 1992 1384 1992 1387 1992 1387 1993 1384 1993 1385 1993 1387 1994 1385 1994 1388 1994 1388 1995 1385 1995 1386 1995 1388 1996 1386 1996 1389 1996 1389 1997 1386 1997 1300 1997 1389 1998 1300 1998 1303 1998 1302 1999 1301 1999 1304 1999 1304 2000 1301 2000 1387 2000 1304 2001 1387 2001 1390 2001 1390 2002 1387 2002 1388 2002 1390 2003 1388 2003 1391 2003 1391 2004 1388 2004 1389 2004 1391 2005 1389 2005 1392 2005 1392 2006 1389 2006 1303 2006 1392 2007 1303 2007 1306 2007 1305 2008 1304 2008 1307 2008 1307 2009 1304 2009 1390 2009 1307 2010 1390 2010 1393 2010 1393 2011 1390 2011 1391 2011 1393 2012 1391 2012 1394 2012 1394 2013 1391 2013 1392 2013 1394 2014 1392 2014 1395 2014 1395 2015 1392 2015 1306 2015 1395 2016 1306 2016 1312 2016 1308 2017 1307 2017 1309 2017 1309 2018 1307 2018 1393 2018 1309 2019 1393 2019 1396 2019 1396 2020 1393 2020 1394 2020 1396 2021 1394 2021 1397 2021 1397 2022 1394 2022 1395 2022 1397 2023 1395 2023 1398 2023 1398 2024 1395 2024 1312 2024 1398 2025 1312 2025 1311 2025 1310 2026 1309 2026 1313 2026 1313 2027 1309 2027 1396 2027 1313 2028 1396 2028 1399 2028 1399 2029 1396 2029 1397 2029 1399 2030 1397 2030 1400 2030 1400 2031 1397 2031 1398 2031 1400 2032 1398 2032 1401 2032 1401 2033 1398 2033 1311 2033 1401 2034 1311 2034 1315 2034 1314 2035 1313 2035 1316 2035 1316 2036 1313 2036 1399 2036 1316 2037 1399 2037 1402 2037 1402 2038 1399 2038 1400 2038 1402 2039 1400 2039 1403 2039 1403 2040 1400 2040 1401 2040 1403 2041 1401 2041 1404 2041 1404 2042 1401 2042 1315 2042 1404 2043 1315 2043 1318 2043 1317 2044 1316 2044 1319 2044 1319 2045 1316 2045 1402 2045 1319 2046 1402 2046 1405 2046 1405 2047 1402 2047 1403 2047 1405 2048 1403 2048 1406 2048 1406 2049 1403 2049 1404 2049 1406 2050 1404 2050 1407 2050 1407 2051 1404 2051 1318 2051 1407 2052 1318 2052 1320 2052 1249 2053 1319 2053 1250 2053 1250 2054 1319 2054 1405 2054 1250 2055 1405 2055 1322 2055 1322 2056 1405 2056 1406 2056 1322 2057 1406 2057 1324 2057 1324 2058 1406 2058 1407 2058 1324 2059 1407 2059 1326 2059 1326 2060 1407 2060 1320 2060 1326 2061 1320 2061 1243 2061 1408 2062 1409 2062 651 2062 651 2063 1409 2063 652 2063 1410 2064 575 2064 1411 2064 1411 2065 575 2065 659 2065 1411 2066 659 2066 666 2066 652 2067 1409 2067 666 2067 666 2068 1409 2068 1412 2068 666 2069 1412 2069 1411 2069 1410 2070 1413 2070 575 2070 575 2071 1413 2071 574 2071 1414 2072 736 2072 1415 2072 1415 2073 736 2073 546 2073 1415 2074 546 2074 1416 2074 1416 2075 546 2075 545 2075 1416 2076 545 2076 1413 2076 1413 2077 545 2077 574 2077 1417 2078 570 2078 1418 2078 1418 2079 570 2079 542 2079 1418 2080 542 2080 1419 2080 1419 2081 542 2081 737 2081 1419 2082 737 2082 1414 2082 1414 2083 737 2083 736 2083 1417 2084 1420 2084 570 2084 570 2085 1420 2085 571 2085 813 2086 1421 2086 811 2086 811 2087 1421 2087 1422 2087 811 2088 1422 2088 645 2088 645 2089 1422 2089 1423 2089 1420 2090 1421 2090 571 2090 571 2091 1421 2091 813 2091 1423 2092 1424 2092 645 2092 645 2093 1424 2093 646 2093 802 2094 1425 2094 800 2094 800 2095 1425 2095 1426 2095 800 2096 1426 2096 798 2096 798 2097 1426 2097 1427 2097 1424 2098 1425 2098 646 2098 646 2099 1425 2099 802 2099 1427 2100 1428 2100 798 2100 798 2101 1428 2101 799 2101 1429 2102 647 2102 1430 2102 1430 2103 647 2103 803 2103 1430 2104 803 2104 801 2104 799 2105 1428 2105 801 2105 801 2106 1428 2106 1431 2106 801 2107 1431 2107 1430 2107 1429 2108 1432 2108 647 2108 647 2109 1432 2109 650 2109 819 2110 1433 2110 817 2110 817 2111 1433 2111 1434 2111 817 2112 1434 2112 815 2112 815 2113 1434 2113 1435 2113 1432 2114 1433 2114 650 2114 650 2115 1433 2115 819 2115 1435 2116 1436 2116 815 2116 815 2117 1436 2117 816 2117 1408 2118 651 2118 1437 2118 1437 2119 651 2119 820 2119 1437 2120 820 2120 818 2120 816 2121 1436 2121 818 2121 818 2122 1436 2122 1438 2122 818 2123 1438 2123 1437 2123 1439 2124 783 2124 540 2124 643 2125 1440 2125 539 2125 539 2126 1440 2126 1441 2126 539 2127 1441 2127 540 2127 540 2128 1441 2128 1442 2128 540 2129 1442 2129 1439 2129 1443 2130 566 2130 1444 2130 1444 2131 566 2131 569 2131 1444 2132 569 2132 1439 2132 1439 2133 569 2133 783 2133 1443 2134 1445 2134 566 2134 566 2135 1445 2135 526 2135 526 2136 1445 2136 529 2136 529 2137 1445 2137 1446 2137 529 2138 1446 2138 622 2138 622 2139 1446 2139 1447 2139 1447 2140 623 2140 622 2140 1447 2141 1448 2141 623 2141 624 2142 623 2142 1448 2142 1449 2143 628 2143 1450 2143 1450 2144 628 2144 627 2144 1450 2145 627 2145 626 2145 1450 2146 626 2146 1451 2146 1451 2147 626 2147 625 2147 1451 2148 625 2148 1448 2148 1448 2149 625 2149 624 2149 1452 2150 617 2150 1449 2150 1449 2151 617 2151 629 2151 1449 2152 629 2152 628 2152 617 2153 1452 2153 618 2153 618 2154 1452 2154 1453 2154 1454 2155 614 2155 1455 2155 1455 2156 614 2156 621 2156 1455 2157 621 2157 1456 2157 1456 2158 621 2158 620 2158 1456 2159 620 2159 619 2159 618 2160 1453 2160 619 2160 619 2161 1453 2161 1456 2161 614 2162 1454 2162 615 2162 615 2163 1454 2163 1457 2163 1458 2164 530 2164 1459 2164 1459 2165 530 2165 531 2165 1459 2166 531 2166 1457 2166 1457 2167 531 2167 615 2167 1458 2168 1460 2168 530 2168 530 2169 1460 2169 562 2169 562 2170 1460 2170 563 2170 563 2171 1460 2171 1461 2171 563 2172 1461 2172 777 2172 777 2173 1461 2173 1462 2173 777 2174 1462 2174 778 2174 778 2175 1462 2175 1463 2175 1464 2176 782 2176 1465 2176 1465 2177 782 2177 781 2177 1465 2178 781 2178 1466 2178 1466 2179 781 2179 780 2179 1466 2180 780 2180 1463 2180 1463 2181 780 2181 778 2181 1467 2182 639 2182 1468 2182 1468 2183 639 2183 753 2183 1468 2184 753 2184 1464 2184 1464 2185 753 2185 782 2185 639 2186 1467 2186 640 2186 640 2187 1467 2187 1469 2187 1440 2188 643 2188 1470 2188 1470 2189 643 2189 642 2189 1470 2190 642 2190 1471 2190 1471 2191 642 2191 641 2191 1471 2192 641 2192 1469 2192 1469 2193 641 2193 640 2193 568 2194 1472 2194 541 2194 541 2195 1472 2195 1473 2195 541 2196 1473 2196 561 2196 561 2197 1473 2197 1474 2197 1475 2198 1472 2198 567 2198 567 2199 1472 2199 568 2199 1474 2200 1476 2200 561 2200 561 2201 1476 2201 559 2201 1476 2202 1477 2202 559 2202 559 2203 1477 2203 534 2203 1477 2204 1478 2204 534 2204 534 2205 1478 2205 532 2205 532 2206 1478 2206 535 2206 535 2207 1478 2207 1479 2207 1479 2208 1480 2208 535 2208 535 2209 1480 2209 644 2209 1481 2210 738 2210 1482 2210 1482 2211 738 2211 814 2211 1482 2212 814 2212 812 2212 644 2213 1480 2213 812 2213 812 2214 1480 2214 1483 2214 812 2215 1483 2215 1482 2215 1481 2216 1475 2216 738 2216 738 2217 1475 2217 567 2217 1484 2218 584 2218 1485 2218 1485 2219 584 2219 583 2219 1485 2220 583 2220 1486 2220 1486 2221 583 2221 582 2221 1486 2222 582 2222 1487 2222 1487 2223 582 2223 581 2223 584 2224 1484 2224 585 2224 585 2225 1484 2225 1488 2225 585 2226 1488 2226 576 2226 1488 2227 1489 2227 576 2227 576 2228 1489 2228 700 2228 700 2229 1489 2229 702 2229 702 2230 1489 2230 1490 2230 702 2231 1490 2231 837 2231 1491 2232 684 2232 1492 2232 1492 2233 684 2233 840 2233 1492 2234 840 2234 1493 2234 1493 2235 840 2235 838 2235 1493 2236 838 2236 1490 2236 1490 2237 838 2237 837 2237 1494 2238 657 2238 1495 2238 1495 2239 657 2239 656 2239 1495 2240 656 2240 1491 2240 1491 2241 656 2241 655 2241 1491 2242 655 2242 684 2242 1496 2243 697 2243 1497 2243 1497 2244 697 2244 696 2244 1497 2245 696 2245 1498 2245 1498 2246 696 2246 695 2246 1498 2247 695 2247 1499 2247 1499 2248 695 2248 694 2248 1499 2249 694 2249 1494 2249 1494 2250 694 2250 657 2250 1500 2251 553 2251 1501 2251 1501 2252 553 2252 554 2252 1501 2253 554 2253 1502 2253 1502 2254 554 2254 698 2254 1503 2255 536 2255 1504 2255 1504 2256 536 2256 849 2256 1504 2257 849 2257 1500 2257 1500 2258 849 2258 551 2258 1500 2259 551 2259 553 2259 697 2260 1496 2260 698 2260 698 2261 1496 2261 1505 2261 698 2262 1505 2262 1502 2262 1503 2263 537 2263 536 2263 1503 2264 1506 2264 537 2264 1507 2265 686 2265 1506 2265 1506 2266 686 2266 550 2266 1506 2267 550 2267 537 2267 1508 2268 1509 2268 688 2268 1508 2269 688 2269 687 2269 1508 2270 687 2270 1510 2270 1511 2271 690 2271 1509 2271 1509 2272 690 2272 689 2272 1509 2273 689 2273 688 2273 1507 2274 1510 2274 686 2274 686 2275 1510 2275 687 2275 1512 2276 705 2276 1511 2276 1511 2277 705 2277 691 2277 1511 2278 691 2278 690 2278 1513 2279 709 2279 1512 2279 1512 2280 709 2280 707 2280 1512 2281 707 2281 705 2281 1514 2282 715 2282 1515 2282 1515 2283 715 2283 713 2283 1515 2284 713 2284 1516 2284 1516 2285 713 2285 711 2285 1516 2286 711 2286 1517 2286 1513 2287 1517 2287 709 2287 709 2288 1517 2288 711 2288 1514 2289 547 2289 715 2289 1514 2290 1518 2290 547 2290 555 2291 547 2291 1518 2291 1518 2292 1519 2292 555 2292 555 2293 1519 2293 589 2293 589 2294 1519 2294 590 2294 590 2295 1519 2295 1520 2295 1521 2296 735 2296 1522 2296 1522 2297 735 2297 592 2297 1522 2298 592 2298 1523 2298 1523 2299 592 2299 591 2299 1523 2300 591 2300 1524 2300 1520 2301 1524 2301 590 2301 590 2302 1524 2302 591 2302 1525 2303 732 2303 1526 2303 1526 2304 732 2304 734 2304 1526 2305 734 2305 1521 2305 1521 2306 734 2306 735 2306 1527 2307 594 2307 1528 2307 1528 2308 594 2308 835 2308 1528 2309 835 2309 733 2309 732 2310 1525 2310 733 2310 733 2311 1525 2311 1529 2311 733 2312 1529 2312 1528 2312 1530 2313 598 2313 1531 2313 1531 2314 598 2314 597 2314 1531 2315 597 2315 1532 2315 1532 2316 597 2316 596 2316 1532 2317 596 2317 595 2317 595 2318 594 2318 1532 2318 1532 2319 594 2319 1527 2319 1530 2320 599 2320 598 2320 1530 2321 1533 2321 599 2321 1534 2322 601 2322 1533 2322 1533 2323 601 2323 600 2323 1533 2324 600 2324 599 2324 1535 2325 578 2325 1536 2325 1536 2326 578 2326 604 2326 1536 2327 604 2327 603 2327 1536 2328 603 2328 1537 2328 1537 2329 603 2329 602 2329 1537 2330 602 2330 1534 2330 1534 2331 602 2331 601 2331 578 2332 1535 2332 579 2332 579 2333 1535 2333 1538 2333 1487 2334 581 2334 1539 2334 1539 2335 581 2335 580 2335 1539 2336 580 2336 1538 2336 1538 2337 580 2337 579 2337 1540 2338 1541 2338 710 2338 710 2339 712 2339 1540 2339 1542 2340 706 2340 1541 2340 1541 2341 706 2341 708 2341 1541 2342 708 2342 710 2342 714 2343 1543 2343 712 2343 712 2344 1543 2344 1544 2344 712 2345 1544 2345 1540 2345 1545 2346 668 2346 1542 2346 1542 2347 668 2347 704 2347 1542 2348 704 2348 706 2348 668 2349 1546 2349 669 2349 668 2350 1545 2350 1546 2350 1546 2351 1547 2351 669 2351 1548 2352 660 2352 1549 2352 1549 2353 660 2353 672 2353 1549 2354 672 2354 1550 2354 1550 2355 672 2355 671 2355 1550 2356 671 2356 1547 2356 1547 2357 671 2357 670 2357 1547 2358 670 2358 669 2358 1551 2359 663 2359 1552 2359 1552 2360 663 2360 662 2360 1552 2361 662 2361 661 2361 660 2362 1548 2362 661 2362 661 2363 1548 2363 1553 2363 661 2364 1553 2364 1552 2364 663 2365 1551 2365 664 2365 664 2366 1551 2366 1554 2366 1555 2367 1556 2367 673 2367 673 2368 665 2368 1555 2368 1557 2369 675 2369 1556 2369 1556 2370 675 2370 674 2370 1556 2371 674 2371 673 2371 664 2372 1554 2372 665 2372 665 2373 1554 2373 1558 2373 665 2374 1558 2374 1555 2374 1559 2375 653 2375 1560 2375 1560 2376 653 2376 680 2376 1560 2377 680 2377 1561 2377 1561 2378 680 2378 679 2378 1561 2379 679 2379 1562 2379 1562 2380 679 2380 678 2380 1562 2381 678 2381 1563 2381 1563 2382 678 2382 677 2382 1563 2383 677 2383 1564 2383 1564 2384 677 2384 676 2384 1564 2385 676 2385 1557 2385 1557 2386 676 2386 675 2386 1565 2387 682 2387 1566 2387 1566 2388 682 2388 681 2388 1566 2389 681 2389 1567 2389 1567 2390 681 2390 654 2390 1567 2391 654 2391 1559 2391 1559 2392 654 2392 653 2392 841 2393 683 2393 1568 2393 841 2394 1568 2394 1569 2394 841 2395 1569 2395 839 2395 1569 2396 1570 2396 839 2396 839 2397 1570 2397 836 2397 683 2398 682 2398 1568 2398 1568 2399 682 2399 1565 2399 1571 2400 587 2400 1572 2400 1572 2401 587 2401 586 2401 1572 2402 586 2402 1573 2402 1573 2403 586 2403 699 2403 1573 2404 699 2404 1574 2404 1574 2405 699 2405 701 2405 1574 2406 701 2406 1575 2406 1575 2407 701 2407 703 2407 1575 2408 703 2408 1570 2408 1570 2409 703 2409 836 2409 1543 2410 714 2410 1576 2410 1576 2411 714 2411 716 2411 1576 2412 716 2412 1577 2412 1577 2413 716 2413 549 2413 1577 2414 549 2414 548 2414 1577 2415 548 2415 1578 2415 1578 2416 548 2416 558 2416 1578 2417 558 2417 1579 2417 1579 2418 558 2418 557 2418 1579 2419 557 2419 1580 2419 1580 2420 557 2420 556 2420 1580 2421 556 2421 1581 2421 1581 2422 556 2422 1582 2422 1582 2423 556 2423 588 2423 1582 2424 588 2424 1571 2424 1571 2425 588 2425 587 2425 1185 2426 1583 2426 606 2426 1583 2427 1242 2427 606 2427 1584 2428 1585 2428 1251 2428 1586 2429 1587 2429 1248 2429 1245 2430 1588 2430 637 2430 1588 2431 935 2431 637 2431 1585 2432 1589 2432 1590 2432 1185 2433 1184 2433 1591 2433 1583 2434 1185 2434 1591 2434 1590 2435 1592 2435 1593 2435 1184 2436 1183 2436 1594 2436 1591 2437 1184 2437 1594 2437 1593 2438 1595 2438 1596 2438 1183 2439 1182 2439 1597 2439 1594 2440 1183 2440 1597 2440 1596 2441 1598 2441 1599 2441 1599 2442 1600 2442 1601 2442 1182 2443 1181 2443 1602 2443 1182 2444 1602 2444 1603 2444 1597 2445 1182 2445 1603 2445 1601 2446 1604 2446 1605 2446 1181 2447 1180 2447 1606 2447 1602 2448 1181 2448 1606 2448 1605 2449 1607 2449 1608 2449 1180 2450 1179 2450 1609 2450 1606 2451 1180 2451 1609 2451 1608 2452 1610 2452 1611 2452 1179 2453 1178 2453 1612 2453 1609 2454 1179 2454 1612 2454 1611 2455 1613 2455 1614 2455 1614 2456 1615 2456 1616 2456 1178 2457 931 2457 1617 2457 1178 2458 1617 2458 1618 2458 1612 2459 1178 2459 1618 2459 1616 2460 1619 2460 1620 2460 931 2461 930 2461 1621 2461 1617 2462 931 2462 1621 2462 930 2463 1174 2463 1622 2463 1621 2464 930 2464 1622 2464 1620 2465 1623 2465 1624 2465 1174 2466 864 2466 1625 2466 1622 2467 1174 2467 1625 2467 1624 2468 1626 2468 1627 2468 864 2469 1173 2469 1628 2469 1625 2470 864 2470 1628 2470 1627 2471 1629 2471 1630 2471 1630 2472 1631 2472 1632 2472 1173 2473 1172 2473 1633 2473 1173 2474 1633 2474 1634 2474 1628 2475 1173 2475 1634 2475 1632 2476 1635 2476 1636 2476 1172 2477 1171 2477 1637 2477 1633 2478 1172 2478 1637 2478 1636 2479 1638 2479 1639 2479 1171 2480 1170 2480 1640 2480 1637 2481 1171 2481 1640 2481 1639 2482 1641 2482 1642 2482 1170 2483 1169 2483 1643 2483 1640 2484 1170 2484 1643 2484 1642 2485 1644 2485 1645 2485 1645 2486 1646 2486 1647 2486 1169 2487 1168 2487 1648 2487 1169 2488 1648 2488 1649 2488 1643 2489 1169 2489 1649 2489 1647 2490 1650 2490 1651 2490 1168 2491 1167 2491 1652 2491 1648 2492 1168 2492 1652 2492 1651 2493 1653 2493 1654 2493 1167 2494 1166 2494 1655 2494 1652 2495 1167 2495 1655 2495 1654 2496 1656 2496 1586 2496 1166 2497 935 2497 1657 2497 1655 2498 1166 2498 1657 2498 1657 2499 935 2499 1588 2499 1248 2500 1587 2500 1328 2500 1328 2501 1587 2501 1658 2501 1328 2502 1658 2502 1329 2502 1329 2503 1658 2503 1659 2503 1329 2504 1659 2504 1331 2504 1331 2505 1659 2505 1660 2505 1331 2506 1660 2506 1333 2506 1333 2507 1660 2507 1588 2507 1333 2508 1588 2508 1245 2508 1251 2509 1321 2509 1584 2509 1584 2510 1321 2510 1323 2510 1584 2511 1323 2511 1661 2511 1661 2512 1323 2512 1325 2512 1661 2513 1325 2513 1662 2513 1662 2514 1325 2514 1327 2514 1662 2515 1327 2515 1663 2515 1663 2516 1327 2516 1242 2516 1663 2517 1242 2517 1583 2517 1585 2518 1584 2518 1589 2518 1589 2519 1584 2519 1661 2519 1589 2520 1661 2520 1664 2520 1664 2521 1661 2521 1662 2521 1664 2522 1662 2522 1665 2522 1665 2523 1662 2523 1663 2523 1665 2524 1663 2524 1666 2524 1666 2525 1663 2525 1583 2525 1666 2526 1583 2526 1591 2526 1590 2527 1589 2527 1592 2527 1592 2528 1589 2528 1664 2528 1592 2529 1664 2529 1667 2529 1667 2530 1664 2530 1665 2530 1667 2531 1665 2531 1668 2531 1668 2532 1665 2532 1666 2532 1668 2533 1666 2533 1669 2533 1669 2534 1666 2534 1591 2534 1669 2535 1591 2535 1594 2535 1593 2536 1592 2536 1595 2536 1595 2537 1592 2537 1667 2537 1595 2538 1667 2538 1670 2538 1670 2539 1667 2539 1668 2539 1670 2540 1668 2540 1671 2540 1671 2541 1668 2541 1669 2541 1671 2542 1669 2542 1672 2542 1672 2543 1669 2543 1594 2543 1672 2544 1594 2544 1597 2544 1596 2545 1595 2545 1598 2545 1598 2546 1595 2546 1670 2546 1598 2547 1670 2547 1673 2547 1673 2548 1670 2548 1671 2548 1673 2549 1671 2549 1674 2549 1674 2550 1671 2550 1672 2550 1674 2551 1672 2551 1675 2551 1675 2552 1672 2552 1597 2552 1675 2553 1597 2553 1603 2553 1599 2554 1598 2554 1600 2554 1600 2555 1598 2555 1673 2555 1600 2556 1673 2556 1676 2556 1676 2557 1673 2557 1674 2557 1676 2558 1674 2558 1677 2558 1677 2559 1674 2559 1675 2559 1677 2560 1675 2560 1678 2560 1678 2561 1675 2561 1603 2561 1678 2562 1603 2562 1602 2562 1601 2563 1600 2563 1604 2563 1604 2564 1600 2564 1676 2564 1604 2565 1676 2565 1679 2565 1679 2566 1676 2566 1677 2566 1679 2567 1677 2567 1680 2567 1680 2568 1677 2568 1678 2568 1680 2569 1678 2569 1681 2569 1681 2570 1678 2570 1602 2570 1681 2571 1602 2571 1606 2571 1605 2572 1604 2572 1607 2572 1607 2573 1604 2573 1679 2573 1607 2574 1679 2574 1682 2574 1682 2575 1679 2575 1680 2575 1682 2576 1680 2576 1683 2576 1683 2577 1680 2577 1681 2577 1683 2578 1681 2578 1684 2578 1684 2579 1681 2579 1606 2579 1684 2580 1606 2580 1609 2580 1608 2581 1607 2581 1610 2581 1610 2582 1607 2582 1682 2582 1610 2583 1682 2583 1685 2583 1685 2584 1682 2584 1683 2584 1685 2585 1683 2585 1686 2585 1686 2586 1683 2586 1684 2586 1686 2587 1684 2587 1687 2587 1687 2588 1684 2588 1609 2588 1687 2589 1609 2589 1612 2589 1611 2590 1610 2590 1613 2590 1613 2591 1610 2591 1685 2591 1613 2592 1685 2592 1688 2592 1688 2593 1685 2593 1686 2593 1688 2594 1686 2594 1689 2594 1689 2595 1686 2595 1687 2595 1689 2596 1687 2596 1690 2596 1690 2597 1687 2597 1612 2597 1690 2598 1612 2598 1618 2598 1614 2599 1613 2599 1615 2599 1615 2600 1613 2600 1688 2600 1615 2601 1688 2601 1691 2601 1691 2602 1688 2602 1689 2602 1691 2603 1689 2603 1692 2603 1692 2604 1689 2604 1690 2604 1692 2605 1690 2605 1693 2605 1693 2606 1690 2606 1618 2606 1693 2607 1618 2607 1617 2607 1616 2608 1615 2608 1619 2608 1619 2609 1615 2609 1691 2609 1619 2610 1691 2610 1694 2610 1694 2611 1691 2611 1692 2611 1694 2612 1692 2612 1695 2612 1695 2613 1692 2613 1693 2613 1695 2614 1693 2614 1696 2614 1696 2615 1693 2615 1617 2615 1696 2616 1617 2616 1621 2616 1620 2617 1619 2617 1697 2617 1697 2618 1619 2618 1694 2618 1697 2619 1694 2619 1698 2619 1698 2620 1694 2620 1695 2620 1698 2621 1695 2621 1699 2621 1699 2622 1695 2622 1696 2622 1699 2623 1696 2623 1700 2623 1700 2624 1696 2624 1621 2624 1700 2625 1621 2625 1622 2625 1620 2626 1697 2626 1623 2626 1623 2627 1697 2627 1698 2627 1623 2628 1698 2628 1701 2628 1701 2629 1698 2629 1699 2629 1701 2630 1699 2630 1702 2630 1702 2631 1699 2631 1700 2631 1702 2632 1700 2632 1703 2632 1703 2633 1700 2633 1622 2633 1703 2634 1622 2634 1625 2634 1624 2635 1623 2635 1626 2635 1626 2636 1623 2636 1701 2636 1626 2637 1701 2637 1704 2637 1704 2638 1701 2638 1702 2638 1704 2639 1702 2639 1705 2639 1705 2640 1702 2640 1703 2640 1705 2641 1703 2641 1706 2641 1706 2642 1703 2642 1625 2642 1706 2643 1625 2643 1628 2643 1627 2644 1626 2644 1629 2644 1629 2645 1626 2645 1704 2645 1629 2646 1704 2646 1707 2646 1707 2647 1704 2647 1705 2647 1707 2648 1705 2648 1708 2648 1708 2649 1705 2649 1706 2649 1708 2650 1706 2650 1709 2650 1709 2651 1706 2651 1628 2651 1709 2652 1628 2652 1634 2652 1630 2653 1629 2653 1631 2653 1631 2654 1629 2654 1707 2654 1631 2655 1707 2655 1710 2655 1710 2656 1707 2656 1708 2656 1710 2657 1708 2657 1711 2657 1711 2658 1708 2658 1709 2658 1711 2659 1709 2659 1712 2659 1712 2660 1709 2660 1634 2660 1712 2661 1634 2661 1633 2661 1632 2662 1631 2662 1635 2662 1635 2663 1631 2663 1710 2663 1635 2664 1710 2664 1713 2664 1713 2665 1710 2665 1711 2665 1713 2666 1711 2666 1714 2666 1714 2667 1711 2667 1712 2667 1714 2668 1712 2668 1715 2668 1715 2669 1712 2669 1633 2669 1715 2670 1633 2670 1637 2670 1636 2671 1635 2671 1638 2671 1638 2672 1635 2672 1713 2672 1638 2673 1713 2673 1716 2673 1716 2674 1713 2674 1714 2674 1716 2675 1714 2675 1717 2675 1717 2676 1714 2676 1715 2676 1717 2677 1715 2677 1718 2677 1718 2678 1715 2678 1637 2678 1718 2679 1637 2679 1640 2679 1639 2680 1638 2680 1641 2680 1641 2681 1638 2681 1716 2681 1641 2682 1716 2682 1719 2682 1719 2683 1716 2683 1717 2683 1719 2684 1717 2684 1720 2684 1720 2685 1717 2685 1718 2685 1720 2686 1718 2686 1721 2686 1721 2687 1718 2687 1640 2687 1721 2688 1640 2688 1643 2688 1642 2689 1641 2689 1644 2689 1644 2690 1641 2690 1719 2690 1644 2691 1719 2691 1722 2691 1722 2692 1719 2692 1720 2692 1722 2693 1720 2693 1723 2693 1723 2694 1720 2694 1721 2694 1723 2695 1721 2695 1724 2695 1724 2696 1721 2696 1643 2696 1724 2697 1643 2697 1649 2697 1645 2698 1644 2698 1646 2698 1646 2699 1644 2699 1722 2699 1646 2700 1722 2700 1725 2700 1725 2701 1722 2701 1723 2701 1725 2702 1723 2702 1726 2702 1726 2703 1723 2703 1724 2703 1726 2704 1724 2704 1727 2704 1727 2705 1724 2705 1649 2705 1727 2706 1649 2706 1648 2706 1647 2707 1646 2707 1650 2707 1650 2708 1646 2708 1725 2708 1650 2709 1725 2709 1728 2709 1728 2710 1725 2710 1726 2710 1728 2711 1726 2711 1729 2711 1729 2712 1726 2712 1727 2712 1729 2713 1727 2713 1730 2713 1730 2714 1727 2714 1648 2714 1730 2715 1648 2715 1652 2715 1651 2716 1650 2716 1653 2716 1653 2717 1650 2717 1728 2717 1653 2718 1728 2718 1731 2718 1731 2719 1728 2719 1729 2719 1731 2720 1729 2720 1732 2720 1732 2721 1729 2721 1730 2721 1732 2722 1730 2722 1733 2722 1733 2723 1730 2723 1652 2723 1733 2724 1652 2724 1655 2724 1654 2725 1653 2725 1656 2725 1656 2726 1653 2726 1731 2726 1656 2727 1731 2727 1734 2727 1734 2728 1731 2728 1732 2728 1734 2729 1732 2729 1735 2729 1735 2730 1732 2730 1733 2730 1735 2731 1733 2731 1736 2731 1736 2732 1733 2732 1655 2732 1736 2733 1655 2733 1657 2733 1586 2734 1656 2734 1587 2734 1587 2735 1656 2735 1734 2735 1587 2736 1734 2736 1658 2736 1658 2737 1734 2737 1735 2737 1658 2738 1735 2738 1659 2738 1659 2739 1735 2739 1736 2739 1659 2740 1736 2740 1660 2740 1660 2741 1736 2741 1657 2741 1660 2742 1657 2742 1588 2742 1737 2743 901 2743 1032 2743 1030 2744 1738 2744 1031 2744 1031 2745 1738 2745 1739 2745 1031 2746 1739 2746 1032 2746 1032 2747 1739 2747 1740 2747 1032 2748 1740 2748 1737 2748 901 2749 1737 2749 902 2749 902 2750 1737 2750 1741 2750 902 2751 1741 2751 934 2751 934 2752 1741 2752 1742 2752 858 2753 934 2753 1743 2753 1743 2754 934 2754 1742 2754 1744 2755 1045 2755 1745 2755 1745 2756 1045 2756 861 2756 1745 2757 861 2757 1743 2757 1743 2758 861 2758 858 2758 1744 2759 1034 2759 1045 2759 1744 2760 1746 2760 1034 2760 1035 2761 1034 2761 1746 2761 1747 2762 884 2762 1748 2762 1748 2763 884 2763 1038 2763 1748 2764 1038 2764 1037 2764 1748 2765 1037 2765 1749 2765 1749 2766 1037 2766 1036 2766 1749 2767 1036 2767 1746 2767 1746 2768 1036 2768 1035 2768 1750 2769 883 2769 1747 2769 1747 2770 883 2770 885 2770 1747 2771 885 2771 884 2771 883 2772 1750 2772 1039 2772 1039 2773 1750 2773 1751 2773 1752 2774 1043 2774 1753 2774 1753 2775 1043 2775 1042 2775 1753 2776 1042 2776 1754 2776 1754 2777 1042 2777 1041 2777 1754 2778 1041 2778 1040 2778 1039 2779 1751 2779 1040 2779 1040 2780 1751 2780 1754 2780 1043 2781 1752 2781 1044 2781 1044 2782 1752 2782 1755 2782 1044 2783 1755 2783 933 2783 933 2784 1755 2784 1756 2784 933 2785 1756 2785 932 2785 932 2786 1756 2786 1757 2786 928 2787 932 2787 1758 2787 1758 2788 932 2788 1757 2788 1759 2789 1177 2789 1760 2789 1760 2790 1177 2790 929 2790 1760 2791 929 2791 1758 2791 1758 2792 929 2792 928 2792 1177 2793 1759 2793 1175 2793 1175 2794 1759 2794 1761 2794 1762 2795 863 2795 1763 2795 1763 2796 863 2796 862 2796 1763 2797 862 2797 1764 2797 1764 2798 862 2798 1176 2798 1764 2799 1176 2799 1761 2799 1761 2800 1176 2800 1175 2800 1765 2801 880 2801 1766 2801 1766 2802 880 2802 882 2802 1766 2803 882 2803 1762 2803 1762 2804 882 2804 863 2804 880 2805 1765 2805 865 2805 865 2806 1765 2806 1767 2806 1738 2807 1030 2807 1768 2807 1768 2808 1030 2808 1029 2808 1768 2809 1029 2809 1769 2809 1769 2810 1029 2810 866 2810 1769 2811 866 2811 1767 2811 1767 2812 866 2812 865 2812 1010 2813 1009 2813 1770 2813 1770 2814 1009 2814 1771 2814 1772 2815 927 2815 1773 2815 1773 2816 927 2816 894 2816 1773 2817 894 2817 890 2817 1010 2818 1770 2818 890 2818 890 2819 1770 2819 1774 2819 890 2820 1774 2820 1773 2820 926 2821 927 2821 1775 2821 1775 2822 927 2822 1772 2822 926 2823 1775 2823 896 2823 896 2824 1775 2824 1776 2824 896 2825 1776 2825 897 2825 897 2826 1776 2826 1777 2826 897 2827 1777 2827 1046 2827 1046 2828 1777 2828 1778 2828 1046 2829 1778 2829 1047 2829 1047 2830 1778 2830 1779 2830 1047 2831 1779 2831 900 2831 900 2832 1779 2832 1780 2832 900 2833 1780 2833 925 2833 925 2834 1780 2834 1781 2834 908 2835 925 2835 1782 2835 1782 2836 925 2836 1781 2836 1783 2837 1026 2837 1784 2837 1784 2838 1026 2838 1144 2838 1784 2839 1144 2839 1785 2839 1785 2840 1144 2840 909 2840 908 2841 1782 2841 909 2841 909 2842 1782 2842 1785 2842 1027 2843 1026 2843 1786 2843 1786 2844 1026 2844 1783 2844 1787 2845 1151 2845 1788 2845 1788 2846 1151 2846 1149 2846 1788 2847 1149 2847 1789 2847 1789 2848 1149 2848 1147 2848 1027 2849 1786 2849 1147 2849 1147 2850 1786 2850 1789 2850 1150 2851 1151 2851 1790 2851 1790 2852 1151 2852 1787 2852 1791 2853 1007 2853 1792 2853 1792 2854 1007 2854 1146 2854 1792 2855 1146 2855 1148 2855 1150 2856 1790 2856 1148 2856 1148 2857 1790 2857 1793 2857 1148 2858 1793 2858 1792 2858 1008 2859 1007 2859 1794 2859 1794 2860 1007 2860 1791 2860 1795 2861 1114 2861 1796 2861 1796 2862 1114 2862 1112 2862 1796 2863 1112 2863 1797 2863 1797 2864 1112 2864 1110 2864 1008 2865 1794 2865 1110 2865 1110 2866 1794 2866 1797 2866 1113 2867 1114 2867 1798 2867 1798 2868 1114 2868 1795 2868 1771 2869 1009 2869 1799 2869 1799 2870 1009 2870 1109 2870 1799 2871 1109 2871 1111 2871 1113 2872 1798 2872 1111 2872 1111 2873 1798 2873 1800 2873 1111 2874 1800 2874 1799 2874 1801 2875 1802 2875 1085 2875 1085 2876 923 2876 1801 2876 1803 2877 1088 2877 1802 2877 1802 2878 1088 2878 1087 2878 1802 2879 1087 2879 1085 2879 922 2880 1804 2880 923 2880 923 2881 1804 2881 1805 2881 923 2882 1805 2882 1801 2882 1806 2883 1017 2883 1803 2883 1803 2884 1017 2884 1052 2884 1803 2885 1052 2885 1088 2885 1017 2886 1807 2886 1018 2886 1017 2887 1806 2887 1807 2887 1807 2888 1808 2888 1018 2888 1809 2889 1022 2889 1810 2889 1810 2890 1022 2890 1021 2890 1810 2891 1021 2891 1811 2891 1811 2892 1021 2892 1020 2892 1811 2893 1020 2893 1808 2893 1808 2894 1020 2894 1019 2894 1808 2895 1019 2895 1018 2895 1812 2896 895 2896 1813 2896 1813 2897 895 2897 1024 2897 1813 2898 1024 2898 1023 2898 1022 2899 1809 2899 1023 2899 1023 2900 1809 2900 1814 2900 1023 2901 1814 2901 1813 2901 895 2902 1812 2902 893 2902 893 2903 1812 2903 1815 2903 1816 2904 1817 2904 892 2904 892 2905 1122 2905 1816 2905 1818 2906 889 2906 1817 2906 1817 2907 889 2907 891 2907 1817 2908 891 2908 892 2908 893 2909 1815 2909 1122 2909 1122 2910 1815 2910 1819 2910 1122 2911 1819 2911 1816 2911 1820 2912 944 2912 1821 2912 1821 2913 944 2913 1015 2913 1821 2914 1015 2914 1822 2914 1822 2915 1015 2915 1014 2915 1822 2916 1014 2916 1823 2916 1823 2917 1014 2917 1013 2917 1823 2918 1013 2918 1824 2918 1824 2919 1013 2919 1012 2919 1824 2920 1012 2920 1825 2920 1825 2921 1012 2921 1011 2921 1825 2922 1011 2922 1818 2922 1818 2923 1011 2923 889 2923 1826 2924 1001 2924 1827 2924 1827 2925 1001 2925 1000 2925 1827 2926 1000 2926 1828 2926 1828 2927 1000 2927 945 2927 1828 2928 945 2928 1820 2928 1820 2929 945 2929 944 2929 1003 2930 1002 2930 1829 2930 1003 2931 1829 2931 1830 2931 1003 2932 1830 2932 1004 2932 1830 2933 1831 2933 1004 2933 1004 2934 1831 2934 1104 2934 1002 2935 1001 2935 1829 2935 1829 2936 1001 2936 1826 2936 1832 2937 915 2937 1833 2937 1833 2938 915 2938 975 2938 1833 2939 975 2939 1834 2939 1834 2940 975 2940 974 2940 1834 2941 974 2941 1835 2941 1835 2942 974 2942 1108 2942 1835 2943 1108 2943 1836 2943 1836 2944 1108 2944 1106 2944 1836 2945 1106 2945 1831 2945 1831 2946 1106 2946 1104 2946 1804 2947 922 2947 1837 2947 1837 2948 922 2948 921 2948 1837 2949 921 2949 1838 2949 1838 2950 921 2950 920 2950 1838 2951 920 2951 887 2951 1838 2952 887 2952 1839 2952 1839 2953 887 2953 886 2953 1839 2954 886 2954 1840 2954 1840 2955 886 2955 1083 2955 1840 2956 1083 2956 1841 2956 1841 2957 1083 2957 917 2957 1841 2958 917 2958 1842 2958 1842 2959 917 2959 1843 2959 1843 2960 917 2960 916 2960 1843 2961 916 2961 1832 2961 1832 2962 916 2962 915 2962 1844 2963 970 2963 1845 2963 1845 2964 970 2964 969 2964 1845 2965 969 2965 1846 2965 1846 2966 969 2966 968 2966 1846 2967 968 2967 1847 2967 1847 2968 968 2968 967 2968 970 2969 1844 2969 971 2969 971 2970 1844 2970 1848 2970 971 2971 1848 2971 972 2971 973 2972 972 2972 1849 2972 1849 2973 972 2973 1848 2973 973 2974 1849 2974 1107 2974 1107 2975 1849 2975 1850 2975 1107 2976 1850 2976 1105 2976 1851 2977 999 2977 1852 2977 1852 2978 999 2978 1005 2978 1852 2979 1005 2979 1853 2979 1853 2980 1005 2980 1103 2980 1853 2981 1103 2981 1850 2981 1850 2982 1103 2982 1105 2982 1854 2983 948 2983 1855 2983 1855 2984 948 2984 947 2984 1855 2985 947 2985 1851 2985 1851 2986 947 2986 946 2986 1851 2987 946 2987 999 2987 1856 2988 983 2988 1857 2988 1857 2989 983 2989 982 2989 1857 2990 982 2990 1858 2990 1858 2991 982 2991 981 2991 1858 2992 981 2992 1859 2992 1859 2993 981 2993 949 2993 1859 2994 949 2994 1854 2994 1854 2995 949 2995 948 2995 1860 2996 986 2996 1861 2996 1861 2997 986 2997 985 2997 1861 2998 985 2998 1862 2998 1862 2999 985 2999 984 2999 1863 3000 871 3000 1864 3000 1864 3001 871 3001 868 3001 1864 3002 868 3002 1860 3002 1860 3003 868 3003 870 3003 1860 3004 870 3004 986 3004 983 3005 1856 3005 984 3005 984 3006 1856 3006 1865 3006 984 3007 1865 3007 1862 3007 1863 3008 1068 3008 871 3008 1863 3009 1866 3009 1068 3009 1867 3010 872 3010 1866 3010 1866 3011 872 3011 874 3011 1866 3012 874 3012 1068 3012 1868 3013 1869 3013 989 3013 1868 3014 989 3014 988 3014 1868 3015 988 3015 1870 3015 1871 3016 991 3016 1869 3016 1869 3017 991 3017 990 3017 1869 3018 990 3018 989 3018 1867 3019 1870 3019 872 3019 872 3020 1870 3020 988 3020 1872 3021 993 3021 1871 3021 1871 3022 993 3022 992 3022 1871 3023 992 3023 991 3023 1873 3024 1086 3024 1872 3024 1872 3025 1086 3025 1053 3025 1872 3026 1053 3026 993 3026 1874 3027 919 3027 1875 3027 1875 3028 919 3028 924 3028 1875 3029 924 3029 1876 3029 1876 3030 924 3030 1084 3030 1876 3031 1084 3031 1877 3031 1873 3032 1877 3032 1086 3032 1086 3033 1877 3033 1084 3033 1874 3034 888 3034 919 3034 1874 3035 1878 3035 888 3035 918 3036 888 3036 1878 3036 912 3037 918 3037 1879 3037 1879 3038 918 3038 1878 3038 912 3039 1879 3039 995 3039 995 3040 1879 3040 1880 3040 1881 3041 998 3041 1882 3041 1882 3042 998 3042 997 3042 1882 3043 997 3043 1883 3043 1883 3044 997 3044 996 3044 1883 3045 996 3045 1884 3045 1880 3046 1884 3046 995 3046 995 3047 1884 3047 996 3047 1885 3048 1049 3048 1886 3048 1886 3049 1049 3049 1048 3049 1886 3050 1048 3050 1881 3050 1881 3051 1048 3051 998 3051 1887 3052 976 3052 1888 3052 1888 3053 976 3053 1051 3053 1888 3054 1051 3054 1050 3054 1049 3055 1885 3055 1050 3055 1050 3056 1885 3056 1889 3056 1050 3057 1889 3057 1888 3057 1890 3058 957 3058 1891 3058 1891 3059 957 3059 979 3059 1891 3060 979 3060 1892 3060 1892 3061 979 3061 978 3061 1892 3062 978 3062 977 3062 977 3063 976 3063 1892 3063 1892 3064 976 3064 1887 3064 1890 3065 958 3065 957 3065 1890 3066 1893 3066 958 3066 1894 3067 960 3067 1893 3067 1893 3068 960 3068 959 3068 1893 3069 959 3069 958 3069 1895 3070 964 3070 1896 3070 1896 3071 964 3071 963 3071 1896 3072 963 3072 962 3072 1896 3073 962 3073 1897 3073 1897 3074 962 3074 961 3074 1897 3075 961 3075 1894 3075 1894 3076 961 3076 960 3076 964 3077 1895 3077 965 3077 965 3078 1895 3078 1898 3078 1847 3079 967 3079 1899 3079 1899 3080 967 3080 966 3080 1899 3081 966 3081 1898 3081 1898 3082 966 3082 965 3082 1900 3083 867 3083 1901 3083 1901 3084 867 3084 1028 3084 1901 3085 1028 3085 1902 3085 1902 3086 1028 3086 903 3086 905 3087 1903 3087 903 3087 903 3088 1903 3088 1902 3088 911 3089 867 3089 1904 3089 1904 3090 867 3090 1900 3090 877 3091 911 3091 1905 3091 1905 3092 911 3092 1904 3092 875 3093 877 3093 1906 3093 1906 3094 877 3094 1905 3094 1907 3095 878 3095 1906 3095 1906 3096 878 3096 875 3096 1025 3097 878 3097 1908 3097 1908 3098 878 3098 1907 3098 1909 3099 904 3099 1910 3099 1910 3100 904 3100 910 3100 1910 3101 910 3101 1145 3101 1025 3102 1908 3102 1145 3102 1145 3103 1908 3103 1911 3103 1145 3104 1911 3104 1910 3104 905 3105 904 3105 1903 3105 1903 3106 904 3106 1909 3106 1912 3107 1234 3107 1913 3107 1913 3108 1234 3108 1233 3108 1913 3109 1233 3109 1914 3109 1914 3110 1233 3110 1232 3110 1914 3111 1232 3111 1915 3111 1915 3112 1232 3112 1231 3112 1915 3113 1231 3113 1916 3113 1916 3114 1231 3114 1230 3114 1916 3115 1230 3115 1917 3115 1917 3116 1230 3116 1229 3116 1917 3117 1229 3117 1918 3117 1918 3118 1229 3118 1228 3118 1918 3119 1228 3119 1919 3119 1919 3120 1228 3120 1227 3120 1919 3121 1227 3121 1920 3121 1920 3122 1227 3122 1241 3122 1920 3123 1241 3123 1921 3123 1921 3124 1241 3124 1240 3124 1921 3125 1240 3125 1922 3125 1922 3126 1240 3126 1239 3126 1922 3127 1239 3127 1923 3127 1923 3128 1239 3128 1195 3128 1923 3129 1195 3129 1924 3129 1924 3130 1195 3130 1194 3130 1924 3131 1194 3131 1925 3131 1925 3132 1194 3132 1193 3132 1925 3133 1193 3133 1926 3133 1926 3134 1193 3134 1189 3134 1926 3135 1189 3135 1927 3135 1927 3136 1189 3136 1188 3136 1927 3137 1188 3137 1928 3137 1928 3138 1188 3138 1187 3138 1928 3139 1187 3139 1929 3139 1929 3140 1187 3140 1186 3140 1929 3141 1186 3141 1930 3141 1930 3142 1186 3142 1216 3142 1930 3143 1216 3143 1931 3143 1931 3144 1216 3144 1217 3144 1931 3145 1217 3145 1932 3145 1932 3146 1217 3146 1218 3146 1932 3147 1218 3147 1933 3147 1933 3148 1218 3148 1204 3148 1933 3149 1204 3149 1934 3149 1934 3150 1204 3150 1205 3150 1934 3151 1205 3151 1935 3151 1935 3152 1205 3152 1206 3152 1935 3153 1206 3153 1936 3153 1936 3154 1206 3154 1207 3154 1936 3155 1207 3155 1937 3155 1937 3156 1207 3156 1208 3156 1937 3157 1208 3157 1938 3157 1938 3158 1208 3158 1209 3158 1938 3159 1209 3159 1939 3159 1939 3160 1209 3160 1210 3160 1939 3161 1210 3161 1940 3161 1940 3162 1210 3162 1211 3162 1940 3163 1211 3163 1941 3163 1941 3164 1211 3164 1212 3164 1941 3165 1212 3165 1942 3165 1942 3166 1212 3166 1213 3166 1942 3167 1213 3167 1943 3167 1943 3168 1213 3168 1214 3168 1943 3169 1214 3169 1944 3169 1944 3170 1214 3170 1215 3170 1944 3171 1215 3171 1945 3171 1945 3172 1215 3172 1200 3172 1945 3173 1200 3173 1946 3173 1946 3174 1200 3174 1201 3174 1946 3175 1201 3175 1947 3175 1947 3176 1201 3176 1202 3176 1947 3177 1202 3177 1948 3177 1948 3178 1202 3178 1203 3178 1948 3179 1203 3179 1949 3179 1949 3180 1203 3180 1198 3180 1949 3181 1198 3181 1950 3181 1950 3182 1198 3182 1199 3182 1950 3183 1199 3183 1951 3183 1951 3184 1199 3184 1196 3184 1951 3185 1196 3185 1952 3185 1952 3186 1196 3186 1197 3186 1952 3187 1197 3187 1953 3187 1953 3188 1197 3188 1191 3188 1953 3189 1191 3189 1954 3189 1954 3190 1191 3190 1190 3190 1954 3191 1190 3191 1955 3191 1955 3192 1190 3192 1192 3192 1955 3193 1192 3193 1956 3193 1956 3194 1192 3194 1220 3194 1956 3195 1220 3195 1957 3195 1957 3196 1220 3196 1219 3196 1957 3197 1219 3197 1958 3197 1958 3198 1219 3198 1222 3198 1958 3199 1222 3199 1959 3199 1959 3200 1222 3200 1221 3200 1959 3201 1221 3201 1960 3201 1960 3202 1221 3202 1226 3202 1960 3203 1226 3203 1961 3203 1961 3204 1226 3204 1225 3204 1961 3205 1225 3205 1962 3205 1962 3206 1225 3206 1224 3206 1962 3207 1224 3207 1963 3207 1963 3208 1224 3208 1223 3208 1963 3209 1223 3209 1964 3209 1964 3210 1223 3210 1238 3210 1964 3211 1238 3211 1965 3211 1965 3212 1238 3212 1237 3212 1965 3213 1237 3213 1966 3213 1966 3214 1237 3214 1236 3214 1966 3215 1236 3215 1967 3215 1967 3216 1236 3216 1235 3216 1967 3217 1235 3217 1912 3217 1912 3218 1235 3218 1234 3218 1968 3219 1969 3219 1970 3219 1970 3220 1969 3220 1971 3220 1970 3221 1971 3221 1972 3221 1972 3222 1971 3222 1973 3222 1972 3223 1973 3223 1974 3223 1969 3224 1968 3224 1975 3224 1975 3225 1968 3225 1976 3225 1975 3226 1976 3226 1977 3226 1977 3227 1976 3227 1978 3227 1977 3228 1978 3228 1979 3228 1979 3229 1978 3229 1980 3229 1979 3230 1980 3230 1981 3230 1981 3231 1980 3231 1982 3231 1981 3232 1982 3232 1983 3232 1984 3233 1985 3233 1986 3233 1986 3234 1985 3234 1987 3234 1986 3235 1987 3235 1988 3235 1988 3236 1987 3236 1983 3236 1988 3237 1983 3237 1982 3237 1985 3238 1984 3238 1989 3238 1989 3239 1984 3239 1990 3239 1989 3240 1990 3240 1991 3240 1991 3241 1990 3241 1992 3241 1991 3242 1992 3242 1993 3242 1993 3243 1992 3243 1994 3243 1993 3244 1994 3244 1995 3244 1995 3245 1994 3245 1974 3245 1995 3246 1974 3246 1973 3246 1996 3247 1997 3247 1998 3247 1998 3248 1997 3248 1999 3248 2000 3249 2001 3249 2002 3249 2002 3250 2001 3250 2003 3250 2002 3251 2003 3251 1998 3251 1998 3252 2003 3252 1996 3252 2004 3253 2001 3253 2005 3253 2005 3254 2001 3254 2000 3254 2004 3255 2005 3255 2006 3255 2006 3256 2005 3256 2007 3256 2006 3257 2007 3257 1997 3257 1997 3258 2007 3258 1999 3258 2008 3259 2009 3259 2010 3259 2010 3260 2009 3260 2011 3260 2009 3261 2008 3261 2012 3261 2012 3262 2008 3262 2013 3262 2012 3263 2013 3263 2014 3263 2015 3264 2016 3264 2014 3264 2014 3265 2016 3265 2017 3265 2014 3266 2017 3266 2012 3266 2018 3267 2019 3267 2015 3267 2015 3268 2019 3268 2016 3268 2019 3269 2018 3269 2020 3269 2020 3270 2018 3270 2021 3270 2020 3271 2021 3271 2022 3271 2022 3272 2021 3272 2023 3272 2022 3273 2023 3273 2024 3273 2024 3274 2023 3274 2025 3274 2024 3275 2025 3275 2026 3275 2027 3276 2028 3276 2026 3276 2026 3277 2028 3277 2029 3277 2026 3278 2029 3278 2024 3278 2030 3279 2031 3279 2027 3279 2027 3280 2031 3280 2028 3280 2032 3281 2033 3281 2030 3281 2030 3282 2033 3282 2031 3282 2033 3283 2032 3283 2034 3283 2034 3284 2032 3284 2035 3284 2034 3285 2035 3285 2036 3285 2036 3286 2035 3286 2037 3286 2038 3287 2039 3287 2040 3287 2038 3288 2041 3288 2039 3288 2042 3289 2039 3289 2041 3289 2043 3290 2036 3290 2037 3290 2043 3291 2037 3291 2044 3291 2043 3292 2044 3292 2042 3292 2043 3293 2042 3293 2041 3293 2045 3294 2046 3294 2040 3294 2040 3295 2046 3295 2038 3295 2046 3296 2045 3296 2047 3296 2047 3297 2045 3297 2048 3297 2047 3298 2048 3298 2049 3298 2049 3299 2048 3299 2050 3299 2049 3300 2050 3300 2051 3300 2051 3301 2050 3301 2052 3301 2051 3302 2052 3302 2053 3302 2053 3303 2052 3303 2054 3303 2053 3304 2054 3304 2055 3304 2055 3305 2054 3305 2056 3305 2055 3306 2056 3306 2011 3306 2011 3307 2056 3307 2010 3307 2057 3308 2058 3308 2059 3308 2059 3309 2058 3309 2060 3309 2058 3310 2057 3310 2061 3310 2061 3311 2057 3311 2062 3311 2061 3312 2062 3312 2063 3312 2064 3313 2065 3313 2063 3313 2063 3314 2065 3314 2066 3314 2063 3315 2066 3315 2061 3315 2067 3316 2068 3316 2064 3316 2064 3317 2068 3317 2065 3317 2068 3318 2067 3318 2069 3318 2069 3319 2067 3319 2070 3319 2069 3320 2070 3320 2071 3320 2071 3321 2070 3321 2072 3321 2071 3322 2072 3322 2073 3322 2073 3323 2072 3323 2074 3323 2073 3324 2074 3324 2075 3324 2076 3325 2077 3325 2075 3325 2075 3326 2077 3326 2078 3326 2075 3327 2078 3327 2073 3327 2079 3328 2080 3328 2076 3328 2076 3329 2080 3329 2077 3329 2081 3330 2082 3330 2079 3330 2079 3331 2082 3331 2080 3331 2082 3332 2081 3332 2083 3332 2083 3333 2081 3333 2084 3333 2083 3334 2084 3334 2085 3334 2085 3335 2084 3335 2086 3335 2087 3336 2088 3336 2089 3336 2087 3337 2090 3337 2088 3337 2091 3338 2088 3338 2090 3338 2092 3339 2085 3339 2086 3339 2092 3340 2086 3340 2093 3340 2092 3341 2093 3341 2091 3341 2092 3342 2091 3342 2090 3342 2094 3343 2095 3343 2089 3343 2089 3344 2095 3344 2087 3344 2095 3345 2094 3345 2096 3345 2096 3346 2094 3346 2097 3346 2096 3347 2097 3347 2098 3347 2098 3348 2097 3348 2099 3348 2098 3349 2099 3349 2100 3349 2100 3350 2099 3350 2101 3350 2100 3351 2101 3351 2102 3351 2102 3352 2101 3352 2103 3352 2102 3353 2103 3353 2104 3353 2104 3354 2103 3354 2105 3354 2104 3355 2105 3355 2060 3355 2060 3356 2105 3356 2059 3356 2106 3357 2107 3357 2108 3357 2108 3358 2107 3358 2109 3358 2109 3359 2107 3359 2110 3359 2110 3360 2107 3360 2111 3360 2110 3361 2111 3361 2112 3361 2112 3362 2111 3362 2113 3362 2113 3363 2114 3363 2112 3363 2112 3364 2114 3364 2115 3364 2106 3365 2108 3365 2116 3365 2116 3366 2108 3366 2117 3366 2116 3367 2117 3367 2114 3367 2114 3368 2117 3368 2115 3368 2118 3369 1947 3369 2119 3369 2120 3370 2121 3370 1961 3370 1961 3371 2122 3371 2120 3371 1948 3372 1949 3372 1950 3372 1948 3373 1950 3373 1951 3373 1948 3374 1951 3374 1952 3374 1948 3375 1952 3375 1953 3375 2123 3376 1955 3376 1956 3376 2123 3377 1956 3377 1957 3377 2123 3378 1957 3378 1958 3378 2123 3379 1958 3379 1959 3379 2123 3380 1959 3380 1960 3380 2123 3381 1960 3381 1961 3381 2123 3382 1961 3382 2121 3382 1926 3383 1927 3383 1928 3383 1926 3384 1928 3384 1929 3384 1926 3385 1929 3385 1930 3385 1926 3386 1930 3386 1931 3386 1926 3387 1931 3387 1932 3387 1926 3388 1932 3388 2124 3388 1926 3389 2124 3389 2125 3389 1926 3390 2125 3390 1920 3390 1926 3391 1920 3391 1921 3391 1926 3392 1921 3392 1922 3392 1926 3393 1922 3393 1923 3393 1926 3394 1923 3394 1924 3394 1926 3395 1924 3395 1925 3395 1932 3396 1933 3396 2126 3396 1932 3397 2126 3397 2127 3397 1932 3398 2127 3398 2128 3398 1932 3399 2128 3399 2124 3399 1920 3400 2125 3400 2129 3400 1920 3401 2129 3401 2130 3401 1920 3402 2130 3402 2131 3402 1920 3403 2131 3403 1919 3403 2123 3404 2132 3404 1955 3404 1955 3405 2132 3405 1954 3405 2132 3406 1948 3406 1954 3406 1954 3407 1948 3407 1953 3407 2119 3408 1947 3408 2133 3408 2133 3409 1947 3409 1948 3409 2133 3410 1948 3410 2132 3410 2134 3411 1945 3411 2135 3411 2135 3412 1945 3412 1946 3412 2135 3413 1946 3413 2136 3413 2136 3414 1946 3414 1947 3414 2136 3415 1947 3415 2118 3415 2137 3416 1942 3416 2138 3416 2138 3417 1942 3417 1943 3417 2138 3418 1943 3418 2139 3418 2139 3419 1943 3419 1944 3419 2139 3420 1944 3420 2140 3420 2140 3421 1944 3421 1945 3421 2140 3422 1945 3422 2134 3422 2141 3423 1937 3423 2142 3423 2142 3424 1937 3424 1938 3424 2142 3425 1938 3425 2143 3425 2143 3426 1938 3426 1939 3426 2143 3427 1939 3427 2144 3427 2144 3428 1939 3428 1940 3428 2144 3429 1940 3429 2145 3429 2145 3430 1940 3430 1941 3430 2145 3431 1941 3431 2146 3431 2146 3432 1941 3432 1942 3432 2146 3433 1942 3433 2137 3433 2147 3434 1934 3434 2148 3434 2148 3435 1934 3435 1935 3435 2148 3436 1935 3436 2149 3436 2149 3437 1935 3437 1936 3437 2149 3438 1936 3438 2150 3438 2150 3439 1936 3439 1937 3439 2150 3440 1937 3440 2141 3440 1933 3441 1934 3441 2126 3441 2126 3442 1934 3442 2147 3442 2151 3443 2152 3443 1963 3443 1963 3444 2152 3444 2153 3444 1963 3445 2153 3445 1962 3445 1962 3446 2153 3446 2122 3446 1962 3447 2122 3447 1961 3447 2154 3448 2155 3448 1966 3448 1966 3449 2155 3449 2156 3449 1966 3450 2156 3450 1965 3450 1965 3451 2156 3451 2157 3451 1965 3452 2157 3452 1964 3452 1964 3453 2157 3453 2151 3453 1964 3454 2151 3454 1963 3454 2158 3455 2159 3455 1915 3455 1915 3456 2159 3456 2160 3456 1915 3457 2160 3457 1914 3457 1914 3458 2160 3458 2161 3458 1914 3459 2161 3459 1913 3459 1913 3460 2161 3460 2162 3460 1913 3461 2162 3461 1912 3461 1912 3462 2162 3462 2163 3462 1912 3463 2163 3463 1967 3463 1967 3464 2163 3464 2154 3464 1967 3465 2154 3465 1966 3465 2164 3466 2165 3466 1918 3466 1918 3467 2165 3467 2166 3467 1918 3468 2166 3468 1917 3468 1917 3469 2166 3469 2167 3469 1917 3470 2167 3470 1916 3470 1916 3471 2167 3471 2158 3471 1916 3472 2158 3472 1915 3472 2164 3473 1918 3473 2131 3473 2131 3474 1918 3474 1919 3474 2168 3475 2162 3475 2169 3475 2169 3476 2162 3476 2161 3476 2169 3477 2161 3477 2170 3477 2170 3478 2161 3478 2160 3478 2170 3479 2160 3479 2171 3479 2171 3480 2160 3480 2159 3480 2171 3481 2159 3481 2172 3481 2172 3482 2159 3482 2158 3482 2172 3483 2158 3483 2173 3483 2173 3484 2158 3484 2167 3484 2173 3485 2167 3485 2174 3485 2174 3486 2167 3486 2166 3486 2174 3487 2166 3487 2175 3487 2175 3488 2166 3488 2165 3488 2175 3489 2165 3489 2176 3489 2176 3490 2165 3490 2164 3490 2176 3491 2164 3491 2177 3491 2177 3492 2164 3492 2131 3492 2177 3493 2131 3493 2178 3493 2178 3494 2131 3494 2130 3494 2178 3495 2130 3495 2179 3495 2179 3496 2130 3496 2129 3496 2179 3497 2129 3497 2180 3497 2180 3498 2129 3498 2125 3498 2180 3499 2125 3499 2181 3499 2181 3500 2125 3500 2124 3500 2181 3501 2124 3501 2182 3501 2182 3502 2124 3502 2128 3502 2182 3503 2128 3503 2183 3503 2183 3504 2128 3504 2127 3504 2183 3505 2127 3505 2184 3505 2184 3506 2127 3506 2126 3506 2184 3507 2126 3507 2185 3507 2185 3508 2126 3508 2147 3508 2185 3509 2147 3509 2186 3509 2186 3510 2147 3510 2148 3510 2186 3511 2148 3511 2187 3511 2187 3512 2148 3512 2149 3512 2187 3513 2149 3513 2188 3513 2188 3514 2149 3514 2150 3514 2188 3515 2150 3515 2189 3515 2189 3516 2150 3516 2141 3516 2189 3517 2141 3517 2190 3517 2190 3518 2141 3518 2142 3518 2190 3519 2142 3519 2191 3519 2191 3520 2142 3520 2143 3520 2191 3521 2143 3521 2192 3521 2192 3522 2143 3522 2144 3522 2192 3523 2144 3523 2193 3523 2193 3524 2144 3524 2145 3524 2193 3525 2145 3525 2194 3525 2194 3526 2145 3526 2146 3526 2194 3527 2146 3527 2195 3527 2195 3528 2146 3528 2137 3528 2195 3529 2137 3529 2196 3529 2196 3530 2137 3530 2138 3530 2196 3531 2138 3531 2197 3531 2197 3532 2138 3532 2139 3532 2197 3533 2139 3533 2198 3533 2198 3534 2139 3534 2140 3534 2198 3535 2140 3535 2199 3535 2199 3536 2140 3536 2134 3536 2199 3537 2134 3537 2200 3537 2200 3538 2134 3538 2135 3538 2200 3539 2135 3539 2201 3539 2201 3540 2135 3540 2136 3540 2201 3541 2136 3541 2202 3541 2202 3542 2136 3542 2118 3542 2202 3543 2118 3543 2203 3543 2203 3544 2118 3544 2119 3544 2203 3545 2119 3545 2204 3545 2204 3546 2119 3546 2133 3546 2204 3547 2133 3547 2205 3547 2205 3548 2133 3548 2132 3548 2205 3549 2132 3549 2206 3549 2206 3550 2132 3550 2123 3550 2206 3551 2123 3551 2207 3551 2207 3552 2123 3552 2121 3552 2207 3553 2121 3553 2208 3553 2208 3554 2121 3554 2120 3554 2208 3555 2120 3555 2209 3555 2209 3556 2120 3556 2122 3556 2209 3557 2122 3557 2210 3557 2210 3558 2122 3558 2153 3558 2210 3559 2153 3559 2211 3559 2211 3560 2153 3560 2152 3560 2211 3561 2152 3561 2212 3561 2212 3562 2152 3562 2151 3562 2212 3563 2151 3563 2213 3563 2213 3564 2151 3564 2157 3564 2213 3565 2157 3565 2214 3565 2214 3566 2157 3566 2156 3566 2214 3567 2156 3567 2215 3567 2215 3568 2156 3568 2155 3568 2215 3569 2155 3569 2216 3569 2216 3570 2155 3570 2154 3570 2216 3571 2154 3571 2217 3571 2217 3572 2154 3572 2163 3572 2217 3573 2163 3573 2168 3573 2168 3574 2163 3574 2162 3574 2168 3575 2194 3575 2217 3575 2217 3576 2194 3576 2195 3576 2217 3577 2195 3577 2216 3577 2216 3578 2195 3578 2196 3578 2216 3579 2196 3579 2215 3579 2215 3580 2196 3580 2197 3580 2215 3581 2197 3581 2214 3581 2214 3582 2197 3582 2198 3582 2214 3583 2198 3583 2213 3583 2213 3584 2198 3584 2199 3584 2213 3585 2199 3585 2212 3585 2212 3586 2199 3586 2200 3586 2212 3587 2200 3587 2211 3587 2211 3588 2200 3588 2201 3588 2211 3589 2201 3589 2210 3589 2210 3590 2201 3590 2202 3590 2210 3591 2202 3591 2209 3591 2209 3592 2202 3592 2203 3592 2209 3593 2203 3593 2208 3593 2208 3594 2203 3594 2204 3594 2208 3595 2204 3595 2207 3595 2207 3596 2204 3596 2205 3596 2207 3597 2205 3597 2206 3597 2194 3598 2168 3598 2193 3598 2193 3599 2168 3599 2169 3599 2193 3600 2169 3600 2192 3600 2192 3601 2169 3601 2170 3601 2192 3602 2170 3602 2191 3602 2191 3603 2170 3603 2171 3603 2191 3604 2171 3604 2190 3604 2190 3605 2171 3605 2172 3605 2190 3606 2172 3606 2189 3606 2189 3607 2172 3607 2173 3607 2189 3608 2173 3608 2188 3608 2188 3609 2173 3609 2174 3609 2188 3610 2174 3610 2187 3610 2187 3611 2174 3611 2175 3611 2187 3612 2175 3612 2186 3612 2186 3613 2175 3613 2176 3613 2186 3614 2176 3614 2185 3614 2185 3615 2176 3615 2177 3615 2185 3616 2177 3616 2184 3616 2184 3617 2177 3617 2178 3617 2184 3618 2178 3618 2183 3618 2183 3619 2178 3619 2179 3619 2183 3620 2179 3620 2182 3620 2182 3621 2179 3621 2180 3621 2182 3622 2180 3622 2181 3622 2107 3623 2106 3623 2111 3623 2111 3624 2106 3624 2116 3624 2111 3625 2116 3625 2113 3625 2113 3626 2116 3626 2114 3626 2070 3627 2088 3627 2072 3627 2074 3628 2072 3628 2088 3628 2074 3629 2088 3629 2091 3629 2074 3630 2091 3630 2093 3630 2074 3631 2093 3631 2086 3631 2074 3632 2086 3632 2075 3632 2081 3633 2079 3633 2084 3633 2084 3634 2079 3634 2076 3634 2084 3635 2076 3635 2086 3635 2086 3636 2076 3636 2075 3636 2088 3637 2070 3637 2089 3637 2089 3638 2070 3638 2067 3638 2089 3639 2067 3639 2094 3639 2094 3640 2067 3640 2064 3640 2094 3641 2064 3641 2097 3641 2097 3642 2064 3642 2063 3642 2097 3643 2063 3643 2099 3643 2099 3644 2063 3644 2101 3644 2101 3645 2063 3645 2062 3645 2101 3646 2062 3646 2103 3646 2103 3647 2062 3647 2057 3647 2103 3648 2057 3648 2105 3648 2105 3649 2057 3649 2059 3649 2010 3650 2056 3650 2008 3650 2008 3651 2056 3651 2054 3651 2008 3652 2054 3652 2013 3652 2013 3653 2054 3653 2052 3653 2013 3654 2052 3654 2014 3654 2014 3655 2052 3655 2050 3655 2014 3656 2050 3656 2015 3656 2015 3657 2050 3657 2048 3657 2015 3658 2048 3658 2045 3658 2015 3659 2045 3659 2018 3659 2018 3660 2045 3660 2040 3660 2018 3661 2040 3661 2021 3661 2021 3662 2040 3662 2039 3662 2021 3663 2039 3663 2023 3663 2023 3664 2039 3664 2042 3664 2023 3665 2042 3665 2025 3665 2025 3666 2042 3666 2026 3666 2026 3667 2042 3667 2044 3667 2026 3668 2044 3668 2037 3668 2026 3669 2037 3669 2027 3669 2027 3670 2037 3670 2035 3670 2027 3671 2035 3671 2030 3671 2030 3672 2035 3672 2032 3672 2005 3673 2000 3673 2007 3673 2007 3674 2000 3674 2002 3674 2007 3675 2002 3675 1999 3675 1999 3676 2002 3676 1998 3676 2112 3677 1910 3677 2110 3677 2112 3678 1909 3678 1910 3678 2108 3679 2218 3679 1901 3679 2108 3680 1901 3680 1902 3680 2108 3681 1902 3681 2117 3681 2115 3682 2117 3682 1902 3682 2115 3683 1902 3683 1903 3683 2115 3684 1903 3684 1909 3684 2115 3685 1909 3685 2112 3685 2109 3686 2110 3686 1910 3686 2109 3687 1910 3687 1911 3687 2109 3688 1911 3688 2218 3688 2109 3689 2218 3689 2108 3689 1904 3690 1900 3690 1905 3690 1905 3691 1900 3691 1901 3691 1905 3692 1901 3692 1906 3692 1906 3693 1901 3693 2218 3693 1906 3694 2218 3694 1911 3694 1906 3695 1911 3695 1907 3695 1907 3696 1911 3696 1908 3696 1847 3697 1850 3697 1846 3697 1847 3698 1899 3698 1850 3698 1848 3699 1844 3699 1849 3699 1876 3700 1877 3700 1869 3700 1853 3701 1850 3701 1899 3701 1853 3702 1899 3702 1898 3702 1853 3703 1898 3703 1862 3703 1853 3704 1862 3704 1865 3704 1853 3705 1865 3705 1852 3705 1868 3706 1870 3706 1888 3706 1868 3707 1888 3707 1889 3707 1868 3708 1889 3708 1885 3708 1868 3709 1885 3709 1875 3709 1868 3710 1875 3710 1876 3710 1868 3711 1876 3711 1869 3711 1874 3712 1881 3712 1882 3712 1874 3713 1882 3713 1883 3713 1874 3714 1883 3714 1884 3714 1874 3715 1884 3715 1880 3715 1874 3716 1880 3716 1879 3716 1874 3717 1879 3717 1878 3717 1875 3718 1885 3718 1886 3718 1875 3719 1886 3719 1881 3719 1875 3720 1881 3720 1874 3720 1856 3721 1857 3721 1851 3721 1851 3722 1857 3722 1858 3722 1851 3723 1858 3723 1855 3723 1855 3724 1858 3724 1859 3724 1855 3725 1859 3725 1854 3725 1852 3726 1865 3726 1851 3726 1851 3727 1865 3727 1856 3727 1849 3728 1844 3728 1850 3728 1850 3729 1844 3729 1845 3729 1850 3730 1845 3730 1846 3730 1862 3731 1898 3731 1861 3731 1861 3732 1898 3732 1895 3732 1861 3733 1895 3733 1896 3733 1861 3734 1896 3734 1860 3734 1860 3735 1896 3735 1897 3735 1860 3736 1897 3736 1894 3736 1860 3737 1894 3737 1864 3737 1864 3738 1894 3738 1893 3738 1864 3739 1893 3739 1863 3739 1863 3740 1893 3740 1890 3740 1863 3741 1890 3741 1866 3741 1866 3742 1890 3742 1891 3742 1866 3743 1891 3743 1892 3743 1866 3744 1892 3744 1867 3744 1867 3745 1892 3745 1887 3745 1867 3746 1887 3746 1870 3746 1870 3747 1887 3747 1888 3747 1869 3748 1877 3748 1871 3748 1871 3749 1877 3749 1873 3749 1871 3750 1873 3750 1872 3750 2060 3751 1808 3751 1807 3751 2098 3752 2100 3752 1804 3752 1831 3753 1830 3753 1829 3753 1831 3754 1829 3754 1826 3754 1831 3755 1826 3755 1827 3755 1831 3756 1827 3756 1828 3756 1831 3757 1828 3757 2082 3757 1831 3758 2082 3758 2083 3758 1831 3759 2083 3759 1836 3759 2087 3760 2095 3760 1843 3760 2087 3761 1843 3761 1832 3761 2087 3762 1832 3762 1833 3762 2087 3763 1833 3763 1834 3763 2087 3764 1834 3764 2090 3764 2095 3765 2096 3765 1838 3765 2095 3766 1838 3766 1839 3766 2095 3767 1839 3767 1840 3767 2095 3768 1840 3768 1841 3768 2095 3769 1841 3769 1842 3769 2095 3770 1842 3770 1843 3770 2080 3771 2082 3771 1828 3771 2080 3772 1828 3772 1820 3772 2080 3773 1820 3773 1821 3773 2080 3774 1821 3774 1822 3774 2080 3775 1822 3775 1823 3775 2080 3776 1823 3776 1824 3776 2080 3777 1824 3777 1825 3777 2080 3778 1825 3778 1818 3778 2080 3779 1818 3779 2077 3779 1807 3780 1806 3780 2060 3780 2060 3781 1806 3781 1803 3781 2060 3782 1803 3782 1801 3782 1801 3783 1803 3783 1802 3783 1808 3784 2060 3784 1811 3784 1811 3785 2060 3785 2058 3785 1811 3786 2058 3786 1810 3786 1809 3787 1810 3787 1814 3787 1814 3788 1810 3788 2058 3788 1814 3789 2058 3789 1813 3789 1813 3790 2058 3790 2061 3790 1813 3791 2061 3791 2066 3791 1836 3792 2083 3792 1835 3792 1835 3793 2083 3793 2085 3793 1835 3794 2085 3794 2092 3794 2090 3795 1834 3795 2092 3795 2092 3796 1834 3796 1835 3796 2098 3797 1804 3797 2096 3797 2096 3798 1804 3798 1837 3798 2096 3799 1837 3799 1838 3799 1804 3800 2100 3800 1805 3800 1805 3801 2100 3801 2102 3801 1805 3802 2102 3802 1801 3802 1801 3803 2102 3803 2104 3803 1801 3804 2104 3804 2060 3804 2077 3805 1818 3805 2078 3805 2078 3806 1818 3806 1817 3806 2078 3807 1817 3807 2073 3807 2073 3808 1817 3808 2071 3808 2071 3809 1817 3809 1816 3809 2071 3810 1816 3810 2069 3810 2069 3811 1816 3811 1819 3811 2069 3812 1819 3812 2068 3812 2068 3813 1819 3813 1815 3813 2068 3814 1815 3814 2065 3814 2065 3815 1815 3815 1812 3815 2065 3816 1812 3816 2066 3816 2066 3817 1812 3817 1813 3817 1798 3818 1773 3818 1800 3818 1798 3819 1772 3819 1773 3819 1790 3820 1780 3820 1793 3820 1790 3821 1781 3821 1780 3821 1792 3822 1793 3822 1779 3822 1780 3823 1779 3823 1793 3823 1784 3824 1785 3824 1788 3824 1774 3825 1800 3825 1773 3825 1797 3826 1777 3826 1796 3826 1796 3827 1777 3827 1776 3827 1778 3828 1777 3828 1797 3828 1778 3829 1797 3829 1794 3829 1778 3830 1794 3830 1791 3830 1778 3831 1791 3831 1792 3831 1778 3832 1792 3832 1779 3832 1787 3833 1788 3833 1785 3833 1787 3834 1785 3834 1782 3834 1787 3835 1782 3835 1781 3835 1787 3836 1781 3836 1790 3836 1795 3837 1796 3837 1776 3837 1795 3838 1776 3838 1775 3838 1795 3839 1775 3839 1772 3839 1795 3840 1772 3840 1798 3840 1786 3841 1783 3841 1789 3841 1789 3842 1783 3842 1784 3842 1789 3843 1784 3843 1788 3843 1770 3844 1771 3844 1774 3844 1774 3845 1771 3845 1799 3845 1774 3846 1799 3846 1800 3846 1751 3847 1764 3847 1754 3847 1738 3848 1750 3848 1747 3848 1738 3849 1747 3849 1748 3849 1738 3850 1748 3850 1749 3850 1738 3851 1749 3851 1739 3851 1763 3852 1764 3852 1751 3852 1763 3853 1751 3853 1750 3853 1763 3854 1750 3854 1738 3854 1763 3855 1738 3855 1768 3855 1763 3856 1768 3856 1769 3856 1763 3857 1769 3857 1762 3857 1765 3858 1766 3858 1767 3858 1767 3859 1766 3859 1762 3859 1767 3860 1762 3860 1769 3860 1754 3861 1764 3861 1753 3861 1753 3862 1764 3862 1761 3862 1753 3863 1761 3863 1752 3863 1752 3864 1761 3864 1755 3864 1755 3865 1761 3865 1759 3865 1755 3866 1759 3866 1756 3866 1756 3867 1759 3867 1760 3867 1756 3868 1760 3868 1757 3868 1757 3869 1760 3869 1758 3869 1744 3870 1740 3870 1746 3870 1746 3871 1740 3871 1739 3871 1746 3872 1739 3872 1749 3872 1743 3873 1742 3873 1745 3873 1745 3874 1742 3874 1741 3874 1745 3875 1741 3875 1744 3875 1744 3876 1741 3876 1737 3876 1744 3877 1737 3877 1740 3877 2049 3878 1576 3878 2047 3878 1572 3879 1573 3879 2041 3879 2046 3880 2047 3880 1576 3880 2046 3881 1576 3881 1577 3881 2046 3882 1577 3882 1578 3882 2046 3883 1578 3883 2038 3883 2020 3884 2022 3884 1555 3884 2020 3885 1555 3885 1558 3885 2020 3886 1558 3886 1554 3886 2020 3887 1554 3887 2019 3887 2033 3888 2034 3888 1575 3888 2033 3889 1575 3889 1570 3889 2033 3890 1570 3890 1569 3890 2033 3891 1569 3891 1568 3891 2033 3892 1568 3892 1565 3892 2033 3893 1565 3893 1566 3893 2033 3894 1566 3894 1567 3894 2033 3895 1567 3895 2031 3895 1557 3896 1556 3896 2024 3896 1557 3897 2024 3897 2029 3897 1557 3898 2029 3898 2028 3898 1557 3899 2028 3899 2031 3899 1557 3900 2031 3900 1567 3900 1557 3901 1567 3901 1559 3901 1557 3902 1559 3902 1560 3902 1557 3903 1560 3903 1561 3903 1557 3904 1561 3904 1562 3904 1557 3905 1562 3905 1563 3905 1557 3906 1563 3906 1564 3906 2038 3907 1578 3907 1579 3907 2038 3908 1579 3908 1580 3908 2038 3909 1580 3909 1581 3909 2038 3910 1581 3910 1582 3910 2038 3911 1582 3911 1571 3911 2038 3912 1571 3912 1572 3912 2038 3913 1572 3913 2041 3913 1541 3914 1540 3914 1542 3914 1542 3915 1540 3915 2011 3915 1542 3916 2011 3916 1545 3916 1545 3917 2011 3917 2009 3917 1545 3918 2009 3918 1546 3918 1546 3919 2009 3919 1547 3919 1547 3920 2009 3920 1550 3920 1550 3921 2009 3921 1553 3921 1550 3922 1553 3922 1549 3922 1549 3923 1553 3923 1548 3923 1553 3924 2009 3924 1552 3924 1552 3925 2009 3925 2012 3925 1552 3926 2012 3926 1551 3926 1551 3927 2012 3927 2017 3927 1551 3928 2017 3928 2016 3928 2019 3929 1554 3929 2016 3929 2016 3930 1554 3930 1551 3930 2022 3931 2024 3931 1555 3931 1555 3932 2024 3932 1556 3932 1576 3933 2049 3933 1543 3933 1543 3934 2049 3934 2051 3934 1543 3935 2051 3935 1544 3935 1544 3936 2051 3936 2053 3936 1544 3937 2053 3937 1540 3937 1540 3938 2053 3938 2055 3938 1540 3939 2055 3939 2011 3939 2041 3940 1573 3940 2043 3940 2043 3941 1573 3941 1574 3941 2043 3942 1574 3942 2036 3942 2036 3943 1574 3943 1575 3943 2036 3944 1575 3944 2034 3944 1525 3945 1515 3945 1529 3945 1525 3946 1526 3946 1515 3946 1495 3947 1499 3947 1494 3947 1511 3948 1513 3948 1512 3948 1490 3949 1489 3949 1488 3949 1490 3950 1488 3950 1484 3950 1490 3951 1484 3951 1485 3951 1490 3952 1485 3952 1486 3952 1490 3953 1486 3953 1493 3953 1514 3954 1515 3954 1526 3954 1514 3955 1526 3955 1521 3955 1514 3956 1521 3956 1522 3956 1514 3957 1522 3957 1518 3957 1493 3958 1486 3958 1487 3958 1493 3959 1487 3959 1539 3959 1493 3960 1539 3960 1538 3960 1493 3961 1538 3961 1502 3961 1493 3962 1502 3962 1505 3962 1493 3963 1505 3963 1492 3963 1518 3964 1522 3964 1523 3964 1518 3965 1523 3965 1524 3965 1518 3966 1524 3966 1520 3966 1518 3967 1520 3967 1519 3967 1492 3968 1505 3968 1491 3968 1491 3969 1505 3969 1496 3969 1491 3970 1496 3970 1495 3970 1495 3971 1496 3971 1497 3971 1495 3972 1497 3972 1499 3972 1499 3973 1497 3973 1498 3973 1513 3974 1511 3974 1517 3974 1517 3975 1511 3975 1509 3975 1517 3976 1509 3976 1516 3976 1516 3977 1509 3977 1508 3977 1516 3978 1508 3978 1515 3978 1515 3979 1508 3979 1529 3979 1529 3980 1508 3980 1510 3980 1529 3981 1510 3981 1528 3981 1528 3982 1510 3982 1527 3982 1527 3983 1510 3983 1507 3983 1527 3984 1507 3984 1532 3984 1532 3985 1507 3985 1506 3985 1532 3986 1506 3986 1531 3986 1531 3987 1506 3987 1503 3987 1531 3988 1503 3988 1530 3988 1530 3989 1503 3989 1533 3989 1533 3990 1503 3990 1504 3990 1533 3991 1504 3991 1534 3991 1534 3992 1504 3992 1500 3992 1534 3993 1500 3993 1537 3993 1537 3994 1500 3994 1501 3994 1537 3995 1501 3995 1536 3995 1502 3996 1538 3996 1501 3996 1501 3997 1538 3997 1535 3997 1501 3998 1535 3998 1536 3998 1475 3999 1481 3999 1482 3999 1475 4000 1482 4000 2001 4000 1475 4001 2001 4001 2004 4001 1475 4002 2004 4002 1472 4002 1477 4003 1473 4003 2219 4003 2219 4004 1473 4004 1997 4004 2219 4005 1997 4005 1483 4005 1483 4006 1997 4006 1996 4006 1483 4007 1996 4007 1482 4007 1482 4008 1996 4008 2003 4008 1482 4009 2003 4009 2001 4009 1480 4010 1479 4010 1483 4010 1483 4011 1479 4011 1478 4011 1483 4012 1478 4012 2219 4012 2219 4013 1478 4013 1477 4013 1997 4014 1473 4014 2006 4014 2006 4015 1473 4015 1472 4015 2006 4016 1472 4016 2004 4016 1476 4017 1474 4017 1477 4017 1477 4018 1474 4018 1473 4018 1467 4019 1468 4019 1469 4019 1465 4020 1466 4020 1456 4020 1465 4021 1456 4021 1453 4021 1465 4022 1453 4022 1452 4022 1465 4023 1452 4023 1440 4023 1465 4024 1440 4024 1470 4024 1465 4025 1470 4025 1464 4025 1440 4026 1452 4026 1449 4026 1440 4027 1449 4027 1450 4027 1440 4028 1450 4028 1451 4028 1440 4029 1451 4029 1448 4029 1440 4030 1448 4030 1441 4030 1460 4031 1458 4031 1461 4031 1461 4032 1458 4032 1459 4032 1461 4033 1459 4033 1462 4033 1462 4034 1459 4034 1457 4034 1462 4035 1457 4035 1463 4035 1463 4036 1457 4036 1454 4036 1463 4037 1454 4037 1466 4037 1466 4038 1454 4038 1455 4038 1466 4039 1455 4039 1456 4039 1469 4040 1468 4040 1471 4040 1471 4041 1468 4041 1464 4041 1471 4042 1464 4042 1470 4042 1445 4043 1443 4043 1446 4043 1446 4044 1443 4044 1444 4044 1446 4045 1444 4045 1447 4045 1447 4046 1444 4046 1439 4046 1447 4047 1439 4047 1448 4047 1448 4048 1439 4048 1442 4048 1448 4049 1442 4049 1441 4049 1435 4050 1416 4050 1413 4050 1435 4051 1434 4051 1416 4051 1438 4052 1411 4052 1412 4052 1418 4053 1419 4053 1431 4053 1430 4054 1431 4054 1419 4054 1416 4055 1434 4055 1415 4055 1415 4056 1434 4056 1433 4056 1422 4057 1421 4057 1426 4057 1414 4058 1415 4058 1433 4058 1414 4059 1433 4059 1432 4059 1414 4060 1432 4060 1429 4060 1414 4061 1429 4061 1430 4061 1414 4062 1430 4062 1419 4062 1427 4063 1426 4063 1421 4063 1427 4064 1421 4064 1420 4064 1427 4065 1420 4065 1417 4065 1428 4066 1427 4066 1417 4066 1428 4067 1417 4067 1418 4067 1428 4068 1418 4068 1431 4068 1436 4069 1435 4069 1413 4069 1436 4070 1413 4070 1410 4070 1436 4071 1410 4071 1411 4071 1436 4072 1411 4072 1438 4072 1409 4073 1408 4073 1412 4073 1412 4074 1408 4074 1437 4074 1412 4075 1437 4075 1438 4075 1424 4076 1423 4076 1425 4076 1425 4077 1423 4077 1422 4077 1425 4078 1422 4078 1426 4078 2220 4079 2221 4079 2222 4079 2222 4080 2221 4080 2223 4080 2222 4081 2223 4081 2224 4081 2224 4082 2223 4082 2225 4082 2224 4083 2225 4083 2226 4083 2226 4084 2225 4084 2227 4084 2226 4085 2227 4085 2228 4085 2228 4086 2227 4086 2229 4086 2228 4087 2229 4087 2230 4087 2230 4088 2229 4088 2231 4088 2230 4089 2231 4089 2232 4089 2232 4090 2231 4090 2233 4090 2232 4091 2233 4091 2234 4091 2234 4092 2233 4092 2235 4092 2234 4093 2235 4093 2236 4093 2236 4094 2235 4094 2237 4094 2236 4095 2237 4095 2238 4095 2238 4096 2237 4096 2239 4096 2238 4097 2239 4097 2240 4097 2240 4098 2239 4098 2241 4098 2240 4099 2241 4099 2242 4099 2242 4100 2241 4100 2243 4100 2242 4101 2243 4101 2244 4101 2244 4102 2243 4102 2245 4102 2244 4103 2245 4103 2246 4103 2246 4104 2245 4104 2247 4104 2246 4105 2247 4105 2248 4105 2248 4106 2247 4106 2249 4106 2248 4107 2249 4107 2250 4107 2250 4108 2249 4108 2251 4108 2250 4109 2251 4109 2252 4109 2252 4110 2251 4110 2253 4110 2252 4111 2253 4111 2254 4111 2254 4112 2253 4112 2255 4112 2254 4113 2255 4113 2256 4113 2256 4114 2255 4114 2257 4114 2256 4115 2257 4115 2258 4115 2258 4116 2257 4116 2259 4116 2258 4117 2259 4117 2260 4117 2260 4118 2259 4118 2261 4118 2260 4119 2261 4119 2262 4119 2262 4120 2261 4120 2263 4120 2262 4121 2263 4121 2264 4121 2264 4122 2263 4122 2265 4122 2264 4123 2265 4123 2266 4123 2266 4124 2265 4124 2267 4124 2266 4125 2267 4125 2268 4125 2268 4126 2267 4126 2269 4126 2268 4127 2269 4127 2270 4127 2271 4128 2243 4128 2272 4128 2272 4129 2243 4129 2241 4129 2272 4130 2241 4130 2273 4130 2273 4131 2241 4131 2239 4131 2273 4132 2239 4132 2274 4132 2274 4133 2239 4133 2237 4133 2274 4134 2237 4134 2275 4134 2275 4135 2237 4135 2235 4135 2275 4136 2235 4136 2276 4136 2276 4137 2235 4137 2233 4137 2276 4138 2233 4138 2277 4138 2277 4139 2233 4139 2231 4139 2277 4140 2231 4140 2278 4140 2278 4141 2231 4141 2229 4141 2278 4142 2229 4142 2279 4142 2279 4143 2229 4143 2227 4143 2279 4144 2227 4144 2280 4144 2280 4145 2227 4145 2225 4145 2280 4146 2225 4146 2281 4146 2281 4147 2225 4147 2223 4147 2281 4148 2223 4148 2282 4148 2282 4149 2223 4149 2221 4149 2282 4150 2221 4150 2283 4150 2283 4151 2221 4151 2220 4151 2283 4152 2220 4152 2284 4152 2284 4153 2220 4153 2222 4153 2284 4154 2222 4154 2285 4154 2285 4155 2222 4155 2224 4155 2285 4156 2224 4156 2286 4156 2286 4157 2224 4157 2226 4157 2286 4158 2226 4158 2287 4158 2287 4159 2226 4159 2228 4159 2287 4160 2228 4160 2288 4160 2288 4161 2228 4161 2230 4161 2288 4162 2230 4162 2289 4162 2289 4163 2230 4163 2232 4163 2289 4164 2232 4164 2290 4164 2290 4165 2232 4165 2234 4165 2290 4166 2234 4166 2291 4166 2291 4167 2234 4167 2236 4167 2291 4168 2236 4168 2292 4168 2292 4169 2236 4169 2238 4169 2292 4170 2238 4170 2293 4170 2293 4171 2238 4171 2240 4171 2293 4172 2240 4172 2294 4172 2294 4173 2240 4173 2242 4173 2294 4174 2242 4174 2295 4174 2295 4175 2242 4175 2244 4175 2295 4176 2244 4176 2296 4176 2296 4177 2244 4177 2246 4177 2296 4178 2246 4178 2297 4178 2297 4179 2246 4179 2248 4179 2297 4180 2248 4180 2298 4180 2298 4181 2248 4181 2250 4181 2298 4182 2250 4182 2299 4182 2299 4183 2250 4183 2252 4183 2299 4184 2252 4184 2300 4184 2300 4185 2252 4185 2254 4185 2300 4186 2254 4186 2301 4186 2301 4187 2254 4187 2256 4187 2301 4188 2256 4188 2302 4188 2302 4189 2256 4189 2258 4189 2302 4190 2258 4190 2303 4190 2303 4191 2258 4191 2260 4191 2303 4192 2260 4192 2304 4192 2304 4193 2260 4193 2262 4193 2304 4194 2262 4194 2305 4194 2305 4195 2262 4195 2264 4195 2305 4196 2264 4196 2306 4196 2306 4197 2264 4197 2266 4197 2306 4198 2266 4198 2307 4198 2307 4199 2266 4199 2268 4199 2307 4200 2268 4200 2308 4200 2308 4201 2268 4201 2270 4201 2308 4202 2270 4202 2309 4202 2309 4203 2270 4203 2269 4203 2309 4204 2269 4204 2310 4204 2310 4205 2269 4205 2267 4205 2310 4206 2267 4206 2311 4206 2311 4207 2267 4207 2265 4207 2311 4208 2265 4208 2312 4208 2312 4209 2265 4209 2263 4209 2312 4210 2263 4210 2313 4210 2313 4211 2263 4211 2261 4211 2313 4212 2261 4212 2314 4212 2314 4213 2261 4213 2259 4213 2314 4214 2259 4214 2315 4214 2315 4215 2259 4215 2257 4215 2315 4216 2257 4216 2316 4216 2316 4217 2257 4217 2255 4217 2316 4218 2255 4218 2317 4218 2317 4219 2255 4219 2253 4219 2317 4220 2253 4220 2318 4220 2318 4221 2253 4221 2251 4221 2318 4222 2251 4222 2319 4222 2319 4223 2251 4223 2249 4223 2319 4224 2249 4224 2320 4224 2320 4225 2249 4225 2247 4225 2320 4226 2247 4226 2321 4226 2321 4227 2247 4227 2245 4227 2321 4228 2245 4228 2271 4228 2271 4229 2245 4229 2243 4229 2292 4230 2293 4230 2322 4230 1975 4231 1977 4231 2323 4231 2302 4232 2303 4232 1989 4232 2301 4233 2302 4233 1989 4233 1993 4234 1995 4234 2324 4234 2325 4235 2311 4235 2312 4235 2326 4236 2327 4236 2273 4236 2326 4237 2273 4237 2274 4237 2326 4238 2274 4238 2275 4238 2326 4239 2275 4239 2276 4239 2326 4240 2276 4240 2277 4240 2326 4241 2277 4241 2278 4241 2326 4242 2278 4242 2279 4242 2326 4243 2279 4243 2328 4243 2329 4244 2323 4244 1977 4244 2329 4245 1977 4245 2306 4245 2329 4246 2306 4246 2307 4246 2329 4247 2307 4247 2308 4247 2329 4248 2308 4248 2309 4248 2329 4249 2309 4249 2330 4249 2329 4250 2330 4250 2331 4250 2329 4251 2331 4251 2332 4251 2329 4252 2332 4252 2333 4252 2334 4253 2335 4253 2336 4253 2334 4254 2336 4254 2337 4254 2334 4255 2337 4255 2338 4255 2334 4256 2338 4256 2283 4256 2334 4257 2283 4257 2284 4257 2334 4258 2284 4258 2285 4258 2334 4259 2285 4259 2286 4259 2334 4260 2286 4260 2287 4260 2334 4261 2287 4261 2288 4261 2334 4262 2288 4262 2289 4262 2334 4263 2289 4263 2290 4263 2334 4264 2290 4264 2291 4264 2334 4265 2291 4265 2339 4265 2340 4266 2322 4266 2293 4266 2340 4267 2293 4267 2294 4267 2340 4268 2294 4268 2295 4268 2340 4269 2295 4269 2296 4269 2340 4270 2296 4270 2297 4270 2340 4271 2297 4271 2298 4271 2340 4272 2298 4272 2299 4272 2340 4273 2299 4273 1991 4273 2340 4274 1991 4274 1993 4274 2340 4275 1993 4275 2324 4275 2341 4276 2324 4276 1995 4276 2341 4277 1995 4277 1973 4277 2341 4278 1973 4278 1971 4278 2341 4279 1971 4279 1969 4279 2341 4280 1969 4280 1975 4280 2341 4281 1975 4281 2323 4281 2327 4282 2342 4282 2314 4282 2327 4283 2314 4283 2315 4283 2327 4284 2315 4284 2316 4284 2327 4285 2316 4285 2317 4285 2327 4286 2317 4286 2318 4286 2327 4287 2318 4287 2319 4287 2327 4288 2319 4288 2320 4288 2327 4289 2320 4289 2321 4289 2327 4290 2321 4290 2271 4290 2327 4291 2271 4291 2272 4291 2327 4292 2272 4292 2273 4292 2301 4293 1989 4293 2300 4293 2300 4294 1989 4294 1991 4294 2300 4295 1991 4295 2299 4295 2292 4296 2322 4296 2291 4296 2291 4297 2322 4297 2339 4297 2322 4298 2343 4298 2339 4298 2339 4299 2343 4299 2344 4299 2281 4300 2282 4300 2345 4300 2345 4301 2282 4301 2283 4301 2345 4302 2283 4302 2338 4302 2279 4303 2280 4303 2328 4303 2328 4304 2280 4304 2281 4304 2328 4305 2281 4305 2345 4305 2314 4306 2342 4306 2313 4306 2313 4307 2342 4307 2325 4307 2313 4308 2325 4308 2312 4308 2309 4309 2310 4309 2330 4309 2330 4310 2310 4310 2311 4310 2330 4311 2311 4311 2325 4311 1987 4312 1985 4312 2304 4312 2304 4313 1985 4313 1989 4313 2304 4314 1989 4314 2303 4314 1981 4315 1983 4315 2305 4315 2305 4316 1983 4316 1987 4316 2305 4317 1987 4317 2304 4317 1977 4318 1979 4318 2306 4318 2306 4319 1979 4319 1981 4319 2306 4320 1981 4320 2305 4320 2346 4321 2347 4321 2340 4321 2340 4322 2347 4322 2322 4322 2346 4323 2340 4323 2348 4323 2348 4324 2340 4324 2324 4324 2348 4325 2324 4325 2349 4325 2349 4326 2324 4326 2341 4326 2349 4327 2341 4327 2350 4327 2350 4328 2341 4328 2323 4328 2350 4329 2323 4329 2351 4329 2351 4330 2323 4330 2329 4330 2351 4331 2329 4331 2352 4331 2352 4332 2329 4332 2333 4332 2353 4333 2352 4333 2332 4333 2332 4334 2352 4334 2333 4334 2353 4335 2332 4335 2354 4335 2354 4336 2332 4336 2331 4336 2354 4337 2331 4337 2355 4337 2355 4338 2331 4338 2330 4338 2355 4339 2330 4339 2356 4339 2356 4340 2330 4340 2325 4340 2356 4341 2325 4341 2357 4341 2357 4342 2325 4342 2342 4342 2357 4343 2342 4343 2358 4343 2358 4344 2342 4344 2327 4344 2359 4345 2358 4345 2326 4345 2326 4346 2358 4346 2327 4346 2359 4347 2326 4347 2360 4347 2360 4348 2326 4348 2328 4348 2360 4349 2328 4349 2361 4349 2361 4350 2328 4350 2345 4350 2361 4351 2345 4351 2362 4351 2362 4352 2345 4352 2338 4352 2362 4353 2338 4353 2363 4353 2363 4354 2338 4354 2337 4354 2363 4355 2337 4355 2364 4355 2364 4356 2337 4356 2336 4356 2364 4357 2336 4357 2365 4357 2365 4358 2336 4358 2335 4358 2365 4359 2335 4359 2366 4359 2366 4360 2335 4360 2334 4360 2366 4361 2334 4361 2367 4361 2367 4362 2334 4362 2339 4362 2367 4363 2339 4363 2368 4363 2368 4364 2339 4364 2344 4364 2368 4365 2344 4365 2369 4365 2369 4366 2344 4366 2343 4366 2369 4367 2343 4367 2347 4367 2347 4368 2343 4368 2322 4368 1287 4369 1290 4369 2353 4369 2367 4370 2368 4370 1599 4370 1994 4371 1992 4371 2348 4371 2352 4372 2353 4372 1290 4372 2352 4373 1290 4373 1293 4373 2352 4374 1293 4374 1295 4374 2352 4375 1295 4375 2351 4375 2366 4376 2367 4376 1599 4376 2366 4377 1599 4377 1601 4377 2366 4378 1601 4378 1605 4378 2366 4379 1605 4379 1608 4379 2366 4380 1608 4380 1611 4380 2366 4381 1611 4381 1614 4381 2366 4382 1614 4382 1616 4382 2366 4383 1616 4383 1620 4383 2358 4384 1586 4384 1248 4384 2358 4385 1248 4385 1247 4385 2358 4386 1247 4386 1253 4386 2358 4387 1253 4387 1256 4387 2358 4388 1256 4388 1259 4388 2358 4389 1259 4389 1262 4389 2358 4390 1262 4390 1264 4390 2358 4391 1264 4391 1268 4391 2358 4392 1268 4392 2357 4392 2359 4393 2360 4393 1639 4393 2359 4394 1639 4394 1642 4394 2359 4395 1642 4395 1645 4395 2359 4396 1645 4396 1647 4396 2359 4397 1647 4397 1651 4397 2359 4398 1651 4398 1654 4398 2359 4399 1654 4399 1586 4399 2359 4400 1586 4400 2358 4400 1299 4401 1302 4401 1988 4401 1299 4402 1988 4402 1982 4402 1299 4403 1982 4403 1980 4403 1299 4404 1980 4404 1978 4404 1299 4405 1978 4405 1295 4405 2346 4406 2348 4406 1992 4406 2346 4407 1992 4407 1990 4407 2346 4408 1990 4408 1308 4408 2346 4409 1308 4409 1310 4409 2346 4410 1310 4410 1314 4410 2346 4411 1314 4411 1317 4411 2346 4412 1317 4412 1249 4412 2346 4413 1249 4413 1251 4413 2346 4414 1251 4414 1585 4414 2347 4415 2346 4415 1585 4415 2347 4416 1585 4416 1590 4416 2347 4417 1590 4417 1593 4417 2347 4418 1593 4418 1596 4418 2347 4419 1596 4419 1599 4419 2347 4420 1599 4420 2368 4420 2347 4421 2368 4421 2369 4421 2349 4422 1968 4422 1970 4422 2349 4423 1970 4423 1972 4423 2349 4424 1972 4424 1974 4424 2349 4425 1974 4425 1994 4425 2349 4426 1994 4426 2348 4426 1277 4427 1279 4427 2355 4427 2355 4428 1279 4428 1283 4428 2355 4429 1283 4429 2354 4429 2354 4430 1283 4430 1287 4430 2354 4431 1287 4431 2353 4431 1632 4432 2361 4432 1630 4432 1630 4433 2361 4433 2362 4433 1630 4434 2362 4434 1627 4434 1627 4435 2362 4435 2363 4435 1627 4436 2363 4436 1624 4436 1624 4437 2363 4437 2364 4437 1624 4438 2364 4438 1620 4438 1620 4439 2364 4439 2365 4439 1620 4440 2365 4440 2366 4440 1978 4441 1976 4441 1295 4441 1295 4442 1976 4442 1968 4442 1295 4443 1968 4443 2351 4443 2351 4444 1968 4444 2349 4444 2351 4445 2349 4445 2350 4445 1988 4446 1302 4446 1986 4446 1986 4447 1302 4447 1305 4447 1986 4448 1305 4448 1984 4448 1984 4449 1305 4449 1308 4449 1984 4450 1308 4450 1990 4450 1639 4451 2360 4451 1636 4451 1636 4452 2360 4452 2361 4452 1636 4453 2361 4453 1632 4453 1274 4454 2356 4454 1271 4454 1271 4455 2356 4455 2357 4455 1271 4456 2357 4456 1268 4456 2355 4457 2356 4457 1277 4457 1277 4458 2356 4458 1274 4458 941 4459 2370 4459 630 4459 2370 4460 2371 4460 630 4460 2371 4461 2370 4461 2372 4461 2370 4462 2373 4462 2372 4462 2374 4463 2375 4463 951 4463 2376 4464 2377 4464 1081 4464 951 4465 2376 4465 1081 4465 2378 4466 2376 4466 951 4466 2375 4467 2378 4467 951 4467 2379 4468 2380 4468 1079 4468 1081 4469 2379 4469 1079 4469 2377 4470 2379 4470 1081 4470 2381 4471 2379 4471 2377 4471 2376 4472 2381 4472 2377 4472 2382 4473 2383 4473 1077 4473 1079 4474 2382 4474 1077 4474 2384 4475 2382 4475 1079 4475 2380 4476 2384 4476 1079 4476 2385 4477 2386 4477 2383 4477 2382 4478 2385 4478 2383 4478 2387 4479 2388 4479 1075 4479 1077 4480 2387 4480 1075 4480 2386 4481 2387 4481 1077 4481 2383 4482 2386 4482 1077 4482 2389 4483 2390 4483 1073 4483 1075 4484 2389 4484 1073 4484 2388 4485 2389 4485 1075 4485 2391 4486 2392 4486 2390 4486 2389 4487 2391 4487 2390 4487 2393 4488 2394 4488 1071 4488 1073 4489 2393 4489 1071 4489 2392 4490 2393 4490 1073 4490 2390 4491 2392 4491 1073 4491 2395 4492 2396 4492 1069 4492 1071 4493 2395 4493 1069 4493 2397 4494 2395 4494 1071 4494 2394 4495 2397 4495 1071 4495 2398 4496 2396 4496 2395 4496 2397 4497 2398 4497 2395 4497 2399 4498 2400 4498 987 4498 1069 4499 2399 4499 987 4499 2396 4500 2399 4500 1069 4500 2401 4501 2402 4501 873 4501 987 4502 2401 4502 873 4502 2403 4503 2401 4503 987 4503 2400 4504 2403 4504 987 4504 2404 4505 2402 4505 2401 4505 2403 4506 2404 4506 2401 4506 2405 4507 2406 4507 869 4507 873 4508 2405 4508 869 4508 2402 4509 2405 4509 873 4509 2407 4510 2408 4510 980 4510 869 4511 2407 4511 980 4511 2409 4512 2407 4512 869 4512 2410 4513 2408 4513 2407 4513 2409 4514 2410 4514 2407 4514 2411 4515 2412 4515 950 4515 980 4516 2411 4516 950 4516 2413 4517 2411 4517 980 4517 2408 4518 2413 4518 980 4518 2414 4519 2415 4519 1066 4519 950 4520 2414 4520 1066 4520 2412 4521 2414 4521 950 4521 2416 4522 2415 4522 2414 4522 2412 4523 2416 4523 2414 4523 2417 4524 2418 4524 1064 4524 1066 4525 2417 4525 1064 4525 2419 4526 2417 4526 1066 4526 2415 4527 2419 4527 1066 4527 2420 4528 2421 4528 1062 4528 1064 4529 2420 4529 1062 4529 2422 4530 2420 4530 1064 4530 2418 4531 2422 4531 1064 4531 2423 4532 2420 4532 2422 4532 2418 4533 2423 4533 2422 4533 2424 4534 2425 4534 1060 4534 1062 4535 2424 4535 1060 4535 2421 4536 2424 4536 1062 4536 2426 4537 2427 4537 1058 4537 1060 4538 2426 4538 1058 4538 2428 4539 2426 4539 1060 4539 2425 4540 2428 4540 1060 4540 2429 4541 2426 4541 2428 4541 2425 4542 2429 4542 2428 4542 2430 4543 2431 4543 1056 4543 1058 4544 2430 4544 1056 4544 2432 4545 2430 4545 1058 4545 2427 4546 2432 4546 1058 4546 2433 4547 2434 4547 1054 4547 1056 4548 2433 4548 1054 4548 2431 4549 2433 4549 1056 4549 2435 4550 2433 4550 2431 4550 2430 4551 2435 4551 2431 4551 2436 4552 2437 4552 941 4552 1054 4553 2436 4553 941 4553 2438 4554 2436 4554 1054 4554 2434 4555 2438 4555 1054 4555 2437 4556 2370 4556 941 4556 2373 4557 2370 4557 2437 4557 2436 4558 2373 4558 2437 4558 2406 4559 2409 4559 869 4559 605 4560 2439 4560 2440 4560 605 4561 2440 4561 2374 4561 605 4562 2374 4562 951 4562 2441 4563 2442 4563 2374 4563 2441 4564 2374 4564 2440 4564 2441 4565 2440 4565 2439 4565 2442 4566 2381 4566 2376 4566 2442 4567 2376 4567 2378 4567 2442 4568 2378 4568 2375 4568 2442 4569 2375 4569 2374 4569 2443 4570 2385 4570 2382 4570 2443 4571 2382 4571 2384 4571 2443 4572 2384 4572 2380 4572 2443 4573 2380 4573 2379 4573 2443 4574 2379 4574 2381 4574 2444 4575 2391 4575 2389 4575 2444 4576 2389 4576 2388 4576 2444 4577 2388 4577 2387 4577 2444 4578 2387 4578 2386 4578 2444 4579 2386 4579 2385 4579 2445 4580 2398 4580 2397 4580 2445 4581 2397 4581 2394 4581 2445 4582 2394 4582 2393 4582 2445 4583 2393 4583 2392 4583 2445 4584 2392 4584 2391 4584 2446 4585 2404 4585 2403 4585 2446 4586 2403 4586 2400 4586 2446 4587 2400 4587 2399 4587 2446 4588 2399 4588 2396 4588 2446 4589 2396 4589 2398 4589 2447 4590 2410 4590 2409 4590 2447 4591 2409 4591 2406 4591 2447 4592 2406 4592 2405 4592 2447 4593 2405 4593 2402 4593 2447 4594 2402 4594 2404 4594 2448 4595 2416 4595 2412 4595 2448 4596 2412 4596 2411 4596 2448 4597 2411 4597 2413 4597 2448 4598 2413 4598 2408 4598 2448 4599 2408 4599 2410 4599 2449 4600 2423 4600 2418 4600 2449 4601 2418 4601 2417 4601 2449 4602 2417 4602 2419 4602 2449 4603 2419 4603 2415 4603 2449 4604 2415 4604 2416 4604 2450 4605 2429 4605 2425 4605 2450 4606 2425 4606 2424 4606 2450 4607 2424 4607 2421 4607 2450 4608 2421 4608 2420 4608 2450 4609 2420 4609 2423 4609 2451 4610 2435 4610 2430 4610 2451 4611 2430 4611 2432 4611 2451 4612 2432 4612 2427 4612 2451 4613 2427 4613 2426 4613 2451 4614 2426 4614 2429 4614 2452 4615 2373 4615 2436 4615 2452 4616 2436 4616 2438 4616 2452 4617 2438 4617 2434 4617 2452 4618 2434 4618 2433 4618 2452 4619 2433 4619 2435 4619 2439 4620 2453 4620 2441 4620 2453 4621 2454 4621 2441 4621 613 4622 2453 4622 605 4622 2453 4623 2439 4623 605 4623 2455 4624 2456 4624 631 4624 2457 4625 2458 4625 767 4625 631 4626 2457 4626 767 4626 2459 4627 2457 4627 631 4627 2456 4628 2459 4628 631 4628 2460 4629 2461 4629 765 4629 767 4630 2460 4630 765 4630 2458 4631 2460 4631 767 4631 2462 4632 2460 4632 2458 4632 2457 4633 2462 4633 2458 4633 2463 4634 2464 4634 763 4634 765 4635 2463 4635 763 4635 2465 4636 2463 4636 765 4636 2461 4637 2465 4637 765 4637 2466 4638 2467 4638 2464 4638 2463 4639 2466 4639 2464 4639 2468 4640 2469 4640 761 4640 763 4641 2468 4641 761 4641 2467 4642 2468 4642 763 4642 2464 4643 2467 4643 763 4643 2470 4644 2471 4644 759 4644 761 4645 2470 4645 759 4645 2469 4646 2470 4646 761 4646 2472 4647 2473 4647 2471 4647 2470 4648 2472 4648 2471 4648 2474 4649 2475 4649 757 4649 759 4650 2474 4650 757 4650 2473 4651 2474 4651 759 4651 2471 4652 2473 4652 759 4652 2476 4653 2477 4653 755 4653 757 4654 2476 4654 755 4654 2478 4655 2476 4655 757 4655 2475 4656 2478 4656 757 4656 2479 4657 2477 4657 2476 4657 2478 4658 2479 4658 2476 4658 2480 4659 2481 4659 754 4659 755 4660 2480 4660 754 4660 2477 4661 2480 4661 755 4661 2482 4662 2483 4662 779 4662 754 4663 2482 4663 779 4663 2484 4664 2482 4664 754 4664 2481 4665 2484 4665 754 4665 2485 4666 2483 4666 2482 4666 2484 4667 2485 4667 2482 4667 2486 4668 2487 4668 776 4668 779 4669 2486 4669 776 4669 2483 4670 2486 4670 779 4670 2488 4671 2489 4671 564 4671 776 4672 2488 4672 564 4672 2490 4673 2488 4673 776 4673 2491 4674 2489 4674 2488 4674 2490 4675 2491 4675 2488 4675 2492 4676 2493 4676 565 4676 564 4677 2492 4677 565 4677 2494 4678 2492 4678 564 4678 2489 4679 2494 4679 564 4679 2495 4680 2496 4680 775 4680 565 4681 2495 4681 775 4681 2493 4682 2495 4682 565 4682 2497 4683 2496 4683 2495 4683 2493 4684 2497 4684 2495 4684 2498 4685 2499 4685 774 4685 775 4686 2498 4686 774 4686 2500 4687 2498 4687 775 4687 2496 4688 2500 4688 775 4688 2501 4689 2502 4689 773 4689 774 4690 2501 4690 773 4690 2503 4691 2501 4691 774 4691 2499 4692 2503 4692 774 4692 2504 4693 2501 4693 2503 4693 2499 4694 2504 4694 2503 4694 2505 4695 2506 4695 772 4695 773 4696 2505 4696 772 4696 2502 4697 2505 4697 773 4697 2507 4698 2508 4698 771 4698 772 4699 2507 4699 771 4699 2509 4700 2507 4700 772 4700 2506 4701 2509 4701 772 4701 2510 4702 2507 4702 2509 4702 2506 4703 2510 4703 2509 4703 2511 4704 2512 4704 770 4704 771 4705 2511 4705 770 4705 2513 4706 2511 4706 771 4706 2508 4707 2513 4707 771 4707 2514 4708 2515 4708 769 4708 770 4709 2514 4709 769 4709 2512 4710 2514 4710 770 4710 2516 4711 2514 4711 2512 4711 2511 4712 2516 4712 2512 4712 2517 4713 2518 4713 613 4713 769 4714 2517 4714 613 4714 2519 4715 2517 4715 769 4715 2515 4716 2519 4716 769 4716 2518 4717 2453 4717 613 4717 2454 4718 2453 4718 2518 4718 2517 4719 2454 4719 2518 4719 2487 4720 2490 4720 776 4720 630 4721 2371 4721 2520 4721 630 4722 2520 4722 2455 4722 630 4723 2455 4723 631 4723 2372 4724 2521 4724 2455 4724 2372 4725 2455 4725 2520 4725 2372 4726 2520 4726 2371 4726 2521 4727 2462 4727 2457 4727 2521 4728 2457 4728 2459 4728 2521 4729 2459 4729 2456 4729 2521 4730 2456 4730 2455 4730 2522 4731 2466 4731 2463 4731 2522 4732 2463 4732 2465 4732 2522 4733 2465 4733 2461 4733 2522 4734 2461 4734 2460 4734 2522 4735 2460 4735 2462 4735 2523 4736 2472 4736 2470 4736 2523 4737 2470 4737 2469 4737 2523 4738 2469 4738 2468 4738 2523 4739 2468 4739 2467 4739 2523 4740 2467 4740 2466 4740 2524 4741 2479 4741 2478 4741 2524 4742 2478 4742 2475 4742 2524 4743 2475 4743 2474 4743 2524 4744 2474 4744 2473 4744 2524 4745 2473 4745 2472 4745 2525 4746 2485 4746 2484 4746 2525 4747 2484 4747 2481 4747 2525 4748 2481 4748 2480 4748 2525 4749 2480 4749 2477 4749 2525 4750 2477 4750 2479 4750 2526 4751 2491 4751 2490 4751 2526 4752 2490 4752 2487 4752 2526 4753 2487 4753 2486 4753 2526 4754 2486 4754 2483 4754 2526 4755 2483 4755 2485 4755 2527 4756 2497 4756 2493 4756 2527 4757 2493 4757 2492 4757 2527 4758 2492 4758 2494 4758 2527 4759 2494 4759 2489 4759 2527 4760 2489 4760 2491 4760 2528 4761 2504 4761 2499 4761 2528 4762 2499 4762 2498 4762 2528 4763 2498 4763 2500 4763 2528 4764 2500 4764 2496 4764 2528 4765 2496 4765 2497 4765 2529 4766 2510 4766 2506 4766 2529 4767 2506 4767 2505 4767 2529 4768 2505 4768 2502 4768 2529 4769 2502 4769 2501 4769 2529 4770 2501 4770 2504 4770 2530 4771 2516 4771 2511 4771 2530 4772 2511 4772 2513 4772 2530 4773 2513 4773 2508 4773 2530 4774 2508 4774 2507 4774 2530 4775 2507 4775 2510 4775 2531 4776 2454 4776 2517 4776 2531 4777 2517 4777 2519 4777 2531 4778 2519 4778 2515 4778 2531 4779 2515 4779 2514 4779 2531 4780 2514 4780 2516 4780 387 4781 2532 4781 388 4781 2532 4782 2533 4782 388 4782 2534 4783 2442 4783 2441 4783 2373 4784 2535 4784 2372 4784 2536 4785 2537 4785 363 4785 2537 4786 362 4786 363 4786 2442 4787 2538 4787 2381 4787 387 4788 386 4788 2539 4788 2532 4789 387 4789 2539 4789 386 4790 384 4790 2540 4790 2539 4791 386 4791 2540 4791 2381 4792 2541 4792 2443 4792 2443 4793 2542 4793 2385 4793 384 4794 382 4794 2543 4794 384 4795 2543 4795 2544 4795 2540 4796 384 4796 2544 4796 382 4797 311 4797 2545 4797 2543 4798 382 4798 2545 4798 2385 4799 2546 4799 2444 4799 311 4800 310 4800 2547 4800 2545 4801 311 4801 2547 4801 2444 4802 2548 4802 2391 4802 310 4803 380 4803 2549 4803 310 4804 2549 4804 2550 4804 2547 4805 310 4805 2550 4805 2391 4806 2551 4806 2445 4806 380 4807 350 4807 2552 4807 2549 4808 380 4808 2552 4808 2445 4809 2553 4809 2398 4809 350 4810 349 4810 2554 4810 2552 4811 350 4811 2554 4811 2398 4812 2555 4812 2446 4812 349 4813 348 4813 2556 4813 349 4814 2556 4814 2557 4814 2554 4815 349 4815 2557 4815 2446 4816 2558 4816 2404 4816 348 4817 347 4817 2559 4817 2556 4818 348 4818 2559 4818 2404 4819 2560 4819 2447 4819 347 4820 327 4820 2561 4820 2559 4821 347 4821 2561 4821 2447 4822 2562 4822 2410 4822 327 4823 318 4823 2563 4823 327 4824 2563 4824 2564 4824 2561 4825 327 4825 2564 4825 2410 4826 2565 4826 2448 4826 318 4827 340 4827 2566 4827 2563 4828 318 4828 2566 4828 340 4829 339 4829 2567 4829 2566 4830 340 4830 2567 4830 2448 4831 2568 4831 2416 4831 2416 4832 2569 4832 2449 4832 339 4833 338 4833 2570 4833 339 4834 2570 4834 2571 4834 2567 4835 339 4835 2571 4835 2449 4836 2572 4836 2423 4836 338 4837 304 4837 2573 4837 2570 4838 338 4838 2573 4838 304 4839 303 4839 2574 4839 2573 4840 304 4840 2574 4840 2423 4841 2575 4841 2450 4841 2450 4842 2576 4842 2429 4842 303 4843 353 4843 2577 4843 303 4844 2577 4844 2578 4844 2574 4845 303 4845 2578 4845 353 4846 355 4846 2579 4846 2577 4847 353 4847 2579 4847 2429 4848 2580 4848 2451 4848 355 4849 356 4849 2581 4849 2579 4850 355 4850 2581 4850 2451 4851 2582 4851 2435 4851 356 4852 358 4852 2583 4852 356 4853 2583 4853 2584 4853 2581 4854 356 4854 2584 4854 2435 4855 2585 4855 2452 4855 358 4856 360 4856 2586 4856 2583 4857 358 4857 2586 4857 2452 4858 2587 4858 2373 4858 360 4859 362 4859 2588 4859 2586 4860 360 4860 2588 4860 2588 4861 362 4861 2537 4861 2372 4862 2535 4862 2589 4862 2589 4863 2535 4863 2590 4863 2589 4864 2590 4864 2591 4864 2591 4865 2590 4865 2537 4865 2591 4866 2537 4866 2536 4866 2441 4867 2592 4867 2534 4867 2534 4868 2592 4868 2593 4868 2534 4869 2593 4869 2594 4869 2594 4870 2593 4870 2533 4870 2594 4871 2533 4871 2532 4871 2442 4872 2534 4872 2538 4872 2538 4873 2534 4873 2594 4873 2538 4874 2594 4874 2595 4874 2595 4875 2594 4875 2532 4875 2595 4876 2532 4876 2539 4876 2381 4877 2538 4877 2596 4877 2596 4878 2538 4878 2595 4878 2596 4879 2595 4879 2597 4879 2597 4880 2595 4880 2539 4880 2597 4881 2539 4881 2540 4881 2381 4882 2596 4882 2541 4882 2541 4883 2596 4883 2597 4883 2541 4884 2597 4884 2598 4884 2598 4885 2597 4885 2540 4885 2598 4886 2540 4886 2544 4886 2443 4887 2541 4887 2542 4887 2542 4888 2541 4888 2598 4888 2542 4889 2598 4889 2599 4889 2599 4890 2598 4890 2544 4890 2599 4891 2544 4891 2543 4891 2385 4892 2542 4892 2600 4892 2600 4893 2542 4893 2599 4893 2600 4894 2599 4894 2601 4894 2601 4895 2599 4895 2543 4895 2601 4896 2543 4896 2545 4896 2385 4897 2600 4897 2546 4897 2546 4898 2600 4898 2601 4898 2546 4899 2601 4899 2602 4899 2602 4900 2601 4900 2545 4900 2602 4901 2545 4901 2547 4901 2444 4902 2546 4902 2548 4902 2548 4903 2546 4903 2602 4903 2548 4904 2602 4904 2603 4904 2603 4905 2602 4905 2547 4905 2603 4906 2547 4906 2550 4906 2391 4907 2548 4907 2604 4907 2604 4908 2548 4908 2603 4908 2604 4909 2603 4909 2605 4909 2605 4910 2603 4910 2550 4910 2605 4911 2550 4911 2549 4911 2391 4912 2604 4912 2551 4912 2551 4913 2604 4913 2605 4913 2551 4914 2605 4914 2606 4914 2606 4915 2605 4915 2549 4915 2606 4916 2549 4916 2552 4916 2445 4917 2551 4917 2553 4917 2553 4918 2551 4918 2606 4918 2553 4919 2606 4919 2607 4919 2607 4920 2606 4920 2552 4920 2607 4921 2552 4921 2554 4921 2398 4922 2553 4922 2555 4922 2555 4923 2553 4923 2607 4923 2555 4924 2607 4924 2608 4924 2608 4925 2607 4925 2554 4925 2608 4926 2554 4926 2557 4926 2446 4927 2555 4927 2609 4927 2609 4928 2555 4928 2608 4928 2609 4929 2608 4929 2610 4929 2610 4930 2608 4930 2557 4930 2610 4931 2557 4931 2556 4931 2446 4932 2609 4932 2558 4932 2558 4933 2609 4933 2610 4933 2558 4934 2610 4934 2611 4934 2611 4935 2610 4935 2556 4935 2611 4936 2556 4936 2559 4936 2404 4937 2558 4937 2560 4937 2560 4938 2558 4938 2611 4938 2560 4939 2611 4939 2612 4939 2612 4940 2611 4940 2559 4940 2612 4941 2559 4941 2561 4941 2447 4942 2560 4942 2613 4942 2613 4943 2560 4943 2612 4943 2613 4944 2612 4944 2614 4944 2614 4945 2612 4945 2561 4945 2614 4946 2561 4946 2564 4946 2447 4947 2613 4947 2562 4947 2562 4948 2613 4948 2614 4948 2562 4949 2614 4949 2615 4949 2615 4950 2614 4950 2564 4950 2615 4951 2564 4951 2563 4951 2410 4952 2562 4952 2565 4952 2565 4953 2562 4953 2615 4953 2565 4954 2615 4954 2616 4954 2616 4955 2615 4955 2563 4955 2616 4956 2563 4956 2566 4956 2448 4957 2565 4957 2617 4957 2617 4958 2565 4958 2616 4958 2617 4959 2616 4959 2618 4959 2618 4960 2616 4960 2566 4960 2618 4961 2566 4961 2567 4961 2448 4962 2617 4962 2568 4962 2568 4963 2617 4963 2618 4963 2568 4964 2618 4964 2619 4964 2619 4965 2618 4965 2567 4965 2619 4966 2567 4966 2571 4966 2416 4967 2568 4967 2569 4967 2569 4968 2568 4968 2619 4968 2569 4969 2619 4969 2620 4969 2620 4970 2619 4970 2571 4970 2620 4971 2571 4971 2570 4971 2449 4972 2569 4972 2572 4972 2572 4973 2569 4973 2620 4973 2572 4974 2620 4974 2621 4974 2621 4975 2620 4975 2570 4975 2621 4976 2570 4976 2573 4976 2423 4977 2572 4977 2622 4977 2622 4978 2572 4978 2621 4978 2622 4979 2621 4979 2623 4979 2623 4980 2621 4980 2573 4980 2623 4981 2573 4981 2574 4981 2423 4982 2622 4982 2575 4982 2575 4983 2622 4983 2623 4983 2575 4984 2623 4984 2624 4984 2624 4985 2623 4985 2574 4985 2624 4986 2574 4986 2578 4986 2450 4987 2575 4987 2576 4987 2576 4988 2575 4988 2624 4988 2576 4989 2624 4989 2625 4989 2625 4990 2624 4990 2578 4990 2625 4991 2578 4991 2577 4991 2429 4992 2576 4992 2626 4992 2626 4993 2576 4993 2625 4993 2626 4994 2625 4994 2627 4994 2627 4995 2625 4995 2577 4995 2627 4996 2577 4996 2579 4996 2429 4997 2626 4997 2580 4997 2580 4998 2626 4998 2627 4998 2580 4999 2627 4999 2628 4999 2628 5000 2627 5000 2579 5000 2628 5001 2579 5001 2581 5001 2451 5002 2580 5002 2582 5002 2582 5003 2580 5003 2628 5003 2582 5004 2628 5004 2629 5004 2629 5005 2628 5005 2581 5005 2629 5006 2581 5006 2584 5006 2435 5007 2582 5007 2630 5007 2630 5008 2582 5008 2629 5008 2630 5009 2629 5009 2631 5009 2631 5010 2629 5010 2584 5010 2631 5011 2584 5011 2583 5011 2435 5012 2630 5012 2585 5012 2585 5013 2630 5013 2631 5013 2585 5014 2631 5014 2632 5014 2632 5015 2631 5015 2583 5015 2632 5016 2583 5016 2586 5016 2452 5017 2585 5017 2587 5017 2587 5018 2585 5018 2632 5018 2587 5019 2632 5019 2633 5019 2633 5020 2632 5020 2586 5020 2633 5021 2586 5021 2588 5021 2373 5022 2587 5022 2535 5022 2535 5023 2587 5023 2633 5023 2535 5024 2633 5024 2590 5024 2590 5025 2633 5025 2588 5025 2590 5026 2588 5026 2537 5026 2533 5027 2634 5027 388 5027 2634 5028 389 5028 388 5028 365 5029 2635 5029 363 5029 2635 5030 2536 5030 363 5030 2636 5031 2521 5031 2372 5031 2454 5032 2637 5032 2441 5032 2521 5033 2638 5033 2462 5033 365 5034 367 5034 2639 5034 2635 5035 365 5035 2639 5035 367 5036 369 5036 2640 5036 2639 5037 367 5037 2640 5037 2462 5038 2641 5038 2522 5038 2522 5039 2642 5039 2466 5039 369 5040 371 5040 2643 5040 369 5041 2643 5041 2644 5041 2640 5042 369 5042 2644 5042 371 5043 372 5043 2645 5043 2643 5044 371 5044 2645 5044 2466 5045 2646 5045 2523 5045 372 5046 374 5046 2647 5046 2645 5047 372 5047 2647 5047 2523 5048 2648 5048 2472 5048 374 5049 376 5049 2649 5049 374 5050 2649 5050 2650 5050 2647 5051 374 5051 2650 5051 2472 5052 2651 5052 2524 5052 376 5053 377 5053 2652 5053 2649 5054 376 5054 2652 5054 2524 5055 2653 5055 2479 5055 377 5056 379 5056 2654 5056 2652 5057 377 5057 2654 5057 2479 5058 2655 5058 2525 5058 379 5059 306 5059 2656 5059 379 5060 2656 5060 2657 5060 2654 5061 379 5061 2657 5061 2525 5062 2658 5062 2485 5062 306 5063 305 5063 2659 5063 2656 5064 306 5064 2659 5064 2485 5065 2660 5065 2526 5065 305 5066 308 5066 2661 5066 2659 5067 305 5067 2661 5067 2526 5068 2662 5068 2491 5068 308 5069 315 5069 2663 5069 308 5070 2663 5070 2664 5070 2661 5071 308 5071 2664 5071 2491 5072 2665 5072 2527 5072 315 5073 314 5073 2666 5073 2663 5074 315 5074 2666 5074 314 5075 313 5075 2667 5075 2666 5076 314 5076 2667 5076 2527 5077 2668 5077 2497 5077 2497 5078 2669 5078 2528 5078 313 5079 397 5079 2670 5079 313 5080 2670 5080 2671 5080 2667 5081 313 5081 2671 5081 2528 5082 2672 5082 2504 5082 397 5083 396 5083 2673 5083 2670 5084 397 5084 2673 5084 396 5085 395 5085 2674 5085 2673 5086 396 5086 2674 5086 2504 5087 2675 5087 2529 5087 2529 5088 2676 5088 2510 5088 395 5089 394 5089 2677 5089 395 5090 2677 5090 2678 5090 2674 5091 395 5091 2678 5091 394 5092 393 5092 2679 5092 2677 5093 394 5093 2679 5093 2510 5094 2680 5094 2530 5094 393 5095 392 5095 2681 5095 2679 5096 393 5096 2681 5096 2530 5097 2682 5097 2516 5097 392 5098 391 5098 2683 5098 392 5099 2683 5099 2684 5099 2681 5100 392 5100 2684 5100 2516 5101 2685 5101 2531 5101 391 5102 390 5102 2686 5102 2683 5103 391 5103 2686 5103 2531 5104 2687 5104 2454 5104 390 5105 389 5105 2688 5105 2686 5106 390 5106 2688 5106 2688 5107 389 5107 2634 5107 2441 5108 2637 5108 2592 5108 2592 5109 2637 5109 2689 5109 2592 5110 2689 5110 2593 5110 2593 5111 2689 5111 2634 5111 2593 5112 2634 5112 2533 5112 2372 5113 2589 5113 2636 5113 2636 5114 2589 5114 2591 5114 2636 5115 2591 5115 2690 5115 2690 5116 2591 5116 2536 5116 2690 5117 2536 5117 2635 5117 2521 5118 2636 5118 2638 5118 2638 5119 2636 5119 2690 5119 2638 5120 2690 5120 2691 5120 2691 5121 2690 5121 2635 5121 2691 5122 2635 5122 2639 5122 2462 5123 2638 5123 2692 5123 2692 5124 2638 5124 2691 5124 2692 5125 2691 5125 2693 5125 2693 5126 2691 5126 2639 5126 2693 5127 2639 5127 2640 5127 2462 5128 2692 5128 2641 5128 2641 5129 2692 5129 2693 5129 2641 5130 2693 5130 2694 5130 2694 5131 2693 5131 2640 5131 2694 5132 2640 5132 2644 5132 2522 5133 2641 5133 2642 5133 2642 5134 2641 5134 2694 5134 2642 5135 2694 5135 2695 5135 2695 5136 2694 5136 2644 5136 2695 5137 2644 5137 2643 5137 2466 5138 2642 5138 2696 5138 2696 5139 2642 5139 2695 5139 2696 5140 2695 5140 2697 5140 2697 5141 2695 5141 2643 5141 2697 5142 2643 5142 2645 5142 2466 5143 2696 5143 2646 5143 2646 5144 2696 5144 2697 5144 2646 5145 2697 5145 2698 5145 2698 5146 2697 5146 2645 5146 2698 5147 2645 5147 2647 5147 2523 5148 2646 5148 2648 5148 2648 5149 2646 5149 2698 5149 2648 5150 2698 5150 2699 5150 2699 5151 2698 5151 2647 5151 2699 5152 2647 5152 2650 5152 2472 5153 2648 5153 2700 5153 2700 5154 2648 5154 2699 5154 2700 5155 2699 5155 2701 5155 2701 5156 2699 5156 2650 5156 2701 5157 2650 5157 2649 5157 2472 5158 2700 5158 2651 5158 2651 5159 2700 5159 2701 5159 2651 5160 2701 5160 2702 5160 2702 5161 2701 5161 2649 5161 2702 5162 2649 5162 2652 5162 2524 5163 2651 5163 2653 5163 2653 5164 2651 5164 2702 5164 2653 5165 2702 5165 2703 5165 2703 5166 2702 5166 2652 5166 2703 5167 2652 5167 2654 5167 2479 5168 2653 5168 2655 5168 2655 5169 2653 5169 2703 5169 2655 5170 2703 5170 2704 5170 2704 5171 2703 5171 2654 5171 2704 5172 2654 5172 2657 5172 2525 5173 2655 5173 2705 5173 2705 5174 2655 5174 2704 5174 2705 5175 2704 5175 2706 5175 2706 5176 2704 5176 2657 5176 2706 5177 2657 5177 2656 5177 2525 5178 2705 5178 2658 5178 2658 5179 2705 5179 2706 5179 2658 5180 2706 5180 2707 5180 2707 5181 2706 5181 2656 5181 2707 5182 2656 5182 2659 5182 2485 5183 2658 5183 2660 5183 2660 5184 2658 5184 2707 5184 2660 5185 2707 5185 2708 5185 2708 5186 2707 5186 2659 5186 2708 5187 2659 5187 2661 5187 2526 5188 2660 5188 2709 5188 2709 5189 2660 5189 2708 5189 2709 5190 2708 5190 2710 5190 2710 5191 2708 5191 2661 5191 2710 5192 2661 5192 2664 5192 2526 5193 2709 5193 2662 5193 2662 5194 2709 5194 2710 5194 2662 5195 2710 5195 2711 5195 2711 5196 2710 5196 2664 5196 2711 5197 2664 5197 2663 5197 2491 5198 2662 5198 2665 5198 2665 5199 2662 5199 2711 5199 2665 5200 2711 5200 2712 5200 2712 5201 2711 5201 2663 5201 2712 5202 2663 5202 2666 5202 2527 5203 2665 5203 2713 5203 2713 5204 2665 5204 2712 5204 2713 5205 2712 5205 2714 5205 2714 5206 2712 5206 2666 5206 2714 5207 2666 5207 2667 5207 2527 5208 2713 5208 2668 5208 2668 5209 2713 5209 2714 5209 2668 5210 2714 5210 2715 5210 2715 5211 2714 5211 2667 5211 2715 5212 2667 5212 2671 5212 2497 5213 2668 5213 2669 5213 2669 5214 2668 5214 2715 5214 2669 5215 2715 5215 2716 5215 2716 5216 2715 5216 2671 5216 2716 5217 2671 5217 2670 5217 2528 5218 2669 5218 2672 5218 2672 5219 2669 5219 2716 5219 2672 5220 2716 5220 2717 5220 2717 5221 2716 5221 2670 5221 2717 5222 2670 5222 2673 5222 2504 5223 2672 5223 2718 5223 2718 5224 2672 5224 2717 5224 2718 5225 2717 5225 2719 5225 2719 5226 2717 5226 2673 5226 2719 5227 2673 5227 2674 5227 2504 5228 2718 5228 2675 5228 2675 5229 2718 5229 2719 5229 2675 5230 2719 5230 2720 5230 2720 5231 2719 5231 2674 5231 2720 5232 2674 5232 2678 5232 2529 5233 2675 5233 2676 5233 2676 5234 2675 5234 2720 5234 2676 5235 2720 5235 2721 5235 2721 5236 2720 5236 2678 5236 2721 5237 2678 5237 2677 5237 2510 5238 2676 5238 2722 5238 2722 5239 2676 5239 2721 5239 2722 5240 2721 5240 2723 5240 2723 5241 2721 5241 2677 5241 2723 5242 2677 5242 2679 5242 2510 5243 2722 5243 2680 5243 2680 5244 2722 5244 2723 5244 2680 5245 2723 5245 2724 5245 2724 5246 2723 5246 2679 5246 2724 5247 2679 5247 2681 5247 2530 5248 2680 5248 2682 5248 2682 5249 2680 5249 2724 5249 2682 5250 2724 5250 2725 5250 2725 5251 2724 5251 2681 5251 2725 5252 2681 5252 2684 5252 2516 5253 2682 5253 2726 5253 2726 5254 2682 5254 2725 5254 2726 5255 2725 5255 2727 5255 2727 5256 2725 5256 2684 5256 2727 5257 2684 5257 2683 5257 2516 5258 2726 5258 2685 5258 2685 5259 2726 5259 2727 5259 2685 5260 2727 5260 2728 5260 2728 5261 2727 5261 2683 5261 2728 5262 2683 5262 2686 5262 2531 5263 2685 5263 2687 5263 2687 5264 2685 5264 2728 5264 2687 5265 2728 5265 2729 5265 2729 5266 2728 5266 2686 5266 2729 5267 2686 5267 2688 5267 2454 5268 2687 5268 2637 5268 2637 5269 2687 5269 2729 5269 2637 5270 2729 5270 2689 5270 2689 5271 2729 5271 2688 5271 2689 5272 2688 5272 2634 5272 259 5273 520 5273 258 5273 258 5274 520 5274 519 5274 258 5275 519 5275 257 5275 266 5276 523 5276 267 5276 267 5277 523 5277 522 5277 267 5278 522 5278 260 5278 260 5279 522 5279 521 5279 260 5280 521 5280 261 5280 261 5281 521 5281 520 5281 261 5282 520 5282 259 5282 266 5283 265 5283 523 5283 523 5284 265 5284 524 5284 265 5285 264 5285 524 5285 524 5286 264 5286 525 5286 256 5287 257 5287 252 5287 252 5288 257 5288 519 5288 264 5289 254 5289 525 5289 525 5290 254 5290 253 5290 196 5291 2730 5291 385 5291 364 5292 361 5292 2731 5292 359 5293 2732 5293 361 5293 357 5294 2733 5294 359 5294 354 5295 2734 5295 357 5295 302 5296 2735 5296 354 5296 317 5297 2736 5297 302 5297 316 5298 2737 5298 317 5298 326 5299 2738 5299 316 5299 325 5300 2739 5300 326 5300 324 5301 2740 5301 325 5301 323 5302 2741 5302 324 5302 322 5303 2742 5303 323 5303 321 5304 2743 5304 322 5304 320 5305 2744 5305 321 5305 319 5306 2745 5306 320 5306 337 5307 2746 5307 319 5307 336 5308 2747 5308 337 5308 335 5309 2748 5309 336 5309 334 5310 2749 5310 335 5310 333 5311 2750 5311 334 5311 332 5312 2751 5312 333 5312 331 5313 2752 5313 332 5313 330 5314 2753 5314 331 5314 329 5315 2754 5315 330 5315 328 5316 2755 5316 329 5316 351 5317 2756 5317 328 5317 312 5318 2757 5318 351 5318 381 5319 2758 5319 312 5319 383 5320 2759 5320 381 5320 385 5321 2760 5321 383 5321 208 5322 299 5322 210 5322 210 5323 299 5323 2761 5323 210 5324 2761 5324 212 5324 212 5325 2761 5325 2762 5325 212 5326 2762 5326 195 5326 195 5327 2762 5327 2730 5327 195 5328 2730 5328 196 5328 269 5329 268 5329 2763 5329 2763 5330 268 5330 416 5330 2763 5331 416 5331 2764 5331 2764 5332 416 5332 418 5332 2764 5333 418 5333 2731 5333 2731 5334 418 5334 411 5334 2731 5335 411 5335 364 5335 270 5336 269 5336 2765 5336 2765 5337 269 5337 2763 5337 2765 5338 2763 5338 2766 5338 2766 5339 2763 5339 2764 5339 2766 5340 2764 5340 2732 5340 2732 5341 2764 5341 2731 5341 2732 5342 2731 5342 361 5342 271 5343 270 5343 2767 5343 2767 5344 270 5344 2765 5344 2767 5345 2765 5345 2768 5345 2768 5346 2765 5346 2766 5346 2768 5347 2766 5347 2733 5347 2733 5348 2766 5348 2732 5348 2733 5349 2732 5349 359 5349 272 5350 271 5350 2769 5350 2769 5351 271 5351 2767 5351 2769 5352 2767 5352 2770 5352 2770 5353 2767 5353 2768 5353 2770 5354 2768 5354 2734 5354 2734 5355 2768 5355 2733 5355 2734 5356 2733 5356 357 5356 273 5357 272 5357 2771 5357 2771 5358 272 5358 2769 5358 2771 5359 2769 5359 2772 5359 2772 5360 2769 5360 2770 5360 2772 5361 2770 5361 2735 5361 2735 5362 2770 5362 2734 5362 2735 5363 2734 5363 354 5363 274 5364 273 5364 2773 5364 2773 5365 273 5365 2771 5365 2773 5366 2771 5366 2774 5366 2774 5367 2771 5367 2772 5367 2774 5368 2772 5368 2736 5368 2736 5369 2772 5369 2735 5369 2736 5370 2735 5370 302 5370 275 5371 274 5371 2775 5371 2775 5372 274 5372 2773 5372 2775 5373 2773 5373 2776 5373 2776 5374 2773 5374 2774 5374 2776 5375 2774 5375 2737 5375 2737 5376 2774 5376 2736 5376 2737 5377 2736 5377 317 5377 276 5378 275 5378 2777 5378 2777 5379 275 5379 2775 5379 2777 5380 2775 5380 2778 5380 2778 5381 2775 5381 2776 5381 2778 5382 2776 5382 2738 5382 2738 5383 2776 5383 2737 5383 2738 5384 2737 5384 316 5384 277 5385 276 5385 2779 5385 2779 5386 276 5386 2777 5386 2779 5387 2777 5387 2780 5387 2780 5388 2777 5388 2778 5388 2780 5389 2778 5389 2739 5389 2739 5390 2778 5390 2738 5390 2739 5391 2738 5391 326 5391 278 5392 277 5392 2781 5392 2781 5393 277 5393 2779 5393 2781 5394 2779 5394 2782 5394 2782 5395 2779 5395 2780 5395 2782 5396 2780 5396 2740 5396 2740 5397 2780 5397 2739 5397 2740 5398 2739 5398 325 5398 279 5399 278 5399 2783 5399 2783 5400 278 5400 2781 5400 2783 5401 2781 5401 2784 5401 2784 5402 2781 5402 2782 5402 2784 5403 2782 5403 2741 5403 2741 5404 2782 5404 2740 5404 2741 5405 2740 5405 324 5405 280 5406 279 5406 2785 5406 2785 5407 279 5407 2783 5407 2785 5408 2783 5408 2786 5408 2786 5409 2783 5409 2784 5409 2786 5410 2784 5410 2742 5410 2742 5411 2784 5411 2741 5411 2742 5412 2741 5412 323 5412 281 5413 280 5413 2787 5413 2787 5414 280 5414 2785 5414 2787 5415 2785 5415 2788 5415 2788 5416 2785 5416 2786 5416 2788 5417 2786 5417 2743 5417 2743 5418 2786 5418 2742 5418 2743 5419 2742 5419 322 5419 282 5420 281 5420 2789 5420 2789 5421 281 5421 2787 5421 2789 5422 2787 5422 2790 5422 2790 5423 2787 5423 2788 5423 2790 5424 2788 5424 2744 5424 2744 5425 2788 5425 2743 5425 2744 5426 2743 5426 321 5426 283 5427 282 5427 2791 5427 2791 5428 282 5428 2789 5428 2791 5429 2789 5429 2792 5429 2792 5430 2789 5430 2790 5430 2792 5431 2790 5431 2745 5431 2745 5432 2790 5432 2744 5432 2745 5433 2744 5433 320 5433 284 5434 283 5434 2793 5434 2793 5435 283 5435 2791 5435 2793 5436 2791 5436 2794 5436 2794 5437 2791 5437 2792 5437 2794 5438 2792 5438 2746 5438 2746 5439 2792 5439 2745 5439 2746 5440 2745 5440 319 5440 285 5441 284 5441 2795 5441 2795 5442 284 5442 2793 5442 2795 5443 2793 5443 2796 5443 2796 5444 2793 5444 2794 5444 2796 5445 2794 5445 2747 5445 2747 5446 2794 5446 2746 5446 2747 5447 2746 5447 337 5447 286 5448 285 5448 2797 5448 2797 5449 285 5449 2795 5449 2797 5450 2795 5450 2798 5450 2798 5451 2795 5451 2796 5451 2798 5452 2796 5452 2748 5452 2748 5453 2796 5453 2747 5453 2748 5454 2747 5454 336 5454 287 5455 286 5455 2799 5455 2799 5456 286 5456 2797 5456 2799 5457 2797 5457 2800 5457 2800 5458 2797 5458 2798 5458 2800 5459 2798 5459 2749 5459 2749 5460 2798 5460 2748 5460 2749 5461 2748 5461 335 5461 288 5462 287 5462 2801 5462 2801 5463 287 5463 2799 5463 2801 5464 2799 5464 2802 5464 2802 5465 2799 5465 2800 5465 2802 5466 2800 5466 2750 5466 2750 5467 2800 5467 2749 5467 2750 5468 2749 5468 334 5468 289 5469 288 5469 2803 5469 2803 5470 288 5470 2801 5470 2803 5471 2801 5471 2804 5471 2804 5472 2801 5472 2802 5472 2804 5473 2802 5473 2751 5473 2751 5474 2802 5474 2750 5474 2751 5475 2750 5475 333 5475 290 5476 289 5476 2805 5476 2805 5477 289 5477 2803 5477 2805 5478 2803 5478 2806 5478 2806 5479 2803 5479 2804 5479 2806 5480 2804 5480 2752 5480 2752 5481 2804 5481 2751 5481 2752 5482 2751 5482 332 5482 291 5483 290 5483 2807 5483 2807 5484 290 5484 2805 5484 2807 5485 2805 5485 2808 5485 2808 5486 2805 5486 2806 5486 2808 5487 2806 5487 2753 5487 2753 5488 2806 5488 2752 5488 2753 5489 2752 5489 331 5489 292 5490 291 5490 2809 5490 2809 5491 291 5491 2807 5491 2809 5492 2807 5492 2810 5492 2810 5493 2807 5493 2808 5493 2810 5494 2808 5494 2754 5494 2754 5495 2808 5495 2753 5495 2754 5496 2753 5496 330 5496 293 5497 292 5497 2811 5497 2811 5498 292 5498 2809 5498 2811 5499 2809 5499 2812 5499 2812 5500 2809 5500 2810 5500 2812 5501 2810 5501 2755 5501 2755 5502 2810 5502 2754 5502 2755 5503 2754 5503 329 5503 294 5504 293 5504 2813 5504 2813 5505 293 5505 2811 5505 2813 5506 2811 5506 2814 5506 2814 5507 2811 5507 2812 5507 2814 5508 2812 5508 2756 5508 2756 5509 2812 5509 2755 5509 2756 5510 2755 5510 328 5510 295 5511 294 5511 2815 5511 2815 5512 294 5512 2813 5512 2815 5513 2813 5513 2816 5513 2816 5514 2813 5514 2814 5514 2816 5515 2814 5515 2757 5515 2757 5516 2814 5516 2756 5516 2757 5517 2756 5517 351 5517 296 5518 295 5518 2817 5518 2817 5519 295 5519 2815 5519 2817 5520 2815 5520 2818 5520 2818 5521 2815 5521 2816 5521 2818 5522 2816 5522 2758 5522 2758 5523 2816 5523 2757 5523 2758 5524 2757 5524 312 5524 297 5525 296 5525 2819 5525 2819 5526 296 5526 2817 5526 2819 5527 2817 5527 2820 5527 2820 5528 2817 5528 2818 5528 2820 5529 2818 5529 2759 5529 2759 5530 2818 5530 2758 5530 2759 5531 2758 5531 381 5531 298 5532 297 5532 2821 5532 2821 5533 297 5533 2819 5533 2821 5534 2819 5534 2822 5534 2822 5535 2819 5535 2820 5535 2822 5536 2820 5536 2760 5536 2760 5537 2820 5537 2759 5537 2760 5538 2759 5538 383 5538 299 5539 298 5539 2761 5539 2761 5540 298 5540 2821 5540 2761 5541 2821 5541 2762 5541 2762 5542 2821 5542 2822 5542 2762 5543 2822 5543 2730 5543 2730 5544 2822 5544 2760 5544 2730 5545 2760 5545 385 5545 37 5546 36 5546 46 5546 46 5547 36 5547 420 5547 46 5548 420 5548 42 5548 42 5549 420 5549 421 5549 42 5550 421 5550 43 5550 43 5551 421 5551 424 5551 43 5552 424 5552 111 5552 111 5553 424 5553 427 5553 111 5554 427 5554 113 5554 113 5555 427 5555 430 5555 113 5556 430 5556 74 5556 74 5557 430 5557 433 5557 74 5558 433 5558 76 5558 76 5559 433 5559 436 5559 76 5560 436 5560 78 5560 78 5561 436 5561 439 5561 78 5562 439 5562 80 5562 80 5563 439 5563 442 5563 80 5564 442 5564 82 5564 82 5565 442 5565 445 5565 82 5566 445 5566 84 5566 84 5567 445 5567 448 5567 84 5568 448 5568 86 5568 86 5569 448 5569 451 5569 86 5570 451 5570 88 5570 88 5571 451 5571 454 5571 88 5572 454 5572 90 5572 90 5573 454 5573 415 5573 90 5574 415 5574 92 5574 92 5575 415 5575 268 5575 262 5576 31 5576 263 5576 263 5577 31 5577 30 5577 263 5578 30 5578 167 5578 39 5579 251 5579 40 5579 40 5580 251 5580 249 5580 250 5581 203 5581 301 5581 250 5582 194 5582 203 5582 145 5583 208 5583 143 5583 143 5584 208 5584 207 5584 143 5585 207 5585 141 5585 141 5586 207 5586 213 5586 141 5587 213 5587 139 5587 139 5588 213 5588 216 5588 139 5589 216 5589 137 5589 137 5590 216 5590 219 5590 137 5591 219 5591 135 5591 135 5592 219 5592 222 5592 135 5593 222 5593 133 5593 133 5594 222 5594 225 5594 133 5595 225 5595 131 5595 131 5596 225 5596 228 5596 131 5597 228 5597 129 5597 129 5598 228 5598 231 5598 129 5599 231 5599 127 5599 127 5600 231 5600 234 5600 127 5601 234 5601 162 5601 162 5602 234 5602 237 5602 162 5603 237 5603 164 5603 164 5604 237 5604 240 5604 164 5605 240 5605 48 5605 48 5606 240 5606 243 5606 48 5607 243 5607 50 5607 50 5608 243 5608 246 5608 50 5609 246 5609 52 5609 52 5610 246 5610 205 5610 52 5611 205 5611 53 5611 53 5612 205 5612 204 5612 206 5613 168 5613 21 5613 166 5614 21 5614 168 5614 166 5615 168 5615 192 5615 166 5616 192 5616 194 5616 166 5617 194 5617 167 5617 250 5618 249 5618 194 5618 194 5619 249 5619 251 5619 194 5620 251 5620 167 5620 167 5621 251 5621 255 5621 167 5622 255 5622 263 5622 20 5623 53 5623 21 5623 21 5624 53 5624 204 5624 21 5625 204 5625 206 5625 166 5626 34 5626 21 5626 21 5627 34 5627 26 5627 17 5628 28 5628 18 5628 18 5629 28 5629 27 5629 18 5630 27 5630 19 5630 19 5631 27 5631 13 5631 19 5632 13 5632 12 5632 28 5633 17 5633 22 5633 22 5634 17 5634 16 5634 22 5635 16 5635 23 5635 23 5636 16 5636 15 5636 23 5637 15 5637 24 5637 24 5638 15 5638 6 5638 24 5639 6 5639 5 5639 14 5640 12 5640 10 5640 14 5641 10 5641 8 5641 14 5642 8 5642 0 5642 14 5643 0 5643 2 5643 14 5644 2 5644 4 5644 14 5645 4 5645 6 5645</p>
                </triangles>
            </mesh>
        </geometry>
    </library_geometries>
    <library_visual_scenes>
        <visual_scene id="VisualSceneNode" name="VisualScene">
            <node id="node" name="node">
                <instance_geometry url="#shape0-lib"/>
            </node>
        </visual_scene>
    </library_visual_scenes>
    <scene>
        <instance_visual_scene url="#VisualSceneNode"/>
    </scene>
</COLLADA>
